college_code,college_name,branch_code,branch_name,district
1002,"Government College of Engineering, Amravati",100219110.0,Civil Engineering,Amravati
1002,"Government College of Engineering, Amravati",100224210.0,Computer Science and Engineering,Amravati
1002,"Government College of Engineering, Amravati",100224610.0,Information Technology,Amravati
1002,"Government College of Engineering, Amravati",100229310.0,Electrical Engineering,Amravati
1002,"Government College of Engineering, Amravati",100237210.0,Electronics and Telecommunication Engg,Amravati
1002,"Government College of Engineering, Amravati",100246610.0,Instrumentation Engineering,Amravati
1002,"Government College of Engineering, Amravati",100261210.0,Mechanical Engineering,Amravati
1005,"Sant Gadge Baba Amravati University,Amravati",100550310.0,Food Technology,Amravati
1005,"Sant Gadge Baba Amravati University,Amravati",100551710.0,Oil and Paints Technology,Amravati
1005,"Sant Gadge Baba Amravati University,Amravati",100552410.0,Paper and Pulp Technology,Amravati
1005,"Sant Gadge Baba Amravati University,Amravati",100552710.0,Petro Chemical Engineering,Amravati
1012,"Government College of Engineering,Yavatmal",101219110.0,Civil Engineering,Yavatmal
1012,"Government College of Engineering,Yavatmal",101224510.0,Computer Engineering,Yavatmal
1012,"Government College of Engineering,Yavatmal",101229310.0,Electrical Engineering,Yavatmal
1012,"Government College of Engineering,Yavatmal",101237210.0,Electronics and Telecommunication Engg,Yavatmal
1012,"Government College of Engineering,Yavatmal",101261210.0,Mechanical Engineering,Yavatmal
1101,"Shri Sant Gajanan Maharaj College of Engineering,Shegaon",110124210.0,Computer Science and Engineering,Shegaon
1101,"Shri Sant Gajanan Maharaj College of Engineering,Shegaon",110124610.0,Information Technology,Shegaon
1101,"Shri Sant Gajanan Maharaj College of Engineering,Shegaon",110135610.0,Electrical Engineering (Electronics and Power),Shegaon
1101,"Shri Sant Gajanan Maharaj College of Engineering,Shegaon",110137210.0,Electronics and Telecommunication Engg,Shegaon
1101,"Shri Sant Gajanan Maharaj College of Engineering,Shegaon",110161210.0,Mechanical Engineering,Shegaon
1105,"Prof. Ram Meghe Institute of Technology & Research, Amravati",110519110.0,Civil Engineering,Amravati
1105,"Prof. Ram Meghe Institute of Technology & Research, Amravati",110524210.0,Computer Science and Engineering,Amravati
1105,"Prof. Ram Meghe Institute of Technology & Research, Amravati",110524610.0,Information Technology,Amravati
1105,"Prof. Ram Meghe Institute of Technology & Research, Amravati",110526310.0,Artificial Intelligence (AI) and Data Science,Amravati
1105,"Prof. Ram Meghe Institute of Technology & Research, Amravati",110526710.0,Computer Science and Engineering (IoT),Amravati
1105,"Prof. Ram Meghe Institute of Technology & Research, Amravati",110537210.0,Electronics and Telecommunication Engg,Amravati
1105,"Prof. Ram Meghe Institute of Technology & Research, Amravati",110561210.0,Mechanical Engineering,Amravati
1107,"P. R. Pote Patil College of Engineering & Management, Amravati",110719110.0,Civil Engineering,Amravati
1107,"P. R. Pote Patil College of Engineering & Management, Amravati",110724210.0,Computer Science and Engineering,Amravati
1107,"P. R. Pote Patil College of Engineering & Management, Amravati",110729310.0,Electrical Engineering,Amravati
1107,"P. R. Pote Patil College of Engineering & Management, Amravati",110737210.0,Electronics and Telecommunication Engg,Amravati
1107,"P. R. Pote Patil College of Engineering & Management, Amravati",110761210.0,Mechanical Engineering,Amravati
1107,"P. R. Pote Patil College of Engineering & Management, Amravati",110791110.0,Computer Science and Engineering(Artificial Intelligence and Machine Learning),Amravati
1107,"P. R. Pote Patil College of Engineering & Management, Amravati",110799510.0,Artificial Intelligence and Data Science,Amravati
1114,"Sipna Shikshan Prasarak Mandal College of Engineering & Technology, Amravati",111419110.0,Civil Engineering,Amravati
1114,"Sipna Shikshan Prasarak Mandal College of Engineering & Technology, Amravati",111424210.0,Computer Science and Engineering,Amravati
1114,"Sipna Shikshan Prasarak Mandal College of Engineering & Technology, Amravati",111424610.0,Information Technology,Amravati
1114,"Sipna Shikshan Prasarak Mandal College of Engineering & Technology, Amravati",111426310.0,Artificial Intelligence (AI) and Data Science,Amravati
1114,"Sipna Shikshan Prasarak Mandal College of Engineering & Technology, Amravati",111437210.0,Electronics and Telecommunication Engg,Amravati
1114,"Sipna Shikshan Prasarak Mandal College of Engineering & Technology, Amravati",111461210.0,Mechanical Engineering,Amravati
1116,"Shri Shivaji Education Society's College of Engineering and Technology, Akola",111619110.0,Civil Engineering,Akola
1116,"Shri Shivaji Education Society's College of Engineering and Technology, Akola",111624210.0,Computer Science and Engineering,Akola
1116,"Shri Shivaji Education Society's College of Engineering and Technology, Akola",111624610.0,Information Technology,Akola
1116,"Shri Shivaji Education Society's College of Engineering and Technology, Akola",111650710.0,Chemical Engineering,Akola
1116,"Shri Shivaji Education Society's College of Engineering and Technology, Akola",111661210.0,Mechanical Engineering,Akola
1117,"Janata Shikshan Prasarak Mandal’s Babasaheb Naik College Of Engineering, Pusad",111719110.0,Civil Engineering,Pusad
1117,"Janata Shikshan Prasarak Mandal’s Babasaheb Naik College Of Engineering, Pusad",111724210.0,Computer Science and Engineering,Pusad
1117,"Janata Shikshan Prasarak Mandal’s Babasaheb Naik College Of Engineering, Pusad",111735610.0,Electrical Engineering (Electronics and Power),Pusad
1117,"Janata Shikshan Prasarak Mandal’s Babasaheb Naik College Of Engineering, Pusad",111761210.0,Mechanical Engineering,Pusad
1117,"Janata Shikshan Prasarak Mandal’s Babasaheb Naik College Of Engineering, Pusad",111799510.0,Artificial Intelligence and Data Science,Pusad
1119,ANURADHA COLLEGE OF ENGINEERING & TECHNOLOGY,111924210.0,Computer Science and Engineering,TECHNOLOGY
1119,ANURADHA COLLEGE OF ENGINEERING & TECHNOLOGY,111924610.0,Information Technology,TECHNOLOGY
1119,ANURADHA COLLEGE OF ENGINEERING & TECHNOLOGY,111937210.0,Electronics and Telecommunication Engg,TECHNOLOGY
1119,ANURADHA COLLEGE OF ENGINEERING & TECHNOLOGY,111950710.0,Chemical Engineering,TECHNOLOGY
1119,ANURADHA COLLEGE OF ENGINEERING & TECHNOLOGY,111961210.0,Mechanical Engineering,TECHNOLOGY
1119,ANURADHA COLLEGE OF ENGINEERING & TECHNOLOGY,111999510.0,Artificial Intelligence and Data Science,TECHNOLOGY
1120,"Jawaharlal Darda Institute of Engineering and Technology, Yavatmal",112019110.0,Civil Engineering,Yavatmal
1120,"Jawaharlal Darda Institute of Engineering and Technology, Yavatmal",112024210.0,Computer Science and Engineering,Yavatmal
1120,"Jawaharlal Darda Institute of Engineering and Technology, Yavatmal",112029310.0,Electrical Engineering,Yavatmal
1120,"Jawaharlal Darda Institute of Engineering and Technology, Yavatmal",112037210.0,Electronics and Telecommunication Engg,Yavatmal
1120,"Jawaharlal Darda Institute of Engineering and Technology, Yavatmal",112050710.0,Chemical Engineering,Yavatmal
1120,"Jawaharlal Darda Institute of Engineering and Technology, Yavatmal",112061210.0,Mechanical Engineering,Yavatmal
1120,"Jawaharlal Darda Institute of Engineering and Technology, Yavatmal",112089310.0,Textile Engineering / Technology,Yavatmal
1121,"Shri Hanuman Vyayam  Prasarak Mandals College of Engineering & Technology, Amravati",112124210.0,Computer Science and Engineering,Amravati
1121,"Shri Hanuman Vyayam  Prasarak Mandals College of Engineering & Technology, Amravati",112124610.0,Information Technology,Amravati
1121,"Shri Hanuman Vyayam  Prasarak Mandals College of Engineering & Technology, Amravati",112137210.0,Electronics and Telecommunication Engg,Amravati
1121,"Shri Hanuman Vyayam  Prasarak Mandals College of Engineering & Technology, Amravati",112161210.0,Mechanical Engineering,Amravati
1123,"Dr.Rajendra Gode Institute of Technology & Research, Amravati",112319110.0,Civil Engineering,Amravati
1123,"Dr.Rajendra Gode Institute of Technology & Research, Amravati",112324210.0,Computer Science and Engineering,Amravati
1123,"Dr.Rajendra Gode Institute of Technology & Research, Amravati",112337210.0,Electronics and Telecommunication Engg,Amravati
1123,"Dr.Rajendra Gode Institute of Technology & Research, Amravati",112356810.0,Computer Science and Information Technology,Amravati
1123,"Dr.Rajendra Gode Institute of Technology & Research, Amravati",112361210.0,Mechanical Engineering,Amravati
1123,"Dr.Rajendra Gode Institute of Technology & Research, Amravati",112399510.0,Artificial Intelligence and Data Science,Amravati
1125,"Dwarka Bahu Uddeshiya Gramin Vikas Foundation, Rajarshi Shahu College of Engineering, Buldhana",112519110.0,Civil Engineering,Buldhana
1125,"Dwarka Bahu Uddeshiya Gramin Vikas Foundation, Rajarshi Shahu College of Engineering, Buldhana",112524210.0,Computer Science and Engineering,Buldhana
1125,"Dwarka Bahu Uddeshiya Gramin Vikas Foundation, Rajarshi Shahu College of Engineering, Buldhana",112526310.0,Artificial Intelligence (AI) and Data Science,Buldhana
1125,"Dwarka Bahu Uddeshiya Gramin Vikas Foundation, Rajarshi Shahu College of Engineering, Buldhana",112529310.0,Electrical Engineering,Buldhana
1125,"Dwarka Bahu Uddeshiya Gramin Vikas Foundation, Rajarshi Shahu College of Engineering, Buldhana",112561210.0,Mechanical Engineering,Buldhana
1126,"Takshashila Institute of Engineering & Technology, Darapur, Amravati",112619110.0,Civil Engineering,Amravati
1126,"Takshashila Institute of Engineering & Technology, Darapur, Amravati",112624210.0,Computer Science and Engineering,Amravati
1126,"Takshashila Institute of Engineering & Technology, Darapur, Amravati",112629310.0,Electrical Engineering,Amravati
1126,"Takshashila Institute of Engineering & Technology, Darapur, Amravati",112661210.0,Mechanical Engineering,Amravati
1126,"Takshashila Institute of Engineering & Technology, Darapur, Amravati",112684410.0,Electronics and Computer Engineering,Amravati
1127,"Jagadambha Bahuuddeshiya Gramin Vikas Sanstha's Jagdambha College of Engineering and Technology, Yavatmal",112719110.0,Civil Engineering,Yavatmal
1127,"Jagadambha Bahuuddeshiya Gramin Vikas Sanstha's Jagdambha College of Engineering and Technology, Yavatmal",112724210.0,Computer Science and Engineering,Yavatmal
1127,"Jagadambha Bahuuddeshiya Gramin Vikas Sanstha's Jagdambha College of Engineering and Technology, Yavatmal",112729310.0,Electrical Engineering,Yavatmal
1127,"Jagadambha Bahuuddeshiya Gramin Vikas Sanstha's Jagdambha College of Engineering and Technology, Yavatmal",112737210.0,Electronics and Telecommunication Engg,Yavatmal
1127,"Jagadambha Bahuuddeshiya Gramin Vikas Sanstha's Jagdambha College of Engineering and Technology, Yavatmal",112761210.0,Mechanical Engineering,Yavatmal
1127,"Jagadambha Bahuuddeshiya Gramin Vikas Sanstha's Jagdambha College of Engineering and Technology, Yavatmal",112791110.0,Computer Science and Engineering(Artificial Intelligence and Machine Learning),Yavatmal
1127,"Jagadambha Bahuuddeshiya Gramin Vikas Sanstha's Jagdambha College of Engineering and Technology, Yavatmal",112799510.0,Artificial Intelligence and Data Science,Yavatmal
1128,"Prof Ram Meghe College of Engineering  and Management, Badnera",112819110.0,Civil Engineering,Badnera
1128,"Prof Ram Meghe College of Engineering  and Management, Badnera",112824210.0,Computer Science and Engineering,Badnera
1128,"Prof Ram Meghe College of Engineering  and Management, Badnera",112824610.0,Information Technology,Badnera
1128,"Prof Ram Meghe College of Engineering  and Management, Badnera",112829310.0,Electrical Engineering,Badnera
1128,"Prof Ram Meghe College of Engineering  and Management, Badnera",112837210.0,Electronics and Telecommunication Engg,Badnera
1128,"Prof Ram Meghe College of Engineering  and Management, Badnera",112891210.0,Computer Science and Engineering(Data Science),Badnera
1130,"Vision Buldhana Educational & Welfare Society's Pankaj Laddhad Institute of Technology & Management Studies, Yelgaon",113019110.0,Civil Engineering,Yelgaon
1130,"Vision Buldhana Educational & Welfare Society's Pankaj Laddhad Institute of Technology & Management Studies, Yelgaon",113024210.0,Computer Science and Engineering,Yelgaon
1130,"Vision Buldhana Educational & Welfare Society's Pankaj Laddhad Institute of Technology & Management Studies, Yelgaon",113035610.0,Electrical Engineering (Electronics and Power),Yelgaon
1130,"Vision Buldhana Educational & Welfare Society's Pankaj Laddhad Institute of Technology & Management Studies, Yelgaon",113037210.0,Electronics and Telecommunication Engg,Yelgaon
1130,"Vision Buldhana Educational & Welfare Society's Pankaj Laddhad Institute of Technology & Management Studies, Yelgaon",113061210.0,Mechanical Engineering,Yelgaon
1180,"Sanmati Engineering College, Sawargaon Barde, Washim",118019110.0,Civil Engineering,Washim
1180,"Sanmati Engineering College, Sawargaon Barde, Washim",118024210.0,Computer Science and Engineering,Washim
1180,"Sanmati Engineering College, Sawargaon Barde, Washim",118026310.0,Artificial Intelligence (AI) and Data Science,Washim
1180,"Sanmati Engineering College, Sawargaon Barde, Washim",118029310.0,Electrical Engineering,Washim
1180,"Sanmati Engineering College, Sawargaon Barde, Washim",118061210.0,Mechanical Engineering,Washim
1182,"Padmashri Dr. V.B.  Kolte College of Engineering, Malkapur, Buldhana",118219110.0,Civil Engineering,Buldhana
1182,"Padmashri Dr. V.B.  Kolte College of Engineering, Malkapur, Buldhana",118224210.0,Computer Science and Engineering,Buldhana
1182,"Padmashri Dr. V.B.  Kolte College of Engineering, Malkapur, Buldhana",118229310.0,Electrical Engineering,Buldhana
1182,"Padmashri Dr. V.B.  Kolte College of Engineering, Malkapur, Buldhana",118261210.0,Mechanical Engineering,Buldhana
1265,"Mauli Group of Institutions, College of Engineering and Technology, Shegaon.",126519110.0,Civil Engineering,Shegaon
1265,"Mauli Group of Institutions, College of Engineering and Technology, Shegaon.",126524210.0,Computer Science and Engineering,Shegaon
1265,"Mauli Group of Institutions, College of Engineering and Technology, Shegaon.",126524610.0,Information Technology,Shegaon
1265,"Mauli Group of Institutions, College of Engineering and Technology, Shegaon.",126535610.0,Electrical Engineering (Electronics and Power),Shegaon
1265,"Mauli Group of Institutions, College of Engineering and Technology, Shegaon.",126537210.0,Electronics and Telecommunication Engg,Shegaon
1265,"Mauli Group of Institutions, College of Engineering and Technology, Shegaon.",126561210.0,Mechanical Engineering,Shegaon
1268,"Siddhivinayak Technical Campus, School of Engineering & Research Technology, Shirasgon, Nile",126819110.0,Civil Engineering,Nile
1268,"Siddhivinayak Technical Campus, School of Engineering & Research Technology, Shirasgon, Nile",126824210.0,Computer Science and Engineering,Nile
1268,"Siddhivinayak Technical Campus, School of Engineering & Research Technology, Shirasgon, Nile",126835610.0,Electrical Engineering (Electronics and Power),Nile
1268,"Siddhivinayak Technical Campus, School of Engineering & Research Technology, Shirasgon, Nile",126837210.0,Electronics and Telecommunication Engg,Nile
1268,"Siddhivinayak Technical Campus, School of Engineering & Research Technology, Shirasgon, Nile",126861210.0,Mechanical Engineering,Nile
1268,"Siddhivinayak Technical Campus, School of Engineering & Research Technology, Shirasgon, Nile",126899510.0,Artificial Intelligence and Data Science,Nile
1276,"Manav School of Engineering & Technology, Gut No. 1035 Nagpur Surat Highway, NH No. 6 Tal.Vyala, Balapur, Akola,  444302",127619110.0,Civil Engineering,444302
1276,"Manav School of Engineering & Technology, Gut No. 1035 Nagpur Surat Highway, NH No. 6 Tal.Vyala, Balapur, Akola,  444302",127624510.0,Computer Engineering,444302
1276,"Manav School of Engineering & Technology, Gut No. 1035 Nagpur Surat Highway, NH No. 6 Tal.Vyala, Balapur, Akola,  444302",127629310.0,Electrical Engineering,444302
1276,"Manav School of Engineering & Technology, Gut No. 1035 Nagpur Surat Highway, NH No. 6 Tal.Vyala, Balapur, Akola,  444302",127661210.0,Mechanical Engineering,444302
2008,"Government College of Engineering,  Chhatrapati Sambhajinagar",200819110.0,Civil Engineering,Chhatrapati Sambhajinagar
2008,"Government College of Engineering,  Chhatrapati Sambhajinagar",200824210.0,Computer Science and Engineering,Chhatrapati Sambhajinagar
2008,"Government College of Engineering,  Chhatrapati Sambhajinagar",200824610.0,Information Technology,Chhatrapati Sambhajinagar
2008,"Government College of Engineering,  Chhatrapati Sambhajinagar",200829310.0,Electrical Engineering,Chhatrapati Sambhajinagar
2008,"Government College of Engineering,  Chhatrapati Sambhajinagar",200837210.0,Electronics and Telecommunication Engg,Chhatrapati Sambhajinagar
2008,"Government College of Engineering,  Chhatrapati Sambhajinagar",200861210.0,Mechanical Engineering,Chhatrapati Sambhajinagar
2015,"PURANMAL LAHOTI GOVERNMENT INSTITUTE OF ENGINEERING AND TECHNOLOGY, LATUR",201524510.0,Computer Engineering,LATUR
2015,"PURANMAL LAHOTI GOVERNMENT INSTITUTE OF ENGINEERING AND TECHNOLOGY, LATUR",201537210.0,Electronics and Telecommunication Engg,LATUR
2015,"PURANMAL LAHOTI GOVERNMENT INSTITUTE OF ENGINEERING AND TECHNOLOGY, LATUR",201599510.0,Artificial Intelligence and Data Science,LATUR
2020,"Shri Guru Gobind Singhji Institute of Engineering and Technology, Nanded",202019110.0,Civil Engineering,Nanded
2020,"Shri Guru Gobind Singhji Institute of Engineering and Technology, Nanded",202024210.0,Computer Science and Engineering,Nanded
2020,"Shri Guru Gobind Singhji Institute of Engineering and Technology, Nanded",202024610.0,Information Technology,Nanded
2020,"Shri Guru Gobind Singhji Institute of Engineering and Technology, Nanded",202029310.0,Electrical Engineering,Nanded
2020,"Shri Guru Gobind Singhji Institute of Engineering and Technology, Nanded",202037210.0,Electronics and Telecommunication Engg,Nanded
2020,"Shri Guru Gobind Singhji Institute of Engineering and Technology, Nanded",202046610.0,Instrumentation Engineering,Nanded
2020,"Shri Guru Gobind Singhji Institute of Engineering and Technology, Nanded",202050710.0,Chemical Engineering,Nanded
2020,"Shri Guru Gobind Singhji Institute of Engineering and Technology, Nanded",202060610.0,Production Engineering,Nanded
2020,"Shri Guru Gobind Singhji Institute of Engineering and Technology, Nanded",202061210.0,Mechanical Engineering,Nanded
2020,"Shri Guru Gobind Singhji Institute of Engineering and Technology, Nanded",202089610.0,Textile Technology,Nanded
2021,"University Department of Chemical Technology, Aurangabad",202150310.0,Food Technology,Aurangabad
2021,"University Department of Chemical Technology, Aurangabad",202181610.0,Pharmaceutical and Fine Chemical Technology,Aurangabad
2032,"Institute of Chemical Technology, Mumbai Marathwada off campus, Jalna",203290410.0,Chemical Engineering,Jalna
2111,"Everest Education Society, Group of Institutions (Integrated Campus), Ohar",211119110.0,Civil Engineering,Ohar
2111,"Everest Education Society, Group of Institutions (Integrated Campus), Ohar",211124210.0,Computer Science and Engineering,Ohar
2111,"Everest Education Society, Group of Institutions (Integrated Campus), Ohar",211129310.0,Electrical Engineering,Ohar
2111,"Everest Education Society, Group of Institutions (Integrated Campus), Ohar",211161210.0,Mechanical Engineering,Ohar
2111,"Everest Education Society, Group of Institutions (Integrated Campus), Ohar",211192110.0,Artificial Intelligence and Machine Learning,Ohar
2111,"Everest Education Society, Group of Institutions (Integrated Campus), Ohar",211199510.0,Artificial Intelligence and Data Science,Ohar
2112,"Shree Yash Pratishthan, Shreeyash College of Engineering and Technology, Aurangabad",211219110.0,Civil Engineering,Aurangabad
2112,"Shree Yash Pratishthan, Shreeyash College of Engineering and Technology, Aurangabad",211224210.0,Computer Science and Engineering,Aurangabad
2112,"Shree Yash Pratishthan, Shreeyash College of Engineering and Technology, Aurangabad",211229310.0,Electrical Engineering,Aurangabad
2112,"Shree Yash Pratishthan, Shreeyash College of Engineering and Technology, Aurangabad",211237210.0,Electronics and Telecommunication Engg,Aurangabad
2112,"Shree Yash Pratishthan, Shreeyash College of Engineering and Technology, Aurangabad",211261210.0,Mechanical Engineering,Aurangabad
2112,"Shree Yash Pratishthan, Shreeyash College of Engineering and Technology, Aurangabad",211284410.0,Electronics and Computer Engineering,Aurangabad
2112,"Shree Yash Pratishthan, Shreeyash College of Engineering and Technology, Aurangabad",211291110.0,Computer Science and Engineering(Artificial Intelligence and Machine Learning),Aurangabad
2112,"Shree Yash Pratishthan, Shreeyash College of Engineering and Technology, Aurangabad",211291210.0,Computer Science and Engineering(Data Science),Aurangabad
2113,"G. S. Mandal's Maharashtra Institute of Technology, Aurangabad",211301110.0,Agricultural Engineering,Aurangabad
2113,"G. S. Mandal's Maharashtra Institute of Technology, Aurangabad",211319110.0,Civil Engineering,Aurangabad
2113,"G. S. Mandal's Maharashtra Institute of Technology, Aurangabad",211324210.0,Computer Science and Engineering,Aurangabad
2113,"G. S. Mandal's Maharashtra Institute of Technology, Aurangabad",211325710.0,Computer Science and Design,Aurangabad
2113,"G. S. Mandal's Maharashtra Institute of Technology, Aurangabad",211326310.0,Artificial Intelligence (AI) and Data Science,Aurangabad
2113,"G. S. Mandal's Maharashtra Institute of Technology, Aurangabad",211329310.0,Electrical Engineering,Aurangabad
2113,"G. S. Mandal's Maharashtra Institute of Technology, Aurangabad",211337210.0,Electronics and Telecommunication Engg,Aurangabad
2113,"G. S. Mandal's Maharashtra Institute of Technology, Aurangabad",211350110.0,Plastic and Polymer Engineering,Aurangabad
2113,"G. S. Mandal's Maharashtra Institute of Technology, Aurangabad",211361210.0,Mechanical Engineering,Aurangabad
2113,"G. S. Mandal's Maharashtra Institute of Technology, Aurangabad",211362410.0,Mechatronics Engineering,Aurangabad
2113,"G. S. Mandal's Maharashtra Institute of Technology, Aurangabad",211384410.0,Electronics and Computer Engineering,Aurangabad
2114,"Deogiri Institute of Engineering and Management Studies, Aurangabad",211419110.0,Civil Engineering,Aurangabad
2114,"Deogiri Institute of Engineering and Management Studies, Aurangabad",211424210.0,Computer Science and Engineering,Aurangabad
2114,"Deogiri Institute of Engineering and Management Studies, Aurangabad",211426310.0,Artificial Intelligence (AI) and Data Science,Aurangabad
2114,"Deogiri Institute of Engineering and Management Studies, Aurangabad",211429310.0,Electrical Engineering,Aurangabad
2114,"Deogiri Institute of Engineering and Management Studies, Aurangabad",211437210.0,Electronics and Telecommunication Engg,Aurangabad
2114,"Deogiri Institute of Engineering and Management Studies, Aurangabad",211461210.0,Mechanical Engineering,Aurangabad
2114,"Deogiri Institute of Engineering and Management Studies, Aurangabad",211491110.0,Computer Science and Engineering(Artificial Intelligence and Machine Learning),Aurangabad
2116,"Matoshri Pratishan's Group of Institutions (Integrated Campus), Kupsarwadi , Nanded",211619110.0,Civil Engineering,Nanded
2116,"Matoshri Pratishan's Group of Institutions (Integrated Campus), Kupsarwadi , Nanded",211624210.0,Computer Science and Engineering,Nanded
2116,"Matoshri Pratishan's Group of Institutions (Integrated Campus), Kupsarwadi , Nanded",211626310.0,Artificial Intelligence (AI) and Data Science,Nanded
2116,"Matoshri Pratishan's Group of Institutions (Integrated Campus), Kupsarwadi , Nanded",211626610.0,Robotics and Artificial Intelligence,Nanded
2116,"Matoshri Pratishan's Group of Institutions (Integrated Campus), Kupsarwadi , Nanded",211629310.0,Electrical Engineering,Nanded
2116,"Matoshri Pratishan's Group of Institutions (Integrated Campus), Kupsarwadi , Nanded",211637210.0,Electronics and Telecommunication Engg,Nanded
2116,"Matoshri Pratishan's Group of Institutions (Integrated Campus), Kupsarwadi , Nanded",211661210.0,Mechanical Engineering,Nanded
2116,"Matoshri Pratishan's Group of Institutions (Integrated Campus), Kupsarwadi , Nanded",211691110.0,Computer Science and Engineering(Artificial Intelligence and Machine Learning),Nanded
2127,"Mahatma Gandhi Missions College of Engineering, Hingoli Rd, Nanded.",212719110.0,Civil Engineering,Nanded
2127,"Mahatma Gandhi Missions College of Engineering, Hingoli Rd, Nanded.",212724210.0,Computer Science and Engineering,Nanded
2127,"Mahatma Gandhi Missions College of Engineering, Hingoli Rd, Nanded.",212724610.0,Information Technology,Nanded
2127,"Mahatma Gandhi Missions College of Engineering, Hingoli Rd, Nanded.",212737210.0,Electronics and Telecommunication Engg,Nanded
2127,"Mahatma Gandhi Missions College of Engineering, Hingoli Rd, Nanded.",212761210.0,Mechanical Engineering,Nanded
2127,"Mahatma Gandhi Missions College of Engineering, Hingoli Rd, Nanded.",212791610.0,Automation and Robotics,Nanded
2127,"Mahatma Gandhi Missions College of Engineering, Hingoli Rd, Nanded.",212792110.0,Artificial Intelligence and Machine Learning,Nanded
2127,"Mahatma Gandhi Missions College of Engineering, Hingoli Rd, Nanded.",212799510.0,Artificial Intelligence and Data Science,Nanded
2129,"M.S. Bidve Engineering College, Latur",212919110.0,Civil Engineering,Latur
2129,"M.S. Bidve Engineering College, Latur",212924210.0,Computer Science and Engineering,Latur
2129,"M.S. Bidve Engineering College, Latur",212924610.0,Information Technology,Latur
2129,"M.S. Bidve Engineering College, Latur",212929310.0,Electrical Engineering,Latur
2129,"M.S. Bidve Engineering College, Latur",212937210.0,Electronics and Telecommunication Engg,Latur
2129,"M.S. Bidve Engineering College, Latur",212961210.0,Mechanical Engineering,Latur
2129,"M.S. Bidve Engineering College, Latur",212991110.0,Computer Science and Engineering(Artificial Intelligence and Machine Learning),Latur
2130,"Terna Public Charitable Trust's College of Engineering, Osmanabad",213019110.0,Civil Engineering,Osmanabad
2130,"Terna Public Charitable Trust's College of Engineering, Osmanabad",213024210.0,Computer Science and Engineering,Osmanabad
2130,"Terna Public Charitable Trust's College of Engineering, Osmanabad",213037210.0,Electronics and Telecommunication Engg,Osmanabad
2130,"Terna Public Charitable Trust's College of Engineering, Osmanabad",213061210.0,Mechanical Engineering,Osmanabad
2130,"Terna Public Charitable Trust's College of Engineering, Osmanabad",213099510.0,Artificial Intelligence and Data Science,Osmanabad
2131,"Shree Tuljabhavani College of Engineering, Tuljapur",213119110.0,Civil Engineering,Tuljapur
2131,"Shree Tuljabhavani College of Engineering, Tuljapur",213124210.0,Computer Science and Engineering,Tuljapur
2131,"Shree Tuljabhavani College of Engineering, Tuljapur",213137210.0,Electronics and Telecommunication Engg,Tuljapur
2131,"Shree Tuljabhavani College of Engineering, Tuljapur",213161210.0,Mechanical Engineering,Tuljapur
2133,"Mahatma Basaweshwar Education Society's College of Engineering, Ambejogai",213319110.0,Civil Engineering,Ambejogai
2133,"Mahatma Basaweshwar Education Society's College of Engineering, Ambejogai",213324210.0,Computer Science and Engineering,Ambejogai
2133,"Mahatma Basaweshwar Education Society's College of Engineering, Ambejogai",213329310.0,Electrical Engineering,Ambejogai
2133,"Mahatma Basaweshwar Education Society's College of Engineering, Ambejogai",213337210.0,Electronics and Telecommunication Engg,Ambejogai
2133,"Mahatma Basaweshwar Education Society's College of Engineering, Ambejogai",213361210.0,Mechanical Engineering,Ambejogai
2133,"Mahatma Basaweshwar Education Society's College of Engineering, Ambejogai",213391710.0,Data Science,Ambejogai
2133,"Mahatma Basaweshwar Education Society's College of Engineering, Ambejogai",213399710.0,Artificial Intelligence,Ambejogai
2134,"Peoples Education Society's College of Engineering, Aurangabad",213419110.0,Civil Engineering,Aurangabad
2134,"Peoples Education Society's College of Engineering, Aurangabad",213424210.0,Computer Science and Engineering,Aurangabad
2134,"Peoples Education Society's College of Engineering, Aurangabad",213429310.0,Electrical Engineering,Aurangabad
2134,"Peoples Education Society's College of Engineering, Aurangabad",213437810.0,Electronics Engineering ( VLSI Design and Technology),Aurangabad
2134,"Peoples Education Society's College of Engineering, Aurangabad",213461210.0,Mechanical Engineering,Aurangabad
2134,"Peoples Education Society's College of Engineering, Aurangabad",213484410.0,Electronics and Computer Engineering,Aurangabad
2134,"Peoples Education Society's College of Engineering, Aurangabad",213491210.0,Computer Science and Engineering(Data Science),Aurangabad
2135,"Hi-Tech Institute of Technology, Aurangabad",213519110.0,Civil Engineering,Aurangabad
2135,"Hi-Tech Institute of Technology, Aurangabad",213524210.0,Computer Science and Engineering,Aurangabad
2135,"Hi-Tech Institute of Technology, Aurangabad",213561210.0,Mechanical Engineering,Aurangabad
2135,"Hi-Tech Institute of Technology, Aurangabad",213591110.0,Computer Science and Engineering(Artificial Intelligence and Machine Learning),Aurangabad
2136,"Aditya Engineering College , Beed",213619110.0,Civil Engineering,Beed
2136,"Aditya Engineering College , Beed",213624210.0,Computer Science and Engineering,Beed
2136,"Aditya Engineering College , Beed",213624610.0,Information Technology,Beed
2136,"Aditya Engineering College , Beed",213629310.0,Electrical Engineering,Beed
2136,"Aditya Engineering College , Beed",213637210.0,Electronics and Telecommunication Engg,Beed
2136,"Aditya Engineering College , Beed",213661210.0,Mechanical Engineering,Beed
2136,"Aditya Engineering College , Beed",213691210.0,Computer Science and Engineering(Data Science),Beed
2136,"Aditya Engineering College , Beed",213692110.0,Artificial Intelligence and Machine Learning,Beed
2137,"Nagnathappa Halge Engineering  College, Parli, Beed",213719110.0,Civil Engineering,Beed
2137,"Nagnathappa Halge Engineering  College, Parli, Beed",213724210.0,Computer Science and Engineering,Beed
2137,"Nagnathappa Halge Engineering  College, Parli, Beed",213729710.0,Electrical and Electronics Engineering,Beed
2137,"Nagnathappa Halge Engineering  College, Parli, Beed",213761210.0,Mechanical Engineering,Beed
2138,"Matsyodari Shikshan Sansatha's College of Engineering and Technology, Jalna",213819110.0,Civil Engineering,Jalna
2138,"Matsyodari Shikshan Sansatha's College of Engineering and Technology, Jalna",213824210.0,Computer Science and Engineering,Jalna
2138,"Matsyodari Shikshan Sansatha's College of Engineering and Technology, Jalna",213829310.0,Electrical Engineering,Jalna
2138,"Matsyodari Shikshan Sansatha's College of Engineering and Technology, Jalna",213861210.0,Mechanical Engineering,Jalna
2146,"Adarsh Shikshan Prasarak Mandal's K. T. Patil College of Engineering and Technology, Osmanabad",214619110.0,Civil Engineering,Osmanabad
2146,"Adarsh Shikshan Prasarak Mandal's K. T. Patil College of Engineering and Technology, Osmanabad",214624210.0,Computer Science and Engineering,Osmanabad
2146,"Adarsh Shikshan Prasarak Mandal's K. T. Patil College of Engineering and Technology, Osmanabad",214629710.0,Electrical and Electronics Engineering,Osmanabad
2146,"Adarsh Shikshan Prasarak Mandal's K. T. Patil College of Engineering and Technology, Osmanabad",214637210.0,Electronics and Telecommunication Engg,Osmanabad
2146,"Adarsh Shikshan Prasarak Mandal's K. T. Patil College of Engineering and Technology, Osmanabad",214661210.0,Mechanical Engineering,Osmanabad
2189,"Vishweshwarayya Institute Of Engineering And Technology, Almala, Tq. Ausa, Dist. Latur",218919110.0,Civil Engineering,Dist. Latur
2189,"Vishweshwarayya Institute Of Engineering And Technology, Almala, Tq. Ausa, Dist. Latur",218937210.0,Electronics and Telecommunication Engg,Dist. Latur
2189,"Vishweshwarayya Institute Of Engineering And Technology, Almala, Tq. Ausa, Dist. Latur",218992510.0,Computer Science and Engineering (Artificial Intelligence and Data Science),Dist. Latur
2250,CHHATRAPATI SAMBHAJI MAHARAJ COLLEGE OF ENGINEERING,225019110.0,Civil Engineering,ENGINEERING
2250,CHHATRAPATI SAMBHAJI MAHARAJ COLLEGE OF ENGINEERING,225024210.0,Computer Science and Engineering,ENGINEERING
2250,CHHATRAPATI SAMBHAJI MAHARAJ COLLEGE OF ENGINEERING,225029310.0,Electrical Engineering,ENGINEERING
2250,CHHATRAPATI SAMBHAJI MAHARAJ COLLEGE OF ENGINEERING,225037210.0,Electronics and Telecommunication Engg,ENGINEERING
2250,CHHATRAPATI SAMBHAJI MAHARAJ COLLEGE OF ENGINEERING,225061210.0,Mechanical Engineering,ENGINEERING
2250,CHHATRAPATI SAMBHAJI MAHARAJ COLLEGE OF ENGINEERING,225099510.0,Artificial Intelligence and Data Science,ENGINEERING
2252,"Marathwada Shikshan Prasarak Mandal's Shri Shivaji Institute of Engineering and Management Studies, Parbhani",225219110.0,Civil Engineering,Parbhani
2252,"Marathwada Shikshan Prasarak Mandal's Shri Shivaji Institute of Engineering and Management Studies, Parbhani",225224210.0,Computer Science and Engineering,Parbhani
2252,"Marathwada Shikshan Prasarak Mandal's Shri Shivaji Institute of Engineering and Management Studies, Parbhani",225229710.0,Electrical and Electronics Engineering,Parbhani
2252,"Marathwada Shikshan Prasarak Mandal's Shri Shivaji Institute of Engineering and Management Studies, Parbhani",225261210.0,Mechanical Engineering,Parbhani
2254,"Vilasrao Deshmukh Foundation Group of Institutions, Latur",225419110.0,Civil Engineering,Latur
2254,"Vilasrao Deshmukh Foundation Group of Institutions, Latur",225424510.0,Computer Engineering,Latur
2254,"Vilasrao Deshmukh Foundation Group of Institutions, Latur",225424610.0,Information Technology,Latur
2254,"Vilasrao Deshmukh Foundation Group of Institutions, Latur",225429310.0,Electrical Engineering,Latur
2254,"Vilasrao Deshmukh Foundation Group of Institutions, Latur",225437210.0,Electronics and Telecommunication Engg,Latur
2254,"Vilasrao Deshmukh Foundation Group of Institutions, Latur",225461210.0,Mechanical Engineering,Latur
2282,"Mitthulalji Sarada Institute Of Technology, Nalwandi Road, Beed",228219110.0,Civil Engineering,Beed
2282,"Mitthulalji Sarada Institute Of Technology, Nalwandi Road, Beed",228224510.0,Computer Engineering,Beed
2282,"Mitthulalji Sarada Institute Of Technology, Nalwandi Road, Beed",228224610.0,Information Technology,Beed
2282,"Mitthulalji Sarada Institute Of Technology, Nalwandi Road, Beed",228290010.0,Electronics and Computer Science,Beed
2508,GRAMIN TECHNICAL AND MANAGEMENT CAMPUS NANDED.,250824210.0,Computer Science and Engineering,NANDED
2508,GRAMIN TECHNICAL AND MANAGEMENT CAMPUS NANDED.,250850310.0,Food Technology,NANDED
2508,GRAMIN TECHNICAL AND MANAGEMENT CAMPUS NANDED.,250890610.0,Civil Engineering (Structural Engineering),NANDED
2508,GRAMIN TECHNICAL AND MANAGEMENT CAMPUS NANDED.,250890710.0,Food Engineering,NANDED
2508,GRAMIN TECHNICAL AND MANAGEMENT CAMPUS NANDED.,250890810.0,Mechanical and Automation Engineering,NANDED
2508,GRAMIN TECHNICAL AND MANAGEMENT CAMPUS NANDED.,250890910.0,Electronics & Telecommunication Engineering,NANDED
2508,GRAMIN TECHNICAL AND MANAGEMENT CAMPUS NANDED.,250891110.0,Computer Science and Engineering(Artificial Intelligence and Machine Learning),NANDED
2508,GRAMIN TECHNICAL AND MANAGEMENT CAMPUS NANDED.,250891410.0,Safety and Fire Engineering,NANDED
2508,GRAMIN TECHNICAL AND MANAGEMENT CAMPUS NANDED.,250893710.0,Electrical Engineering,NANDED
2516,International Centre Of Excellence In Engineering  and Management (ICEEM),251624210.0,Computer Science and Engineering,ICEEM
2516,International Centre Of Excellence In Engineering  and Management (ICEEM),251629710.0,Electrical and Electronics Engineering,ICEEM
2516,International Centre Of Excellence In Engineering  and Management (ICEEM),251661210.0,Mechanical Engineering,ICEEM
2516,International Centre Of Excellence In Engineering  and Management (ICEEM),251692110.0,Artificial Intelligence and Machine Learning,ICEEM
2522,"STMEI's Sandipani Technical Campus-Faculty of Engineering, Latur.",252219110.0,Civil Engineering,Latur
2522,"STMEI's Sandipani Technical Campus-Faculty of Engineering, Latur.",252224510.0,Computer Engineering,Latur
2522,"STMEI's Sandipani Technical Campus-Faculty of Engineering, Latur.",252224610.0,Information Technology,Latur
2522,"STMEI's Sandipani Technical Campus-Faculty of Engineering, Latur.",252237010.0,Electronics and Communication Engineering,Latur
2522,"STMEI's Sandipani Technical Campus-Faculty of Engineering, Latur.",252261210.0,Mechanical Engineering,Latur
2522,"STMEI's Sandipani Technical Campus-Faculty of Engineering, Latur.",252291610.0,Automation and Robotics,Latur
2522,"STMEI's Sandipani Technical Campus-Faculty of Engineering, Latur.",252299510.0,Artificial Intelligence and Data Science,Latur
2533,"CSMSS Chh. Shahu College of Engineering, Aurangabad",253319110.0,Civil Engineering,Aurangabad
2533,"CSMSS Chh. Shahu College of Engineering, Aurangabad",253324210.0,Computer Science and Engineering,Aurangabad
2533,"CSMSS Chh. Shahu College of Engineering, Aurangabad",253329310.0,Electrical Engineering,Aurangabad
2533,"CSMSS Chh. Shahu College of Engineering, Aurangabad",253337810.0,Electronics Engineering ( VLSI Design and Technology),Aurangabad
2533,"CSMSS Chh. Shahu College of Engineering, Aurangabad",253361210.0,Mechanical Engineering,Aurangabad
2533,"CSMSS Chh. Shahu College of Engineering, Aurangabad",253384410.0,Electronics and Computer Engineering,Aurangabad
2533,"CSMSS Chh. Shahu College of Engineering, Aurangabad",253392810.0,Electronics and Communication(Advanced Communication Technology),Aurangabad
2533,"CSMSS Chh. Shahu College of Engineering, Aurangabad",253399510.0,Artificial Intelligence and Data Science,Aurangabad
2634,"Eaglewood Polytechnic Institute, A.P Phulepimpalgaon",263419110.0,Civil Engineering,A.P Phulepimpalgaon
2634,"Eaglewood Polytechnic Institute, A.P Phulepimpalgaon",263424510.0,Computer Engineering,A.P Phulepimpalgaon
2634,"Eaglewood Polytechnic Institute, A.P Phulepimpalgaon",263429310.0,Electrical Engineering,A.P Phulepimpalgaon
2634,"Eaglewood Polytechnic Institute, A.P Phulepimpalgaon",263492110.0,Artificial Intelligence and Machine Learning,A.P Phulepimpalgaon
2637,"Jijau Institute of Engineering Technology and Management, Khandgaon (Bendri), Taluka Naigaon, District Nanded",263719110.0,Civil Engineering,District Nanded
2637,"Jijau Institute of Engineering Technology and Management, Khandgaon (Bendri), Taluka Naigaon, District Nanded",263724510.0,Computer Engineering,District Nanded
2637,"Jijau Institute of Engineering Technology and Management, Khandgaon (Bendri), Taluka Naigaon, District Nanded",263737210.0,Electronics and Telecommunication Engg,District Nanded
2637,"Jijau Institute of Engineering Technology and Management, Khandgaon (Bendri), Taluka Naigaon, District Nanded",263799710.0,Artificial Intelligence,District Nanded
2641,Dr. V.K. Patil College of Engineering & Technology,264119110.0,Civil Engineering,Technology
2641,Dr. V.K. Patil College of Engineering & Technology,264124210.0,Computer Science and Engineering,Technology
2641,Dr. V.K. Patil College of Engineering & Technology,264129310.0,Electrical Engineering,Technology
2641,Dr. V.K. Patil College of Engineering & Technology,264161210.0,Mechanical Engineering,Technology
2641,Dr. V.K. Patil College of Engineering & Technology,264199710.0,Artificial Intelligence,Technology
2666,Mangaldeep College of Engineering,266624210.0,Computer Science and Engineering,Engineering
2666,Mangaldeep College of Engineering,266624610.0,Information Technology,Engineering
2666,Mangaldeep College of Engineering,266656610.0,Computer Science,Engineering
2666,Mangaldeep College of Engineering,266692110.0,Artificial Intelligence and Machine Learning,Engineering
2758,Sant Eknath College of Engineering,275824210.0,Computer Science and Engineering,Engineering
2758,Sant Eknath College of Engineering,275829310.0,Electrical Engineering,Engineering
2758,Sant Eknath College of Engineering,275861210.0,Mechanical Engineering,Engineering
2758,Sant Eknath College of Engineering,275899710.0,Artificial Intelligence,Engineering
2770,"Shetkari Shikshan Prasarak Mandal's Mahesh Institute of Engineering and Technology , Ashti",277019110.0,Civil Engineering,Ashti
2770,"Shetkari Shikshan Prasarak Mandal's Mahesh Institute of Engineering and Technology , Ashti",277024510.0,Computer Engineering,Ashti
2770,"Shetkari Shikshan Prasarak Mandal's Mahesh Institute of Engineering and Technology , Ashti",277029310.0,Electrical Engineering,Ashti
2770,"Shetkari Shikshan Prasarak Mandal's Mahesh Institute of Engineering and Technology , Ashti",277061210.0,Mechanical Engineering,Ashti
2770,"Shetkari Shikshan Prasarak Mandal's Mahesh Institute of Engineering and Technology , Ashti",277099510.0,Artificial Intelligence and Data Science,Ashti
2771,Amolak College of Engineering Kada,277124210.0,Computer Science and Engineering,Kada
2771,Amolak College of Engineering Kada,277124610.0,Information Technology,Kada
2771,Amolak College of Engineering Kada,277137210.0,Electronics and Telecommunication Engg,Kada
2771,Amolak College of Engineering Kada,277199510.0,Artificial Intelligence and Data Science,Kada
2772,"JSPM College of Engineering, Latur",277219110.0,Civil Engineering,Latur
2772,"JSPM College of Engineering, Latur",277224510.0,Computer Engineering,Latur
2772,"JSPM College of Engineering, Latur",277237210.0,Electronics and Telecommunication Engg,Latur
2772,"JSPM College of Engineering, Latur",277292110.0,Artificial Intelligence and Machine Learning,Latur
2777,CDS College of Engineering,277724210.0,Computer Science and Engineering,Engineering
2777,CDS College of Engineering,277724610.0,Information Technology,Engineering
2777,CDS College of Engineering,277737210.0,Electronics and Telecommunication Engg,Engineering
2777,CDS College of Engineering,277761210.0,Mechanical Engineering,Engineering
2777,CDS College of Engineering,277799710.0,Artificial Intelligence,Engineering
2779,NKSPT INSTITUTE OF ENGINEERING AND TECHNOLOGY PATHIKAR CAMPUS,277919110.0,Civil Engineering,CAMPUS
2779,NKSPT INSTITUTE OF ENGINEERING AND TECHNOLOGY PATHIKAR CAMPUS,277924210.0,Computer Science and Engineering,CAMPUS
2779,NKSPT INSTITUTE OF ENGINEERING AND TECHNOLOGY PATHIKAR CAMPUS,277924610.0,Information Technology,CAMPUS
2779,NKSPT INSTITUTE OF ENGINEERING AND TECHNOLOGY PATHIKAR CAMPUS,277937210.0,Electronics and Telecommunication Engg,CAMPUS
2779,NKSPT INSTITUTE OF ENGINEERING AND TECHNOLOGY PATHIKAR CAMPUS,277999510.0,Artificial Intelligence and Data Science,CAMPUS
2805,Urvara Pathrikar Engineering College,280524610.0,Information Technology,College
2805,Urvara Pathrikar Engineering College,280537210.0,Electronics and Telecommunication Engg,College
2805,Urvara Pathrikar Engineering College,280556610.0,Computer Science,College
2805,Urvara Pathrikar Engineering College,280599510.0,Artificial Intelligence and Data Science,College
3012,"Veermata Jijabai Technological Institute(VJTI), Matunga, Mumbai",301219110.0,Civil Engineering,Mumbai
3012,"Veermata Jijabai Technological Institute(VJTI), Matunga, Mumbai",301224510.0,Computer Engineering,Mumbai
3012,"Veermata Jijabai Technological Institute(VJTI), Matunga, Mumbai",301224610.0,Information Technology,Mumbai
3012,"Veermata Jijabai Technological Institute(VJTI), Matunga, Mumbai",301229310.0,Electrical Engineering,Mumbai
3012,"Veermata Jijabai Technological Institute(VJTI), Matunga, Mumbai",301237210.0,Electronics and Telecommunication Engg,Mumbai
3012,"Veermata Jijabai Technological Institute(VJTI), Matunga, Mumbai",301237610.0,Electronics Engineering,Mumbai
3012,"Veermata Jijabai Technological Institute(VJTI), Matunga, Mumbai",301261210.0,Mechanical Engineering,Mumbai
3012,"Veermata Jijabai Technological Institute(VJTI), Matunga, Mumbai",301262610.0,Production Engineering[Sandwich],Mumbai
3012,"Veermata Jijabai Technological Institute(VJTI), Matunga, Mumbai",301289610.0,Textile Technology,Mumbai
3014,"Sardar Patel College of Engineering, Andheri",301419110.0,Civil Engineering,Andheri
3014,"Sardar Patel College of Engineering, Andheri",301429310.0,Electrical Engineering,Andheri
3014,"Sardar Patel College of Engineering, Andheri",301461210.0,Mechanical Engineering,Andheri
3033,"Dr. Babasaheb Ambedkar Technological University, Lonere",303319110.0,Civil Engineering,Lonere
3033,"Dr. Babasaheb Ambedkar Technological University, Lonere",303324510.0,Computer Engineering,Lonere
3033,"Dr. Babasaheb Ambedkar Technological University, Lonere",303324610.0,Information Technology,Lonere
3033,"Dr. Babasaheb Ambedkar Technological University, Lonere",303329310.0,Electrical Engineering,Lonere
3033,"Dr. Babasaheb Ambedkar Technological University, Lonere",303337210.0,Electronics and Telecommunication Engg,Lonere
3033,"Dr. Babasaheb Ambedkar Technological University, Lonere",303337810.0,Electronics Engineering ( VLSI Design and Technology),Lonere
3033,"Dr. Babasaheb Ambedkar Technological University, Lonere",303350710.0,Chemical Engineering,Lonere
3033,"Dr. Babasaheb Ambedkar Technological University, Lonere",303352710.0,Petro Chemical Engineering,Lonere
3033,"Dr. Babasaheb Ambedkar Technological University, Lonere",303361210.0,Mechanical Engineering,Lonere
3033,"Dr. Babasaheb Ambedkar Technological University, Lonere",303390510.0,Computer Science and Engineering,Lonere
3036,"Institute of Chemical Technology, Matunga, Mumbai",303650710.0,Chemical Engineering,Mumbai
3036,"Institute of Chemical Technology, Matunga, Mumbai",303651110.0,Dyestuff Technology,Mumbai
3036,"Institute of Chemical Technology, Matunga, Mumbai",303651210.0,"Oil,Oleochemicals and Surfactants Technology",Mumbai
3036,"Institute of Chemical Technology, Matunga, Mumbai",303651310.0,Pharmaceuticals Chemistry and Technology,Mumbai
3036,"Institute of Chemical Technology, Matunga, Mumbai",303651410.0,Fibres and Textile Processing Technology,Mumbai
3036,"Institute of Chemical Technology, Matunga, Mumbai",303651910.0,Polymer Engineering and Technology,Mumbai
3036,"Institute of Chemical Technology, Matunga, Mumbai",303653410.0,Food Engineering and Technology,Mumbai
3036,"Institute of Chemical Technology, Matunga, Mumbai",303672910.0,Surface Coating Technology,Mumbai
3042,"Loknete Shamrao Peje Government College of Engineering, Ratnagiri",304229310.0,Electrical Engineering,Ratnagiri
3042,"Loknete Shamrao Peje Government College of Engineering, Ratnagiri",304250410.0,Food Technology And Management,Ratnagiri
3042,"Loknete Shamrao Peje Government College of Engineering, Ratnagiri",304262410.0,Mechatronics Engineering,Ratnagiri
3042,"Loknete Shamrao Peje Government College of Engineering, Ratnagiri",304291810.0,Civil and infrastructure Engineering,Ratnagiri
3042,"Loknete Shamrao Peje Government College of Engineering, Ratnagiri",304299510.0,Artificial Intelligence and Data Science,Ratnagiri
3135,"Manjara Charitable Trust's Rajiv Gandhi Institute of Technology, Mumbai",313524510.0,Computer Engineering,Mumbai
3135,"Manjara Charitable Trust's Rajiv Gandhi Institute of Technology, Mumbai",313524610.0,Information Technology,Mumbai
3135,"Manjara Charitable Trust's Rajiv Gandhi Institute of Technology, Mumbai",313537210.0,Electronics and Telecommunication Engg,Mumbai
3135,"Manjara Charitable Trust's Rajiv Gandhi Institute of Technology, Mumbai",313561210.0,Mechanical Engineering,Mumbai
3135,"Manjara Charitable Trust's Rajiv Gandhi Institute of Technology, Mumbai",313599510.0,Artificial Intelligence and Data Science,Mumbai
3139,"Vidyalankar Institute of Technology,Wadala, Mumbai",313924510.0,Computer Engineering,Mumbai
3139,"Vidyalankar Institute of Technology,Wadala, Mumbai",313924610.0,Information Technology,Mumbai
3139,"Vidyalankar Institute of Technology,Wadala, Mumbai",313937210.0,Electronics and Telecommunication Engg,Mumbai
3139,"Vidyalankar Institute of Technology,Wadala, Mumbai",313946110.0,Bio Medical Engineering,Mumbai
3139,"Vidyalankar Institute of Technology,Wadala, Mumbai",313990010.0,Electronics and Computer Science,Mumbai
3143,"Thakur Shyamnarayan Engineering College, Mumbai",314324510.0,Computer Engineering,Mumbai
3143,"Thakur Shyamnarayan Engineering College, Mumbai",314324610.0,Information Technology,Mumbai
3143,"Thakur Shyamnarayan Engineering College, Mumbai",314361210.0,Mechanical Engineering,Mumbai
3143,"Thakur Shyamnarayan Engineering College, Mumbai",314384410.0,Electronics and Computer Engineering,Mumbai
3143,"Thakur Shyamnarayan Engineering College, Mumbai",314391110.0,Computer Science and Engineering(Artificial Intelligence and Machine Learning),Mumbai
3146,"Jawahar Education Society's Annasaheb Chudaman Patil College of Engineering,Kharghar, Navi Mumbai",314600210.0,Aeronautical Engineering,Navi Mumbai
3146,"Jawahar Education Society's Annasaheb Chudaman Patil College of Engineering,Kharghar, Navi Mumbai",314624510.0,Computer Engineering,Navi Mumbai
3146,"Jawahar Education Society's Annasaheb Chudaman Patil College of Engineering,Kharghar, Navi Mumbai",314624610.0,Information Technology,Navi Mumbai
3146,"Jawahar Education Society's Annasaheb Chudaman Patil College of Engineering,Kharghar, Navi Mumbai",314629310.0,Electrical Engineering,Navi Mumbai
3146,"Jawahar Education Society's Annasaheb Chudaman Patil College of Engineering,Kharghar, Navi Mumbai",314637210.0,Electronics and Telecommunication Engg,Navi Mumbai
3146,"Jawahar Education Society's Annasaheb Chudaman Patil College of Engineering,Kharghar, Navi Mumbai",314661210.0,Mechanical Engineering,Navi Mumbai
3146,"Jawahar Education Society's Annasaheb Chudaman Patil College of Engineering,Kharghar, Navi Mumbai",314692010.0,Computer Science and Engineering (Internet of Things and Cyber Security Including Block Chain Technology),Navi Mumbai
3146,"Jawahar Education Society's Annasaheb Chudaman Patil College of Engineering,Kharghar, Navi Mumbai",314699510.0,Artificial Intelligence and Data Science,Navi Mumbai
3147,"Saraswati Education Society, Yadavrao Tasgaonkar  Institute of Engineering & Technology, Karjat",314719110.0,Civil Engineering,Karjat
3147,"Saraswati Education Society, Yadavrao Tasgaonkar  Institute of Engineering & Technology, Karjat",314721910.0,Robotics and Automation,Karjat
3147,"Saraswati Education Society, Yadavrao Tasgaonkar  Institute of Engineering & Technology, Karjat",314724510.0,Computer Engineering,Karjat
3147,"Saraswati Education Society, Yadavrao Tasgaonkar  Institute of Engineering & Technology, Karjat",314724610.0,Information Technology,Karjat
3147,"Saraswati Education Society, Yadavrao Tasgaonkar  Institute of Engineering & Technology, Karjat",314725310.0,Internet of Things (IoT),Karjat
3147,"Saraswati Education Society, Yadavrao Tasgaonkar  Institute of Engineering & Technology, Karjat",314729310.0,Electrical Engineering,Karjat
3147,"Saraswati Education Society, Yadavrao Tasgaonkar  Institute of Engineering & Technology, Karjat",314761210.0,Mechanical Engineering,Karjat
3147,"Saraswati Education Society, Yadavrao Tasgaonkar  Institute of Engineering & Technology, Karjat",314791710.0,Data Science,Karjat
3147,"Saraswati Education Society, Yadavrao Tasgaonkar  Institute of Engineering & Technology, Karjat",314792110.0,Artificial Intelligence and Machine Learning,Karjat
3148,"Mahavir Education Trust's Shah & Anchor Kutchhi Engineering College, Mumbai",314824510.0,Computer Engineering,Mumbai
3148,"Mahavir Education Trust's Shah & Anchor Kutchhi Engineering College, Mumbai",314824610.0,Information Technology,Mumbai
3148,"Mahavir Education Trust's Shah & Anchor Kutchhi Engineering College, Mumbai",314825210.0,Cyber Security,Mumbai
3148,"Mahavir Education Trust's Shah & Anchor Kutchhi Engineering College, Mumbai",314837210.0,Electronics and Telecommunication Engg,Mumbai
3148,"Mahavir Education Trust's Shah & Anchor Kutchhi Engineering College, Mumbai",314837810.0,Electronics Engineering ( VLSI Design and Technology),Mumbai
3148,"Mahavir Education Trust's Shah & Anchor Kutchhi Engineering College, Mumbai",314890010.0,Electronics and Computer Science,Mumbai
3148,"Mahavir Education Trust's Shah & Anchor Kutchhi Engineering College, Mumbai",314893310.0,Electronics and Communication (Advanced Communication Technology),Mumbai
3148,"Mahavir Education Trust's Shah & Anchor Kutchhi Engineering College, Mumbai",314899510.0,Artificial Intelligence and Data Science,Mumbai
3154,"Saraswati Education Society's Saraswati College of Engineering,Kharghar Navi Mumbai",315419110.0,Civil Engineering,Kharghar Navi Mumbai
3154,"Saraswati Education Society's Saraswati College of Engineering,Kharghar Navi Mumbai",315424510.0,Computer Engineering,Kharghar Navi Mumbai
3154,"Saraswati Education Society's Saraswati College of Engineering,Kharghar Navi Mumbai",315424610.0,Information Technology,Kharghar Navi Mumbai
3154,"Saraswati Education Society's Saraswati College of Engineering,Kharghar Navi Mumbai",315460210.0,Automobile Engineering,Kharghar Navi Mumbai
3154,"Saraswati Education Society's Saraswati College of Engineering,Kharghar Navi Mumbai",315461210.0,Mechanical Engineering,Kharghar Navi Mumbai
3154,"Saraswati Education Society's Saraswati College of Engineering,Kharghar Navi Mumbai",315491110.0,Computer Science and Engineering(Artificial Intelligence and Machine Learning),Kharghar Navi Mumbai
3154,"Saraswati Education Society's Saraswati College of Engineering,Kharghar Navi Mumbai",315491210.0,Computer Science and Engineering(Data Science),Kharghar Navi Mumbai
3175,"M.G.M.'s College of Engineering and Technology, Kamothe, Navi Mumbai",317519110.0,Civil Engineering,Navi Mumbai
3175,"M.G.M.'s College of Engineering and Technology, Kamothe, Navi Mumbai",317524510.0,Computer Engineering,Navi Mumbai
3175,"M.G.M.'s College of Engineering and Technology, Kamothe, Navi Mumbai",317524610.0,Information Technology,Navi Mumbai
3175,"M.G.M.'s College of Engineering and Technology, Kamothe, Navi Mumbai",317529310.0,Electrical Engineering,Navi Mumbai
3175,"M.G.M.'s College of Engineering and Technology, Kamothe, Navi Mumbai",317537210.0,Electronics and Telecommunication Engg,Navi Mumbai
3175,"M.G.M.'s College of Engineering and Technology, Kamothe, Navi Mumbai",317546110.0,Bio Medical Engineering,Navi Mumbai
3175,"M.G.M.'s College of Engineering and Technology, Kamothe, Navi Mumbai",317550710.0,Chemical Engineering,Navi Mumbai
3175,"M.G.M.'s College of Engineering and Technology, Kamothe, Navi Mumbai",317561210.0,Mechanical Engineering,Navi Mumbai
3175,"M.G.M.'s College of Engineering and Technology, Kamothe, Navi Mumbai",317591110.0,Computer Science and Engineering(Artificial Intelligence and Machine Learning),Navi Mumbai
3175,"M.G.M.'s College of Engineering and Technology, Kamothe, Navi Mumbai",317591210.0,Computer Science and Engineering(Data Science),Navi Mumbai
3175,"M.G.M.'s College of Engineering and Technology, Kamothe, Navi Mumbai",317591610.0,Automation and Robotics,Navi Mumbai
3176,"Thakur College of Engineering and Technology, Kandivali, Mumbai",317619110.0,Civil Engineering,Mumbai
3176,"Thakur College of Engineering and Technology, Kandivali, Mumbai",317624510.0,Computer Engineering,Mumbai
3176,"Thakur College of Engineering and Technology, Kandivali, Mumbai",317624610.0,Information Technology,Mumbai
3176,"Thakur College of Engineering and Technology, Kandivali, Mumbai",317625910.0,Mechanical and Mechatronics Engineering (Additive Manufacturing),Mumbai
3176,"Thakur College of Engineering and Technology, Kandivali, Mumbai",317626710.0,Computer Science and Engineering (IoT),Mumbai
3176,"Thakur College of Engineering and Technology, Kandivali, Mumbai",317637210.0,Electronics and Telecommunication Engg,Mumbai
3176,"Thakur College of Engineering and Technology, Kandivali, Mumbai",317661210.0,Mechanical Engineering,Mumbai
3176,"Thakur College of Engineering and Technology, Kandivali, Mumbai",317690010.0,Electronics and Computer Science,Mumbai
3176,"Thakur College of Engineering and Technology, Kandivali, Mumbai",317691010.0,Computer Science and Engineering(Cyber Security),Mumbai
3176,"Thakur College of Engineering and Technology, Kandivali, Mumbai",317692110.0,Artificial Intelligence and Machine Learning,Mumbai
3176,"Thakur College of Engineering and Technology, Kandivali, Mumbai",317699510.0,Artificial Intelligence and Data Science,Mumbai
3182,"Thadomal Shahani Engineering College, Bandra, Mumbai",318224510.0,Computer Engineering,Mumbai
3182,"Thadomal Shahani Engineering College, Bandra, Mumbai",318224610.0,Information Technology,Mumbai
3182,"Thadomal Shahani Engineering College, Bandra, Mumbai",318237210.0,Electronics and Telecommunication Engg,Mumbai
3182,"Thadomal Shahani Engineering College, Bandra, Mumbai",318250710.0,Chemical Engineering,Mumbai
3182,"Thadomal Shahani Engineering College, Bandra, Mumbai",318299510.0,Artificial Intelligence and Data Science,Mumbai
3183,"Anjuman-I-Islam's M.H. Saboo Siddik College of Engineering, Byculla, Mumbai",318319110.0,Civil Engineering,Mumbai
3183,"Anjuman-I-Islam's M.H. Saboo Siddik College of Engineering, Byculla, Mumbai",318324510.0,Computer Engineering,Mumbai
3183,"Anjuman-I-Islam's M.H. Saboo Siddik College of Engineering, Byculla, Mumbai",318324610.0,Information Technology,Mumbai
3183,"Anjuman-I-Islam's M.H. Saboo Siddik College of Engineering, Byculla, Mumbai",318337210.0,Electronics and Telecommunication Engg,Mumbai
3183,"Anjuman-I-Islam's M.H. Saboo Siddik College of Engineering, Byculla, Mumbai",318361210.0,Mechanical Engineering,Mumbai
3183,"Anjuman-I-Islam's M.H. Saboo Siddik College of Engineering, Byculla, Mumbai",318361610.0,Mechanical Engineering Automobile,Mumbai
3183,"Anjuman-I-Islam's M.H. Saboo Siddik College of Engineering, Byculla, Mumbai",318391110.0,Computer Science and Engineering(Artificial Intelligence and Machine Learning),Mumbai
3183,"Anjuman-I-Islam's M.H. Saboo Siddik College of Engineering, Byculla, Mumbai",318392010.0,Computer Science and Engineering (Internet of Things and Cyber Security Including Block Chain Technology),Mumbai
3184,"Fr. Conceicao Rodrigues College of Engineering, Bandra,Mumbai",318424210.0,Computer Science and Engineering,Mumbai
3184,"Fr. Conceicao Rodrigues College of Engineering, Bandra,Mumbai",318424510.0,Computer Engineering,Mumbai
3184,"Fr. Conceicao Rodrigues College of Engineering, Bandra,Mumbai",318461210.0,Mechanical Engineering,Mumbai
3184,"Fr. Conceicao Rodrigues College of Engineering, Bandra,Mumbai",318490010.0,Electronics and Computer Science,Mumbai
3185,"Vivekanand Education Society's Institute of Technology, Chembur, Mumbai",318524510.0,Computer Engineering,Mumbai
3185,"Vivekanand Education Society's Institute of Technology, Chembur, Mumbai",318524610.0,Information Technology,Mumbai
3185,"Vivekanand Education Society's Institute of Technology, Chembur, Mumbai",318537210.0,Electronics and Telecommunication Engg,Mumbai
3185,"Vivekanand Education Society's Institute of Technology, Chembur, Mumbai",318590010.0,Electronics and Computer Science,Mumbai
3185,"Vivekanand Education Society's Institute of Technology, Chembur, Mumbai",318591610.0,Automation and Robotics,Mumbai
3185,"Vivekanand Education Society's Institute of Technology, Chembur, Mumbai",318599510.0,Artificial Intelligence and Data Science,Mumbai
3187,"N.Y.S.S.'s Datta Meghe College of Engineering, Airoli, Navi Mumbai",318719110.0,Civil Engineering,Navi Mumbai
3187,"N.Y.S.S.'s Datta Meghe College of Engineering, Airoli, Navi Mumbai",318724510.0,Computer Engineering,Navi Mumbai
3187,"N.Y.S.S.'s Datta Meghe College of Engineering, Airoli, Navi Mumbai",318724610.0,Information Technology,Navi Mumbai
3187,"N.Y.S.S.'s Datta Meghe College of Engineering, Airoli, Navi Mumbai",318737210.0,Electronics and Telecommunication Engg,Navi Mumbai
3187,"N.Y.S.S.'s Datta Meghe College of Engineering, Airoli, Navi Mumbai",318750710.0,Chemical Engineering,Navi Mumbai
3187,"N.Y.S.S.'s Datta Meghe College of Engineering, Airoli, Navi Mumbai",318761210.0,Mechanical Engineering,Navi Mumbai
3187,"N.Y.S.S.'s Datta Meghe College of Engineering, Airoli, Navi Mumbai",318791810.0,Civil and infrastructure Engineering,Navi Mumbai
3187,"N.Y.S.S.'s Datta Meghe College of Engineering, Airoli, Navi Mumbai",318799510.0,Artificial Intelligence and Data Science,Navi Mumbai
3188,"Vasantdada Patil Pratishthan's College Of Engineering and Visual Arts, Sion, Mumbai",318824510.0,Computer Engineering,Mumbai
3188,"Vasantdada Patil Pratishthan's College Of Engineering and Visual Arts, Sion, Mumbai",318824610.0,Information Technology,Mumbai
3188,"Vasantdada Patil Pratishthan's College Of Engineering and Visual Arts, Sion, Mumbai",318837210.0,Electronics and Telecommunication Engg,Mumbai
3188,"Vasantdada Patil Pratishthan's College Of Engineering and Visual Arts, Sion, Mumbai",318862410.0,Mechatronics Engineering,Mumbai
3188,"Vasantdada Patil Pratishthan's College Of Engineering and Visual Arts, Sion, Mumbai",318890010.0,Electronics and Computer Science,Mumbai
3188,"Vasantdada Patil Pratishthan's College Of Engineering and Visual Arts, Sion, Mumbai",318891110.0,Computer Science and Engineering(Artificial Intelligence and Machine Learning),Mumbai
3189,"Bharati Vidyapeeth College of Engineering,  Navi Mumbai",318924510.0,Computer Engineering,Navi Mumbai
3189,"Bharati Vidyapeeth College of Engineering,  Navi Mumbai",318924610.0,Information Technology,Navi Mumbai
3189,"Bharati Vidyapeeth College of Engineering,  Navi Mumbai",318937210.0,Electronics and Telecommunication Engg,Navi Mumbai
3189,"Bharati Vidyapeeth College of Engineering,  Navi Mumbai",318946610.0,Instrumentation Engineering,Navi Mumbai
3189,"Bharati Vidyapeeth College of Engineering,  Navi Mumbai",318950710.0,Chemical Engineering,Navi Mumbai
3189,"Bharati Vidyapeeth College of Engineering,  Navi Mumbai",318961210.0,Mechanical Engineering,Navi Mumbai
3190,"Terna Engineering College, Nerul, Navi Mumbai",319019110.0,Civil Engineering,Navi Mumbai
3190,"Terna Engineering College, Nerul, Navi Mumbai",319024510.0,Computer Engineering,Navi Mumbai
3190,"Terna Engineering College, Nerul, Navi Mumbai",319024610.0,Information Technology,Navi Mumbai
3190,"Terna Engineering College, Nerul, Navi Mumbai",319026310.0,Artificial Intelligence (AI) and Data Science,Navi Mumbai
3190,"Terna Engineering College, Nerul, Navi Mumbai",319037210.0,Electronics and Telecommunication Engg,Navi Mumbai
3190,"Terna Engineering College, Nerul, Navi Mumbai",319037610.0,Electronics Engineering,Navi Mumbai
3190,"Terna Engineering College, Nerul, Navi Mumbai",319061210.0,Mechanical Engineering,Navi Mumbai
3190,"Terna Engineering College, Nerul, Navi Mumbai",319062410.0,Mechatronics Engineering,Navi Mumbai
3192,"Smt. Indira Gandhi College of Engineering, Navi Mumbai",319224510.0,Computer Engineering,Navi Mumbai
3192,"Smt. Indira Gandhi College of Engineering, Navi Mumbai",319226310.0,Artificial Intelligence (AI) and Data Science,Navi Mumbai
3192,"Smt. Indira Gandhi College of Engineering, Navi Mumbai",319229310.0,Electrical Engineering,Navi Mumbai
3192,"Smt. Indira Gandhi College of Engineering, Navi Mumbai",319261210.0,Mechanical Engineering,Navi Mumbai
3192,"Smt. Indira Gandhi College of Engineering, Navi Mumbai",319291110.0,Computer Science and Engineering(Artificial Intelligence and Machine Learning),Navi Mumbai
3192,"Smt. Indira Gandhi College of Engineering, Navi Mumbai",319292010.0,Computer Science and Engineering (Internet of Things and Cyber Security Including Block Chain Technology),Navi Mumbai
3193,"Shivajirao S. Jondhale College of Engineering, Dombivali,Mumbai",319324510.0,Computer Engineering,Mumbai
3193,"Shivajirao S. Jondhale College of Engineering, Dombivali,Mumbai",319324610.0,Information Technology,Mumbai
3193,"Shivajirao S. Jondhale College of Engineering, Dombivali,Mumbai",319337210.0,Electronics and Telecommunication Engg,Mumbai
3193,"Shivajirao S. Jondhale College of Engineering, Dombivali,Mumbai",319350710.0,Chemical Engineering,Mumbai
3193,"Shivajirao S. Jondhale College of Engineering, Dombivali,Mumbai",319361210.0,Mechanical Engineering,Mumbai
3193,"Shivajirao S. Jondhale College of Engineering, Dombivali,Mumbai",319392110.0,Artificial Intelligence and Machine Learning,Mumbai
3194,"Vidyavardhini's College of Engineering and Technology, Vasai",319419110.0,Civil Engineering,Vasai
3194,"Vidyavardhini's College of Engineering and Technology, Vasai",319424510.0,Computer Engineering,Vasai
3194,"Vidyavardhini's College of Engineering and Technology, Vasai",319424610.0,Information Technology,Vasai
3194,"Vidyavardhini's College of Engineering and Technology, Vasai",319437210.0,Electronics and Telecommunication Engg,Vasai
3194,"Vidyavardhini's College of Engineering and Technology, Vasai",319461210.0,Mechanical Engineering,Vasai
3194,"Vidyavardhini's College of Engineering and Technology, Vasai",319491210.0,Computer Science and Engineering(Data Science),Vasai
3194,"Vidyavardhini's College of Engineering and Technology, Vasai",319499510.0,Artificial Intelligence and Data Science,Vasai
3196,"Lokmanya Tilak College of Engineering, Kopar Khairane, Navi Mumbai",319624510.0,Computer Engineering,Navi Mumbai
3196,"Lokmanya Tilak College of Engineering, Kopar Khairane, Navi Mumbai",319629310.0,Electrical Engineering,Navi Mumbai
3196,"Lokmanya Tilak College of Engineering, Kopar Khairane, Navi Mumbai",319637210.0,Electronics and Telecommunication Engg,Navi Mumbai
3196,"Lokmanya Tilak College of Engineering, Kopar Khairane, Navi Mumbai",319661210.0,Mechanical Engineering,Navi Mumbai
3196,"Lokmanya Tilak College of Engineering, Kopar Khairane, Navi Mumbai",319691110.0,Computer Science and Engineering(Artificial Intelligence and Machine Learning),Navi Mumbai
3196,"Lokmanya Tilak College of Engineering, Kopar Khairane, Navi Mumbai",319691210.0,Computer Science and Engineering(Data Science),Navi Mumbai
3196,"Lokmanya Tilak College of Engineering, Kopar Khairane, Navi Mumbai",319692010.0,Computer Science and Engineering (Internet of Things and Cyber Security Including Block Chain Technology),Navi Mumbai
3197,"Agnel Charities' FR. C. Rodrigues Institute of Technology, Vashi, Navi Mumbai",319724210.0,Computer Science and Engineering,Navi Mumbai
3197,"Agnel Charities' FR. C. Rodrigues Institute of Technology, Vashi, Navi Mumbai",319724510.0,Computer Engineering,Navi Mumbai
3197,"Agnel Charities' FR. C. Rodrigues Institute of Technology, Vashi, Navi Mumbai",319729310.0,Electrical Engineering,Navi Mumbai
3197,"Agnel Charities' FR. C. Rodrigues Institute of Technology, Vashi, Navi Mumbai",319737210.0,Electronics and Telecommunication Engg,Navi Mumbai
3197,"Agnel Charities' FR. C. Rodrigues Institute of Technology, Vashi, Navi Mumbai",319761210.0,Mechanical Engineering,Navi Mumbai
3198,"Konkan Gyanpeeth College of Engineering, Karjat",319824210.0,Computer Science and Engineering,Karjat
3198,"Konkan Gyanpeeth College of Engineering, Karjat",319824510.0,Computer Engineering,Karjat
3198,"Konkan Gyanpeeth College of Engineering, Karjat",319824610.0,Information Technology,Karjat
3198,"Konkan Gyanpeeth College of Engineering, Karjat",319861210.0,Mechanical Engineering,Karjat
3198,"Konkan Gyanpeeth College of Engineering, Karjat",319899510.0,Artificial Intelligence and Data Science,Karjat
3199,"Shri Vile Parle Kelvani Mandal's Dwarkadas J. Sanghvi College of Engineering, Vile Parle,Mumbai",319924510.0,Computer Engineering,Mumbai
3199,"Shri Vile Parle Kelvani Mandal's Dwarkadas J. Sanghvi College of Engineering, Vile Parle,Mumbai",319924610.0,Information Technology,Mumbai
3199,"Shri Vile Parle Kelvani Mandal's Dwarkadas J. Sanghvi College of Engineering, Vile Parle,Mumbai",319926310.0,Artificial Intelligence (AI) and Data Science,Mumbai
3199,"Shri Vile Parle Kelvani Mandal's Dwarkadas J. Sanghvi College of Engineering, Vile Parle,Mumbai",319937210.0,Electronics and Telecommunication Engg,Mumbai
3199,"Shri Vile Parle Kelvani Mandal's Dwarkadas J. Sanghvi College of Engineering, Vile Parle,Mumbai",319961210.0,Mechanical Engineering,Mumbai
3199,"Shri Vile Parle Kelvani Mandal's Dwarkadas J. Sanghvi College of Engineering, Vile Parle,Mumbai",319991210.0,Computer Science and Engineering(Data Science),Mumbai
3199,"Shri Vile Parle Kelvani Mandal's Dwarkadas J. Sanghvi College of Engineering, Vile Parle,Mumbai",319992010.0,Computer Science and Engineering (Internet of Things and Cyber Security Including Block Chain Technology),Mumbai
3199,"Shri Vile Parle Kelvani Mandal's Dwarkadas J. Sanghvi College of Engineering, Vile Parle,Mumbai",319992110.0,Artificial Intelligence and Machine Learning,Mumbai
3200,"Hope Foundation and research center's  Finolex Academy of Management and Technology, Ratnagiri",320024610.0,Information Technology,Ratnagiri
3200,"Hope Foundation and research center's  Finolex Academy of Management and Technology, Ratnagiri",320029310.0,Electrical Engineering,Ratnagiri
3200,"Hope Foundation and research center's  Finolex Academy of Management and Technology, Ratnagiri",320037210.0,Electronics and Telecommunication Engg,Ratnagiri
3200,"Hope Foundation and research center's  Finolex Academy of Management and Technology, Ratnagiri",320050710.0,Chemical Engineering,Ratnagiri
3200,"Hope Foundation and research center's  Finolex Academy of Management and Technology, Ratnagiri",320061210.0,Mechanical Engineering,Ratnagiri
3200,"Hope Foundation and research center's  Finolex Academy of Management and Technology, Ratnagiri",320091010.0,Computer Science and Engineering(Cyber Security),Ratnagiri
3200,"Hope Foundation and research center's  Finolex Academy of Management and Technology, Ratnagiri",320091110.0,Computer Science and Engineering(Artificial Intelligence and Machine Learning),Ratnagiri
3201,"Rizvi Education Society's Rizvi College of Engineering, Bandra,Mumbai",320119110.0,Civil Engineering,Mumbai
3201,"Rizvi Education Society's Rizvi College of Engineering, Bandra,Mumbai",320124510.0,Computer Engineering,Mumbai
3201,"Rizvi Education Society's Rizvi College of Engineering, Bandra,Mumbai",320161210.0,Mechanical Engineering,Mumbai
3201,"Rizvi Education Society's Rizvi College of Engineering, Bandra,Mumbai",320190010.0,Electronics and Computer Science,Mumbai
3201,"Rizvi Education Society's Rizvi College of Engineering, Bandra,Mumbai",320199510.0,Artificial Intelligence and Data Science,Mumbai
3202,Rajendra Mane College of Engineering & Technology  Ambav Deorukh,320224510.0,Computer Engineering,Deorukh
3202,Rajendra Mane College of Engineering & Technology  Ambav Deorukh,320260210.0,Automobile Engineering,Deorukh
3202,Rajendra Mane College of Engineering & Technology  Ambav Deorukh,320261210.0,Mechanical Engineering,Deorukh
3202,Rajendra Mane College of Engineering & Technology  Ambav Deorukh,320290010.0,Electronics and Computer Science,Deorukh
3203,"Atharva College of Engineering,Malad(West),Mumbai",320324510.0,Computer Engineering,Mumbai
3203,"Atharva College of Engineering,Malad(West),Mumbai",320324610.0,Information Technology,Mumbai
3203,"Atharva College of Engineering,Malad(West),Mumbai",320329310.0,Electrical Engineering,Mumbai
3203,"Atharva College of Engineering,Malad(West),Mumbai",320337210.0,Electronics and Telecommunication Engg,Mumbai
3203,"Atharva College of Engineering,Malad(West),Mumbai",320390010.0,Electronics and Computer Science,Mumbai
3204,"St. Francis Institute of Technology,Borivali, Mumbai",320424510.0,Computer Engineering,Mumbai
3204,"St. Francis Institute of Technology,Borivali, Mumbai",320424610.0,Information Technology,Mumbai
3204,"St. Francis Institute of Technology,Borivali, Mumbai",320429310.0,Electrical Engineering,Mumbai
3204,"St. Francis Institute of Technology,Borivali, Mumbai",320437210.0,Electronics and Telecommunication Engg,Mumbai
3204,"St. Francis Institute of Technology,Borivali, Mumbai",320461210.0,Mechanical Engineering,Mumbai
3204,"St. Francis Institute of Technology,Borivali, Mumbai",320490010.0,Electronics and Computer Science,Mumbai
3204,"St. Francis Institute of Technology,Borivali, Mumbai",320492110.0,Artificial Intelligence and Machine Learning,Mumbai
3206,"S.S.P.M.'s College of Engineering, Kankavli",320624510.0,Computer Engineering,Kankavli
3206,"S.S.P.M.'s College of Engineering, Kankavli",320629310.0,Electrical Engineering,Kankavli
3206,"S.S.P.M.'s College of Engineering, Kankavli",320656610.0,Computer Science,Kankavli
3206,"S.S.P.M.'s College of Engineering, Kankavli",320661210.0,Mechanical Engineering,Kankavli
3206,"S.S.P.M.'s College of Engineering, Kankavli",320690010.0,Electronics and Computer Science,Kankavli
3206,"S.S.P.M.'s College of Engineering, Kankavli",320691110.0,Computer Science and Engineering(Artificial Intelligence and Machine Learning),Kankavli
3208,"Don Bosco Institute of Technology, Mumbai",320824510.0,Computer Engineering,Mumbai
3208,"Don Bosco Institute of Technology, Mumbai",320824610.0,Information Technology,Mumbai
3208,"Don Bosco Institute of Technology, Mumbai",320837210.0,Electronics and Telecommunication Engg,Mumbai
3208,"Don Bosco Institute of Technology, Mumbai",320861210.0,Mechanical Engineering,Mumbai
3210,"Excelsior Education Society's K.C. College of Engineering and Management Studies and Research, Kopri, Thane (E)",321024510.0,Computer Engineering,Thane (E
3210,"Excelsior Education Society's K.C. College of Engineering and Management Studies and Research, Kopri, Thane (E)",321024610.0,Information Technology,Thane (E
3210,"Excelsior Education Society's K.C. College of Engineering and Management Studies and Research, Kopri, Thane (E)",321037210.0,Electronics and Telecommunication Engg,Thane (E
3211,"S.I.E.S. Graduate School of Technology, Nerul, Navi Mumbai",321124510.0,Computer Engineering,Navi Mumbai
3211,"S.I.E.S. Graduate School of Technology, Nerul, Navi Mumbai",321124610.0,Information Technology,Navi Mumbai
3211,"S.I.E.S. Graduate School of Technology, Nerul, Navi Mumbai",321126310.0,Artificial Intelligence (AI) and Data Science,Navi Mumbai
3211,"S.I.E.S. Graduate School of Technology, Nerul, Navi Mumbai",321137210.0,Electronics and Telecommunication Engg,Navi Mumbai
3211,"S.I.E.S. Graduate School of Technology, Nerul, Navi Mumbai",321190010.0,Electronics and Computer Science,Navi Mumbai
3211,"S.I.E.S. Graduate School of Technology, Nerul, Navi Mumbai",321192010.0,Computer Science and Engineering (Internet of Things and Cyber Security Including Block Chain Technology),Navi Mumbai
3211,"S.I.E.S. Graduate School of Technology, Nerul, Navi Mumbai",321192110.0,Artificial Intelligence and Machine Learning,Navi Mumbai
3212,"Watumull Institute of  Engineering & Technology, Ulhasnagar",321219110.0,Civil Engineering,Ulhasnagar
3212,"Watumull Institute of  Engineering & Technology, Ulhasnagar",321224510.0,Computer Engineering,Ulhasnagar
3214,"Xavier Institute Of Engineering C/O  Xavier Technical Institute,Mahim,Mumbai",321424510.0,Computer Engineering,Mumbai
3214,"Xavier Institute Of Engineering C/O  Xavier Technical Institute,Mahim,Mumbai",321424610.0,Information Technology,Mumbai
3214,"Xavier Institute Of Engineering C/O  Xavier Technical Institute,Mahim,Mumbai",321484410.0,Electronics and Computer Engineering,Mumbai
3214,"Xavier Institute Of Engineering C/O  Xavier Technical Institute,Mahim,Mumbai",321492010.0,Computer Science and Engineering (Internet of Things and Cyber Security Including Block Chain Technology),Mumbai
3215,"Bhartiya Vidya Bhavan's Sardar Patel Institute  of Technology , Andheri, Mumbai",321524210.0,Computer Science and Engineering,Mumbai
3215,"Bhartiya Vidya Bhavan's Sardar Patel Institute  of Technology , Andheri, Mumbai",321524510.0,Computer Engineering,Mumbai
3215,"Bhartiya Vidya Bhavan's Sardar Patel Institute  of Technology , Andheri, Mumbai",321537210.0,Electronics and Telecommunication Engg,Mumbai
3216,GHARDA INSTITUTE OF TECHNOLOGY & MANAGEMENT,321619110.0,Civil Engineering,MANAGEMENT
3216,GHARDA INSTITUTE OF TECHNOLOGY & MANAGEMENT,321624510.0,Computer Engineering,MANAGEMENT
3216,GHARDA INSTITUTE OF TECHNOLOGY & MANAGEMENT,321626010.0,Computer Science and Engineering (Cyber Security),MANAGEMENT
3216,GHARDA INSTITUTE OF TECHNOLOGY & MANAGEMENT,321637210.0,Electronics and Telecommunication Engg,MANAGEMENT
3216,GHARDA INSTITUTE OF TECHNOLOGY & MANAGEMENT,321650710.0,Chemical Engineering,MANAGEMENT
3216,GHARDA INSTITUTE OF TECHNOLOGY & MANAGEMENT,321661210.0,Mechanical Engineering,MANAGEMENT
3216,GHARDA INSTITUTE OF TECHNOLOGY & MANAGEMENT,321691110.0,Computer Science and Engineering(Artificial Intelligence and Machine Learning),MANAGEMENT
3217,"Vighnaharata Trust's  Shivajirao S. Jondhale College of Engineering & Technology, Shahapur, Asangaon, Dist Thane",321719110.0,Civil Engineering,Dist Thane
3217,"Vighnaharata Trust's  Shivajirao S. Jondhale College of Engineering & Technology, Shahapur, Asangaon, Dist Thane",321724510.0,Computer Engineering,Dist Thane
3217,"Vighnaharata Trust's  Shivajirao S. Jondhale College of Engineering & Technology, Shahapur, Asangaon, Dist Thane",321737210.0,Electronics and Telecommunication Engg,Dist Thane
3217,"Vighnaharata Trust's  Shivajirao S. Jondhale College of Engineering & Technology, Shahapur, Asangaon, Dist Thane",321761210.0,Mechanical Engineering,Dist Thane
3217,"Vighnaharata Trust's  Shivajirao S. Jondhale College of Engineering & Technology, Shahapur, Asangaon, Dist Thane",321791610.0,Automation and Robotics,Dist Thane
3218,"Aldel Education Trust's St. John College of Engineering & Management, Vevoor, Palghar",321819110.0,Civil Engineering,Palghar
3218,"Aldel Education Trust's St. John College of Engineering & Management, Vevoor, Palghar",321824510.0,Computer Engineering,Palghar
3218,"Aldel Education Trust's St. John College of Engineering & Management, Vevoor, Palghar",321824610.0,Information Technology,Palghar
3218,"Aldel Education Trust's St. John College of Engineering & Management, Vevoor, Palghar",321861210.0,Mechanical Engineering,Palghar
3218,"Aldel Education Trust's St. John College of Engineering & Management, Vevoor, Palghar",321890010.0,Electronics and Computer Science,Palghar
3218,"Aldel Education Trust's St. John College of Engineering & Management, Vevoor, Palghar",321891210.0,Computer Science and Engineering(Data Science),Palghar
3218,"Aldel Education Trust's St. John College of Engineering & Management, Vevoor, Palghar",321892110.0,Artificial Intelligence and Machine Learning,Palghar
3219,"Koti Vidya Charitable Trust's  Smt. Alamuri Ratnamala Institute of Engineering and Technology,  Sapgaon, Tal. Shahapur",321919110.0,Civil Engineering,Tal. Shahapur
3219,"Koti Vidya Charitable Trust's  Smt. Alamuri Ratnamala Institute of Engineering and Technology,  Sapgaon, Tal. Shahapur",321924510.0,Computer Engineering,Tal. Shahapur
3219,"Koti Vidya Charitable Trust's  Smt. Alamuri Ratnamala Institute of Engineering and Technology,  Sapgaon, Tal. Shahapur",321924610.0,Information Technology,Tal. Shahapur
3219,"Koti Vidya Charitable Trust's  Smt. Alamuri Ratnamala Institute of Engineering and Technology,  Sapgaon, Tal. Shahapur",321929310.0,Electrical Engineering,Tal. Shahapur
3219,"Koti Vidya Charitable Trust's  Smt. Alamuri Ratnamala Institute of Engineering and Technology,  Sapgaon, Tal. Shahapur",321937210.0,Electronics and Telecommunication Engg,Tal. Shahapur
3219,"Koti Vidya Charitable Trust's  Smt. Alamuri Ratnamala Institute of Engineering and Technology,  Sapgaon, Tal. Shahapur",321961210.0,Mechanical Engineering,Tal. Shahapur
3219,"Koti Vidya Charitable Trust's  Smt. Alamuri Ratnamala Institute of Engineering and Technology,  Sapgaon, Tal. Shahapur",321991110.0,Computer Science and Engineering(Artificial Intelligence and Machine Learning),Tal. Shahapur
3220,Yadavrao Tasgaonkar College of Engineering & Management,322019110.0,Civil Engineering,Management
3220,Yadavrao Tasgaonkar College of Engineering & Management,322024510.0,Computer Engineering,Management
3220,Yadavrao Tasgaonkar College of Engineering & Management,322024610.0,Information Technology,Management
3220,Yadavrao Tasgaonkar College of Engineering & Management,322025210.0,Cyber Security,Management
3220,Yadavrao Tasgaonkar College of Engineering & Management,322037210.0,Electronics and Telecommunication Engg,Management
3220,Yadavrao Tasgaonkar College of Engineering & Management,322061210.0,Mechanical Engineering,Management
3220,Yadavrao Tasgaonkar College of Engineering & Management,322092110.0,Artificial Intelligence and Machine Learning,Management
3221,"Vishnu Waman Thakur Charitable Trust's VIVA Institute of Technology, Virar",322119110.0,Civil Engineering,Virar
3221,"Vishnu Waman Thakur Charitable Trust's VIVA Institute of Technology, Virar",322124510.0,Computer Engineering,Virar
3221,"Vishnu Waman Thakur Charitable Trust's VIVA Institute of Technology, Virar",322137210.0,Electronics and Telecommunication Engg,Virar
3221,"Vishnu Waman Thakur Charitable Trust's VIVA Institute of Technology, Virar",322161210.0,Mechanical Engineering,Virar
3221,"Vishnu Waman Thakur Charitable Trust's VIVA Institute of Technology, Virar",322191110.0,Computer Science and Engineering(Artificial Intelligence and Machine Learning),Virar
3221,"Vishnu Waman Thakur Charitable Trust's VIVA Institute of Technology, Virar",322192610.0,Electrical and Computer Engineering,Virar
3222,"Haji Jamaluddin Thim Trust's Theem College of Engineering, At. Villege Betegaon, Boisar",322219110.0,Civil Engineering,Boisar
3222,"Haji Jamaluddin Thim Trust's Theem College of Engineering, At. Villege Betegaon, Boisar",322224510.0,Computer Engineering,Boisar
3222,"Haji Jamaluddin Thim Trust's Theem College of Engineering, At. Villege Betegaon, Boisar",322224610.0,Information Technology,Boisar
3222,"Haji Jamaluddin Thim Trust's Theem College of Engineering, At. Villege Betegaon, Boisar",322229310.0,Electrical Engineering,Boisar
3222,"Haji Jamaluddin Thim Trust's Theem College of Engineering, At. Villege Betegaon, Boisar",322260210.0,Automobile Engineering,Boisar
3222,"Haji Jamaluddin Thim Trust's Theem College of Engineering, At. Villege Betegaon, Boisar",322261210.0,Mechanical Engineering,Boisar
3222,"Haji Jamaluddin Thim Trust's Theem College of Engineering, At. Villege Betegaon, Boisar",322291110.0,Computer Science and Engineering(Artificial Intelligence and Machine Learning),Boisar
3223,"Mahatma Education Society's Pillai HOC College of Engineering & Technology, Tal. Khalapur. Dist. Raigad",322319110.0,Civil Engineering,Tal. Khalapur. Dist. Raigad
3223,"Mahatma Education Society's Pillai HOC College of Engineering & Technology, Tal. Khalapur. Dist. Raigad",322324510.0,Computer Engineering,Tal. Khalapur. Dist. Raigad
3223,"Mahatma Education Society's Pillai HOC College of Engineering & Technology, Tal. Khalapur. Dist. Raigad",322324610.0,Information Technology,Tal. Khalapur. Dist. Raigad
3223,"Mahatma Education Society's Pillai HOC College of Engineering & Technology, Tal. Khalapur. Dist. Raigad",322361210.0,Mechanical Engineering,Tal. Khalapur. Dist. Raigad
3223,"Mahatma Education Society's Pillai HOC College of Engineering & Technology, Tal. Khalapur. Dist. Raigad",322390010.0,Electronics and Computer Science,Tal. Khalapur. Dist. Raigad
3223,"Mahatma Education Society's Pillai HOC College of Engineering & Technology, Tal. Khalapur. Dist. Raigad",322392610.0,Electrical and Computer Engineering,Tal. Khalapur. Dist. Raigad
3223,"Mahatma Education Society's Pillai HOC College of Engineering & Technology, Tal. Khalapur. Dist. Raigad",322399510.0,Artificial Intelligence and Data Science,Tal. Khalapur. Dist. Raigad
3224,"Leela Education Society, G.V. Acharya Institute of Engineering and Technology, Shelu, Karjat",322419110.0,Civil Engineering,Karjat
3224,"Leela Education Society, G.V. Acharya Institute of Engineering and Technology, Shelu, Karjat",322424510.0,Computer Engineering,Karjat
3224,"Leela Education Society, G.V. Acharya Institute of Engineering and Technology, Shelu, Karjat",322456810.0,Computer Science and Information Technology,Karjat
3224,"Leela Education Society, G.V. Acharya Institute of Engineering and Technology, Shelu, Karjat",322461210.0,Mechanical Engineering,Karjat
3224,"Leela Education Society, G.V. Acharya Institute of Engineering and Technology, Shelu, Karjat",322491110.0,Computer Science and Engineering(Artificial Intelligence and Machine Learning),Karjat
3224,"Leela Education Society, G.V. Acharya Institute of Engineering and Technology, Shelu, Karjat",322492010.0,Computer Science and Engineering (Internet of Things and Cyber Security Including Block Chain Technology),Karjat
3257,"Vidya Prasarak Mandal's College of Engineering, Thane",325724510.0,Computer Engineering,Thane
3257,"Vidya Prasarak Mandal's College of Engineering, Thane",325724610.0,Information Technology,Thane
3257,"Vidya Prasarak Mandal's College of Engineering, Thane",325729310.0,Electrical Engineering,Thane
3257,"Vidya Prasarak Mandal's College of Engineering, Thane",325737210.0,Electronics and Telecommunication Engg,Thane
3257,"Vidya Prasarak Mandal's College of Engineering, Thane",325791610.0,Automation and Robotics,Thane
3277,Pravin Rohidas Patil College of Engineering & Technology,327724510.0,Computer Engineering,Technology
3277,Pravin Rohidas Patil College of Engineering & Technology,327724610.0,Information Technology,Technology
3277,Pravin Rohidas Patil College of Engineering & Technology,327735610.0,Electrical Engineering (Electronics and Power),Technology
3277,Pravin Rohidas Patil College of Engineering & Technology,327761510.0,Mechanical and Automation Engineering,Technology
3277,Pravin Rohidas Patil College of Engineering & Technology,327792110.0,Artificial Intelligence and Machine Learning,Technology
3277,Pravin Rohidas Patil College of Engineering & Technology,327793410.0,Civil Engineering and Planning,Technology
3277,Pravin Rohidas Patil College of Engineering & Technology,327793510.0,Electronics and Biomedical Engineering,Technology
3277,Pravin Rohidas Patil College of Engineering & Technology,327799510.0,Artificial Intelligence and Data Science,Technology
3351,"Bharat College of Engineering, Kanhor, Badlapur(W)",335119110.0,Civil Engineering,Badlapur(W
3351,"Bharat College of Engineering, Kanhor, Badlapur(W)",335124510.0,Computer Engineering,Badlapur(W
3351,"Bharat College of Engineering, Kanhor, Badlapur(W)",335156810.0,Computer Science and Information Technology,Badlapur(W
3351,"Bharat College of Engineering, Kanhor, Badlapur(W)",335191110.0,Computer Science and Engineering(Artificial Intelligence and Machine Learning),Badlapur(W
3351,"Bharat College of Engineering, Kanhor, Badlapur(W)",335191210.0,Computer Science and Engineering(Data Science),Badlapur(W
3353,"Dilkap Research Institute Of Engineering and Management Studies, At.Mamdapur, Post- Neral, Tal- Karjat,  Mumbai",335319110.0,Civil Engineering,Mumbai
3353,"Dilkap Research Institute Of Engineering and Management Studies, At.Mamdapur, Post- Neral, Tal- Karjat,  Mumbai",335324510.0,Computer Engineering,Mumbai
3353,"Dilkap Research Institute Of Engineering and Management Studies, At.Mamdapur, Post- Neral, Tal- Karjat,  Mumbai",335324610.0,Information Technology,Mumbai
3353,"Dilkap Research Institute Of Engineering and Management Studies, At.Mamdapur, Post- Neral, Tal- Karjat,  Mumbai",335329310.0,Electrical Engineering,Mumbai
3353,"Dilkap Research Institute Of Engineering and Management Studies, At.Mamdapur, Post- Neral, Tal- Karjat,  Mumbai",335361210.0,Mechanical Engineering,Mumbai
3353,"Dilkap Research Institute Of Engineering and Management Studies, At.Mamdapur, Post- Neral, Tal- Karjat,  Mumbai",335392010.0,Computer Science and Engineering (Internet of Things and Cyber Security Including Block Chain Technology),Mumbai
3353,"Dilkap Research Institute Of Engineering and Management Studies, At.Mamdapur, Post- Neral, Tal- Karjat,  Mumbai",335392110.0,Artificial Intelligence and Machine Learning,Mumbai
3423,"Shree L.R. Tiwari College of Engineering, Mira Road, Mumbai",342324510.0,Computer Engineering,Mumbai
3423,"Shree L.R. Tiwari College of Engineering, Mira Road, Mumbai",342324610.0,Information Technology,Mumbai
3423,"Shree L.R. Tiwari College of Engineering, Mira Road, Mumbai",342325810.0,Civil Engineering with Computer Application,Mumbai
3423,"Shree L.R. Tiwari College of Engineering, Mira Road, Mumbai",342326010.0,Computer Science and Engineering (Cyber Security),Mumbai
3423,"Shree L.R. Tiwari College of Engineering, Mira Road, Mumbai",342337210.0,Electronics and Telecommunication Engg,Mumbai
3423,"Shree L.R. Tiwari College of Engineering, Mira Road, Mumbai",342361210.0,Mechanical Engineering,Mumbai
3423,"Shree L.R. Tiwari College of Engineering, Mira Road, Mumbai",342390010.0,Electronics and Computer Science,Mumbai
3423,"Shree L.R. Tiwari College of Engineering, Mira Road, Mumbai",342391210.0,Computer Science and Engineering(Data Science),Mumbai
3423,"Shree L.R. Tiwari College of Engineering, Mira Road, Mumbai",342392110.0,Artificial Intelligence and Machine Learning,Mumbai
3423,"Shree L.R. Tiwari College of Engineering, Mira Road, Mumbai",342392510.0,Computer Science and Engineering (Artificial Intelligence and Data Science),Mumbai
3436,"B.R. Harne College of Engineering & Technology, Karav, Tal-Ambernath.",343619110.0,Civil Engineering,Tal-Ambernath
3436,"B.R. Harne College of Engineering & Technology, Karav, Tal-Ambernath.",343624510.0,Computer Engineering,Tal-Ambernath
3436,"B.R. Harne College of Engineering & Technology, Karav, Tal-Ambernath.",343624610.0,Information Technology,Tal-Ambernath
3436,"B.R. Harne College of Engineering & Technology, Karav, Tal-Ambernath.",343629310.0,Electrical Engineering,Tal-Ambernath
3436,"B.R. Harne College of Engineering & Technology, Karav, Tal-Ambernath.",343661210.0,Mechanical Engineering,Tal-Ambernath
3436,"B.R. Harne College of Engineering & Technology, Karav, Tal-Ambernath.",343690010.0,Electronics and Computer Science,Tal-Ambernath
3436,"B.R. Harne College of Engineering & Technology, Karav, Tal-Ambernath.",343691110.0,Computer Science and Engineering(Artificial Intelligence and Machine Learning),Tal-Ambernath
3439,Anjuman-I-Islam's Kalsekar Technical Campus School of Engineering & Technology,343919110.0,Civil Engineering,Technology
3439,Anjuman-I-Islam's Kalsekar Technical Campus School of Engineering & Technology,343924510.0,Computer Engineering,Technology
3439,Anjuman-I-Islam's Kalsekar Technical Campus School of Engineering & Technology,343961210.0,Mechanical Engineering,Technology
3439,Anjuman-I-Islam's Kalsekar Technical Campus School of Engineering & Technology,343990010.0,Electronics and Computer Science,Technology
3439,Anjuman-I-Islam's Kalsekar Technical Campus School of Engineering & Technology,343991110.0,Computer Science and Engineering(Artificial Intelligence and Machine Learning),Technology
3439,Anjuman-I-Islam's Kalsekar Technical Campus School of Engineering & Technology,343991210.0,Computer Science and Engineering(Data Science),Technology
3439,Anjuman-I-Islam's Kalsekar Technical Campus School of Engineering & Technology,343992610.0,Electrical and Computer Engineering,Technology
3440,"Metropolitan Institute of Technology & Management, Sukhalwad, Sindhudurg.",344019110.0,Civil Engineering,Sindhudurg
3440,"Metropolitan Institute of Technology & Management, Sukhalwad, Sindhudurg.",344024510.0,Computer Engineering,Sindhudurg
3440,"Metropolitan Institute of Technology & Management, Sukhalwad, Sindhudurg.",344037210.0,Electronics and Telecommunication Engg,Sindhudurg
3440,"Metropolitan Institute of Technology & Management, Sukhalwad, Sindhudurg.",344061210.0,Mechanical Engineering,Sindhudurg
3445,"Vishwatmak Jangli Maharaj Ashram Trust (Kokamthan), Atma Malik Institute Of Technology & Research",344519110.0,Civil Engineering,Atma Malik Institute Of Technology & Research
3445,"Vishwatmak Jangli Maharaj Ashram Trust (Kokamthan), Atma Malik Institute Of Technology & Research",344524510.0,Computer Engineering,Atma Malik Institute Of Technology & Research
3445,"Vishwatmak Jangli Maharaj Ashram Trust (Kokamthan), Atma Malik Institute Of Technology & Research",344537210.0,Electronics and Telecommunication Engg,Atma Malik Institute Of Technology & Research
3445,"Vishwatmak Jangli Maharaj Ashram Trust (Kokamthan), Atma Malik Institute Of Technology & Research",344561210.0,Mechanical Engineering,Atma Malik Institute Of Technology & Research
3445,"Vishwatmak Jangli Maharaj Ashram Trust (Kokamthan), Atma Malik Institute Of Technology & Research",344592010.0,Computer Science and Engineering (Internet of Things and Cyber Security Including Block Chain Technology),Atma Malik Institute Of Technology & Research
3445,"Vishwatmak Jangli Maharaj Ashram Trust (Kokamthan), Atma Malik Institute Of Technology & Research",344592110.0,Artificial Intelligence and Machine Learning,Atma Malik Institute Of Technology & Research
3447,"G.M.Vedak Institute of Technology, Tala, Raigad.",344719110.0,Civil Engineering,Raigad
3447,"G.M.Vedak Institute of Technology, Tala, Raigad.",344724510.0,Computer Engineering,Raigad
3447,"G.M.Vedak Institute of Technology, Tala, Raigad.",344761210.0,Mechanical Engineering,Raigad
3462,"VPM's Maharshi Parshuram College of Engineering, Velneshwar, Ratnagiri.",346219110.0,Civil Engineering,Ratnagiri
3462,"VPM's Maharshi Parshuram College of Engineering, Velneshwar, Ratnagiri.",346224510.0,Computer Engineering,Ratnagiri
3462,"VPM's Maharshi Parshuram College of Engineering, Velneshwar, Ratnagiri.",346229310.0,Electrical Engineering,Ratnagiri
3462,"VPM's Maharshi Parshuram College of Engineering, Velneshwar, Ratnagiri.",346246610.0,Instrumentation Engineering,Ratnagiri
3462,"VPM's Maharshi Parshuram College of Engineering, Velneshwar, Ratnagiri.",346261210.0,Mechanical Engineering,Ratnagiri
3462,"VPM's Maharshi Parshuram College of Engineering, Velneshwar, Ratnagiri.",346284410.0,Electronics and Computer Engineering,Ratnagiri
3462,"VPM's Maharshi Parshuram College of Engineering, Velneshwar, Ratnagiri.",346292110.0,Artificial Intelligence and Machine Learning,Ratnagiri
3462,"VPM's Maharshi Parshuram College of Engineering, Velneshwar, Ratnagiri.",346299510.0,Artificial Intelligence and Data Science,Ratnagiri
3465,"Ideal Institute of Technology, Wada, Dist.Thane",346519110.0,Civil Engineering,Dist.Thane
3465,"Ideal Institute of Technology, Wada, Dist.Thane",346524210.0,Computer Science and Engineering,Dist.Thane
3465,"Ideal Institute of Technology, Wada, Dist.Thane",346561210.0,Mechanical Engineering,Dist.Thane
3465,"Ideal Institute of Technology, Wada, Dist.Thane",346592110.0,Artificial Intelligence and Machine Learning,Dist.Thane
3465,"Ideal Institute of Technology, Wada, Dist.Thane",346599510.0,Artificial Intelligence and Data Science,Dist.Thane
3467,"Vishwaniketan's Institute of Management Entrepreneurship and Engineering Technology(i MEET), Khalapur Dist Raigad",346719110.0,Civil Engineering,Khalapur Dist Raigad
3467,"Vishwaniketan's Institute of Management Entrepreneurship and Engineering Technology(i MEET), Khalapur Dist Raigad",346724510.0,Computer Engineering,Khalapur Dist Raigad
3467,"Vishwaniketan's Institute of Management Entrepreneurship and Engineering Technology(i MEET), Khalapur Dist Raigad",346729310.0,Electrical Engineering,Khalapur Dist Raigad
3467,"Vishwaniketan's Institute of Management Entrepreneurship and Engineering Technology(i MEET), Khalapur Dist Raigad",346737210.0,Electronics and Telecommunication Engg,Khalapur Dist Raigad
3467,"Vishwaniketan's Institute of Management Entrepreneurship and Engineering Technology(i MEET), Khalapur Dist Raigad",346761210.0,Mechanical Engineering,Khalapur Dist Raigad
3467,"Vishwaniketan's Institute of Management Entrepreneurship and Engineering Technology(i MEET), Khalapur Dist Raigad",346791110.0,Computer Science and Engineering(Artificial Intelligence and Machine Learning),Khalapur Dist Raigad
3470,YASHWANTRAO BHONSALE INSTITUTE OF TECHNOLOGY,347024210.0,Computer Science and Engineering,TECHNOLOGY
3470,YASHWANTRAO BHONSALE INSTITUTE OF TECHNOLOGY,347024510.0,Computer Engineering,TECHNOLOGY
3470,YASHWANTRAO BHONSALE INSTITUTE OF TECHNOLOGY,347029310.0,Electrical Engineering,TECHNOLOGY
3470,YASHWANTRAO BHONSALE INSTITUTE OF TECHNOLOGY,347061210.0,Mechanical Engineering,TECHNOLOGY
3470,YASHWANTRAO BHONSALE INSTITUTE OF TECHNOLOGY,347092110.0,Artificial Intelligence and Machine Learning,TECHNOLOGY
3471,"New Horizon Institute of Technology & Management, Thane",347119110.0,Civil Engineering,Thane
3471,"New Horizon Institute of Technology & Management, Thane",347124510.0,Computer Engineering,Thane
3471,"New Horizon Institute of Technology & Management, Thane",347124610.0,Information Technology,Thane
3471,"New Horizon Institute of Technology & Management, Thane",347125710.0,Computer Science and Design,Thane
3471,"New Horizon Institute of Technology & Management, Thane",347161210.0,Mechanical Engineering,Thane
3471,"New Horizon Institute of Technology & Management, Thane",347162410.0,Mechatronics Engineering,Thane
3471,"New Horizon Institute of Technology & Management, Thane",347199510.0,Artificial Intelligence and Data Science,Thane
3475,"A. P. Shah Institute of Technology, Thane",347519110.0,Civil Engineering,Thane
3475,"A. P. Shah Institute of Technology, Thane",347524510.0,Computer Engineering,Thane
3475,"A. P. Shah Institute of Technology, Thane",347524610.0,Information Technology,Thane
3475,"A. P. Shah Institute of Technology, Thane",347561210.0,Mechanical Engineering,Thane
3475,"A. P. Shah Institute of Technology, Thane",347591110.0,Computer Science and Engineering(Artificial Intelligence and Machine Learning),Thane
3475,"A. P. Shah Institute of Technology, Thane",347591210.0,Computer Science and Engineering(Data Science),Thane
3477,"Chhartrapati Shivaji Maharaj Institute of Technology, Shedung, Panvel",347724510.0,Computer Engineering,Panvel
3477,"Chhartrapati Shivaji Maharaj Institute of Technology, Shedung, Panvel",347791710.0,Data Science,Panvel
3477,"Chhartrapati Shivaji Maharaj Institute of Technology, Shedung, Panvel",347792110.0,Artificial Intelligence and Machine Learning,Panvel
3503,"Indala College Of Engineering, Bapsai Tal.Kalyan",350319110.0,Civil Engineering,Bapsai Tal.Kalyan
3503,"Indala College Of Engineering, Bapsai Tal.Kalyan",350324510.0,Computer Engineering,Bapsai Tal.Kalyan
3503,"Indala College Of Engineering, Bapsai Tal.Kalyan",350324610.0,Information Technology,Bapsai Tal.Kalyan
3503,"Indala College Of Engineering, Bapsai Tal.Kalyan",350326310.0,Artificial Intelligence (AI) and Data Science,Bapsai Tal.Kalyan
3503,"Indala College Of Engineering, Bapsai Tal.Kalyan",350329310.0,Electrical Engineering,Bapsai Tal.Kalyan
3503,"Indala College Of Engineering, Bapsai Tal.Kalyan",350361210.0,Mechanical Engineering,Bapsai Tal.Kalyan
3546,Devi Mahalaxmi College of Engineering and Technology,354619110.0,Civil Engineering,Technology
3546,Devi Mahalaxmi College of Engineering and Technology,354624510.0,Computer Engineering,Technology
3546,Devi Mahalaxmi College of Engineering and Technology,354629310.0,Electrical Engineering,Technology
3546,Devi Mahalaxmi College of Engineering and Technology,354661210.0,Mechanical Engineering,Technology
3546,Devi Mahalaxmi College of Engineering and Technology,354691110.0,Computer Science and Engineering(Artificial Intelligence and Machine Learning),Technology
3723,"Navjeevan Education Society's College of Engineering, Bhandup(W), Mumbai",372324210.0,Computer Science and Engineering,Mumbai
3723,"Navjeevan Education Society's College of Engineering, Bhandup(W), Mumbai",372324510.0,Computer Engineering,Mumbai
3723,"Navjeevan Education Society's College of Engineering, Bhandup(W), Mumbai",372324610.0,Information Technology,Mumbai
3723,"Navjeevan Education Society's College of Engineering, Bhandup(W), Mumbai",372329310.0,Electrical Engineering,Mumbai
3723,"Navjeevan Education Society's College of Engineering, Bhandup(W), Mumbai",372337210.0,Electronics and Telecommunication Engg,Mumbai
3723,"Navjeevan Education Society's College of Engineering, Bhandup(W), Mumbai",372399510.0,Artificial Intelligence and Data Science,Mumbai
3724,Thakur Shree DPS College of Engineering & Management,372424510.0,Computer Engineering,Management
3724,Thakur Shree DPS College of Engineering & Management,372424610.0,Information Technology,Management
3724,Thakur Shree DPS College of Engineering & Management,372490010.0,Electronics and Computer Science,Management
3724,Thakur Shree DPS College of Engineering & Management,372499510.0,Artificial Intelligence and Data Science,Management
3725,"MAEER's Maharashtra Institute of Technology, Thane",372524210.0,Computer Science and Engineering,Thane
3725,"MAEER's Maharashtra Institute of Technology, Thane",372524610.0,Information Technology,Thane
3725,"MAEER's Maharashtra Institute of Technology, Thane",372527210.0,Electronics & Communication Engg (Industry Integrated),Thane
3725,"MAEER's Maharashtra Institute of Technology, Thane",372591110.0,Computer Science and Engineering(Artificial Intelligence and Machine Learning),Thane
3726,IImperial College of Engineering,372624510.0,Computer Engineering,Engineering
3726,IImperial College of Engineering,372624610.0,Information Technology,Engineering
3726,IImperial College of Engineering,372629310.0,Electrical Engineering,Engineering
3726,IImperial College of Engineering,372637210.0,Electronics and Telecommunication Engg,Engineering
3726,IImperial College of Engineering,372661210.0,Mechanical Engineering,Engineering
3726,IImperial College of Engineering,372699510.0,Artificial Intelligence and Data Science,Engineering
4004,"Government College of Engineering, Chandrapur",400419110.0,Civil Engineering,Chandrapur
4004,"Government College of Engineering, Chandrapur",400424210.0,Computer Science and Engineering,Chandrapur
4004,"Government College of Engineering, Chandrapur",400429310.0,Electrical Engineering,Chandrapur
4004,"Government College of Engineering, Chandrapur",400437210.0,Electronics and Telecommunication Engg,Chandrapur
4004,"Government College of Engineering, Chandrapur",400446610.0,Instrumentation Engineering,Chandrapur
4004,"Government College of Engineering, Chandrapur",400461210.0,Mechanical Engineering,Chandrapur
4025,"Government College of Engineering, Nagpur",402519110.0,Civil Engineering,Nagpur
4025,"Government College of Engineering, Nagpur",402524210.0,Computer Science and Engineering,Nagpur
4025,"Government College of Engineering, Nagpur",402529310.0,Electrical Engineering,Nagpur
4025,"Government College of Engineering, Nagpur",402537210.0,Electronics and Telecommunication Engg,Nagpur
4025,"Government College of Engineering, Nagpur",402561210.0,Mechanical Engineering,Nagpur
4026,University Institute of Technology,402661710.0,Manufacturing Technology,Technology
4026,University Institute of Technology,402669210.0,Metallurgical Engineering,Technology
4026,University Institute of Technology,402670110.0,Mining Engineering,Technology
4026,University Institute of Technology,402693710.0,Computer Science and Social Sciences,Technology
4104,"Kavi Kulguru Institute of Technology & Science, Ramtek",410419110.0,Civil Engineering,Ramtek
4104,"Kavi Kulguru Institute of Technology & Science, Ramtek",410424610.0,Information Technology,Ramtek
4104,"Kavi Kulguru Institute of Technology & Science, Ramtek",410425110.0,Computer Technology,Ramtek
4104,"Kavi Kulguru Institute of Technology & Science, Ramtek",410429310.0,Electrical Engineering,Ramtek
4104,"Kavi Kulguru Institute of Technology & Science, Ramtek",410437010.0,Electronics and Communication Engineering,Ramtek
4104,"Kavi Kulguru Institute of Technology & Science, Ramtek",410461210.0,Mechanical Engineering,Ramtek
4104,"Kavi Kulguru Institute of Technology & Science, Ramtek",410490010.0,Electronics and Computer Science,Ramtek
4104,"Kavi Kulguru Institute of Technology & Science, Ramtek",410491110.0,Computer Science and Engineering(Artificial Intelligence and Machine Learning),Ramtek
4116,"Ankush Shikshan Sanstha's G.H.Raisoni College of Engineering, Nagpur",411619110.0,Civil Engineering,Nagpur
4116,"Ankush Shikshan Sanstha's G.H.Raisoni College of Engineering, Nagpur",411624210.0,Computer Science and Engineering,Nagpur
4116,"Ankush Shikshan Sanstha's G.H.Raisoni College of Engineering, Nagpur",411624610.0,Information Technology,Nagpur
4116,"Ankush Shikshan Sanstha's G.H.Raisoni College of Engineering, Nagpur",411626010.0,Computer Science and Engineering (Cyber Security),Nagpur
4116,"Ankush Shikshan Sanstha's G.H.Raisoni College of Engineering, Nagpur",411626710.0,Computer Science and Engineering (IoT),Nagpur
4116,"Ankush Shikshan Sanstha's G.H.Raisoni College of Engineering, Nagpur",411629310.0,Electrical Engineering,Nagpur
4116,"Ankush Shikshan Sanstha's G.H.Raisoni College of Engineering, Nagpur",411637210.0,Electronics and Telecommunication Engg,Nagpur
4116,"Ankush Shikshan Sanstha's G.H.Raisoni College of Engineering, Nagpur",411637610.0,Electronics Engineering,Nagpur
4116,"Ankush Shikshan Sanstha's G.H.Raisoni College of Engineering, Nagpur",411661210.0,Mechanical Engineering,Nagpur
4116,"Ankush Shikshan Sanstha's G.H.Raisoni College of Engineering, Nagpur",411691110.0,Computer Science and Engineering(Artificial Intelligence and Machine Learning),Nagpur
4116,"Ankush Shikshan Sanstha's G.H.Raisoni College of Engineering, Nagpur",411691310.0,Computer Science and Engineering (Artificial Intelligence),Nagpur
4116,"Ankush Shikshan Sanstha's G.H.Raisoni College of Engineering, Nagpur",411691710.0,Data Science,Nagpur
4116,"Ankush Shikshan Sanstha's G.H.Raisoni College of Engineering, Nagpur",411699710.0,Artificial Intelligence,Nagpur
4118,"Bapurao Deshmukh College of Engineering, Sevagram",411819110.0,Civil Engineering,Sevagram
4118,"Bapurao Deshmukh College of Engineering, Sevagram",411824510.0,Computer Engineering,Sevagram
4118,"Bapurao Deshmukh College of Engineering, Sevagram",411829310.0,Electrical Engineering,Sevagram
4118,"Bapurao Deshmukh College of Engineering, Sevagram",411837210.0,Electronics and Telecommunication Engg,Sevagram
4118,"Bapurao Deshmukh College of Engineering, Sevagram",411861210.0,Mechanical Engineering,Sevagram
4123,"Lokmanya Tilak Jankalyan Shikshan Sanstha, Priyadarshani College of Engineering, Nagpur",412300210.0,Aeronautical Engineering,Nagpur
4123,"Lokmanya Tilak Jankalyan Shikshan Sanstha, Priyadarshani College of Engineering, Nagpur",412308210.0,Bio Technology,Nagpur
4123,"Lokmanya Tilak Jankalyan Shikshan Sanstha, Priyadarshani College of Engineering, Nagpur",412319110.0,Civil Engineering,Nagpur
4123,"Lokmanya Tilak Jankalyan Shikshan Sanstha, Priyadarshani College of Engineering, Nagpur",412324210.0,Computer Science and Engineering,Nagpur
4123,"Lokmanya Tilak Jankalyan Shikshan Sanstha, Priyadarshani College of Engineering, Nagpur",412324610.0,Information Technology,Nagpur
4123,"Lokmanya Tilak Jankalyan Shikshan Sanstha, Priyadarshani College of Engineering, Nagpur",412325110.0,Computer Technology,Nagpur
4123,"Lokmanya Tilak Jankalyan Shikshan Sanstha, Priyadarshani College of Engineering, Nagpur",412326510.0,Industrial IoT,Nagpur
4123,"Lokmanya Tilak Jankalyan Shikshan Sanstha, Priyadarshani College of Engineering, Nagpur",412326610.0,Robotics and Artificial Intelligence,Nagpur
4123,"Lokmanya Tilak Jankalyan Shikshan Sanstha, Priyadarshani College of Engineering, Nagpur",412329310.0,Electrical Engineering,Nagpur
4123,"Lokmanya Tilak Jankalyan Shikshan Sanstha, Priyadarshani College of Engineering, Nagpur",412337010.0,Electronics and Communication Engineering,Nagpur
4123,"Lokmanya Tilak Jankalyan Shikshan Sanstha, Priyadarshani College of Engineering, Nagpur",412337210.0,Electronics and Telecommunication Engg,Nagpur
4123,"Lokmanya Tilak Jankalyan Shikshan Sanstha, Priyadarshani College of Engineering, Nagpur",412350710.0,Chemical Engineering,Nagpur
4123,"Lokmanya Tilak Jankalyan Shikshan Sanstha, Priyadarshani College of Engineering, Nagpur",412361210.0,Mechanical Engineering,Nagpur
4123,"Lokmanya Tilak Jankalyan Shikshan Sanstha, Priyadarshani College of Engineering, Nagpur",412399510.0,Artificial Intelligence and Data Science,Nagpur
4133,"Sanmarg Shikshan Sanstha's Smt. Radhikatai Pandav College of Engineering, Nagpur",413319110.0,Civil Engineering,Nagpur
4133,"Sanmarg Shikshan Sanstha's Smt. Radhikatai Pandav College of Engineering, Nagpur",413324210.0,Computer Science and Engineering,Nagpur
4133,"Sanmarg Shikshan Sanstha's Smt. Radhikatai Pandav College of Engineering, Nagpur",413324510.0,Computer Engineering,Nagpur
4133,"Sanmarg Shikshan Sanstha's Smt. Radhikatai Pandav College of Engineering, Nagpur",413329310.0,Electrical Engineering,Nagpur
4133,"Sanmarg Shikshan Sanstha's Smt. Radhikatai Pandav College of Engineering, Nagpur",413337210.0,Electronics and Telecommunication Engg,Nagpur
4133,"Sanmarg Shikshan Sanstha's Smt. Radhikatai Pandav College of Engineering, Nagpur",413361210.0,Mechanical Engineering,Nagpur
4133,"Sanmarg Shikshan Sanstha's Smt. Radhikatai Pandav College of Engineering, Nagpur",413399510.0,Artificial Intelligence and Data Science,Nagpur
4134,"Guru Nanak Institute of Engineering & Technology,Kalmeshwar, Nagpur",413424210.0,Computer Science and Engineering,Nagpur
4134,"Guru Nanak Institute of Engineering & Technology,Kalmeshwar, Nagpur",413424610.0,Information Technology,Nagpur
4134,"Guru Nanak Institute of Engineering & Technology,Kalmeshwar, Nagpur",413429310.0,Electrical Engineering,Nagpur
4134,"Guru Nanak Institute of Engineering & Technology,Kalmeshwar, Nagpur",413437210.0,Electronics and Telecommunication Engg,Nagpur
4134,"Guru Nanak Institute of Engineering & Technology,Kalmeshwar, Nagpur",413491210.0,Computer Science and Engineering(Data Science),Nagpur
4134,"Guru Nanak Institute of Engineering & Technology,Kalmeshwar, Nagpur",413499710.0,Artificial Intelligence,Nagpur
4135,"Amar Seva Mandal's Shree Govindrao Vanjari College of Engineering &  Technology, Nagpur",413519110.0,Civil Engineering,Nagpur
4135,"Amar Seva Mandal's Shree Govindrao Vanjari College of Engineering &  Technology, Nagpur",413524210.0,Computer Science and Engineering,Nagpur
4135,"Amar Seva Mandal's Shree Govindrao Vanjari College of Engineering &  Technology, Nagpur",413524610.0,Information Technology,Nagpur
4135,"Amar Seva Mandal's Shree Govindrao Vanjari College of Engineering &  Technology, Nagpur",413529310.0,Electrical Engineering,Nagpur
4135,"Amar Seva Mandal's Shree Govindrao Vanjari College of Engineering &  Technology, Nagpur",413537210.0,Electronics and Telecommunication Engg,Nagpur
4135,"Amar Seva Mandal's Shree Govindrao Vanjari College of Engineering &  Technology, Nagpur",413561210.0,Mechanical Engineering,Nagpur
4135,"Amar Seva Mandal's Shree Govindrao Vanjari College of Engineering &  Technology, Nagpur",413591210.0,Computer Science and Engineering(Data Science),Nagpur
4135,"Amar Seva Mandal's Shree Govindrao Vanjari College of Engineering &  Technology, Nagpur",413592110.0,Artificial Intelligence and Machine Learning,Nagpur
4137,"Sir Shantilal Badjate Charitable Trust's S. B. Jain Institute of technology, Management & Research, Nagpur",413724210.0,Computer Science and Engineering,Nagpur
4137,"Sir Shantilal Badjate Charitable Trust's S. B. Jain Institute of technology, Management & Research, Nagpur",413724610.0,Information Technology,Nagpur
4137,"Sir Shantilal Badjate Charitable Trust's S. B. Jain Institute of technology, Management & Research, Nagpur",413729310.0,Electrical Engineering,Nagpur
4137,"Sir Shantilal Badjate Charitable Trust's S. B. Jain Institute of technology, Management & Research, Nagpur",413737210.0,Electronics and Telecommunication Engg,Nagpur
4137,"Sir Shantilal Badjate Charitable Trust's S. B. Jain Institute of technology, Management & Research, Nagpur",413761210.0,Mechanical Engineering,Nagpur
4137,"Sir Shantilal Badjate Charitable Trust's S. B. Jain Institute of technology, Management & Research, Nagpur",413791110.0,Computer Science and Engineering(Artificial Intelligence and Machine Learning),Nagpur
4137,"Sir Shantilal Badjate Charitable Trust's S. B. Jain Institute of technology, Management & Research, Nagpur",413791210.0,Computer Science and Engineering(Data Science),Nagpur
4138,"Jaidev Education Society, J D College of Engineering and Management, Nagpur",413819110.0,Civil Engineering,Nagpur
4138,"Jaidev Education Society, J D College of Engineering and Management, Nagpur",413824210.0,Computer Science and Engineering,Nagpur
4138,"Jaidev Education Society, J D College of Engineering and Management, Nagpur",413824610.0,Information Technology,Nagpur
4138,"Jaidev Education Society, J D College of Engineering and Management, Nagpur",413826010.0,Computer Science and Engineering (Cyber Security),Nagpur
4138,"Jaidev Education Society, J D College of Engineering and Management, Nagpur",413829310.0,Electrical Engineering,Nagpur
4138,"Jaidev Education Society, J D College of Engineering and Management, Nagpur",413837210.0,Electronics and Telecommunication Engg,Nagpur
4138,"Jaidev Education Society, J D College of Engineering and Management, Nagpur",413861210.0,Mechanical Engineering,Nagpur
4138,"Jaidev Education Society, J D College of Engineering and Management, Nagpur",413891210.0,Computer Science and Engineering(Data Science),Nagpur
4138,"Jaidev Education Society, J D College of Engineering and Management, Nagpur",413899710.0,Artificial Intelligence,Nagpur
4139,"Samridhi Sarwajanik Charitable Trust, Jhulelal Institute of Technology, Nagpur",413924210.0,Computer Science and Engineering,Nagpur
4139,"Samridhi Sarwajanik Charitable Trust, Jhulelal Institute of Technology, Nagpur",413929310.0,Electrical Engineering,Nagpur
4139,"Samridhi Sarwajanik Charitable Trust, Jhulelal Institute of Technology, Nagpur",413961210.0,Mechanical Engineering,Nagpur
4139,"Samridhi Sarwajanik Charitable Trust, Jhulelal Institute of Technology, Nagpur",413984410.0,Electronics and Computer Engineering,Nagpur
4139,"Samridhi Sarwajanik Charitable Trust, Jhulelal Institute of Technology, Nagpur",413991110.0,Computer Science and Engineering(Artificial Intelligence and Machine Learning),Nagpur
4139,"Samridhi Sarwajanik Charitable Trust, Jhulelal Institute of Technology, Nagpur",413992510.0,Computer Science and Engineering (Artificial Intelligence and Data Science),Nagpur
4141,"Shriram Gram Vikas Shikshan Sanstha, Vilasrao Deshmukh College of Engineering and Technology, Nagpur",414119110.0,Civil Engineering,Nagpur
4141,"Shriram Gram Vikas Shikshan Sanstha, Vilasrao Deshmukh College of Engineering and Technology, Nagpur",414124510.0,Computer Engineering,Nagpur
4141,"Shriram Gram Vikas Shikshan Sanstha, Vilasrao Deshmukh College of Engineering and Technology, Nagpur",414161210.0,Mechanical Engineering,Nagpur
4141,"Shriram Gram Vikas Shikshan Sanstha, Vilasrao Deshmukh College of Engineering and Technology, Nagpur",414199510.0,Artificial Intelligence and Data Science,Nagpur
4142,"G H Raisoni College of Engineering & Management, Nagpur",414219110.0,Civil Engineering,Nagpur
4142,"G H Raisoni College of Engineering & Management, Nagpur",414224210.0,Computer Science and Engineering,Nagpur
4142,"G H Raisoni College of Engineering & Management, Nagpur",414224610.0,Information Technology,Nagpur
4142,"G H Raisoni College of Engineering & Management, Nagpur",414229310.0,Electrical Engineering,Nagpur
4142,"G H Raisoni College of Engineering & Management, Nagpur",414237210.0,Electronics and Telecommunication Engg,Nagpur
4142,"G H Raisoni College of Engineering & Management, Nagpur",414261210.0,Mechanical Engineering,Nagpur
4142,"G H Raisoni College of Engineering & Management, Nagpur",414291010.0,Computer Science and Engineering(Cyber Security),Nagpur
4142,"G H Raisoni College of Engineering & Management, Nagpur",414291710.0,Data Science,Nagpur
4142,"G H Raisoni College of Engineering & Management, Nagpur",414299710.0,Artificial Intelligence,Nagpur
4143,"Sanmarg Shikshan Sanstha, Mandukarrao Pandav College of Engineering, Bhandara",414319110.0,Civil Engineering,Bhandara
4143,"Sanmarg Shikshan Sanstha, Mandukarrao Pandav College of Engineering, Bhandara",414324210.0,Computer Science and Engineering,Bhandara
4143,"Sanmarg Shikshan Sanstha, Mandukarrao Pandav College of Engineering, Bhandara",414324510.0,Computer Engineering,Bhandara
4143,"Sanmarg Shikshan Sanstha, Mandukarrao Pandav College of Engineering, Bhandara",414329310.0,Electrical Engineering,Bhandara
4143,"Sanmarg Shikshan Sanstha, Mandukarrao Pandav College of Engineering, Bhandara",414337210.0,Electronics and Telecommunication Engg,Bhandara
4143,"Sanmarg Shikshan Sanstha, Mandukarrao Pandav College of Engineering, Bhandara",414361210.0,Mechanical Engineering,Bhandara
4143,"Sanmarg Shikshan Sanstha, Mandukarrao Pandav College of Engineering, Bhandara",414399510.0,Artificial Intelligence and Data Science,Bhandara
4144,"Shri. Sai Shikshan Sanstha, Nagpur Institute of Technology, Nagpur",414419110.0,Civil Engineering,Nagpur
4144,"Shri. Sai Shikshan Sanstha, Nagpur Institute of Technology, Nagpur",414424210.0,Computer Science and Engineering,Nagpur
4144,"Shri. Sai Shikshan Sanstha, Nagpur Institute of Technology, Nagpur",414424610.0,Information Technology,Nagpur
4144,"Shri. Sai Shikshan Sanstha, Nagpur Institute of Technology, Nagpur",414429310.0,Electrical Engineering,Nagpur
4144,"Shri. Sai Shikshan Sanstha, Nagpur Institute of Technology, Nagpur",414461210.0,Mechanical Engineering,Nagpur
4145,"Wainganga College of Engineering and Management, Dongargaon, Nagpur",414519110.0,Civil Engineering,Nagpur
4145,"Wainganga College of Engineering and Management, Dongargaon, Nagpur",414524210.0,Computer Science and Engineering,Nagpur
4145,"Wainganga College of Engineering and Management, Dongargaon, Nagpur",414529310.0,Electrical Engineering,Nagpur
4145,"Wainganga College of Engineering and Management, Dongargaon, Nagpur",414537210.0,Electronics and Telecommunication Engg,Nagpur
4145,"Wainganga College of Engineering and Management, Dongargaon, Nagpur",414561210.0,Mechanical Engineering,Nagpur
4145,"Wainganga College of Engineering and Management, Dongargaon, Nagpur",414591110.0,Computer Science and Engineering(Artificial Intelligence and Machine Learning),Nagpur
4145,"Wainganga College of Engineering and Management, Dongargaon, Nagpur",414599510.0,Artificial Intelligence and Data Science,Nagpur
4147,"K.D.K. College of Engineering, Nagpur",414719110.0,Civil Engineering,Nagpur
4147,"K.D.K. College of Engineering, Nagpur",414724210.0,Computer Science and Engineering,Nagpur
4147,"K.D.K. College of Engineering, Nagpur",414724610.0,Information Technology,Nagpur
4147,"K.D.K. College of Engineering, Nagpur",414729310.0,Electrical Engineering,Nagpur
4147,"K.D.K. College of Engineering, Nagpur",414737210.0,Electronics and Telecommunication Engg,Nagpur
4147,"K.D.K. College of Engineering, Nagpur",414761210.0,Mechanical Engineering,Nagpur
4147,"K.D.K. College of Engineering, Nagpur",414799510.0,Artificial Intelligence and Data Science,Nagpur
4151,"Tulsiramji Gaikwad Patil College of Engineering & Technology, Nagpur",415100210.0,Aeronautical Engineering,Nagpur
4151,"Tulsiramji Gaikwad Patil College of Engineering & Technology, Nagpur",415108210.0,Bio Technology,Nagpur
4151,"Tulsiramji Gaikwad Patil College of Engineering & Technology, Nagpur",415119110.0,Civil Engineering,Nagpur
4151,"Tulsiramji Gaikwad Patil College of Engineering & Technology, Nagpur",415124210.0,Computer Science and Engineering,Nagpur
4151,"Tulsiramji Gaikwad Patil College of Engineering & Technology, Nagpur",415124610.0,Information Technology,Nagpur
4151,"Tulsiramji Gaikwad Patil College of Engineering & Technology, Nagpur",415129310.0,Electrical Engineering,Nagpur
4151,"Tulsiramji Gaikwad Patil College of Engineering & Technology, Nagpur",415137010.0,Electronics and Communication Engineering,Nagpur
4151,"Tulsiramji Gaikwad Patil College of Engineering & Technology, Nagpur",415161210.0,Mechanical Engineering,Nagpur
4151,"Tulsiramji Gaikwad Patil College of Engineering & Technology, Nagpur",415190010.0,Electronics and Computer Science,Nagpur
4151,"Tulsiramji Gaikwad Patil College of Engineering & Technology, Nagpur",415191010.0,Computer Science and Engineering(Cyber Security),Nagpur
4151,"Tulsiramji Gaikwad Patil College of Engineering & Technology, Nagpur",415191210.0,Computer Science and Engineering(Data Science),Nagpur
4151,"Tulsiramji Gaikwad Patil College of Engineering & Technology, Nagpur",415192110.0,Artificial Intelligence and Machine Learning,Nagpur
4163,Rajiv Gandhi College of Engineering Research & Technology  Chandrapur,416319110.0,Civil Engineering,Chandrapur
4163,Rajiv Gandhi College of Engineering Research & Technology  Chandrapur,416324210.0,Computer Science and Engineering,Chandrapur
4163,Rajiv Gandhi College of Engineering Research & Technology  Chandrapur,416329310.0,Electrical Engineering,Chandrapur
4163,Rajiv Gandhi College of Engineering Research & Technology  Chandrapur,416337010.0,Electronics and Communication Engineering,Chandrapur
4163,Rajiv Gandhi College of Engineering Research & Technology  Chandrapur,416361210.0,Mechanical Engineering,Chandrapur
4163,Rajiv Gandhi College of Engineering Research & Technology  Chandrapur,416370110.0,Mining Engineering,Chandrapur
4163,Rajiv Gandhi College of Engineering Research & Technology  Chandrapur,416391110.0,Computer Science and Engineering(Artificial Intelligence and Machine Learning),Chandrapur
4163,Rajiv Gandhi College of Engineering Research & Technology  Chandrapur,416391210.0,Computer Science and Engineering(Data Science),Chandrapur
4167,"Yeshwantrao Chavan College of Engineering,Wanadongri, Nagpur",416719110.0,Civil Engineering,Nagpur
4167,"Yeshwantrao Chavan College of Engineering,Wanadongri, Nagpur",416724210.0,Computer Science and Engineering,Nagpur
4167,"Yeshwantrao Chavan College of Engineering,Wanadongri, Nagpur",416724610.0,Information Technology,Nagpur
4167,"Yeshwantrao Chavan College of Engineering,Wanadongri, Nagpur",416725110.0,Computer Technology,Nagpur
4167,"Yeshwantrao Chavan College of Engineering,Wanadongri, Nagpur",416725710.0,Computer Science and Design,Nagpur
4167,"Yeshwantrao Chavan College of Engineering,Wanadongri, Nagpur",416726710.0,Computer Science and Engineering (IoT),Nagpur
4167,"Yeshwantrao Chavan College of Engineering,Wanadongri, Nagpur",416735610.0,Electrical Engineering (Electronics and Power),Nagpur
4167,"Yeshwantrao Chavan College of Engineering,Wanadongri, Nagpur",416737210.0,Electronics and Telecommunication Engg,Nagpur
4167,"Yeshwantrao Chavan College of Engineering,Wanadongri, Nagpur",416737610.0,Electronics Engineering,Nagpur
4167,"Yeshwantrao Chavan College of Engineering,Wanadongri, Nagpur",416737810.0,Electronics Engineering ( VLSI Design and Technology),Nagpur
4167,"Yeshwantrao Chavan College of Engineering,Wanadongri, Nagpur",416761210.0,Mechanical Engineering,Nagpur
4167,"Yeshwantrao Chavan College of Engineering,Wanadongri, Nagpur",416791110.0,Computer Science and Engineering(Artificial Intelligence and Machine Learning),Nagpur
4167,"Yeshwantrao Chavan College of Engineering,Wanadongri, Nagpur",416799510.0,Artificial Intelligence and Data Science,Nagpur
4172,"Anjuman College of Engineering & Technology, Nagpur",417219110.0,Civil Engineering,Nagpur
4172,"Anjuman College of Engineering & Technology, Nagpur",417224210.0,Computer Science and Engineering,Nagpur
4172,"Anjuman College of Engineering & Technology, Nagpur",417226310.0,Artificial Intelligence (AI) and Data Science,Nagpur
4172,"Anjuman College of Engineering & Technology, Nagpur",417229310.0,Electrical Engineering,Nagpur
4172,"Anjuman College of Engineering & Technology, Nagpur",417237210.0,Electronics and Telecommunication Engg,Nagpur
4172,"Anjuman College of Engineering & Technology, Nagpur",417261210.0,Mechanical Engineering,Nagpur
4174,"ST. Vincent Pallotti College of Engineering & Technology, Nagpur",417419110.0,Civil Engineering,Nagpur
4174,"ST. Vincent Pallotti College of Engineering & Technology, Nagpur",417424210.0,Computer Science and Engineering,Nagpur
4174,"ST. Vincent Pallotti College of Engineering & Technology, Nagpur",417424610.0,Information Technology,Nagpur
4174,"ST. Vincent Pallotti College of Engineering & Technology, Nagpur",417426010.0,Computer Science and Engineering (Cyber Security),Nagpur
4174,"ST. Vincent Pallotti College of Engineering & Technology, Nagpur",417426210.0,Computer Science and Business Systems,Nagpur
4174,"ST. Vincent Pallotti College of Engineering & Technology, Nagpur",417426510.0,Industrial IoT,Nagpur
4174,"ST. Vincent Pallotti College of Engineering & Technology, Nagpur",417426610.0,Robotics and Artificial Intelligence,Nagpur
4174,"ST. Vincent Pallotti College of Engineering & Technology, Nagpur",417429310.0,Electrical Engineering,Nagpur
4174,"ST. Vincent Pallotti College of Engineering & Technology, Nagpur",417437210.0,Electronics and Telecommunication Engg,Nagpur
4174,"ST. Vincent Pallotti College of Engineering & Technology, Nagpur",417461210.0,Mechanical Engineering,Nagpur
4174,"ST. Vincent Pallotti College of Engineering & Technology, Nagpur",417491210.0,Computer Science and Engineering(Data Science),Nagpur
4174,"ST. Vincent Pallotti College of Engineering & Technology, Nagpur",417499710.0,Artificial Intelligence,Nagpur
4175,"JMSS Shri Shankarprasad Agnihotri College of Engineering, Wardha",417519110.0,Civil Engineering,Wardha
4175,"JMSS Shri Shankarprasad Agnihotri College of Engineering, Wardha",417524210.0,Computer Science and Engineering,Wardha
4175,"JMSS Shri Shankarprasad Agnihotri College of Engineering, Wardha",417537210.0,Electronics and Telecommunication Engg,Wardha
4175,"JMSS Shri Shankarprasad Agnihotri College of Engineering, Wardha",417561210.0,Mechanical Engineering,Wardha
4175,"JMSS Shri Shankarprasad Agnihotri College of Engineering, Wardha",417599710.0,Artificial Intelligence,Wardha
4177,"Priyadarshini Bhagwati  College of Engineering, Harpur Nagar, Umred Road,Nagpur",417719110.0,Civil Engineering,Nagpur
4177,"Priyadarshini Bhagwati  College of Engineering, Harpur Nagar, Umred Road,Nagpur",417724210.0,Computer Science and Engineering,Nagpur
4177,"Priyadarshini Bhagwati  College of Engineering, Harpur Nagar, Umred Road,Nagpur",417724610.0,Information Technology,Nagpur
4177,"Priyadarshini Bhagwati  College of Engineering, Harpur Nagar, Umred Road,Nagpur",417729310.0,Electrical Engineering,Nagpur
4177,"Priyadarshini Bhagwati  College of Engineering, Harpur Nagar, Umred Road,Nagpur",417737010.0,Electronics and Communication Engineering,Nagpur
4177,"Priyadarshini Bhagwati  College of Engineering, Harpur Nagar, Umred Road,Nagpur",417737210.0,Electronics and Telecommunication Engg,Nagpur
4177,"Priyadarshini Bhagwati  College of Engineering, Harpur Nagar, Umred Road,Nagpur",417761210.0,Mechanical Engineering,Nagpur
4177,"Priyadarshini Bhagwati  College of Engineering, Harpur Nagar, Umred Road,Nagpur",417799710.0,Artificial Intelligence,Nagpur
4181,"Swaminarayan Siddhanta Institute Of Technology, Nagpur",418119110.0,Civil Engineering,Nagpur
4181,"Swaminarayan Siddhanta Institute Of Technology, Nagpur",418124510.0,Computer Engineering,Nagpur
4181,"Swaminarayan Siddhanta Institute Of Technology, Nagpur",418137210.0,Electronics and Telecommunication Engg,Nagpur
4181,"Swaminarayan Siddhanta Institute Of Technology, Nagpur",418161210.0,Mechanical Engineering,Nagpur
4188,"Krushi Jivan Vikas Pratishthan, Ballarpur Institute of Technology, Mouza Bamni",418819110.0,Civil Engineering,Mouza Bamni
4188,"Krushi Jivan Vikas Pratishthan, Ballarpur Institute of Technology, Mouza Bamni",418824210.0,Computer Science and Engineering,Mouza Bamni
4188,"Krushi Jivan Vikas Pratishthan, Ballarpur Institute of Technology, Mouza Bamni",418829310.0,Electrical Engineering,Mouza Bamni
4188,"Krushi Jivan Vikas Pratishthan, Ballarpur Institute of Technology, Mouza Bamni",418837210.0,Electronics and Telecommunication Engg,Mouza Bamni
4188,"Krushi Jivan Vikas Pratishthan, Ballarpur Institute of Technology, Mouza Bamni",418850310.0,Food Technology,Mouza Bamni
4188,"Krushi Jivan Vikas Pratishthan, Ballarpur Institute of Technology, Mouza Bamni",418861210.0,Mechanical Engineering,Mouza Bamni
4188,"Krushi Jivan Vikas Pratishthan, Ballarpur Institute of Technology, Mouza Bamni",418870110.0,Mining Engineering,Mouza Bamni
4190,"M.D. Yergude Memorial Shikshan Prasarak Mandal's Shri Sai College of Engineering & Technology, Bhadrawati",419019110.0,Civil Engineering,Bhadrawati
4190,"M.D. Yergude Memorial Shikshan Prasarak Mandal's Shri Sai College of Engineering & Technology, Bhadrawati",419024210.0,Computer Science and Engineering,Bhadrawati
4190,"M.D. Yergude Memorial Shikshan Prasarak Mandal's Shri Sai College of Engineering & Technology, Bhadrawati",419029310.0,Electrical Engineering,Bhadrawati
4190,"M.D. Yergude Memorial Shikshan Prasarak Mandal's Shri Sai College of Engineering & Technology, Bhadrawati",419037010.0,Electronics and Communication Engineering,Bhadrawati
4190,"M.D. Yergude Memorial Shikshan Prasarak Mandal's Shri Sai College of Engineering & Technology, Bhadrawati",419061210.0,Mechanical Engineering,Bhadrawati
4190,"M.D. Yergude Memorial Shikshan Prasarak Mandal's Shri Sai College of Engineering & Technology, Bhadrawati",419070110.0,Mining Engineering,Bhadrawati
4192,"Maitraya Education Society, Nagarjuna Institute of Engineering Technology & Management, Nagpur",419219110.0,Civil Engineering,Nagpur
4192,"Maitraya Education Society, Nagarjuna Institute of Engineering Technology & Management, Nagpur",419224210.0,Computer Science and Engineering,Nagpur
4192,"Maitraya Education Society, Nagarjuna Institute of Engineering Technology & Management, Nagpur",419235610.0,Electrical Engineering (Electronics and Power),Nagpur
4192,"Maitraya Education Society, Nagarjuna Institute of Engineering Technology & Management, Nagpur",419261210.0,Mechanical Engineering,Nagpur
4192,"Maitraya Education Society, Nagarjuna Institute of Engineering Technology & Management, Nagpur",419291110.0,Computer Science and Engineering(Artificial Intelligence and Machine Learning),Nagpur
4193,"K.D.M. Education Society, Vidharbha Institute of Technology,Umred Road ,Nagpur",419324210.0,Computer Science and Engineering,Nagpur
4193,"K.D.M. Education Society, Vidharbha Institute of Technology,Umred Road ,Nagpur",419329310.0,Electrical Engineering,Nagpur
4193,"K.D.M. Education Society, Vidharbha Institute of Technology,Umred Road ,Nagpur",419337010.0,Electronics and Communication Engineering,Nagpur
4193,"K.D.M. Education Society, Vidharbha Institute of Technology,Umred Road ,Nagpur",419361210.0,Mechanical Engineering,Nagpur
4193,"K.D.M. Education Society, Vidharbha Institute of Technology,Umred Road ,Nagpur",419391110.0,Computer Science and Engineering(Artificial Intelligence and Machine Learning),Nagpur
4193,"K.D.M. Education Society, Vidharbha Institute of Technology,Umred Road ,Nagpur",419391210.0,Computer Science and Engineering(Data Science),Nagpur
4196,"Gurunanak Educational Society's Gurunanak Institute of Technology, Nagpur",419619110.0,Civil Engineering,Nagpur
4196,"Gurunanak Educational Society's Gurunanak Institute of Technology, Nagpur",419624210.0,Computer Science and Engineering,Nagpur
4196,"Gurunanak Educational Society's Gurunanak Institute of Technology, Nagpur",419637210.0,Electronics and Telecommunication Engg,Nagpur
4196,"Gurunanak Educational Society's Gurunanak Institute of Technology, Nagpur",419661210.0,Mechanical Engineering,Nagpur
4196,"Gurunanak Educational Society's Gurunanak Institute of Technology, Nagpur",419691010.0,Computer Science and Engineering(Cyber Security),Nagpur
4196,"Gurunanak Educational Society's Gurunanak Institute of Technology, Nagpur",419691210.0,Computer Science and Engineering(Data Science),Nagpur
4196,"Gurunanak Educational Society's Gurunanak Institute of Technology, Nagpur",419692110.0,Artificial Intelligence and Machine Learning,Nagpur
4197,"Jai Mahakali Shikshan Sanstha, Agnihotri College of Engineering, Sindhi(Meghe)",419719110.0,Civil Engineering,Sindhi(Meghe
4197,"Jai Mahakali Shikshan Sanstha, Agnihotri College of Engineering, Sindhi(Meghe)",419724210.0,Computer Science and Engineering,Sindhi(Meghe
4197,"Jai Mahakali Shikshan Sanstha, Agnihotri College of Engineering, Sindhi(Meghe)",419729310.0,Electrical Engineering,Sindhi(Meghe
4197,"Jai Mahakali Shikshan Sanstha, Agnihotri College of Engineering, Sindhi(Meghe)",419737010.0,Electronics and Communication Engineering,Sindhi(Meghe
4197,"Jai Mahakali Shikshan Sanstha, Agnihotri College of Engineering, Sindhi(Meghe)",419761210.0,Mechanical Engineering,Sindhi(Meghe
4302,"Gondia Education Society's Manoharbhai Patel Institute Of Engineering & Technology, Shahapur, Bhandara",430219110.0,Civil Engineering,Bhandara
4302,"Gondia Education Society's Manoharbhai Patel Institute Of Engineering & Technology, Shahapur, Bhandara",430224510.0,Computer Engineering,Bhandara
4302,"Gondia Education Society's Manoharbhai Patel Institute Of Engineering & Technology, Shahapur, Bhandara",430261210.0,Mechanical Engineering,Bhandara
4613,"Suryodaya College of Engineering & Technology, Nagpur",461319110.0,Civil Engineering,Nagpur
4613,"Suryodaya College of Engineering & Technology, Nagpur",461324510.0,Computer Engineering,Nagpur
4613,"Suryodaya College of Engineering & Technology, Nagpur",461326510.0,Industrial IoT,Nagpur
4613,"Suryodaya College of Engineering & Technology, Nagpur",461329310.0,Electrical Engineering,Nagpur
4613,"Suryodaya College of Engineering & Technology, Nagpur",461337210.0,Electronics and Telecommunication Engg,Nagpur
4613,"Suryodaya College of Engineering & Technology, Nagpur",461361210.0,Mechanical Engineering,Nagpur
4613,"Suryodaya College of Engineering & Technology, Nagpur",461391210.0,Computer Science and Engineering(Data Science),Nagpur
4648,"R.V. Parankar College of Engineering & Technology, Arvi, Dist Wardha",464819110.0,Civil Engineering,Dist Wardha
4648,"R.V. Parankar College of Engineering & Technology, Arvi, Dist Wardha",464824210.0,Computer Science and Engineering,Dist Wardha
4648,"R.V. Parankar College of Engineering & Technology, Arvi, Dist Wardha",464824610.0,Information Technology,Dist Wardha
4648,"R.V. Parankar College of Engineering & Technology, Arvi, Dist Wardha",464826310.0,Artificial Intelligence (AI) and Data Science,Dist Wardha
4648,"R.V. Parankar College of Engineering & Technology, Arvi, Dist Wardha",464829310.0,Electrical Engineering,Dist Wardha
4648,"R.V. Parankar College of Engineering & Technology, Arvi, Dist Wardha",464861210.0,Mechanical Engineering,Dist Wardha
4649,"Bajaj Institute of Technology, Wardha",464919110.0,Civil Engineering,Wardha
4649,"Bajaj Institute of Technology, Wardha",464924510.0,Computer Engineering,Wardha
4649,"Bajaj Institute of Technology, Wardha",464929310.0,Electrical Engineering,Wardha
4649,"Bajaj Institute of Technology, Wardha",464961210.0,Mechanical Engineering,Wardha
4679,"Karanjekar College of Engineering & Management, Sakoli",467919110.0,Civil Engineering,Sakoli
4679,"Karanjekar College of Engineering & Management, Sakoli",467924210.0,Computer Science and Engineering,Sakoli
4679,"Karanjekar College of Engineering & Management, Sakoli",467926310.0,Artificial Intelligence (AI) and Data Science,Sakoli
4679,"Karanjekar College of Engineering & Management, Sakoli",467929310.0,Electrical Engineering,Sakoli
4703,"Somayya Institute of Technology,  Chandrapur",470300210.0,Aeronautical Engineering,Chandrapur
4703,"Somayya Institute of Technology,  Chandrapur",470324210.0,Computer Science and Engineering,Chandrapur
4703,"Somayya Institute of Technology,  Chandrapur",470329310.0,Electrical Engineering,Chandrapur
4703,"Somayya Institute of Technology,  Chandrapur",470370110.0,Mining Engineering,Chandrapur
4703,"Somayya Institute of Technology,  Chandrapur",470391210.0,Computer Science and Engineering(Data Science),Chandrapur
4703,"Somayya Institute of Technology,  Chandrapur",470392110.0,Artificial Intelligence and Machine Learning,Chandrapur
4762,"Mata Mahakali College of Engineering & Technology, Warora",476224210.0,Computer Science and Engineering,Warora
4762,"Mata Mahakali College of Engineering & Technology, Warora",476229310.0,Electrical Engineering,Warora
4762,"Mata Mahakali College of Engineering & Technology, Warora",476261210.0,Mechanical Engineering,Warora
4762,"Mata Mahakali College of Engineering & Technology, Warora",476299510.0,Artificial Intelligence and Data Science,Warora
5003,"University Institute  of Chemical Technology, North Maharashtra University, Jalgaon",500350310.0,Food Technology,Jalgaon
5003,"University Institute  of Chemical Technology, North Maharashtra University, Jalgaon",500350710.0,Chemical Engineering,Jalgaon
5003,"University Institute  of Chemical Technology, North Maharashtra University, Jalgaon",500350810.0,Plastic Technology,Jalgaon
5003,"University Institute  of Chemical Technology, North Maharashtra University, Jalgaon",500351810.0,Oil Fats and Waxes Technology,Jalgaon
5003,"University Institute  of Chemical Technology, North Maharashtra University, Jalgaon",500352310.0,Paints Technology,Jalgaon
5004,"Government College of Engineering, Jalgaon",500419110.0,Civil Engineering,Jalgaon
5004,"Government College of Engineering, Jalgaon",500424510.0,Computer Engineering,Jalgaon
5004,"Government College of Engineering, Jalgaon",500429310.0,Electrical Engineering,Jalgaon
5004,"Government College of Engineering, Jalgaon",500437210.0,Electronics and Telecommunication Engg,Jalgaon
5004,"Government College of Engineering, Jalgaon",500446610.0,Instrumentation Engineering,Jalgaon
5004,"Government College of Engineering, Jalgaon",500461210.0,Mechanical Engineering,Jalgaon
5103,"Shri Shivaji Vidya Prasarak Sanstha's Late Bapusaheb Shivaji Rao Deore College of Engineering,Dhule",510319110.0,Civil Engineering,Dhule
5103,"Shri Shivaji Vidya Prasarak Sanstha's Late Bapusaheb Shivaji Rao Deore College of Engineering,Dhule",510324510.0,Computer Engineering,Dhule
5103,"Shri Shivaji Vidya Prasarak Sanstha's Late Bapusaheb Shivaji Rao Deore College of Engineering,Dhule",510337210.0,Electronics and Telecommunication Engg,Dhule
5103,"Shri Shivaji Vidya Prasarak Sanstha's Late Bapusaheb Shivaji Rao Deore College of Engineering,Dhule",510337610.0,Electronics Engineering,Dhule
5103,"Shri Shivaji Vidya Prasarak Sanstha's Late Bapusaheb Shivaji Rao Deore College of Engineering,Dhule",510361210.0,Mechanical Engineering,Dhule
5103,"Shri Shivaji Vidya Prasarak Sanstha's Late Bapusaheb Shivaji Rao Deore College of Engineering,Dhule",510384410.0,Electronics and Computer Engineering,Dhule
5103,"Shri Shivaji Vidya Prasarak Sanstha's Late Bapusaheb Shivaji Rao Deore College of Engineering,Dhule",510399510.0,Artificial Intelligence and Data Science,Dhule
5104,"Shramsadhana Bombay Trust, College of Engineering & Technology, Jalgaon",510419110.0,Civil Engineering,Jalgaon
5104,"Shramsadhana Bombay Trust, College of Engineering & Technology, Jalgaon",510424510.0,Computer Engineering,Jalgaon
5104,"Shramsadhana Bombay Trust, College of Engineering & Technology, Jalgaon",510429310.0,Electrical Engineering,Jalgaon
5104,"Shramsadhana Bombay Trust, College of Engineering & Technology, Jalgaon",510437210.0,Electronics and Telecommunication Engg,Jalgaon
5104,"Shramsadhana Bombay Trust, College of Engineering & Technology, Jalgaon",510450710.0,Chemical Engineering,Jalgaon
5104,"Shramsadhana Bombay Trust, College of Engineering & Technology, Jalgaon",510461210.0,Mechanical Engineering,Jalgaon
5106,"Khandesh College Education Society's College Of Engineering And Management, Jalgaon",510624510.0,Computer Engineering,Jalgaon
5106,"Khandesh College Education Society's College Of Engineering And Management, Jalgaon",510629310.0,Electrical Engineering,Jalgaon
5106,"Khandesh College Education Society's College Of Engineering And Management, Jalgaon",510661210.0,Mechanical Engineering,Jalgaon
5106,"Khandesh College Education Society's College Of Engineering And Management, Jalgaon",510684410.0,Electronics and Computer Engineering,Jalgaon
5106,"Khandesh College Education Society's College Of Engineering And Management, Jalgaon",510691110.0,Computer Science and Engineering(Artificial Intelligence and Machine Learning),Jalgaon
5106,"Khandesh College Education Society's College Of Engineering And Management, Jalgaon",510691210.0,Computer Science and Engineering(Data Science),Jalgaon
5108,"Maratha Vidya Prasarak Samaj's Karmaveer Adv. Baburao Ganpatrao Thakare College Of Engineering, Nashik",510819110.0,Civil Engineering,Nashik
5108,"Maratha Vidya Prasarak Samaj's Karmaveer Adv. Baburao Ganpatrao Thakare College Of Engineering, Nashik",510824510.0,Computer Engineering,Nashik
5108,"Maratha Vidya Prasarak Samaj's Karmaveer Adv. Baburao Ganpatrao Thakare College Of Engineering, Nashik",510824610.0,Information Technology,Nashik
5108,"Maratha Vidya Prasarak Samaj's Karmaveer Adv. Baburao Ganpatrao Thakare College Of Engineering, Nashik",510826310.0,Artificial Intelligence (AI) and Data Science,Nashik
5108,"Maratha Vidya Prasarak Samaj's Karmaveer Adv. Baburao Ganpatrao Thakare College Of Engineering, Nashik",510829310.0,Electrical Engineering,Nashik
5108,"Maratha Vidya Prasarak Samaj's Karmaveer Adv. Baburao Ganpatrao Thakare College Of Engineering, Nashik",510837210.0,Electronics and Telecommunication Engg,Nashik
5108,"Maratha Vidya Prasarak Samaj's Karmaveer Adv. Baburao Ganpatrao Thakare College Of Engineering, Nashik",510846410.0,Instrumentation and Control Engineering,Nashik
5108,"Maratha Vidya Prasarak Samaj's Karmaveer Adv. Baburao Ganpatrao Thakare College Of Engineering, Nashik",510861210.0,Mechanical Engineering,Nashik
5108,"Maratha Vidya Prasarak Samaj's Karmaveer Adv. Baburao Ganpatrao Thakare College Of Engineering, Nashik",510891610.0,Automation and Robotics,Nashik
5109,"Sandip Foundation, Sandip Institute of Technology and Research Centre, Mahiravani, Nashik",510919110.0,Civil Engineering,Nashik
5109,"Sandip Foundation, Sandip Institute of Technology and Research Centre, Mahiravani, Nashik",510924510.0,Computer Engineering,Nashik
5109,"Sandip Foundation, Sandip Institute of Technology and Research Centre, Mahiravani, Nashik",510924610.0,Information Technology,Nashik
5109,"Sandip Foundation, Sandip Institute of Technology and Research Centre, Mahiravani, Nashik",510929310.0,Electrical Engineering,Nashik
5109,"Sandip Foundation, Sandip Institute of Technology and Research Centre, Mahiravani, Nashik",510937210.0,Electronics and Telecommunication Engg,Nashik
5109,"Sandip Foundation, Sandip Institute of Technology and Research Centre, Mahiravani, Nashik",510956610.0,Computer Science,Nashik
5109,"Sandip Foundation, Sandip Institute of Technology and Research Centre, Mahiravani, Nashik",510961210.0,Mechanical Engineering,Nashik
5109,"Sandip Foundation, Sandip Institute of Technology and Research Centre, Mahiravani, Nashik",510991610.0,Automation and Robotics,Nashik
5109,"Sandip Foundation, Sandip Institute of Technology and Research Centre, Mahiravani, Nashik",510992110.0,Artificial Intelligence and Machine Learning,Nashik
5109,"Sandip Foundation, Sandip Institute of Technology and Research Centre, Mahiravani, Nashik",510999510.0,Artificial Intelligence and Data Science,Nashik
5121,"K. K. Wagh Institute of Engineering Education and Research, Nashik",512119110.0,Civil Engineering,Nashik
5121,"K. K. Wagh Institute of Engineering Education and Research, Nashik",512121910.0,Robotics and Automation,Nashik
5121,"K. K. Wagh Institute of Engineering Education and Research, Nashik",512124510.0,Computer Engineering,Nashik
5121,"K. K. Wagh Institute of Engineering Education and Research, Nashik",512124610.0,Information Technology,Nashik
5121,"K. K. Wagh Institute of Engineering Education and Research, Nashik",512125710.0,Computer Science and Design,Nashik
5121,"K. K. Wagh Institute of Engineering Education and Research, Nashik",512129310.0,Electrical Engineering,Nashik
5121,"K. K. Wagh Institute of Engineering Education and Research, Nashik",512137210.0,Electronics and Telecommunication Engg,Nashik
5121,"K. K. Wagh Institute of Engineering Education and Research, Nashik",512150710.0,Chemical Engineering,Nashik
5121,"K. K. Wagh Institute of Engineering Education and Research, Nashik",512161210.0,Mechanical Engineering,Nashik
5121,"K. K. Wagh Institute of Engineering Education and Research, Nashik",512199510.0,Artificial Intelligence and Data Science,Nashik
5124,"Jagadamba Education Soc. Nashik's S.N.D. College of Engineering & Research, Babulgaon",512419110.0,Civil Engineering,Babulgaon
5124,"Jagadamba Education Soc. Nashik's S.N.D. College of Engineering & Research, Babulgaon",512424510.0,Computer Engineering,Babulgaon
5124,"Jagadamba Education Soc. Nashik's S.N.D. College of Engineering & Research, Babulgaon",512424610.0,Information Technology,Babulgaon
5124,"Jagadamba Education Soc. Nashik's S.N.D. College of Engineering & Research, Babulgaon",512429310.0,Electrical Engineering,Babulgaon
5124,"Jagadamba Education Soc. Nashik's S.N.D. College of Engineering & Research, Babulgaon",512461210.0,Mechanical Engineering,Babulgaon
5124,"Jagadamba Education Soc. Nashik's S.N.D. College of Engineering & Research, Babulgaon",512462410.0,Mechatronics Engineering,Babulgaon
5124,"Jagadamba Education Soc. Nashik's S.N.D. College of Engineering & Research, Babulgaon",512484410.0,Electronics and Computer Engineering,Babulgaon
5124,"Jagadamba Education Soc. Nashik's S.N.D. College of Engineering & Research, Babulgaon",512499510.0,Artificial Intelligence and Data Science,Babulgaon
5125,"Pravara Rural Education Society's Sir Visvesvaraya Institute of Technology, Chincholi Dist. Nashik",512524510.0,Computer Engineering,Chincholi Dist. Nashik
5125,"Pravara Rural Education Society's Sir Visvesvaraya Institute of Technology, Chincholi Dist. Nashik",512524610.0,Information Technology,Chincholi Dist. Nashik
5125,"Pravara Rural Education Society's Sir Visvesvaraya Institute of Technology, Chincholi Dist. Nashik",512550710.0,Chemical Engineering,Chincholi Dist. Nashik
5125,"Pravara Rural Education Society's Sir Visvesvaraya Institute of Technology, Chincholi Dist. Nashik",512584410.0,Electronics and Computer Engineering,Chincholi Dist. Nashik
5130,"Brahma Valley College of Engineering & Research, Trimbakeshwar, Nashik",513019110.0,Civil Engineering,Nashik
5130,"Brahma Valley College of Engineering & Research, Trimbakeshwar, Nashik",513024510.0,Computer Engineering,Nashik
5130,"Brahma Valley College of Engineering & Research, Trimbakeshwar, Nashik",513029310.0,Electrical Engineering,Nashik
5130,"Brahma Valley College of Engineering & Research, Trimbakeshwar, Nashik",513061210.0,Mechanical Engineering,Nashik
5139,"Pravara Rural College of Engineering, Loni, Pravaranagar, Ahmednagar.",513919110.0,Civil Engineering,Ahmednagar
5139,"Pravara Rural College of Engineering, Loni, Pravaranagar, Ahmednagar.",513924510.0,Computer Engineering,Ahmednagar
5139,"Pravara Rural College of Engineering, Loni, Pravaranagar, Ahmednagar.",513924610.0,Information Technology,Ahmednagar
5139,"Pravara Rural College of Engineering, Loni, Pravaranagar, Ahmednagar.",513937210.0,Electronics and Telecommunication Engg,Ahmednagar
5139,"Pravara Rural College of Engineering, Loni, Pravaranagar, Ahmednagar.",513946410.0,Instrumentation and Control Engineering,Ahmednagar
5139,"Pravara Rural College of Engineering, Loni, Pravaranagar, Ahmednagar.",513950710.0,Chemical Engineering,Ahmednagar
5139,"Pravara Rural College of Engineering, Loni, Pravaranagar, Ahmednagar.",513961210.0,Mechanical Engineering,Ahmednagar
5139,"Pravara Rural College of Engineering, Loni, Pravaranagar, Ahmednagar.",513984410.0,Electronics and Computer Engineering,Ahmednagar
5139,"Pravara Rural College of Engineering, Loni, Pravaranagar, Ahmednagar.",513991610.0,Automation and Robotics,Ahmednagar
5139,"Pravara Rural College of Engineering, Loni, Pravaranagar, Ahmednagar.",513999510.0,Artificial Intelligence and Data Science,Ahmednagar
5151,"MET Bhujbal Knowledge City MET League's Engineering College, Adgaon, Nashik.",515119110.0,Civil Engineering,Nashik
5151,"MET Bhujbal Knowledge City MET League's Engineering College, Adgaon, Nashik.",515124510.0,Computer Engineering,Nashik
5151,"MET Bhujbal Knowledge City MET League's Engineering College, Adgaon, Nashik.",515124610.0,Information Technology,Nashik
5151,"MET Bhujbal Knowledge City MET League's Engineering College, Adgaon, Nashik.",515129310.0,Electrical Engineering,Nashik
5151,"MET Bhujbal Knowledge City MET League's Engineering College, Adgaon, Nashik.",515137210.0,Electronics and Telecommunication Engg,Nashik
5151,"MET Bhujbal Knowledge City MET League's Engineering College, Adgaon, Nashik.",515161210.0,Mechanical Engineering,Nashik
5151,"MET Bhujbal Knowledge City MET League's Engineering College, Adgaon, Nashik.",515184410.0,Electronics and Computer Engineering,Nashik
5151,"MET Bhujbal Knowledge City MET League's Engineering College, Adgaon, Nashik.",515199510.0,Artificial Intelligence and Data Science,Nashik
5152,"G H Raisoni College of  Engineering and Management, Jalgaon",515219110.0,Civil Engineering,Jalgaon
5152,"G H Raisoni College of  Engineering and Management, Jalgaon",515224210.0,Computer Science and Engineering,Jalgaon
5152,"G H Raisoni College of  Engineering and Management, Jalgaon",515224610.0,Information Technology,Jalgaon
5152,"G H Raisoni College of  Engineering and Management, Jalgaon",515229310.0,Electrical Engineering,Jalgaon
5152,"G H Raisoni College of  Engineering and Management, Jalgaon",515237210.0,Electronics and Telecommunication Engg,Jalgaon
5152,"G H Raisoni College of  Engineering and Management, Jalgaon",515261210.0,Mechanical Engineering,Jalgaon
5152,"G H Raisoni College of  Engineering and Management, Jalgaon",515291110.0,Computer Science and Engineering(Artificial Intelligence and Machine Learning),Jalgaon
5152,"G H Raisoni College of  Engineering and Management, Jalgaon",515291210.0,Computer Science and Engineering(Data Science),Jalgaon
5152,"G H Raisoni College of  Engineering and Management, Jalgaon",515291310.0,Computer Science and Engineering (Artificial Intelligence),Jalgaon
5160,"Sanjivani Rural Education Society's Sanjivani College of Engineering, Kopargaon",516019110.0,Civil Engineering,Kopargaon
5160,"Sanjivani Rural Education Society's Sanjivani College of Engineering, Kopargaon",516024510.0,Computer Engineering,Kopargaon
5160,"Sanjivani Rural Education Society's Sanjivani College of Engineering, Kopargaon",516024610.0,Information Technology,Kopargaon
5160,"Sanjivani Rural Education Society's Sanjivani College of Engineering, Kopargaon",516029310.0,Electrical Engineering,Kopargaon
5160,"Sanjivani Rural Education Society's Sanjivani College of Engineering, Kopargaon",516061210.0,Mechanical Engineering,Kopargaon
5160,"Sanjivani Rural Education Society's Sanjivani College of Engineering, Kopargaon",516062410.0,Mechatronics Engineering,Kopargaon
5160,"Sanjivani Rural Education Society's Sanjivani College of Engineering, Kopargaon",516084410.0,Electronics and Computer Engineering,Kopargaon
5160,"Sanjivani Rural Education Society's Sanjivani College of Engineering, Kopargaon",516091510.0,Structural Engineering,Kopargaon
5161,"Dr. Vithalrao Vikhe Patil College of Engineering, Ahmednagar",516119110.0,Civil Engineering,Ahmednagar
5161,"Dr. Vithalrao Vikhe Patil College of Engineering, Ahmednagar",516124510.0,Computer Engineering,Ahmednagar
5161,"Dr. Vithalrao Vikhe Patil College of Engineering, Ahmednagar",516124610.0,Information Technology,Ahmednagar
5161,"Dr. Vithalrao Vikhe Patil College of Engineering, Ahmednagar",516125710.0,Computer Science and Design,Ahmednagar
5161,"Dr. Vithalrao Vikhe Patil College of Engineering, Ahmednagar",516129310.0,Electrical Engineering,Ahmednagar
5161,"Dr. Vithalrao Vikhe Patil College of Engineering, Ahmednagar",516137210.0,Electronics and Telecommunication Engg,Ahmednagar
5161,"Dr. Vithalrao Vikhe Patil College of Engineering, Ahmednagar",516137810.0,Electronics Engineering ( VLSI Design and Technology),Ahmednagar
5161,"Dr. Vithalrao Vikhe Patil College of Engineering, Ahmednagar",516161210.0,Mechanical Engineering,Ahmednagar
5161,"Dr. Vithalrao Vikhe Patil College of Engineering, Ahmednagar",516199510.0,Artificial Intelligence and Data Science,Ahmednagar
5162,"Amrutvahini Sheti & Shikshan Vikas Sanstha's Amrutvahini College of Engineering, Sangamner",516219110.0,Civil Engineering,Sangamner
5162,"Amrutvahini Sheti & Shikshan Vikas Sanstha's Amrutvahini College of Engineering, Sangamner",516224510.0,Computer Engineering,Sangamner
5162,"Amrutvahini Sheti & Shikshan Vikas Sanstha's Amrutvahini College of Engineering, Sangamner",516224610.0,Information Technology,Sangamner
5162,"Amrutvahini Sheti & Shikshan Vikas Sanstha's Amrutvahini College of Engineering, Sangamner",516229310.0,Electrical Engineering,Sangamner
5162,"Amrutvahini Sheti & Shikshan Vikas Sanstha's Amrutvahini College of Engineering, Sangamner",516237210.0,Electronics and Telecommunication Engg,Sangamner
5162,"Amrutvahini Sheti & Shikshan Vikas Sanstha's Amrutvahini College of Engineering, Sangamner",516261210.0,Mechanical Engineering,Sangamner
5162,"Amrutvahini Sheti & Shikshan Vikas Sanstha's Amrutvahini College of Engineering, Sangamner",516284410.0,Electronics and Computer Engineering,Sangamner
5162,"Amrutvahini Sheti & Shikshan Vikas Sanstha's Amrutvahini College of Engineering, Sangamner",516291610.0,Automation and Robotics,Sangamner
5162,"Amrutvahini Sheti & Shikshan Vikas Sanstha's Amrutvahini College of Engineering, Sangamner",516299510.0,Artificial Intelligence and Data Science,Sangamner
5164,"P.S.G.V.P. Mandal's D.N. Patel College of Engineering, Shahada, Dist. Nandurbar",516419110.0,Civil Engineering,Dist. Nandurbar
5164,"P.S.G.V.P. Mandal's D.N. Patel College of Engineering, Shahada, Dist. Nandurbar",516424510.0,Computer Engineering,Dist. Nandurbar
5164,"P.S.G.V.P. Mandal's D.N. Patel College of Engineering, Shahada, Dist. Nandurbar",516429310.0,Electrical Engineering,Dist. Nandurbar
5164,"P.S.G.V.P. Mandal's D.N. Patel College of Engineering, Shahada, Dist. Nandurbar",516437210.0,Electronics and Telecommunication Engg,Dist. Nandurbar
5164,"P.S.G.V.P. Mandal's D.N. Patel College of Engineering, Shahada, Dist. Nandurbar",516446610.0,Instrumentation Engineering,Dist. Nandurbar
5164,"P.S.G.V.P. Mandal's D.N. Patel College of Engineering, Shahada, Dist. Nandurbar",516461210.0,Mechanical Engineering,Dist. Nandurbar
5164,"P.S.G.V.P. Mandal's D.N. Patel College of Engineering, Shahada, Dist. Nandurbar",516499510.0,Artificial Intelligence and Data Science,Dist. Nandurbar
5168,"T.M.E. Society's J.T.Mahajan College of Engineering, Faizpur",516819110.0,Civil Engineering,Faizpur
5168,"T.M.E. Society's J.T.Mahajan College of Engineering, Faizpur",516824510.0,Computer Engineering,Faizpur
5168,"T.M.E. Society's J.T.Mahajan College of Engineering, Faizpur",516837210.0,Electronics and Telecommunication Engg,Faizpur
5168,"T.M.E. Society's J.T.Mahajan College of Engineering, Faizpur",516861210.0,Mechanical Engineering,Faizpur
5169,"Nagaon  Education Society's Gangamai College of Engineering, Nagaon, Tal Dist Dhule",516919110.0,Civil Engineering,Tal Dist Dhule
5169,"Nagaon  Education Society's Gangamai College of Engineering, Nagaon, Tal Dist Dhule",516924510.0,Computer Engineering,Tal Dist Dhule
5169,"Nagaon  Education Society's Gangamai College of Engineering, Nagaon, Tal Dist Dhule",516929310.0,Electrical Engineering,Tal Dist Dhule
5169,"Nagaon  Education Society's Gangamai College of Engineering, Nagaon, Tal Dist Dhule",516937210.0,Electronics and Telecommunication Engg,Tal Dist Dhule
5169,"Nagaon  Education Society's Gangamai College of Engineering, Nagaon, Tal Dist Dhule",516961210.0,Mechanical Engineering,Tal Dist Dhule
5169,"Nagaon  Education Society's Gangamai College of Engineering, Nagaon, Tal Dist Dhule",516991110.0,Computer Science and Engineering(Artificial Intelligence and Machine Learning),Tal Dist Dhule
5170,"Hindi Seva Mandal's Shri Sant Gadgebaba College of Engineering & Technology, Bhusawal",517019110.0,Civil Engineering,Bhusawal
5170,"Hindi Seva Mandal's Shri Sant Gadgebaba College of Engineering & Technology, Bhusawal",517024210.0,Computer Science and Engineering,Bhusawal
5170,"Hindi Seva Mandal's Shri Sant Gadgebaba College of Engineering & Technology, Bhusawal",517026310.0,Artificial Intelligence (AI) and Data Science,Bhusawal
5170,"Hindi Seva Mandal's Shri Sant Gadgebaba College of Engineering & Technology, Bhusawal",517029310.0,Electrical Engineering,Bhusawal
5170,"Hindi Seva Mandal's Shri Sant Gadgebaba College of Engineering & Technology, Bhusawal",517037210.0,Electronics and Telecommunication Engg,Bhusawal
5170,"Hindi Seva Mandal's Shri Sant Gadgebaba College of Engineering & Technology, Bhusawal",517061210.0,Mechanical Engineering,Bhusawal
5170,"Hindi Seva Mandal's Shri Sant Gadgebaba College of Engineering & Technology, Bhusawal",517091210.0,Computer Science and Engineering(Data Science),Bhusawal
5171,"Godavari Foundation's Godavari College Of Engineering,  Jalgaon",517124510.0,Computer Engineering,Jalgaon
5171,"Godavari Foundation's Godavari College Of Engineering,  Jalgaon",517126310.0,Artificial Intelligence (AI) and Data Science,Jalgaon
5171,"Godavari Foundation's Godavari College Of Engineering,  Jalgaon",517129310.0,Electrical Engineering,Jalgaon
5171,"Godavari Foundation's Godavari College Of Engineering,  Jalgaon",517137210.0,Electronics and Telecommunication Engg,Jalgaon
5171,"Godavari Foundation's Godavari College Of Engineering,  Jalgaon",517161210.0,Mechanical Engineering,Jalgaon
5172,"R. C. Patel Institute of Technology, Shirpur",517219110.0,Civil Engineering,Shirpur
5172,"R. C. Patel Institute of Technology, Shirpur",517224510.0,Computer Engineering,Shirpur
5172,"R. C. Patel Institute of Technology, Shirpur",517224610.0,Information Technology,Shirpur
5172,"R. C. Patel Institute of Technology, Shirpur",517229310.0,Electrical Engineering,Shirpur
5172,"R. C. Patel Institute of Technology, Shirpur",517237210.0,Electronics and Telecommunication Engg,Shirpur
5172,"R. C. Patel Institute of Technology, Shirpur",517261210.0,Mechanical Engineering,Shirpur
5172,"R. C. Patel Institute of Technology, Shirpur",517291210.0,Computer Science and Engineering(Data Science),Shirpur
5172,"R. C. Patel Institute of Technology, Shirpur",517292110.0,Artificial Intelligence and Machine Learning,Shirpur
5172,"R. C. Patel Institute of Technology, Shirpur",517299510.0,Artificial Intelligence and Data Science,Shirpur
5173,"SNJB's Late Sau. Kantabai Bhavarlalji Jain College of Engineering,  (Jain Gurukul), Neminagar,Chandwad,(Nashik)",517319110.0,Civil Engineering,Nashik
5173,"SNJB's Late Sau. Kantabai Bhavarlalji Jain College of Engineering,  (Jain Gurukul), Neminagar,Chandwad,(Nashik)",517324510.0,Computer Engineering,Nashik
5173,"SNJB's Late Sau. Kantabai Bhavarlalji Jain College of Engineering,  (Jain Gurukul), Neminagar,Chandwad,(Nashik)",517337210.0,Electronics and Telecommunication Engg,Nashik
5173,"SNJB's Late Sau. Kantabai Bhavarlalji Jain College of Engineering,  (Jain Gurukul), Neminagar,Chandwad,(Nashik)",517361210.0,Mechanical Engineering,Nashik
5173,"SNJB's Late Sau. Kantabai Bhavarlalji Jain College of Engineering,  (Jain Gurukul), Neminagar,Chandwad,(Nashik)",517399510.0,Artificial Intelligence and Data Science,Nashik
5177,"Matoshri College of Engineering and Research Centre, Eklahare, Nashik",517719110.0,Civil Engineering,Nashik
5177,"Matoshri College of Engineering and Research Centre, Eklahare, Nashik",517724510.0,Computer Engineering,Nashik
5177,"Matoshri College of Engineering and Research Centre, Eklahare, Nashik",517724610.0,Information Technology,Nashik
5177,"Matoshri College of Engineering and Research Centre, Eklahare, Nashik",517729310.0,Electrical Engineering,Nashik
5177,"Matoshri College of Engineering and Research Centre, Eklahare, Nashik",517737210.0,Electronics and Telecommunication Engg,Nashik
5177,"Matoshri College of Engineering and Research Centre, Eklahare, Nashik",517761210.0,Mechanical Engineering,Nashik
5177,"Matoshri College of Engineering and Research Centre, Eklahare, Nashik",517784410.0,Electronics and Computer Engineering,Nashik
5177,"Matoshri College of Engineering and Research Centre, Eklahare, Nashik",517799510.0,Artificial Intelligence and Data Science,Nashik
5179,"Vishwabharati Academy's College of Engineering, Ahmednagar",517919110.0,Civil Engineering,Ahmednagar
5179,"Vishwabharati Academy's College of Engineering, Ahmednagar",517924510.0,Computer Engineering,Ahmednagar
5179,"Vishwabharati Academy's College of Engineering, Ahmednagar",517926310.0,Artificial Intelligence (AI) and Data Science,Ahmednagar
5179,"Vishwabharati Academy's College of Engineering, Ahmednagar",517929310.0,Electrical Engineering,Ahmednagar
5179,"Vishwabharati Academy's College of Engineering, Ahmednagar",517961210.0,Mechanical Engineering,Ahmednagar
5179,"Vishwabharati Academy's College of Engineering, Ahmednagar",517984410.0,Electronics and Computer Engineering,Ahmednagar
5179,"Vishwabharati Academy's College of Engineering, Ahmednagar",517992110.0,Artificial Intelligence and Machine Learning,Ahmednagar
5181,"Gokhale Education Society's, R.H. Sapat College of Engineering, Management Studies and Research, Nashik",518119110.0,Civil Engineering,Nashik
5181,"Gokhale Education Society's, R.H. Sapat College of Engineering, Management Studies and Research, Nashik",518124510.0,Computer Engineering,Nashik
5181,"Gokhale Education Society's, R.H. Sapat College of Engineering, Management Studies and Research, Nashik",518129310.0,Electrical Engineering,Nashik
5181,"Gokhale Education Society's, R.H. Sapat College of Engineering, Management Studies and Research, Nashik",518137210.0,Electronics and Telecommunication Engg,Nashik
5181,"Gokhale Education Society's, R.H. Sapat College of Engineering, Management Studies and Research, Nashik",518161210.0,Mechanical Engineering,Nashik
5181,"Gokhale Education Society's, R.H. Sapat College of Engineering, Management Studies and Research, Nashik",518199510.0,Artificial Intelligence and Data Science,Nashik
5182,"Kalyani Charitable Trust, Late Gambhirrao Natuba Sapkal College of Engineering, Anjaneri, Trimbakeshwar Road, Nashik",518219110.0,Civil Engineering,Nashik
5182,"Kalyani Charitable Trust, Late Gambhirrao Natuba Sapkal College of Engineering, Anjaneri, Trimbakeshwar Road, Nashik",518224510.0,Computer Engineering,Nashik
5182,"Kalyani Charitable Trust, Late Gambhirrao Natuba Sapkal College of Engineering, Anjaneri, Trimbakeshwar Road, Nashik",518226310.0,Artificial Intelligence (AI) and Data Science,Nashik
5182,"Kalyani Charitable Trust, Late Gambhirrao Natuba Sapkal College of Engineering, Anjaneri, Trimbakeshwar Road, Nashik",518229310.0,Electrical Engineering,Nashik
5182,"Kalyani Charitable Trust, Late Gambhirrao Natuba Sapkal College of Engineering, Anjaneri, Trimbakeshwar Road, Nashik",518237210.0,Electronics and Telecommunication Engg,Nashik
5182,"Kalyani Charitable Trust, Late Gambhirrao Natuba Sapkal College of Engineering, Anjaneri, Trimbakeshwar Road, Nashik",518261210.0,Mechanical Engineering,Nashik
5184,"Amruta Vaishnavi Education & Welfare Trust's Shatabdi Institute of Engineering & Research, Agaskhind Tal. Sinnar",518419110.0,Civil Engineering,Agaskhind Tal. Sinnar
5184,"Amruta Vaishnavi Education & Welfare Trust's Shatabdi Institute of Engineering & Research, Agaskhind Tal. Sinnar",518424510.0,Computer Engineering,Agaskhind Tal. Sinnar
5184,"Amruta Vaishnavi Education & Welfare Trust's Shatabdi Institute of Engineering & Research, Agaskhind Tal. Sinnar",518429310.0,Electrical Engineering,Agaskhind Tal. Sinnar
5184,"Amruta Vaishnavi Education & Welfare Trust's Shatabdi Institute of Engineering & Research, Agaskhind Tal. Sinnar",518437210.0,Electronics and Telecommunication Engg,Agaskhind Tal. Sinnar
5184,"Amruta Vaishnavi Education & Welfare Trust's Shatabdi Institute of Engineering & Research, Agaskhind Tal. Sinnar",518461210.0,Mechanical Engineering,Agaskhind Tal. Sinnar
5223,"SMT. SHARCHCHANDRIKA SURESH PATIL INSTITUTE OF TECHNOLOGY (ENGINEERING & POLYTECHNIC), CHOPDA",522324510.0,Computer Engineering,CHOPDA
5223,"SMT. SHARCHCHANDRIKA SURESH PATIL INSTITUTE OF TECHNOLOGY (ENGINEERING & POLYTECHNIC), CHOPDA",522329310.0,Electrical Engineering,CHOPDA
5223,"SMT. SHARCHCHANDRIKA SURESH PATIL INSTITUTE OF TECHNOLOGY (ENGINEERING & POLYTECHNIC), CHOPDA",522337210.0,Electronics and Telecommunication Engg,CHOPDA
5223,"SMT. SHARCHCHANDRIKA SURESH PATIL INSTITUTE OF TECHNOLOGY (ENGINEERING & POLYTECHNIC), CHOPDA",522361210.0,Mechanical Engineering,CHOPDA
5239,JAMIA INSTITUTE OF TECHNOLOGY,523919110.0,Civil Engineering,TECHNOLOGY
5239,JAMIA INSTITUTE OF TECHNOLOGY,523929310.0,Electrical Engineering,TECHNOLOGY
5239,JAMIA INSTITUTE OF TECHNOLOGY,523961210.0,Mechanical Engineering,TECHNOLOGY
5244,"MET's Institute of Technology Polytechnic, Bhujbal Knowledge City, Adgaon Nashik",524424210.0,Computer Science and Engineering,Adgaon Nashik
5244,"MET's Institute of Technology Polytechnic, Bhujbal Knowledge City, Adgaon Nashik",524425710.0,Computer Science and Design,Adgaon Nashik
5244,"MET's Institute of Technology Polytechnic, Bhujbal Knowledge City, Adgaon Nashik",524429710.0,Electrical and Electronics Engineering,Adgaon Nashik
5244,"MET's Institute of Technology Polytechnic, Bhujbal Knowledge City, Adgaon Nashik",524491610.0,Automation and Robotics,Adgaon Nashik
5244,"MET's Institute of Technology Polytechnic, Bhujbal Knowledge City, Adgaon Nashik",524492210.0,Civil and Environmental Engineering,Adgaon Nashik
5249,"Trimurti Shikshan Prasarak Mandal, Trimurti Institute Of Technology, Paladhi Bk, Jalgaon",524919110.0,Civil Engineering,Jalgaon
5249,"Trimurti Shikshan Prasarak Mandal, Trimurti Institute Of Technology, Paladhi Bk, Jalgaon",524924510.0,Computer Engineering,Jalgaon
5249,"Trimurti Shikshan Prasarak Mandal, Trimurti Institute Of Technology, Paladhi Bk, Jalgaon",524929310.0,Electrical Engineering,Jalgaon
5249,"Trimurti Shikshan Prasarak Mandal, Trimurti Institute Of Technology, Paladhi Bk, Jalgaon",524961210.0,Mechanical Engineering,Jalgaon
5256,Matoshri Aasarabai Institute of Technology and Research Centre,525624510.0,Computer Engineering,Centre
5256,Matoshri Aasarabai Institute of Technology and Research Centre,525624610.0,Information Technology,Centre
5256,Matoshri Aasarabai Institute of Technology and Research Centre,525684410.0,Electronics and Computer Engineering,Centre
5263,"Matoshri Education Soceity, Matoshri Institute Of Technology, Dhanore, Nashik",526324510.0,Computer Engineering,Nashik
5263,"Matoshri Education Soceity, Matoshri Institute Of Technology, Dhanore, Nashik",526329310.0,Electrical Engineering,Nashik
5263,"Matoshri Education Soceity, Matoshri Institute Of Technology, Dhanore, Nashik",526337210.0,Electronics and Telecommunication Engg,Nashik
5263,"Matoshri Education Soceity, Matoshri Institute Of Technology, Dhanore, Nashik",526361210.0,Mechanical Engineering,Nashik
5303,"Hon. Shri. Babanrao Pachpute Vichardhara Trust, Group of Institutions (Integrated Campus)-Parikrama, Kashti Shrigondha,",530319110.0,Civil Engineering,
5303,"Hon. Shri. Babanrao Pachpute Vichardhara Trust, Group of Institutions (Integrated Campus)-Parikrama, Kashti Shrigondha,",530324510.0,Computer Engineering,
5303,"Hon. Shri. Babanrao Pachpute Vichardhara Trust, Group of Institutions (Integrated Campus)-Parikrama, Kashti Shrigondha,",530329310.0,Electrical Engineering,
5303,"Hon. Shri. Babanrao Pachpute Vichardhara Trust, Group of Institutions (Integrated Campus)-Parikrama, Kashti Shrigondha,",530361210.0,Mechanical Engineering,
5303,"Hon. Shri. Babanrao Pachpute Vichardhara Trust, Group of Institutions (Integrated Campus)-Parikrama, Kashti Shrigondha,",530384410.0,Electronics and Computer Engineering,
5303,"Hon. Shri. Babanrao Pachpute Vichardhara Trust, Group of Institutions (Integrated Campus)-Parikrama, Kashti Shrigondha,",530399510.0,Artificial Intelligence and Data Science,
5330,"PUNE VIDYARTHI GRIHA’S COLLEGE OF ENGINEERING & SHRIKRUSHNA S. DHAMANKAR INSTITUTE OF MANAGEMENT, NASHIK",533024510.0,Computer Engineering,NASHIK
5330,"PUNE VIDYARTHI GRIHA’S COLLEGE OF ENGINEERING & SHRIKRUSHNA S. DHAMANKAR INSTITUTE OF MANAGEMENT, NASHIK",533024610.0,Information Technology,NASHIK
5330,"PUNE VIDYARTHI GRIHA’S COLLEGE OF ENGINEERING & SHRIKRUSHNA S. DHAMANKAR INSTITUTE OF MANAGEMENT, NASHIK",533037210.0,Electronics and Telecommunication Engg,NASHIK
5330,"PUNE VIDYARTHI GRIHA’S COLLEGE OF ENGINEERING & SHRIKRUSHNA S. DHAMANKAR INSTITUTE OF MANAGEMENT, NASHIK",533061210.0,Mechanical Engineering,NASHIK
5330,"PUNE VIDYARTHI GRIHA’S COLLEGE OF ENGINEERING & SHRIKRUSHNA S. DHAMANKAR INSTITUTE OF MANAGEMENT, NASHIK",533099510.0,Artificial Intelligence and Data Science,NASHIK
5331,"Sandip Foundation's, Sandip Institute of Engineering & Management, Nashik",533119110.0,Civil Engineering,Nashik
5331,"Sandip Foundation's, Sandip Institute of Engineering & Management, Nashik",533124510.0,Computer Engineering,Nashik
5331,"Sandip Foundation's, Sandip Institute of Engineering & Management, Nashik",533124610.0,Information Technology,Nashik
5331,"Sandip Foundation's, Sandip Institute of Engineering & Management, Nashik",533129310.0,Electrical Engineering,Nashik
5331,"Sandip Foundation's, Sandip Institute of Engineering & Management, Nashik",533137210.0,Electronics and Telecommunication Engg,Nashik
5331,"Sandip Foundation's, Sandip Institute of Engineering & Management, Nashik",533161210.0,Mechanical Engineering,Nashik
5331,"Sandip Foundation's, Sandip Institute of Engineering & Management, Nashik",533191610.0,Automation and Robotics,Nashik
5331,"Sandip Foundation's, Sandip Institute of Engineering & Management, Nashik",533199510.0,Artificial Intelligence and Data Science,Nashik
5365,"Vardhaman Education & Welfare Society, Ahinsa Institute of Technology, Post. Dondaicha,  Dhule",536519110.0,Civil Engineering,Dhule
5365,"Vardhaman Education & Welfare Society, Ahinsa Institute of Technology, Post. Dondaicha,  Dhule",536525110.0,Computer Technology,Dhule
5365,"Vardhaman Education & Welfare Society, Ahinsa Institute of Technology, Post. Dondaicha,  Dhule",536529310.0,Electrical Engineering,Dhule
5365,"Vardhaman Education & Welfare Society, Ahinsa Institute of Technology, Post. Dondaicha,  Dhule",536561210.0,Mechanical Engineering,Dhule
5365,"Vardhaman Education & Welfare Society, Ahinsa Institute of Technology, Post. Dondaicha,  Dhule",536584410.0,Electronics and Computer Engineering,Dhule
5365,"Vardhaman Education & Welfare Society, Ahinsa Institute of Technology, Post. Dondaicha,  Dhule",536592110.0,Artificial Intelligence and Machine Learning,Dhule
5370,"Kedareshwar Gramin Vikas Pratishthan, Samajbhushan Eknathrao Dhakane  College, of Engineering, Shevgaon",537019110.0,Civil Engineering,Shevgaon
5370,"Kedareshwar Gramin Vikas Pratishthan, Samajbhushan Eknathrao Dhakane  College, of Engineering, Shevgaon",537024510.0,Computer Engineering,Shevgaon
5370,"Kedareshwar Gramin Vikas Pratishthan, Samajbhushan Eknathrao Dhakane  College, of Engineering, Shevgaon",537029310.0,Electrical Engineering,Shevgaon
5370,"Kedareshwar Gramin Vikas Pratishthan, Samajbhushan Eknathrao Dhakane  College, of Engineering, Shevgaon",537061210.0,Mechanical Engineering,Shevgaon
5370,"Kedareshwar Gramin Vikas Pratishthan, Samajbhushan Eknathrao Dhakane  College, of Engineering, Shevgaon",537099510.0,Artificial Intelligence and Data Science,Shevgaon
5380,"Adsul's Technical Campus, Chas Dist. Ahmednagar",538019110.0,Civil Engineering,Chas Dist. Ahmednagar
5380,"Adsul's Technical Campus, Chas Dist. Ahmednagar",538024510.0,Computer Engineering,Chas Dist. Ahmednagar
5380,"Adsul's Technical Campus, Chas Dist. Ahmednagar",538024610.0,Information Technology,Chas Dist. Ahmednagar
5380,"Adsul's Technical Campus, Chas Dist. Ahmednagar",538029310.0,Electrical Engineering,Chas Dist. Ahmednagar
5380,"Adsul's Technical Campus, Chas Dist. Ahmednagar",538037210.0,Electronics and Telecommunication Engg,Chas Dist. Ahmednagar
5380,"Adsul's Technical Campus, Chas Dist. Ahmednagar",538061210.0,Mechanical Engineering,Chas Dist. Ahmednagar
5380,"Adsul's Technical Campus, Chas Dist. Ahmednagar",538099510.0,Artificial Intelligence and Data Science,Chas Dist. Ahmednagar
5381,"Shri. Jaykumar Rawal Institute of Technology, Dondaicha.",538119110.0,Civil Engineering,Dondaicha
5381,"Shri. Jaykumar Rawal Institute of Technology, Dondaicha.",538124210.0,Computer Science and Engineering,Dondaicha
5381,"Shri. Jaykumar Rawal Institute of Technology, Dondaicha.",538129310.0,Electrical Engineering,Dondaicha
5381,"Shri. Jaykumar Rawal Institute of Technology, Dondaicha.",538161210.0,Mechanical Engineering,Dondaicha
5381,"Shri. Jaykumar Rawal Institute of Technology, Dondaicha.",538199510.0,Artificial Intelligence and Data Science,Dondaicha
5382,"Ahmednagar Jilha Maratha Vidya Prasarak Samajache, Shri. Chhatrapati Shivaji Maharaj College of Engineering, Nepti",538219110.0,Civil Engineering,Nepti
5382,"Ahmednagar Jilha Maratha Vidya Prasarak Samajache, Shri. Chhatrapati Shivaji Maharaj College of Engineering, Nepti",538221910.0,Robotics and Automation,Nepti
5382,"Ahmednagar Jilha Maratha Vidya Prasarak Samajache, Shri. Chhatrapati Shivaji Maharaj College of Engineering, Nepti",538224510.0,Computer Engineering,Nepti
5382,"Ahmednagar Jilha Maratha Vidya Prasarak Samajache, Shri. Chhatrapati Shivaji Maharaj College of Engineering, Nepti",538226310.0,Artificial Intelligence (AI) and Data Science,Nepti
5382,"Ahmednagar Jilha Maratha Vidya Prasarak Samajache, Shri. Chhatrapati Shivaji Maharaj College of Engineering, Nepti",538237210.0,Electronics and Telecommunication Engg,Nepti
5382,"Ahmednagar Jilha Maratha Vidya Prasarak Samajache, Shri. Chhatrapati Shivaji Maharaj College of Engineering, Nepti",538261210.0,Mechanical Engineering,Nepti
5382,"Ahmednagar Jilha Maratha Vidya Prasarak Samajache, Shri. Chhatrapati Shivaji Maharaj College of Engineering, Nepti",538292110.0,Artificial Intelligence and Machine Learning,Nepti
5390,"K.V.N. Naik S. P. Sansth's Loknete Gopinathji Munde Institute of Engineering Education & Research, Nashik.",539019110.0,Civil Engineering,Nashik
5390,"K.V.N. Naik S. P. Sansth's Loknete Gopinathji Munde Institute of Engineering Education & Research, Nashik.",539024510.0,Computer Engineering,Nashik
5390,"K.V.N. Naik S. P. Sansth's Loknete Gopinathji Munde Institute of Engineering Education & Research, Nashik.",539024610.0,Information Technology,Nashik
5390,"K.V.N. Naik S. P. Sansth's Loknete Gopinathji Munde Institute of Engineering Education & Research, Nashik.",539029310.0,Electrical Engineering,Nashik
5390,"K.V.N. Naik S. P. Sansth's Loknete Gopinathji Munde Institute of Engineering Education & Research, Nashik.",539061210.0,Mechanical Engineering,Nashik
5390,"K.V.N. Naik S. P. Sansth's Loknete Gopinathji Munde Institute of Engineering Education & Research, Nashik.",539092110.0,Artificial Intelligence and Machine Learning,Nashik
5395,Ashok Institute of Engineering & Technology,539524510.0,Computer Engineering,Technology
5395,Ashok Institute of Engineering & Technology,539537210.0,Electronics and Telecommunication Engg,Technology
5395,Ashok Institute of Engineering & Technology,539561210.0,Mechanical Engineering,Technology
5396,"College of Engineering and Technology ,North Maharashtra Knowledge City, Jalgaon",539619110.0,Civil Engineering,Jalgaon
5396,"College of Engineering and Technology ,North Maharashtra Knowledge City, Jalgaon",539624510.0,Computer Engineering,Jalgaon
5396,"College of Engineering and Technology ,North Maharashtra Knowledge City, Jalgaon",539629310.0,Electrical Engineering,Jalgaon
5396,"College of Engineering and Technology ,North Maharashtra Knowledge City, Jalgaon",539661210.0,Mechanical Engineering,Jalgaon
5399,"Sanghavi College of Engineering, Varvandi, Nashik.",539919110.0,Civil Engineering,Nashik
5399,"Sanghavi College of Engineering, Varvandi, Nashik.",539924510.0,Computer Engineering,Nashik
5399,"Sanghavi College of Engineering, Varvandi, Nashik.",539924610.0,Information Technology,Nashik
5399,"Sanghavi College of Engineering, Varvandi, Nashik.",539929310.0,Electrical Engineering,Nashik
5399,"Sanghavi College of Engineering, Varvandi, Nashik.",539961210.0,Mechanical Engineering,Nashik
5399,"Sanghavi College of Engineering, Varvandi, Nashik.",539992110.0,Artificial Intelligence and Machine Learning,Nashik
5401,"Jawahar Education Society's Institute of Technology, Management & Research, Nashik.",540119110.0,Civil Engineering,Nashik
5401,"Jawahar Education Society's Institute of Technology, Management & Research, Nashik.",540124510.0,Computer Engineering,Nashik
5401,"Jawahar Education Society's Institute of Technology, Management & Research, Nashik.",540124610.0,Information Technology,Nashik
5401,"Jawahar Education Society's Institute of Technology, Management & Research, Nashik.",540126310.0,Artificial Intelligence (AI) and Data Science,Nashik
5401,"Jawahar Education Society's Institute of Technology, Management & Research, Nashik.",540129310.0,Electrical Engineering,Nashik
5401,"Jawahar Education Society's Institute of Technology, Management & Research, Nashik.",540161210.0,Mechanical Engineering,Nashik
5401,"Jawahar Education Society's Institute of Technology, Management & Research, Nashik.",540184410.0,Electronics and Computer Engineering,Nashik
5401,"Jawahar Education Society's Institute of Technology, Management & Research, Nashik.",540191610.0,Automation and Robotics,Nashik
5408,"Vidya Niketan College of Engineering, Bota Sangamner",540819110.0,Civil Engineering,Bota Sangamner
5408,"Vidya Niketan College of Engineering, Bota Sangamner",540824510.0,Computer Engineering,Bota Sangamner
5408,"Vidya Niketan College of Engineering, Bota Sangamner",540829310.0,Electrical Engineering,Bota Sangamner
5408,"Vidya Niketan College of Engineering, Bota Sangamner",540837210.0,Electronics and Telecommunication Engg,Bota Sangamner
5408,"Vidya Niketan College of Engineering, Bota Sangamner",540861210.0,Mechanical Engineering,Bota Sangamner
5408,"Vidya Niketan College of Engineering, Bota Sangamner",540884410.0,Electronics and Computer Engineering,Bota Sangamner
5408,"Vidya Niketan College of Engineering, Bota Sangamner",540899510.0,Artificial Intelligence and Data Science,Bota Sangamner
5409,"Rajiv Gandhi College of Engineering, At Post Karjule Hariya Tal.Parner, Dist.Ahmednagar",540924510.0,Computer Engineering,Dist.Ahmednagar
5409,"Rajiv Gandhi College of Engineering, At Post Karjule Hariya Tal.Parner, Dist.Ahmednagar",540929310.0,Electrical Engineering,Dist.Ahmednagar
5409,"Rajiv Gandhi College of Engineering, At Post Karjule Hariya Tal.Parner, Dist.Ahmednagar",540937210.0,Electronics and Telecommunication Engg,Dist.Ahmednagar
5409,"Rajiv Gandhi College of Engineering, At Post Karjule Hariya Tal.Parner, Dist.Ahmednagar",540961210.0,Mechanical Engineering,Dist.Ahmednagar
5411,"Maulana Mukhtar Ahmad Nadvi Technical Campus, Malegaon.",541119110.0,Civil Engineering,Malegaon
5411,"Maulana Mukhtar Ahmad Nadvi Technical Campus, Malegaon.",541124510.0,Computer Engineering,Malegaon
5411,"Maulana Mukhtar Ahmad Nadvi Technical Campus, Malegaon.",541129310.0,Electrical Engineering,Malegaon
5411,"Maulana Mukhtar Ahmad Nadvi Technical Campus, Malegaon.",541137210.0,Electronics and Telecommunication Engg,Malegaon
5411,"Maulana Mukhtar Ahmad Nadvi Technical Campus, Malegaon.",541161210.0,Mechanical Engineering,Malegaon
5413,"Netaji Subhashchandra Bose Edu Trust,Netaji Polytechnic.,Dhule",541319110.0,Civil Engineering,Dhule
5413,"Netaji Subhashchandra Bose Edu Trust,Netaji Polytechnic.,Dhule",541324510.0,Computer Engineering,Dhule
5413,"Netaji Subhashchandra Bose Edu Trust,Netaji Polytechnic.,Dhule",541329310.0,Electrical Engineering,Dhule
5413,"Netaji Subhashchandra Bose Edu Trust,Netaji Polytechnic.,Dhule",541361210.0,Mechanical Engineering,Dhule
5413,"Netaji Subhashchandra Bose Edu Trust,Netaji Polytechnic.,Dhule",541392110.0,Artificial Intelligence and Machine Learning,Dhule
5414,"Nikam Institute of Technology And Management Studies ,Dhule",541419110.0,Civil Engineering,Dhule
5414,"Nikam Institute of Technology And Management Studies ,Dhule",541424510.0,Computer Engineering,Dhule
5414,"Nikam Institute of Technology And Management Studies ,Dhule",541426310.0,Artificial Intelligence (AI) and Data Science,Dhule
5414,"Nikam Institute of Technology And Management Studies ,Dhule",541429310.0,Electrical Engineering,Dhule
5414,"Nikam Institute of Technology And Management Studies ,Dhule",541437210.0,Electronics and Telecommunication Engg,Dhule
5414,"Nikam Institute of Technology And Management Studies ,Dhule",541461210.0,Mechanical Engineering,Dhule
5418,"Guru Gobind Singh College of Engineering & Research Centre, Nashik.",541819110.0,Civil Engineering,Nashik
5418,"Guru Gobind Singh College of Engineering & Research Centre, Nashik.",541824510.0,Computer Engineering,Nashik
5418,"Guru Gobind Singh College of Engineering & Research Centre, Nashik.",541826310.0,Artificial Intelligence (AI) and Data Science,Nashik
5418,"Guru Gobind Singh College of Engineering & Research Centre, Nashik.",541829310.0,Electrical Engineering,Nashik
5418,"Guru Gobind Singh College of Engineering & Research Centre, Nashik.",541861210.0,Mechanical Engineering,Nashik
5418,"Guru Gobind Singh College of Engineering & Research Centre, Nashik.",541891610.0,Automation and Robotics,Nashik
5433,"R.C. Patel College of Engineering and Polytechnic, Shirpur",543324510.0,Computer Engineering,Shirpur
5433,"R.C. Patel College of Engineering and Polytechnic, Shirpur",543324610.0,Information Technology,Shirpur
5433,"R.C. Patel College of Engineering and Polytechnic, Shirpur",543384410.0,Electronics and Computer Engineering,Shirpur
5433,"R.C. Patel College of Engineering and Polytechnic, Shirpur",543392110.0,Artificial Intelligence and Machine Learning,Shirpur
5497,"P.G. College of Engineering & Technology, Nandurbar",549719110.0,Civil Engineering,Nandurbar
5497,"P.G. College of Engineering & Technology, Nandurbar",549724510.0,Computer Engineering,Nandurbar
5497,"P.G. College of Engineering & Technology, Nandurbar",549761210.0,Mechanical Engineering,Nandurbar
5497,"P.G. College of Engineering & Technology, Nandurbar",549791710.0,Data Science,Nandurbar
5509,"Shri Swami Samarth Institute of Management and Technology, Malwadi-Bota",550924510.0,Computer Engineering,Malwadi-Bota
5509,"Shri Swami Samarth Institute of Management and Technology, Malwadi-Bota",550924610.0,Information Technology,Malwadi-Bota
5509,"Shri Swami Samarth Institute of Management and Technology, Malwadi-Bota",550929310.0,Electrical Engineering,Malwadi-Bota
5509,"Shri Swami Samarth Institute of Management and Technology, Malwadi-Bota",550937210.0,Electronics and Telecommunication Engg,Malwadi-Bota
5509,"Shri Swami Samarth Institute of Management and Technology, Malwadi-Bota",550961210.0,Mechanical Engineering,Malwadi-Bota
5509,"Shri Swami Samarth Institute of Management and Technology, Malwadi-Bota",550999510.0,Artificial Intelligence and Data Science,Malwadi-Bota
5513,"MKD Institute of Technology, Nadurbar",551319110.0,Civil Engineering,Nadurbar
5513,"MKD Institute of Technology, Nadurbar",551324510.0,Computer Engineering,Nadurbar
5513,"MKD Institute of Technology, Nadurbar",551329310.0,Electrical Engineering,Nadurbar
5513,"MKD Institute of Technology, Nadurbar",551337210.0,Electronics and Telecommunication Engg,Nadurbar
5513,"MKD Institute of Technology, Nadurbar",551399510.0,Artificial Intelligence and Data Science,Nadurbar
5545,"Shri Vile Parle Kelavani Mandal's College of Engineering, Shirpur",554524210.0,Computer Science and Engineering,Shirpur
5545,"Shri Vile Parle Kelavani Mandal's College of Engineering, Shirpur",554524610.0,Information Technology,Shirpur
5545,"Shri Vile Parle Kelavani Mandal's College of Engineering, Shirpur",554584410.0,Electronics and Computer Engineering,Shirpur
5545,"Shri Vile Parle Kelavani Mandal's College of Engineering, Shirpur",554591710.0,Data Science,Shirpur
5597,VAMANRAO ITHAPE COLLEGE OF ENGINEERING AND MANAGEMENT,559724510.0,Computer Engineering,MANAGEMENT
5597,VAMANRAO ITHAPE COLLEGE OF ENGINEERING AND MANAGEMENT,559729310.0,Electrical Engineering,MANAGEMENT
5597,VAMANRAO ITHAPE COLLEGE OF ENGINEERING AND MANAGEMENT,559737210.0,Electronics and Telecommunication Engg,MANAGEMENT
5597,VAMANRAO ITHAPE COLLEGE OF ENGINEERING AND MANAGEMENT,559761210.0,Mechanical Engineering,MANAGEMENT
5597,VAMANRAO ITHAPE COLLEGE OF ENGINEERING AND MANAGEMENT,559799710.0,Artificial Intelligence,MANAGEMENT
5682,Sai College of Engineering and Technology,568224210.0,Computer Science and Engineering,Technology
5682,Sai College of Engineering and Technology,568229310.0,Electrical Engineering,Technology
5682,Sai College of Engineering and Technology,568261210.0,Mechanical Engineering,Technology
5682,Sai College of Engineering and Technology,568291110.0,Computer Science and Engineering(Artificial Intelligence and Machine Learning),Technology
5683,Saptashrungi College of Engineering and Polytechnic,568324210.0,Computer Science and Engineering,Polytechnic
5683,Saptashrungi College of Engineering and Polytechnic,568329310.0,Electrical Engineering,Polytechnic
5683,Saptashrungi College of Engineering and Polytechnic,568361210.0,Mechanical Engineering,Polytechnic
5683,Saptashrungi College of Engineering and Polytechnic,568391110.0,Computer Science and Engineering(Artificial Intelligence and Machine Learning),Polytechnic
5686,Loknete Suhas Dwarkanath Kande College of Engineering Management and Research,568619110.0,Civil Engineering,Research
5686,Loknete Suhas Dwarkanath Kande College of Engineering Management and Research,568624510.0,Computer Engineering,Research
5686,Loknete Suhas Dwarkanath Kande College of Engineering Management and Research,568629310.0,Electrical Engineering,Research
5686,Loknete Suhas Dwarkanath Kande College of Engineering Management and Research,568661210.0,Mechanical Engineering,Research
5686,Loknete Suhas Dwarkanath Kande College of Engineering Management and Research,568692110.0,Artificial Intelligence and Machine Learning,Research
6004,"Government College of Engineering & Research, Avasari Khurd",600419110.0,Civil Engineering,Avasari Khurd
6004,"Government College of Engineering & Research, Avasari Khurd",600424510.0,Computer Engineering,Avasari Khurd
6004,"Government College of Engineering & Research, Avasari Khurd",600437210.0,Electronics and Telecommunication Engg,Avasari Khurd
6004,"Government College of Engineering & Research, Avasari Khurd",600446410.0,Instrumentation and Control Engineering,Avasari Khurd
6004,"Government College of Engineering & Research, Avasari Khurd",600460210.0,Automobile Engineering,Avasari Khurd
6004,"Government College of Engineering & Research, Avasari Khurd",600461210.0,Mechanical Engineering,Avasari Khurd
6005,"Government College of Engineering, Karad",600519110.0,Civil Engineering,Karad
6005,"Government College of Engineering, Karad",600524610.0,Information Technology,Karad
6005,"Government College of Engineering, Karad",600529310.0,Electrical Engineering,Karad
6005,"Government College of Engineering, Karad",600537210.0,Electronics and Telecommunication Engg,Karad
6005,"Government College of Engineering, Karad",600561210.0,Mechanical Engineering,Karad
6007,"Walchand College of Engineering, Sangli",600719110.0,Civil Engineering,Sangli
6007,"Walchand College of Engineering, Sangli",600724210.0,Computer Science and Engineering,Sangli
6007,"Walchand College of Engineering, Sangli",600724610.0,Information Technology,Sangli
6007,"Walchand College of Engineering, Sangli",600729310.0,Electrical Engineering,Sangli
6007,"Walchand College of Engineering, Sangli",600737610.0,Electronics Engineering,Sangli
6007,"Walchand College of Engineering, Sangli",600761210.0,Mechanical Engineering,Sangli
6028,SHIVAJI UNIVERSITY SCHOOL OF ENGINEERING AND TECHNOLOGY (DEPARTMENT OF TECHNOLOGY),602819110.0,Civil Engineering,TECHNOLOGY
6028,SHIVAJI UNIVERSITY SCHOOL OF ENGINEERING AND TECHNOLOGY (DEPARTMENT OF TECHNOLOGY),602825410.0,Computer Science and Technology,TECHNOLOGY
6028,SHIVAJI UNIVERSITY SCHOOL OF ENGINEERING AND TECHNOLOGY (DEPARTMENT OF TECHNOLOGY),602837210.0,Electronics and Telecommunication Engg,TECHNOLOGY
6028,SHIVAJI UNIVERSITY SCHOOL OF ENGINEERING AND TECHNOLOGY (DEPARTMENT OF TECHNOLOGY),602850310.0,Food Technology,TECHNOLOGY
6028,SHIVAJI UNIVERSITY SCHOOL OF ENGINEERING AND TECHNOLOGY (DEPARTMENT OF TECHNOLOGY),602850710.0,Chemical Engineering,TECHNOLOGY
6028,SHIVAJI UNIVERSITY SCHOOL OF ENGINEERING AND TECHNOLOGY (DEPARTMENT OF TECHNOLOGY),602861210.0,Mechanical Engineering,TECHNOLOGY
6036,"Government College of Engineering, Kolhapur",603624210.0,Computer Science and Engineering,Kolhapur
6036,"Government College of Engineering, Kolhapur",603626310.0,Artificial Intelligence (AI) and Data Science,Kolhapur
6036,"Government College of Engineering, Kolhapur",603629310.0,Electrical Engineering,Kolhapur
6036,"Government College of Engineering, Kolhapur",603637210.0,Electronics and Telecommunication Engg,Kolhapur
6036,"Government College of Engineering, Kolhapur",603661510.0,Mechanical and Automation Engineering,Kolhapur
6041,"Punyashlok Ahilyadevi Holkar Solapur University, Solapur",604108210.0,Bio Technology,Solapur
6041,"Punyashlok Ahilyadevi Holkar Solapur University, Solapur",604125210.0,Cyber Security,Solapur
6041,"Punyashlok Ahilyadevi Holkar Solapur University, Solapur",604138010.0,Nano Science and Technology,Solapur
6041,"Punyashlok Ahilyadevi Holkar Solapur University, Solapur",604150310.0,Food Technology,Solapur
6041,"Punyashlok Ahilyadevi Holkar Solapur University, Solapur",604151510.0,Chemical Technology,Solapur
6041,"Punyashlok Ahilyadevi Holkar Solapur University, Solapur",604172910.0,Surface Coating Technology,Solapur
6041,"Punyashlok Ahilyadevi Holkar Solapur University, Solapur",604191710.0,Data Science,Solapur
6041,"Punyashlok Ahilyadevi Holkar Solapur University, Solapur",604192110.0,Artificial Intelligence and Machine Learning,Solapur
6122,"TSSMS's Pd. Vasantdada Patil Institute of Technology, Bavdhan, Pune",612219110.0,Civil Engineering,Pune
6122,"TSSMS's Pd. Vasantdada Patil Institute of Technology, Bavdhan, Pune",612224510.0,Computer Engineering,Pune
6122,"TSSMS's Pd. Vasantdada Patil Institute of Technology, Bavdhan, Pune",612237210.0,Electronics and Telecommunication Engg,Pune
6122,"TSSMS's Pd. Vasantdada Patil Institute of Technology, Bavdhan, Pune",612261210.0,Mechanical Engineering,Pune
6122,"TSSMS's Pd. Vasantdada Patil Institute of Technology, Bavdhan, Pune",612291210.0,Computer Science and Engineering(Data Science),Pune
6138,"Genba Sopanrao Moze Trust Parvatibai Genba Moze College of Engineering,Wagholi, Pune",613819110.0,Civil Engineering,Pune
6138,"Genba Sopanrao Moze Trust Parvatibai Genba Moze College of Engineering,Wagholi, Pune",613824510.0,Computer Engineering,Pune
6138,"Genba Sopanrao Moze Trust Parvatibai Genba Moze College of Engineering,Wagholi, Pune",613824610.0,Information Technology,Pune
6138,"Genba Sopanrao Moze Trust Parvatibai Genba Moze College of Engineering,Wagholi, Pune",613826310.0,Artificial Intelligence (AI) and Data Science,Pune
6138,"Genba Sopanrao Moze Trust Parvatibai Genba Moze College of Engineering,Wagholi, Pune",613837210.0,Electronics and Telecommunication Engg,Pune
6138,"Genba Sopanrao Moze Trust Parvatibai Genba Moze College of Engineering,Wagholi, Pune",613861210.0,Mechanical Engineering,Pune
6139,"Progressive Education Society's Modern College of Engineering, Pune",613924210.0,Computer Science and Engineering,Pune
6139,"Progressive Education Society's Modern College of Engineering, Pune",613924510.0,Computer Engineering,Pune
6139,"Progressive Education Society's Modern College of Engineering, Pune",613929310.0,Electrical Engineering,Pune
6139,"Progressive Education Society's Modern College of Engineering, Pune",613937210.0,Electronics and Telecommunication Engg,Pune
6139,"Progressive Education Society's Modern College of Engineering, Pune",613961210.0,Mechanical Engineering,Pune
6139,"Progressive Education Society's Modern College of Engineering, Pune",613984410.0,Electronics and Computer Engineering,Pune
6139,"Progressive Education Society's Modern College of Engineering, Pune",613992510.0,Computer Science and Engineering (Artificial Intelligence and Data Science),Pune
6141,"Jaywant Shikshan Prasarak Mandal's,Rajarshi Shahu College of Engineering, Tathawade, Pune",614119110.0,Civil Engineering,Pune
6141,"Jaywant Shikshan Prasarak Mandal's,Rajarshi Shahu College of Engineering, Tathawade, Pune",614124510.0,Computer Engineering,Pune
6141,"Jaywant Shikshan Prasarak Mandal's,Rajarshi Shahu College of Engineering, Tathawade, Pune",614124610.0,Information Technology,Pune
6141,"Jaywant Shikshan Prasarak Mandal's,Rajarshi Shahu College of Engineering, Tathawade, Pune",614126210.0,Computer Science and Business Systems,Pune
6141,"Jaywant Shikshan Prasarak Mandal's,Rajarshi Shahu College of Engineering, Tathawade, Pune",614129310.0,Electrical Engineering,Pune
6141,"Jaywant Shikshan Prasarak Mandal's,Rajarshi Shahu College of Engineering, Tathawade, Pune",614137210.0,Electronics and Telecommunication Engg,Pune
6141,"Jaywant Shikshan Prasarak Mandal's,Rajarshi Shahu College of Engineering, Tathawade, Pune",614161210.0,Mechanical Engineering,Pune
6141,"Jaywant Shikshan Prasarak Mandal's,Rajarshi Shahu College of Engineering, Tathawade, Pune",614191610.0,Automation and Robotics,Pune
6144,"Genba Sopanrao Moze College of Engineering, Baner-Balewadi, Pune",614419110.0,Civil Engineering,Pune
6144,"Genba Sopanrao Moze College of Engineering, Baner-Balewadi, Pune",614424510.0,Computer Engineering,Pune
6144,"Genba Sopanrao Moze College of Engineering, Baner-Balewadi, Pune",614424610.0,Information Technology,Pune
6144,"Genba Sopanrao Moze College of Engineering, Baner-Balewadi, Pune",614437210.0,Electronics and Telecommunication Engg,Pune
6144,"Genba Sopanrao Moze College of Engineering, Baner-Balewadi, Pune",614461210.0,Mechanical Engineering,Pune
6144,"Genba Sopanrao Moze College of Engineering, Baner-Balewadi, Pune",614492110.0,Artificial Intelligence and Machine Learning,Pune
6144,"Genba Sopanrao Moze College of Engineering, Baner-Balewadi, Pune",614499510.0,Artificial Intelligence and Data Science,Pune
6145,"JSPM'S Jaywantrao Sawant College of Engineering,Pune",614524510.0,Computer Engineering,Pune
6145,"JSPM'S Jaywantrao Sawant College of Engineering,Pune",614524610.0,Information Technology,Pune
6145,"JSPM'S Jaywantrao Sawant College of Engineering,Pune",614526310.0,Artificial Intelligence (AI) and Data Science,Pune
6145,"JSPM'S Jaywantrao Sawant College of Engineering,Pune",614529310.0,Electrical Engineering,Pune
6145,"JSPM'S Jaywantrao Sawant College of Engineering,Pune",614537210.0,Electronics and Telecommunication Engg,Pune
6145,"JSPM'S Jaywantrao Sawant College of Engineering,Pune",614561210.0,Mechanical Engineering,Pune
6146,"MIT Academy of Engineering,Alandi, Pune",614619110.0,Civil Engineering,Pune
6146,"MIT Academy of Engineering,Alandi, Pune",614624510.0,Computer Engineering,Pune
6146,"MIT Academy of Engineering,Alandi, Pune",614624610.0,Information Technology,Pune
6146,"MIT Academy of Engineering,Alandi, Pune",614637210.0,Electronics and Telecommunication Engg,Pune
6146,"MIT Academy of Engineering,Alandi, Pune",614650710.0,Chemical Engineering,Pune
6146,"MIT Academy of Engineering,Alandi, Pune",614661210.0,Mechanical Engineering,Pune
6146,"MIT Academy of Engineering,Alandi, Pune",614691110.0,Computer Science and Engineering(Artificial Intelligence and Machine Learning),Pune
6146,"MIT Academy of Engineering,Alandi, Pune",614691210.0,Computer Science and Engineering(Data Science),Pune
6146,"MIT Academy of Engineering,Alandi, Pune",614692710.0,Computer Engineering (Software Engineering),Pune
6149,"Siddhant College of Engineering, A/p Sudumbare, Tal.Maval, Dist-Pune",614919110.0,Civil Engineering,Dist-Pune
6149,"Siddhant College of Engineering, A/p Sudumbare, Tal.Maval, Dist-Pune",614924510.0,Computer Engineering,Dist-Pune
6149,"Siddhant College of Engineering, A/p Sudumbare, Tal.Maval, Dist-Pune",614924610.0,Information Technology,Dist-Pune
6149,"Siddhant College of Engineering, A/p Sudumbare, Tal.Maval, Dist-Pune",614925210.0,Cyber Security,Dist-Pune
6149,"Siddhant College of Engineering, A/p Sudumbare, Tal.Maval, Dist-Pune",614925310.0,Internet of Things (IoT),Dist-Pune
6149,"Siddhant College of Engineering, A/p Sudumbare, Tal.Maval, Dist-Pune",614929310.0,Electrical Engineering,Dist-Pune
6149,"Siddhant College of Engineering, A/p Sudumbare, Tal.Maval, Dist-Pune",614937210.0,Electronics and Telecommunication Engg,Dist-Pune
6149,"Siddhant College of Engineering, A/p Sudumbare, Tal.Maval, Dist-Pune",614961210.0,Mechanical Engineering,Dist-Pune
6149,"Siddhant College of Engineering, A/p Sudumbare, Tal.Maval, Dist-Pune",614984410.0,Electronics and Computer Engineering,Dist-Pune
6149,"Siddhant College of Engineering, A/p Sudumbare, Tal.Maval, Dist-Pune",614992110.0,Artificial Intelligence and Machine Learning,Dist-Pune
6149,"Siddhant College of Engineering, A/p Sudumbare, Tal.Maval, Dist-Pune",614999510.0,Artificial Intelligence and Data Science,Dist-Pune
6155,"G.H.Raisoni College of Engineering & Management, Wagholi, Pune",615519110.0,Civil Engineering,Pune
6155,"G.H.Raisoni College of Engineering & Management, Wagholi, Pune",615524510.0,Computer Engineering,Pune
6155,"G.H.Raisoni College of Engineering & Management, Wagholi, Pune",615524610.0,Information Technology,Pune
6155,"G.H.Raisoni College of Engineering & Management, Wagholi, Pune",615526010.0,Computer Science and Engineering (Cyber Security),Pune
6155,"G.H.Raisoni College of Engineering & Management, Wagholi, Pune",615529310.0,Electrical Engineering,Pune
6155,"G.H.Raisoni College of Engineering & Management, Wagholi, Pune",615537210.0,Electronics and Telecommunication Engg,Pune
6155,"G.H.Raisoni College of Engineering & Management, Wagholi, Pune",615561210.0,Mechanical Engineering,Pune
6155,"G.H.Raisoni College of Engineering & Management, Wagholi, Pune",615591110.0,Computer Science and Engineering(Artificial Intelligence and Machine Learning),Pune
6155,"G.H.Raisoni College of Engineering & Management, Wagholi, Pune",615591210.0,Computer Science and Engineering(Data Science),Pune
6155,"G.H.Raisoni College of Engineering & Management, Wagholi, Pune",615591310.0,Computer Science and Engineering (Artificial Intelligence),Pune
6156,"Marathwada Mitra Mandal's College of Engineering, Karvenagar, Pune",615624510.0,Computer Engineering,Pune
6156,"Marathwada Mitra Mandal's College of Engineering, Karvenagar, Pune",615624610.0,Information Technology,Pune
6156,"Marathwada Mitra Mandal's College of Engineering, Karvenagar, Pune",615629310.0,Electrical Engineering,Pune
6156,"Marathwada Mitra Mandal's College of Engineering, Karvenagar, Pune",615637210.0,Electronics and Telecommunication Engg,Pune
6156,"Marathwada Mitra Mandal's College of Engineering, Karvenagar, Pune",615661210.0,Mechanical Engineering,Pune
6156,"Marathwada Mitra Mandal's College of Engineering, Karvenagar, Pune",615699510.0,Artificial Intelligence and Data Science,Pune
6175,"Pimpri Chinchwad Education Trust, Pimpri Chinchwad College of Engineering, Pune",617519110.0,Civil Engineering,Pune
6175,"Pimpri Chinchwad Education Trust, Pimpri Chinchwad College of Engineering, Pune",617524510.0,Computer Engineering,Pune
6175,"Pimpri Chinchwad Education Trust, Pimpri Chinchwad College of Engineering, Pune",617524610.0,Information Technology,Pune
6175,"Pimpri Chinchwad Education Trust, Pimpri Chinchwad College of Engineering, Pune",617537210.0,Electronics and Telecommunication Engg,Pune
6175,"Pimpri Chinchwad Education Trust, Pimpri Chinchwad College of Engineering, Pune",617537810.0,Electronics Engineering ( VLSI Design and Technology),Pune
6175,"Pimpri Chinchwad Education Trust, Pimpri Chinchwad College of Engineering, Pune",617561210.0,Mechanical Engineering,Pune
6175,"Pimpri Chinchwad Education Trust, Pimpri Chinchwad College of Engineering, Pune",617591110.0,Computer Science and Engineering(Artificial Intelligence and Machine Learning),Pune
6177,"Sinhgad College of Engineering, Vadgaon (BK), Pune",617708210.0,Bio Technology,Pune
6177,"Sinhgad College of Engineering, Vadgaon (BK), Pune",617719110.0,Civil Engineering,Pune
6177,"Sinhgad College of Engineering, Vadgaon (BK), Pune",617724510.0,Computer Engineering,Pune
6177,"Sinhgad College of Engineering, Vadgaon (BK), Pune",617724610.0,Information Technology,Pune
6177,"Sinhgad College of Engineering, Vadgaon (BK), Pune",617737210.0,Electronics and Telecommunication Engg,Pune
6177,"Sinhgad College of Engineering, Vadgaon (BK), Pune",617750710.0,Chemical Engineering,Pune
6177,"Sinhgad College of Engineering, Vadgaon (BK), Pune",617761210.0,Mechanical Engineering,Pune
6178,"Sinhgad Technical Education Society's Smt. Kashibai Navale College of Engineering,Vadgaon,Pune",617824510.0,Computer Engineering,Pune
6178,"Sinhgad Technical Education Society's Smt. Kashibai Navale College of Engineering,Vadgaon,Pune",617824610.0,Information Technology,Pune
6178,"Sinhgad Technical Education Society's Smt. Kashibai Navale College of Engineering,Vadgaon,Pune",617837210.0,Electronics and Telecommunication Engg,Pune
6178,"Sinhgad Technical Education Society's Smt. Kashibai Navale College of Engineering,Vadgaon,Pune",617861210.0,Mechanical Engineering,Pune
6179,"Indira College of Engineering & Management, Pune",617924510.0,Computer Engineering,Pune
6179,"Indira College of Engineering & Management, Pune",617924610.0,Information Technology,Pune
6179,"Indira College of Engineering & Management, Pune",617937210.0,Electronics and Telecommunication Engg,Pune
6179,"Indira College of Engineering & Management, Pune",617961210.0,Mechanical Engineering,Pune
6179,"Indira College of Engineering & Management, Pune",617999510.0,Artificial Intelligence and Data Science,Pune
6182,"Sinhgad Technical Education Society, Sinhgad Institute of Technology and Science, Narhe (Ambegaon)",618219110.0,Civil Engineering,Narhe (Ambegaon
6182,"Sinhgad Technical Education Society, Sinhgad Institute of Technology and Science, Narhe (Ambegaon)",618224510.0,Computer Engineering,Narhe (Ambegaon
6182,"Sinhgad Technical Education Society, Sinhgad Institute of Technology and Science, Narhe (Ambegaon)",618224610.0,Information Technology,Narhe (Ambegaon
6182,"Sinhgad Technical Education Society, Sinhgad Institute of Technology and Science, Narhe (Ambegaon)",618237210.0,Electronics and Telecommunication Engg,Narhe (Ambegaon
6182,"Sinhgad Technical Education Society, Sinhgad Institute of Technology and Science, Narhe (Ambegaon)",618261210.0,Mechanical Engineering,Narhe (Ambegaon
6183,"Al-Ameen Educational and Medical Foundation, College of Engineering, Koregaon, Bhima",618324510.0,Computer Engineering,Bhima
6183,"Al-Ameen Educational and Medical Foundation, College of Engineering, Koregaon, Bhima",618337210.0,Electronics and Telecommunication Engg,Bhima
6183,"Al-Ameen Educational and Medical Foundation, College of Engineering, Koregaon, Bhima",618361210.0,Mechanical Engineering,Bhima
6184,"K. J.'s Educational Institut Trinity College of Engineering and Research, Pisoli, Haveli",618419110.0,Civil Engineering,Haveli
6184,"K. J.'s Educational Institut Trinity College of Engineering and Research, Pisoli, Haveli",618424510.0,Computer Engineering,Haveli
6184,"K. J.'s Educational Institut Trinity College of Engineering and Research, Pisoli, Haveli",618424610.0,Information Technology,Haveli
6184,"K. J.'s Educational Institut Trinity College of Engineering and Research, Pisoli, Haveli",618429310.0,Electrical Engineering,Haveli
6184,"K. J.'s Educational Institut Trinity College of Engineering and Research, Pisoli, Haveli",618437210.0,Electronics and Telecommunication Engg,Haveli
6184,"K. J.'s Educational Institut Trinity College of Engineering and Research, Pisoli, Haveli",618461210.0,Mechanical Engineering,Haveli
6185,"Sinhgad Institute of Technology, Kusgaon (BK) Lonavala",618524510.0,Computer Engineering,Kusgaon (BK) Lonavala
6185,"Sinhgad Institute of Technology, Kusgaon (BK) Lonavala",618524610.0,Information Technology,Kusgaon (BK) Lonavala
6185,"Sinhgad Institute of Technology, Kusgaon (BK) Lonavala",618529310.0,Electrical Engineering,Kusgaon (BK) Lonavala
6185,"Sinhgad Institute of Technology, Kusgaon (BK) Lonavala",618537210.0,Electronics and Telecommunication Engg,Kusgaon (BK) Lonavala
6185,"Sinhgad Institute of Technology, Kusgaon (BK) Lonavala",618561210.0,Mechanical Engineering,Kusgaon (BK) Lonavala
6187,"Sinhgad Academy of Engineering, Kondhwa (BK)  Kondhwa-Saswad Road, Pune",618719110.0,Civil Engineering,Pune
6187,"Sinhgad Academy of Engineering, Kondhwa (BK)  Kondhwa-Saswad Road, Pune",618724510.0,Computer Engineering,Pune
6187,"Sinhgad Academy of Engineering, Kondhwa (BK)  Kondhwa-Saswad Road, Pune",618724610.0,Information Technology,Pune
6187,"Sinhgad Academy of Engineering, Kondhwa (BK)  Kondhwa-Saswad Road, Pune",618737210.0,Electronics and Telecommunication Engg,Pune
6187,"Sinhgad Academy of Engineering, Kondhwa (BK)  Kondhwa-Saswad Road, Pune",618761210.0,Mechanical Engineering,Pune
6203,"Marathwada Mitra Mandal's Institute of Technology, Lohgaon, Pune",620319110.0,Civil Engineering,Pune
6203,"Marathwada Mitra Mandal's Institute of Technology, Lohgaon, Pune",620324510.0,Computer Engineering,Pune
6203,"Marathwada Mitra Mandal's Institute of Technology, Lohgaon, Pune",620326610.0,Robotics and Artificial Intelligence,Pune
6203,"Marathwada Mitra Mandal's Institute of Technology, Lohgaon, Pune",620361210.0,Mechanical Engineering,Pune
6203,"Marathwada Mitra Mandal's Institute of Technology, Lohgaon, Pune",620362410.0,Mechatronics Engineering,Pune
6203,"Marathwada Mitra Mandal's Institute of Technology, Lohgaon, Pune",620399510.0,Artificial Intelligence and Data Science,Pune
6206,"Pune District Education  Association's College of Engineering, Manjari(Bk), Hadapsar, Pune",620624510.0,Computer Engineering,Pune
6206,"Pune District Education  Association's College of Engineering, Manjari(Bk), Hadapsar, Pune",620624610.0,Information Technology,Pune
6206,"Pune District Education  Association's College of Engineering, Manjari(Bk), Hadapsar, Pune",620637210.0,Electronics and Telecommunication Engg,Pune
6206,"Pune District Education  Association's College of Engineering, Manjari(Bk), Hadapsar, Pune",620661210.0,Mechanical Engineering,Pune
6206,"Pune District Education  Association's College of Engineering, Manjari(Bk), Hadapsar, Pune",620699510.0,Artificial Intelligence and Data Science,Pune
6207,"Dr. D. Y. Patil Unitech Society's Dr. D. Y. Patil  Institute of Technology, Pimpri, Pune",620719110.0,Civil Engineering,Pune
6207,"Dr. D. Y. Patil Unitech Society's Dr. D. Y. Patil  Institute of Technology, Pimpri, Pune",620724510.0,Computer Engineering,Pune
6207,"Dr. D. Y. Patil Unitech Society's Dr. D. Y. Patil  Institute of Technology, Pimpri, Pune",620724610.0,Information Technology,Pune
6207,"Dr. D. Y. Patil Unitech Society's Dr. D. Y. Patil  Institute of Technology, Pimpri, Pune",620729310.0,Electrical Engineering,Pune
6207,"Dr. D. Y. Patil Unitech Society's Dr. D. Y. Patil  Institute of Technology, Pimpri, Pune",620737210.0,Electronics and Telecommunication Engg,Pune
6207,"Dr. D. Y. Patil Unitech Society's Dr. D. Y. Patil  Institute of Technology, Pimpri, Pune",620746610.0,Instrumentation Engineering,Pune
6207,"Dr. D. Y. Patil Unitech Society's Dr. D. Y. Patil  Institute of Technology, Pimpri, Pune",620761210.0,Mechanical Engineering,Pune
6207,"Dr. D. Y. Patil Unitech Society's Dr. D. Y. Patil  Institute of Technology, Pimpri, Pune",620784410.0,Electronics and Computer Engineering,Pune
6207,"Dr. D. Y. Patil Unitech Society's Dr. D. Y. Patil  Institute of Technology, Pimpri, Pune",620799510.0,Artificial Intelligence and Data Science,Pune
6214,"K. E. Society's Rajarambapu Institute of Technology, Walwa, Sangli",621419110.0,Civil Engineering,Sangli
6214,"K. E. Society's Rajarambapu Institute of Technology, Walwa, Sangli",621421910.0,Robotics and Automation,Sangli
6214,"K. E. Society's Rajarambapu Institute of Technology, Walwa, Sangli",621424510.0,Computer Engineering,Sangli
6214,"K. E. Society's Rajarambapu Institute of Technology, Walwa, Sangli",621429310.0,Electrical Engineering,Sangli
6214,"K. E. Society's Rajarambapu Institute of Technology, Walwa, Sangli",621437210.0,Electronics and Telecommunication Engg,Sangli
6214,"K. E. Society's Rajarambapu Institute of Technology, Walwa, Sangli",621456810.0,Computer Science and Information Technology,Sangli
6214,"K. E. Society's Rajarambapu Institute of Technology, Walwa, Sangli",621461210.0,Mechanical Engineering,Sangli
6214,"K. E. Society's Rajarambapu Institute of Technology, Walwa, Sangli",621462410.0,Mechatronics Engineering,Sangli
6214,"K. E. Society's Rajarambapu Institute of Technology, Walwa, Sangli",621491110.0,Computer Science and Engineering(Artificial Intelligence and Machine Learning),Sangli
6217,"Shri. Balasaheb Mane Shikshan  Prasarak Mandal's, Ashokrao Mane Group of Institutions",621719110.0,Civil Engineering,Ashokrao Mane Group of Institutions
6217,"Shri. Balasaheb Mane Shikshan  Prasarak Mandal's, Ashokrao Mane Group of Institutions",621724210.0,Computer Science and Engineering,Ashokrao Mane Group of Institutions
6217,"Shri. Balasaheb Mane Shikshan  Prasarak Mandal's, Ashokrao Mane Group of Institutions",621726310.0,Artificial Intelligence (AI) and Data Science,Ashokrao Mane Group of Institutions
6217,"Shri. Balasaheb Mane Shikshan  Prasarak Mandal's, Ashokrao Mane Group of Institutions",621729310.0,Electrical Engineering,Ashokrao Mane Group of Institutions
6217,"Shri. Balasaheb Mane Shikshan  Prasarak Mandal's, Ashokrao Mane Group of Institutions",621737210.0,Electronics and Telecommunication Engg,Ashokrao Mane Group of Institutions
6217,"Shri. Balasaheb Mane Shikshan  Prasarak Mandal's, Ashokrao Mane Group of Institutions",621761210.0,Mechanical Engineering,Ashokrao Mane Group of Institutions
6217,"Shri. Balasaheb Mane Shikshan  Prasarak Mandal's, Ashokrao Mane Group of Institutions",621784410.0,Electronics and Computer Engineering,Ashokrao Mane Group of Institutions
6217,"Shri. Balasaheb Mane Shikshan  Prasarak Mandal's, Ashokrao Mane Group of Institutions",621792110.0,Artificial Intelligence and Machine Learning,Ashokrao Mane Group of Institutions
6219,"KSGBS's Bharat- Ratna Indira Gandhi College of Engineering, Kegaon, Solapur",621919110.0,Civil Engineering,Solapur
6219,"KSGBS's Bharat- Ratna Indira Gandhi College of Engineering, Kegaon, Solapur",621924210.0,Computer Science and Engineering,Solapur
6219,"KSGBS's Bharat- Ratna Indira Gandhi College of Engineering, Kegaon, Solapur",621929310.0,Electrical Engineering,Solapur
6219,"KSGBS's Bharat- Ratna Indira Gandhi College of Engineering, Kegaon, Solapur",621937210.0,Electronics and Telecommunication Engg,Solapur
6219,"KSGBS's Bharat- Ratna Indira Gandhi College of Engineering, Kegaon, Solapur",621946110.0,Bio Medical Engineering,Solapur
6219,"KSGBS's Bharat- Ratna Indira Gandhi College of Engineering, Kegaon, Solapur",621961210.0,Mechanical Engineering,Solapur
6220,"SVERI's College of Engineering, Pandharpur",622019110.0,Civil Engineering,Pandharpur
6220,"SVERI's College of Engineering, Pandharpur",622024210.0,Computer Science and Engineering,Pandharpur
6220,"SVERI's College of Engineering, Pandharpur",622029310.0,Electrical Engineering,Pandharpur
6220,"SVERI's College of Engineering, Pandharpur",622037210.0,Electronics and Telecommunication Engg,Pandharpur
6220,"SVERI's College of Engineering, Pandharpur",622061210.0,Mechanical Engineering,Pandharpur
6220,"SVERI's College of Engineering, Pandharpur",622084410.0,Electronics and Computer Engineering,Pandharpur
6222,"Dattajirao Kadam Technical Education Society's Textile & Engineering Institute, Ichalkaranji.",622219110.0,Civil Engineering,Ichalkaranji
6222,"Dattajirao Kadam Technical Education Society's Textile & Engineering Institute, Ichalkaranji.",622224210.0,Computer Science and Engineering,Ichalkaranji
6222,"Dattajirao Kadam Technical Education Society's Textile & Engineering Institute, Ichalkaranji.",622226310.0,Artificial Intelligence (AI) and Data Science,Ichalkaranji
6222,"Dattajirao Kadam Technical Education Society's Textile & Engineering Institute, Ichalkaranji.",622229310.0,Electrical Engineering,Ichalkaranji
6222,"Dattajirao Kadam Technical Education Society's Textile & Engineering Institute, Ichalkaranji.",622237210.0,Electronics and Telecommunication Engg,Ichalkaranji
6222,"Dattajirao Kadam Technical Education Society's Textile & Engineering Institute, Ichalkaranji.",622246510.0,Technical Textiles,Ichalkaranji
6222,"Dattajirao Kadam Technical Education Society's Textile & Engineering Institute, Ichalkaranji.",622257010.0,Fashion Technology,Ichalkaranji
6222,"Dattajirao Kadam Technical Education Society's Textile & Engineering Institute, Ichalkaranji.",622261210.0,Mechanical Engineering,Ichalkaranji
6222,"Dattajirao Kadam Technical Education Society's Textile & Engineering Institute, Ichalkaranji.",622288610.0,Man Made Textile Technology,Ichalkaranji
6222,"Dattajirao Kadam Technical Education Society's Textile & Engineering Institute, Ichalkaranji.",622289010.0,Textile Chemistry,Ichalkaranji
6222,"Dattajirao Kadam Technical Education Society's Textile & Engineering Institute, Ichalkaranji.",622289610.0,Textile Technology,Ichalkaranji
6222,"Dattajirao Kadam Technical Education Society's Textile & Engineering Institute, Ichalkaranji.",622291110.0,Computer Science and Engineering(Artificial Intelligence and Machine Learning),Ichalkaranji
6223,"Pradnya Niketan Education Society's Nagesh Karajagi Orchid College of Engineering & Technology, Solapur",622319110.0,Civil Engineering,Solapur
6223,"Pradnya Niketan Education Society's Nagesh Karajagi Orchid College of Engineering & Technology, Solapur",622324210.0,Computer Science and Engineering,Solapur
6223,"Pradnya Niketan Education Society's Nagesh Karajagi Orchid College of Engineering & Technology, Solapur",622329310.0,Electrical Engineering,Solapur
6223,"Pradnya Niketan Education Society's Nagesh Karajagi Orchid College of Engineering & Technology, Solapur",622337210.0,Electronics and Telecommunication Engg,Solapur
6223,"Pradnya Niketan Education Society's Nagesh Karajagi Orchid College of Engineering & Technology, Solapur",622361210.0,Mechanical Engineering,Solapur
6223,"Pradnya Niketan Education Society's Nagesh Karajagi Orchid College of Engineering & Technology, Solapur",622399510.0,Artificial Intelligence and Data Science,Solapur
6250,"D.Y. Patil College of Engineering and Technology, Kolhapur",625019110.0,Civil Engineering,Kolhapur
6250,"D.Y. Patil College of Engineering and Technology, Kolhapur",625024210.0,Computer Science and Engineering,Kolhapur
6250,"D.Y. Patil College of Engineering and Technology, Kolhapur",625037210.0,Electronics and Telecommunication Engg,Kolhapur
6250,"D.Y. Patil College of Engineering and Technology, Kolhapur",625050710.0,Chemical Engineering,Kolhapur
6250,"D.Y. Patil College of Engineering and Technology, Kolhapur",625061210.0,Mechanical Engineering,Kolhapur
6250,"D.Y. Patil College of Engineering and Technology, Kolhapur",625091110.0,Computer Science and Engineering(Artificial Intelligence and Machine Learning),Kolhapur
6250,"D.Y. Patil College of Engineering and Technology, Kolhapur",625091210.0,Computer Science and Engineering(Data Science),Kolhapur
6265,"Walchand Institute of Technology, Solapur",626519110.0,Civil Engineering,Solapur
6265,"Walchand Institute of Technology, Solapur",626524210.0,Computer Science and Engineering,Solapur
6265,"Walchand Institute of Technology, Solapur",626524610.0,Information Technology,Solapur
6265,"Walchand Institute of Technology, Solapur",626537210.0,Electronics and Telecommunication Engg,Solapur
6265,"Walchand Institute of Technology, Solapur",626561510.0,Mechanical and Automation Engineering,Solapur
6265,"Walchand Institute of Technology, Solapur",626584410.0,Electronics and Computer Engineering,Solapur
6265,"Walchand Institute of Technology, Solapur",626592110.0,Artificial Intelligence and Machine Learning,Solapur
6267,"Kolhapur Institute of Technology's College of Engineering(Autonomous), Kolhapur",626708210.0,Bio Technology,Kolhapur
6267,"Kolhapur Institute of Technology's College of Engineering(Autonomous), Kolhapur",626719110.0,Civil Engineering,Kolhapur
6267,"Kolhapur Institute of Technology's College of Engineering(Autonomous), Kolhapur",626724210.0,Computer Science and Engineering,Kolhapur
6267,"Kolhapur Institute of Technology's College of Engineering(Autonomous), Kolhapur",626726210.0,Computer Science and Business Systems,Kolhapur
6267,"Kolhapur Institute of Technology's College of Engineering(Autonomous), Kolhapur",626729310.0,Electrical Engineering,Kolhapur
6267,"Kolhapur Institute of Technology's College of Engineering(Autonomous), Kolhapur",626737210.0,Electronics and Telecommunication Engg,Kolhapur
6267,"Kolhapur Institute of Technology's College of Engineering(Autonomous), Kolhapur",626761210.0,Mechanical Engineering,Kolhapur
6267,"Kolhapur Institute of Technology's College of Engineering(Autonomous), Kolhapur",626791110.0,Computer Science and Engineering(Artificial Intelligence and Machine Learning),Kolhapur
6267,"Kolhapur Institute of Technology's College of Engineering(Autonomous), Kolhapur",626792210.0,Civil and Environmental Engineering,Kolhapur
6268,"Tatyasaheb Kore Institute of Engineering and Technology, Warananagar",626819110.0,Civil Engineering,Warananagar
6268,"Tatyasaheb Kore Institute of Engineering and Technology, Warananagar",626824210.0,Computer Science and Engineering,Warananagar
6268,"Tatyasaheb Kore Institute of Engineering and Technology, Warananagar",626825210.0,Cyber Security,Warananagar
6268,"Tatyasaheb Kore Institute of Engineering and Technology, Warananagar",626826210.0,Computer Science and Business Systems,Warananagar
6268,"Tatyasaheb Kore Institute of Engineering and Technology, Warananagar",626829310.0,Electrical Engineering,Warananagar
6268,"Tatyasaheb Kore Institute of Engineering and Technology, Warananagar",626837210.0,Electronics and Telecommunication Engg,Warananagar
6268,"Tatyasaheb Kore Institute of Engineering and Technology, Warananagar",626850710.0,Chemical Engineering,Warananagar
6268,"Tatyasaheb Kore Institute of Engineering and Technology, Warananagar",626861210.0,Mechanical Engineering,Warananagar
6269,"Shetkari Shikshan Mandal's Pad. Vasantraodada Patil Institute of Technology, Budhgaon, Sangli",626919110.0,Civil Engineering,Sangli
6269,"Shetkari Shikshan Mandal's Pad. Vasantraodada Patil Institute of Technology, Budhgaon, Sangli",626924210.0,Computer Science and Engineering,Sangli
6269,"Shetkari Shikshan Mandal's Pad. Vasantraodada Patil Institute of Technology, Budhgaon, Sangli",626937210.0,Electronics and Telecommunication Engg,Sangli
6269,"Shetkari Shikshan Mandal's Pad. Vasantraodada Patil Institute of Technology, Budhgaon, Sangli",626946410.0,Instrumentation and Control Engineering,Sangli
6269,"Shetkari Shikshan Mandal's Pad. Vasantraodada Patil Institute of Technology, Budhgaon, Sangli",626950710.0,Chemical Engineering,Sangli
6269,"Shetkari Shikshan Mandal's Pad. Vasantraodada Patil Institute of Technology, Budhgaon, Sangli",626961210.0,Mechanical Engineering,Sangli
6269,"Shetkari Shikshan Mandal's Pad. Vasantraodada Patil Institute of Technology, Budhgaon, Sangli",626990010.0,Electronics and Computer Science,Sangli
6269,"Shetkari Shikshan Mandal's Pad. Vasantraodada Patil Institute of Technology, Budhgaon, Sangli",626992510.0,Computer Science and Engineering (Artificial Intelligence and Data Science),Sangli
6269,"Shetkari Shikshan Mandal's Pad. Vasantraodada Patil Institute of Technology, Budhgaon, Sangli",626992610.0,Electrical and Computer Engineering,Sangli
6270,"Rayat Shikshan Sanstha's Karmaveer Bhaurao Patil College of Engineering, Satara",627019110.0,Civil Engineering,Satara
6270,"Rayat Shikshan Sanstha's Karmaveer Bhaurao Patil College of Engineering, Satara",627024210.0,Computer Science and Engineering,Satara
6270,"Rayat Shikshan Sanstha's Karmaveer Bhaurao Patil College of Engineering, Satara",627037210.0,Electronics and Telecommunication Engg,Satara
6270,"Rayat Shikshan Sanstha's Karmaveer Bhaurao Patil College of Engineering, Satara",627061210.0,Mechanical Engineering,Satara
6270,"Rayat Shikshan Sanstha's Karmaveer Bhaurao Patil College of Engineering, Satara",627099510.0,Artificial Intelligence and Data Science,Satara
6271,Pune Institute of Computer Technology,627124510.0,Computer Engineering,Technology
6271,Pune Institute of Computer Technology,627124610.0,Information Technology,Technology
6271,Pune Institute of Computer Technology,627126310.0,Artificial Intelligence (AI) and Data Science,Technology
6271,Pune Institute of Computer Technology,627137210.0,Electronics and Telecommunication Engg,Technology
6271,Pune Institute of Computer Technology,627184410.0,Electronics and Computer Engineering,Technology
6272,"Dr. D. Y. Patil Pratishthan's D.Y.Patil College of Engineering Akurdi, Pune",627219110.0,Civil Engineering,Pune
6272,"Dr. D. Y. Patil Pratishthan's D.Y.Patil College of Engineering Akurdi, Pune",627221910.0,Robotics and Automation,Pune
6272,"Dr. D. Y. Patil Pratishthan's D.Y.Patil College of Engineering Akurdi, Pune",627224510.0,Computer Engineering,Pune
6272,"Dr. D. Y. Patil Pratishthan's D.Y.Patil College of Engineering Akurdi, Pune",627224610.0,Information Technology,Pune
6272,"Dr. D. Y. Patil Pratishthan's D.Y.Patil College of Engineering Akurdi, Pune",627237210.0,Electronics and Telecommunication Engg,Pune
6272,"Dr. D. Y. Patil Pratishthan's D.Y.Patil College of Engineering Akurdi, Pune",627246610.0,Instrumentation Engineering,Pune
6272,"Dr. D. Y. Patil Pratishthan's D.Y.Patil College of Engineering Akurdi, Pune",627261210.0,Mechanical Engineering,Pune
6272,"Dr. D. Y. Patil Pratishthan's D.Y.Patil College of Engineering Akurdi, Pune",627299510.0,Artificial Intelligence and Data Science,Pune
6273,"Bansilal Ramnath Agarawal Charitable Trust's Vishwakarma Institute of Technology, Bibwewadi, Pune",627319110.0,Civil Engineering,Pune
6273,"Bansilal Ramnath Agarawal Charitable Trust's Vishwakarma Institute of Technology, Bibwewadi, Pune",627324510.0,Computer Engineering,Pune
6273,"Bansilal Ramnath Agarawal Charitable Trust's Vishwakarma Institute of Technology, Bibwewadi, Pune",627324610.0,Information Technology,Pune
6273,"Bansilal Ramnath Agarawal Charitable Trust's Vishwakarma Institute of Technology, Bibwewadi, Pune",627337210.0,Electronics and Telecommunication Engg,Pune
6273,"Bansilal Ramnath Agarawal Charitable Trust's Vishwakarma Institute of Technology, Bibwewadi, Pune",627346410.0,Instrumentation and Control Engineering,Pune
6273,"Bansilal Ramnath Agarawal Charitable Trust's Vishwakarma Institute of Technology, Bibwewadi, Pune",627361210.0,Mechanical Engineering,Pune
6273,"Bansilal Ramnath Agarawal Charitable Trust's Vishwakarma Institute of Technology, Bibwewadi, Pune",627391110.0,Computer Science and Engineering(Artificial Intelligence and Machine Learning),Pune
6273,"Bansilal Ramnath Agarawal Charitable Trust's Vishwakarma Institute of Technology, Bibwewadi, Pune",627391210.0,Computer Science and Engineering(Data Science),Pune
6273,"Bansilal Ramnath Agarawal Charitable Trust's Vishwakarma Institute of Technology, Bibwewadi, Pune",627391310.0,Computer Science and Engineering (Artificial Intelligence),Pune
6273,"Bansilal Ramnath Agarawal Charitable Trust's Vishwakarma Institute of Technology, Bibwewadi, Pune",627392010.0,Computer Science and Engineering (Internet of Things and Cyber Security Including Block Chain Technology),Pune
6273,"Bansilal Ramnath Agarawal Charitable Trust's Vishwakarma Institute of Technology, Bibwewadi, Pune",627392710.0,Computer Engineering (Software Engineering),Pune
6273,"Bansilal Ramnath Agarawal Charitable Trust's Vishwakarma Institute of Technology, Bibwewadi, Pune",627399510.0,Artificial Intelligence and Data Science,Pune
6274,"PVG's College of Engineering, Technology & Management",627424510.0,Computer Engineering,Technology & Management
6274,"PVG's College of Engineering, Technology & Management",627424610.0,Information Technology,Technology & Management
6274,"PVG's College of Engineering, Technology & Management",627429310.0,Electrical Engineering,Technology & Management
6274,"PVG's College of Engineering, Technology & Management",627437210.0,Electronics and Telecommunication Engg,Technology & Management
6274,"PVG's College of Engineering, Technology & Management",627461210.0,Mechanical Engineering,Technology & Management
6274,"PVG's College of Engineering, Technology & Management",627484110.0,Printing and Packaging Technology,Technology & Management
6274,"PVG's College of Engineering, Technology & Management",627499510.0,Artificial Intelligence and Data Science,Technology & Management
6275,"Shivnagar Vidya Prasarak Mandal's College of Engineering, Malegaon-Baramati",627519110.0,Civil Engineering,Malegaon-Baramati
6275,"Shivnagar Vidya Prasarak Mandal's College of Engineering, Malegaon-Baramati",627524510.0,Computer Engineering,Malegaon-Baramati
6275,"Shivnagar Vidya Prasarak Mandal's College of Engineering, Malegaon-Baramati",627524610.0,Information Technology,Malegaon-Baramati
6275,"Shivnagar Vidya Prasarak Mandal's College of Engineering, Malegaon-Baramati",627529310.0,Electrical Engineering,Malegaon-Baramati
6275,"Shivnagar Vidya Prasarak Mandal's College of Engineering, Malegaon-Baramati",627537210.0,Electronics and Telecommunication Engg,Malegaon-Baramati
6275,"Shivnagar Vidya Prasarak Mandal's College of Engineering, Malegaon-Baramati",627561210.0,Mechanical Engineering,Malegaon-Baramati
6275,"Shivnagar Vidya Prasarak Mandal's College of Engineering, Malegaon-Baramati",627562410.0,Mechatronics Engineering,Malegaon-Baramati
6275,"Shivnagar Vidya Prasarak Mandal's College of Engineering, Malegaon-Baramati",627592110.0,Artificial Intelligence and Machine Learning,Malegaon-Baramati
6277,"Dr. J. J. Magdum  Charitable Trust's Dr. J.J. Magdum College of Engineering, Jaysingpur",627719110.0,Civil Engineering,Jaysingpur
6277,"Dr. J. J. Magdum  Charitable Trust's Dr. J.J. Magdum College of Engineering, Jaysingpur",627724210.0,Computer Science and Engineering,Jaysingpur
6277,"Dr. J. J. Magdum  Charitable Trust's Dr. J.J. Magdum College of Engineering, Jaysingpur",627724610.0,Information Technology,Jaysingpur
6277,"Dr. J. J. Magdum  Charitable Trust's Dr. J.J. Magdum College of Engineering, Jaysingpur",627726310.0,Artificial Intelligence (AI) and Data Science,Jaysingpur
6277,"Dr. J. J. Magdum  Charitable Trust's Dr. J.J. Magdum College of Engineering, Jaysingpur",627737210.0,Electronics and Telecommunication Engg,Jaysingpur
6277,"Dr. J. J. Magdum  Charitable Trust's Dr. J.J. Magdum College of Engineering, Jaysingpur",627761210.0,Mechanical Engineering,Jaysingpur
6278,"All India Shri Shivaji Memorial Society's College of Engineering, Pune",627819110.0,Civil Engineering,Pune
6278,"All India Shri Shivaji Memorial Society's College of Engineering, Pune",627821910.0,Robotics and Automation,Pune
6278,"All India Shri Shivaji Memorial Society's College of Engineering, Pune",627824510.0,Computer Engineering,Pune
6278,"All India Shri Shivaji Memorial Society's College of Engineering, Pune",627829310.0,Electrical Engineering,Pune
6278,"All India Shri Shivaji Memorial Society's College of Engineering, Pune",627837210.0,Electronics and Telecommunication Engg,Pune
6278,"All India Shri Shivaji Memorial Society's College of Engineering, Pune",627837810.0,Electronics Engineering ( VLSI Design and Technology),Pune
6278,"All India Shri Shivaji Memorial Society's College of Engineering, Pune",627850710.0,Chemical Engineering,Pune
6278,"All India Shri Shivaji Memorial Society's College of Engineering, Pune",627861210.0,Mechanical Engineering,Pune
6278,"All India Shri Shivaji Memorial Society's College of Engineering, Pune",627862510.0,Mechanical Engineering[Sandwich],Pune
6278,"All India Shri Shivaji Memorial Society's College of Engineering, Pune",627892110.0,Artificial Intelligence and Machine Learning,Pune
6281,"Modern Education Society's Wadia College of Engineering, Pune",628124510.0,Computer Engineering,Pune
6281,"Modern Education Society's Wadia College of Engineering, Pune",628137210.0,Electronics and Telecommunication Engg,Pune
6281,"Modern Education Society's Wadia College of Engineering, Pune",628161210.0,Mechanical Engineering,Pune
6281,"Modern Education Society's Wadia College of Engineering, Pune",628191610.0,Automation and Robotics,Pune
6282,"All India Shri Shivaji Memorial Society's Institute of Information Technology,Pune",628224510.0,Computer Engineering,Pune
6282,"All India Shri Shivaji Memorial Society's Institute of Information Technology,Pune",628224610.0,Information Technology,Pune
6282,"All India Shri Shivaji Memorial Society's Institute of Information Technology,Pune",628229310.0,Electrical Engineering,Pune
6282,"All India Shri Shivaji Memorial Society's Institute of Information Technology,Pune",628237210.0,Electronics and Telecommunication Engg,Pune
6282,"All India Shri Shivaji Memorial Society's Institute of Information Technology,Pune",628246610.0,Instrumentation Engineering,Pune
6282,"All India Shri Shivaji Memorial Society's Institute of Information Technology,Pune",628299510.0,Artificial Intelligence and Data Science,Pune
6283,"Annasaheb Dange College of Engineering and Technology, Ashta, Sangli",628300210.0,Aeronautical Engineering,Sangli
6283,"Annasaheb Dange College of Engineering and Technology, Ashta, Sangli",628319110.0,Civil Engineering,Sangli
6283,"Annasaheb Dange College of Engineering and Technology, Ashta, Sangli",628324210.0,Computer Science and Engineering,Sangli
6283,"Annasaheb Dange College of Engineering and Technology, Ashta, Sangli",628326310.0,Artificial Intelligence (AI) and Data Science,Sangli
6283,"Annasaheb Dange College of Engineering and Technology, Ashta, Sangli",628326610.0,Robotics and Artificial Intelligence,Sangli
6283,"Annasaheb Dange College of Engineering and Technology, Ashta, Sangli",628329310.0,Electrical Engineering,Sangli
6283,"Annasaheb Dange College of Engineering and Technology, Ashta, Sangli",628337210.0,Electronics and Telecommunication Engg,Sangli
6283,"Annasaheb Dange College of Engineering and Technology, Ashta, Sangli",628350310.0,Food Technology,Sangli
6283,"Annasaheb Dange College of Engineering and Technology, Ashta, Sangli",628361210.0,Mechanical Engineering,Sangli
6283,"Annasaheb Dange College of Engineering and Technology, Ashta, Sangli",628392010.0,Computer Science and Engineering (Internet of Things and Cyber Security Including Block Chain Technology),Sangli
6284,"Vidya Pratishthan's Kamalnayan Bajaj Institute of Engineering & Technology, Baramati Dist.Pune",628419110.0,Civil Engineering,Baramati Dist.Pune
6284,"Vidya Pratishthan's Kamalnayan Bajaj Institute of Engineering & Technology, Baramati Dist.Pune",628424510.0,Computer Engineering,Baramati Dist.Pune
6284,"Vidya Pratishthan's Kamalnayan Bajaj Institute of Engineering & Technology, Baramati Dist.Pune",628424610.0,Information Technology,Baramati Dist.Pune
6284,"Vidya Pratishthan's Kamalnayan Bajaj Institute of Engineering & Technology, Baramati Dist.Pune",628429310.0,Electrical Engineering,Baramati Dist.Pune
6284,"Vidya Pratishthan's Kamalnayan Bajaj Institute of Engineering & Technology, Baramati Dist.Pune",628437210.0,Electronics and Telecommunication Engg,Baramati Dist.Pune
6284,"Vidya Pratishthan's Kamalnayan Bajaj Institute of Engineering & Technology, Baramati Dist.Pune",628461210.0,Mechanical Engineering,Baramati Dist.Pune
6284,"Vidya Pratishthan's Kamalnayan Bajaj Institute of Engineering & Technology, Baramati Dist.Pune",628499510.0,Artificial Intelligence and Data Science,Baramati Dist.Pune
6288,"Bharati Vidyapeeth's College of Engineering, Kolhapur",628819110.0,Civil Engineering,Kolhapur
6288,"Bharati Vidyapeeth's College of Engineering, Kolhapur",628824210.0,Computer Science and Engineering,Kolhapur
6288,"Bharati Vidyapeeth's College of Engineering, Kolhapur",628837210.0,Electronics and Telecommunication Engg,Kolhapur
6288,"Bharati Vidyapeeth's College of Engineering, Kolhapur",628861210.0,Mechanical Engineering,Kolhapur
6288,"Bharati Vidyapeeth's College of Engineering, Kolhapur",628891110.0,Computer Science and Engineering(Artificial Intelligence and Machine Learning),Kolhapur
6293,"Kai Amdar  Bramhadevdada Mane Shikshan & Samajik Prathistan's Bramhadevdada Mane Institute of Technology, Solapur",629324210.0,Computer Science and Engineering,Solapur
6293,"Kai Amdar  Bramhadevdada Mane Shikshan & Samajik Prathistan's Bramhadevdada Mane Institute of Technology, Solapur",629329310.0,Electrical Engineering,Solapur
6293,"Kai Amdar  Bramhadevdada Mane Shikshan & Samajik Prathistan's Bramhadevdada Mane Institute of Technology, Solapur",629337210.0,Electronics and Telecommunication Engg,Solapur
6293,"Kai Amdar  Bramhadevdada Mane Shikshan & Samajik Prathistan's Bramhadevdada Mane Institute of Technology, Solapur",629361210.0,Mechanical Engineering,Solapur
6293,"Kai Amdar  Bramhadevdada Mane Shikshan & Samajik Prathistan's Bramhadevdada Mane Institute of Technology, Solapur",629399510.0,Artificial Intelligence and Data Science,Solapur
6298,"Zeal Education Society's Zeal College of Engineering & Reserch, Narhe, Pune",629819110.0,Civil Engineering,Pune
6298,"Zeal Education Society's Zeal College of Engineering & Reserch, Narhe, Pune",629821910.0,Robotics and Automation,Pune
6298,"Zeal Education Society's Zeal College of Engineering & Reserch, Narhe, Pune",629824510.0,Computer Engineering,Pune
6298,"Zeal Education Society's Zeal College of Engineering & Reserch, Narhe, Pune",629824610.0,Information Technology,Pune
6298,"Zeal Education Society's Zeal College of Engineering & Reserch, Narhe, Pune",629827110.0,Computer Engineering (Regional Language),Pune
6298,"Zeal Education Society's Zeal College of Engineering & Reserch, Narhe, Pune",629829310.0,Electrical Engineering,Pune
6298,"Zeal Education Society's Zeal College of Engineering & Reserch, Narhe, Pune",629837210.0,Electronics and Telecommunication Engg,Pune
6298,"Zeal Education Society's Zeal College of Engineering & Reserch, Narhe, Pune",629861210.0,Mechanical Engineering,Pune
6298,"Zeal Education Society's Zeal College of Engineering & Reserch, Narhe, Pune",629884410.0,Electronics and Computer Engineering,Pune
6298,"Zeal Education Society's Zeal College of Engineering & Reserch, Narhe, Pune",629892110.0,Artificial Intelligence and Machine Learning,Pune
6298,"Zeal Education Society's Zeal College of Engineering & Reserch, Narhe, Pune",629899510.0,Artificial Intelligence and Data Science,Pune
6303,"Dr. Ashok Gujar Technical Institute's  Dr. Daulatrao Aher College of Engineering, Karad",630319110.0,Civil Engineering,Karad
6303,"Dr. Ashok Gujar Technical Institute's  Dr. Daulatrao Aher College of Engineering, Karad",630324210.0,Computer Science and Engineering,Karad
6303,"Dr. Ashok Gujar Technical Institute's  Dr. Daulatrao Aher College of Engineering, Karad",630337210.0,Electronics and Telecommunication Engg,Karad
6303,"Dr. Ashok Gujar Technical Institute's  Dr. Daulatrao Aher College of Engineering, Karad",630361210.0,Mechanical Engineering,Karad
6303,"Dr. Ashok Gujar Technical Institute's  Dr. Daulatrao Aher College of Engineering, Karad",630399510.0,Artificial Intelligence and Data Science,Karad
6304,"Loknete Hanumantrao Charitable Trust's Adarsh Institute of Technology and Research Centre, Vita,Sangli",630419110.0,Civil Engineering,Sangli
6304,"Loknete Hanumantrao Charitable Trust's Adarsh Institute of Technology and Research Centre, Vita,Sangli",630424210.0,Computer Science and Engineering,Sangli
6304,"Loknete Hanumantrao Charitable Trust's Adarsh Institute of Technology and Research Centre, Vita,Sangli",630429310.0,Electrical Engineering,Sangli
6304,"Loknete Hanumantrao Charitable Trust's Adarsh Institute of Technology and Research Centre, Vita,Sangli",630437210.0,Electronics and Telecommunication Engg,Sangli
6304,"Loknete Hanumantrao Charitable Trust's Adarsh Institute of Technology and Research Centre, Vita,Sangli",630461210.0,Mechanical Engineering,Sangli
6304,"Loknete Hanumantrao Charitable Trust's Adarsh Institute of Technology and Research Centre, Vita,Sangli",630492110.0,Artificial Intelligence and Machine Learning,Sangli
6305,"Late Narayandas Bhawandas Chhabada Institute of Engineering & Technology, Satara",630519110.0,Civil Engineering,Satara
6305,"Late Narayandas Bhawandas Chhabada Institute of Engineering & Technology, Satara",630524210.0,Computer Science and Engineering,Satara
6305,"Late Narayandas Bhawandas Chhabada Institute of Engineering & Technology, Satara",630524610.0,Information Technology,Satara
6305,"Late Narayandas Bhawandas Chhabada Institute of Engineering & Technology, Satara",630537210.0,Electronics and Telecommunication Engg,Satara
6305,"Late Narayandas Bhawandas Chhabada Institute of Engineering & Technology, Satara",630561210.0,Mechanical Engineering,Satara
6307,"Dhole Patil Education Society, Dhole Patil College of Engineering, Wagholi, Tal. Haveli",630724510.0,Computer Engineering,Tal. Haveli
6307,"Dhole Patil Education Society, Dhole Patil College of Engineering, Wagholi, Tal. Haveli",630724610.0,Information Technology,Tal. Haveli
6307,"Dhole Patil Education Society, Dhole Patil College of Engineering, Wagholi, Tal. Haveli",630737210.0,Electronics and Telecommunication Engg,Tal. Haveli
6307,"Dhole Patil Education Society, Dhole Patil College of Engineering, Wagholi, Tal. Haveli",630760210.0,Automobile Engineering,Tal. Haveli
6308,"Shanti Education Society, A.G. Patil Institute of Technology, Soregaon, Solapur(North)",630819110.0,Civil Engineering,Solapur(North
6308,"Shanti Education Society, A.G. Patil Institute of Technology, Soregaon, Solapur(North)",630824510.0,Computer Engineering,Solapur(North
6308,"Shanti Education Society, A.G. Patil Institute of Technology, Soregaon, Solapur(North)",630837210.0,Electronics and Telecommunication Engg,Solapur(North
6308,"Shanti Education Society, A.G. Patil Institute of Technology, Soregaon, Solapur(North)",630861210.0,Mechanical Engineering,Solapur(North
6310,"Nutan Maharashtra Vidya Prasarak Mandal, Nutan Maharashtra Institute of Engineering &Technology, Talegaon station, Pune",631024210.0,Computer Science and Engineering,Pune
6310,"Nutan Maharashtra Vidya Prasarak Mandal, Nutan Maharashtra Institute of Engineering &Technology, Talegaon station, Pune",631024510.0,Computer Engineering,Pune
6310,"Nutan Maharashtra Vidya Prasarak Mandal, Nutan Maharashtra Institute of Engineering &Technology, Talegaon station, Pune",631024610.0,Information Technology,Pune
6310,"Nutan Maharashtra Vidya Prasarak Mandal, Nutan Maharashtra Institute of Engineering &Technology, Talegaon station, Pune",631037210.0,Electronics and Telecommunication Engg,Pune
6310,"Nutan Maharashtra Vidya Prasarak Mandal, Nutan Maharashtra Institute of Engineering &Technology, Talegaon station, Pune",631061210.0,Mechanical Engineering,Pune
6310,"Nutan Maharashtra Vidya Prasarak Mandal, Nutan Maharashtra Institute of Engineering &Technology, Talegaon station, Pune",631084410.0,Electronics and Computer Engineering,Pune
6310,"Nutan Maharashtra Vidya Prasarak Mandal, Nutan Maharashtra Institute of Engineering &Technology, Talegaon station, Pune",631091310.0,Computer Science and Engineering (Artificial Intelligence),Pune
6310,"Nutan Maharashtra Vidya Prasarak Mandal, Nutan Maharashtra Institute of Engineering &Technology, Talegaon station, Pune",631099510.0,Artificial Intelligence and Data Science,Pune
6311,"Jayawant Shikshan Prasarak Mandal, Bhivarabai Sawant Institute of Technology & Research, Wagholi",631124510.0,Computer Engineering,Wagholi
6311,"Jayawant Shikshan Prasarak Mandal, Bhivarabai Sawant Institute of Technology & Research, Wagholi",631124610.0,Information Technology,Wagholi
6311,"Jayawant Shikshan Prasarak Mandal, Bhivarabai Sawant Institute of Technology & Research, Wagholi",631129310.0,Electrical Engineering,Wagholi
6311,"Jayawant Shikshan Prasarak Mandal, Bhivarabai Sawant Institute of Technology & Research, Wagholi",631137210.0,Electronics and Telecommunication Engg,Wagholi
6311,"Jayawant Shikshan Prasarak Mandal, Bhivarabai Sawant Institute of Technology & Research, Wagholi",631161210.0,Mechanical Engineering,Wagholi
6313,"Jaywant College of Engineering & Polytechnic , Kille Macchindragad Tal. Walva District- Sangali",631319110.0,Civil Engineering,Kille Macchindragad Tal. Walva District- Sangali
6313,"Jaywant College of Engineering & Polytechnic , Kille Macchindragad Tal. Walva District- Sangali",631324210.0,Computer Science and Engineering,Kille Macchindragad Tal. Walva District- Sangali
6313,"Jaywant College of Engineering & Polytechnic , Kille Macchindragad Tal. Walva District- Sangali",631324510.0,Computer Engineering,Kille Macchindragad Tal. Walva District- Sangali
6313,"Jaywant College of Engineering & Polytechnic , Kille Macchindragad Tal. Walva District- Sangali",631326310.0,Artificial Intelligence (AI) and Data Science,Kille Macchindragad Tal. Walva District- Sangali
6313,"Jaywant College of Engineering & Polytechnic , Kille Macchindragad Tal. Walva District- Sangali",631329310.0,Electrical Engineering,Kille Macchindragad Tal. Walva District- Sangali
6313,"Jaywant College of Engineering & Polytechnic , Kille Macchindragad Tal. Walva District- Sangali",631337210.0,Electronics and Telecommunication Engg,Kille Macchindragad Tal. Walva District- Sangali
6313,"Jaywant College of Engineering & Polytechnic , Kille Macchindragad Tal. Walva District- Sangali",631361210.0,Mechanical Engineering,Kille Macchindragad Tal. Walva District- Sangali
6315,Sanjeevan Group of Institutions,631519110.0,Civil Engineering,Institutions
6315,Sanjeevan Group of Institutions,631521910.0,Robotics and Automation,Institutions
6315,Sanjeevan Group of Institutions,631524210.0,Computer Science and Engineering,Institutions
6315,Sanjeevan Group of Institutions,631529310.0,Electrical Engineering,Institutions
6315,Sanjeevan Group of Institutions,631561210.0,Mechanical Engineering,Institutions
6315,Sanjeevan Group of Institutions,631584410.0,Electronics and Computer Engineering,Institutions
6315,Sanjeevan Group of Institutions,631592110.0,Artificial Intelligence and Machine Learning,Institutions
6317,"Sharad Institute of Technology College of Engineering, Yadrav(Ichalkaranji)",631719110.0,Civil Engineering,Yadrav(Ichalkaranji
6317,"Sharad Institute of Technology College of Engineering, Yadrav(Ichalkaranji)",631724210.0,Computer Science and Engineering,Yadrav(Ichalkaranji
6317,"Sharad Institute of Technology College of Engineering, Yadrav(Ichalkaranji)",631729310.0,Electrical Engineering,Yadrav(Ichalkaranji
6317,"Sharad Institute of Technology College of Engineering, Yadrav(Ichalkaranji)",631761210.0,Mechanical Engineering,Yadrav(Ichalkaranji
6317,"Sharad Institute of Technology College of Engineering, Yadrav(Ichalkaranji)",631762410.0,Mechatronics Engineering,Yadrav(Ichalkaranji
6317,"Sharad Institute of Technology College of Engineering, Yadrav(Ichalkaranji)",631784410.0,Electronics and Computer Engineering,Yadrav(Ichalkaranji
6317,"Sharad Institute of Technology College of Engineering, Yadrav(Ichalkaranji)",631791610.0,Automation and Robotics,Yadrav(Ichalkaranji
6317,"Sharad Institute of Technology College of Engineering, Yadrav(Ichalkaranji)",631799510.0,Artificial Intelligence and Data Science,Yadrav(Ichalkaranji
6319,"Shahajirao Patil Vikas Pratishthan, S.B.Patil College of Engineering, Vangali, Tal. Indapur",631919110.0,Civil Engineering,Tal. Indapur
6319,"Shahajirao Patil Vikas Pratishthan, S.B.Patil College of Engineering, Vangali, Tal. Indapur",631924510.0,Computer Engineering,Tal. Indapur
6319,"Shahajirao Patil Vikas Pratishthan, S.B.Patil College of Engineering, Vangali, Tal. Indapur",631924610.0,Information Technology,Tal. Indapur
6319,"Shahajirao Patil Vikas Pratishthan, S.B.Patil College of Engineering, Vangali, Tal. Indapur",631926310.0,Artificial Intelligence (AI) and Data Science,Tal. Indapur
6319,"Shahajirao Patil Vikas Pratishthan, S.B.Patil College of Engineering, Vangali, Tal. Indapur",631929310.0,Electrical Engineering,Tal. Indapur
6319,"Shahajirao Patil Vikas Pratishthan, S.B.Patil College of Engineering, Vangali, Tal. Indapur",631937210.0,Electronics and Telecommunication Engg,Tal. Indapur
6319,"Shahajirao Patil Vikas Pratishthan, S.B.Patil College of Engineering, Vangali, Tal. Indapur",631961210.0,Mechanical Engineering,Tal. Indapur
6320,"K.J.'s Educational Institute's K.J.College of Engineering & Management Research, Pisoli",632019110.0,Civil Engineering,Pisoli
6320,"K.J.'s Educational Institute's K.J.College of Engineering & Management Research, Pisoli",632024510.0,Computer Engineering,Pisoli
6320,"K.J.'s Educational Institute's K.J.College of Engineering & Management Research, Pisoli",632029310.0,Electrical Engineering,Pisoli
6320,"K.J.'s Educational Institute's K.J.College of Engineering & Management Research, Pisoli",632037210.0,Electronics and Telecommunication Engg,Pisoli
6320,"K.J.'s Educational Institute's K.J.College of Engineering & Management Research, Pisoli",632037810.0,Electronics Engineering ( VLSI Design and Technology),Pisoli
6320,"K.J.'s Educational Institute's K.J.College of Engineering & Management Research, Pisoli",632061210.0,Mechanical Engineering,Pisoli
6320,"K.J.'s Educational Institute's K.J.College of Engineering & Management Research, Pisoli",632092810.0,Electronics and Communication(Advanced Communication Technology),Pisoli
6321,"Vidya Vikas Pratishthan Institute of Engineering and Technology, Solapur",632119110.0,Civil Engineering,Solapur
6321,"Vidya Vikas Pratishthan Institute of Engineering and Technology, Solapur",632124210.0,Computer Science and Engineering,Solapur
6321,"Vidya Vikas Pratishthan Institute of Engineering and Technology, Solapur",632129310.0,Electrical Engineering,Solapur
6321,"Vidya Vikas Pratishthan Institute of Engineering and Technology, Solapur",632137210.0,Electronics and Telecommunication Engg,Solapur
6321,"Vidya Vikas Pratishthan Institute of Engineering and Technology, Solapur",632161210.0,Mechanical Engineering,Solapur
6321,"Vidya Vikas Pratishthan Institute of Engineering and Technology, Solapur",632199510.0,Artificial Intelligence and Data Science,Solapur
6322,"Shree Gajanan Maharaj Shikshan Prasarak Manda'l Sharadchandra Pawar College of Engineering, Dumbarwadi",632224510.0,Computer Engineering,Dumbarwadi
6322,"Shree Gajanan Maharaj Shikshan Prasarak Manda'l Sharadchandra Pawar College of Engineering, Dumbarwadi",632237210.0,Electronics and Telecommunication Engg,Dumbarwadi
6322,"Shree Gajanan Maharaj Shikshan Prasarak Manda'l Sharadchandra Pawar College of Engineering, Dumbarwadi",632261210.0,Mechanical Engineering,Dumbarwadi
6322,"Shree Gajanan Maharaj Shikshan Prasarak Manda'l Sharadchandra Pawar College of Engineering, Dumbarwadi",632292110.0,Artificial Intelligence and Machine Learning,Dumbarwadi
6324,Rajgad Technical Campus,632419110.0,Civil Engineering,Campus
6324,Rajgad Technical Campus,632424510.0,Computer Engineering,Campus
6324,Rajgad Technical Campus,632426310.0,Artificial Intelligence (AI) and Data Science,Campus
6324,Rajgad Technical Campus,632437210.0,Electronics and Telecommunication Engg,Campus
6324,Rajgad Technical Campus,632461210.0,Mechanical Engineering,Campus
6326,Karmayogi Institute of Technology,632619110.0,Civil Engineering,Technology
6326,Karmayogi Institute of Technology,632624210.0,Computer Science and Engineering,Technology
6326,Karmayogi Institute of Technology,632637210.0,Electronics and Telecommunication Engg,Technology
6326,Karmayogi Institute of Technology,632661210.0,Mechanical Engineering,Technology
6402,"NEW INSTITUTE OF TECHNOLOGY,KOLHAPUR",640219110.0,Civil Engineering,KOLHAPUR
6402,"NEW INSTITUTE OF TECHNOLOGY,KOLHAPUR",640224210.0,Computer Science and Engineering,KOLHAPUR
6402,"NEW INSTITUTE OF TECHNOLOGY,KOLHAPUR",640225910.0,Mechanical and Mechatronics Engineering (Additive Manufacturing),KOLHAPUR
6402,"NEW INSTITUTE OF TECHNOLOGY,KOLHAPUR",640257310.0,"Electrical, Electronics and Power",KOLHAPUR
6402,"NEW INSTITUTE OF TECHNOLOGY,KOLHAPUR",640291110.0,Computer Science and Engineering(Artificial Intelligence and Machine Learning),KOLHAPUR
6444,"Shriram Institute Of Engineering & Technology, (Poly), Paniv",644419110.0,Civil Engineering,Paniv
6444,"Shriram Institute Of Engineering & Technology, (Poly), Paniv",644424510.0,Computer Engineering,Paniv
6444,"Shriram Institute Of Engineering & Technology, (Poly), Paniv",644461210.0,Mechanical Engineering,Paniv
6466,"Shree Santkrupa Shikshan Sanstha, Shree Santkrupa Institute Of Engineering & Technology, Karad",646619110.0,Civil Engineering,Karad
6466,"Shree Santkrupa Shikshan Sanstha, Shree Santkrupa Institute Of Engineering & Technology, Karad",646624210.0,Computer Science and Engineering,Karad
6466,"Shree Santkrupa Shikshan Sanstha, Shree Santkrupa Institute Of Engineering & Technology, Karad",646629310.0,Electrical Engineering,Karad
6466,"Shree Santkrupa Shikshan Sanstha, Shree Santkrupa Institute Of Engineering & Technology, Karad",646661210.0,Mechanical Engineering,Karad
6467,"Swami Vivekanand Institute Of Technology, Solapur",646724210.0,Computer Science and Engineering,Solapur
6467,"Swami Vivekanand Institute Of Technology, Solapur",646724610.0,Information Technology,Solapur
6467,"Swami Vivekanand Institute Of Technology, Solapur",646729310.0,Electrical Engineering,Solapur
6467,"Swami Vivekanand Institute Of Technology, Solapur",646737210.0,Electronics and Telecommunication Engg,Solapur
6468,"Swami Vivekananda Shikshan Sanstha, Dr. Bapuji Salunkhe Institute Of Engineering & Technology,Kolhapur",646824210.0,Computer Science and Engineering,Kolhapur
6468,"Swami Vivekananda Shikshan Sanstha, Dr. Bapuji Salunkhe Institute Of Engineering & Technology,Kolhapur",646829310.0,Electrical Engineering,Kolhapur
6468,"Swami Vivekananda Shikshan Sanstha, Dr. Bapuji Salunkhe Institute Of Engineering & Technology,Kolhapur",646837210.0,Electronics and Telecommunication Engg,Kolhapur
6468,"Swami Vivekananda Shikshan Sanstha, Dr. Bapuji Salunkhe Institute Of Engineering & Technology,Kolhapur",646884410.0,Electronics and Computer Engineering,Kolhapur
6468,"Swami Vivekananda Shikshan Sanstha, Dr. Bapuji Salunkhe Institute Of Engineering & Technology,Kolhapur",646891110.0,Computer Science and Engineering(Artificial Intelligence and Machine Learning),Kolhapur
6545,"Samarth Education Trust's Arvind Gavali College Of Engineering Panwalewadi, Varye,Satara.",654524210.0,Computer Science and Engineering,Satara
6545,"Samarth Education Trust's Arvind Gavali College Of Engineering Panwalewadi, Varye,Satara.",654526310.0,Artificial Intelligence (AI) and Data Science,Satara
6545,"Samarth Education Trust's Arvind Gavali College Of Engineering Panwalewadi, Varye,Satara.",654529310.0,Electrical Engineering,Satara
6545,"Samarth Education Trust's Arvind Gavali College Of Engineering Panwalewadi, Varye,Satara.",654537210.0,Electronics and Telecommunication Engg,Satara
6545,"Samarth Education Trust's Arvind Gavali College Of Engineering Panwalewadi, Varye,Satara.",654561210.0,Mechanical Engineering,Satara
6609,"Jaihind College Of Engineering,Kuran",660919110.0,Civil Engineering,Kuran
6609,"Jaihind College Of Engineering,Kuran",660924510.0,Computer Engineering,Kuran
6609,"Jaihind College Of Engineering,Kuran",660926310.0,Artificial Intelligence (AI) and Data Science,Kuran
6609,"Jaihind College Of Engineering,Kuran",660937210.0,Electronics and Telecommunication Engg,Kuran
6609,"Jaihind College Of Engineering,Kuran",660961210.0,Mechanical Engineering,Kuran
6609,"Jaihind College Of Engineering,Kuran",660984410.0,Electronics and Computer Engineering,Kuran
6622,ISBM College Of Engineering Pune,662224510.0,Computer Engineering,Pune
6622,ISBM College Of Engineering Pune,662237210.0,Electronics and Telecommunication Engg,Pune
6622,ISBM College Of Engineering Pune,662237810.0,Electronics Engineering ( VLSI Design and Technology),Pune
6622,ISBM College Of Engineering Pune,662256610.0,Computer Science,Pune
6622,ISBM College Of Engineering Pune,662261210.0,Mechanical Engineering,Pune
6622,ISBM College Of Engineering Pune,662292110.0,Artificial Intelligence and Machine Learning,Pune
6622,ISBM College Of Engineering Pune,662299510.0,Artificial Intelligence and Data Science,Pune
6625,"Universal College of Engineering & Research, Sasewadi",662519110.0,Civil Engineering,Sasewadi
6625,"Universal College of Engineering & Research, Sasewadi",662524510.0,Computer Engineering,Sasewadi
6625,"Universal College of Engineering & Research, Sasewadi",662529310.0,Electrical Engineering,Sasewadi
6625,"Universal College of Engineering & Research, Sasewadi",662561210.0,Mechanical Engineering,Sasewadi
6628,"Dattakala Group Of Institutions, Swami - Chincholi Tal. Daund Dist. Pune",662819110.0,Civil Engineering,Swami - Chincholi Tal. Daund Dist. Pune
6628,"Dattakala Group Of Institutions, Swami - Chincholi Tal. Daund Dist. Pune",662824510.0,Computer Engineering,Swami - Chincholi Tal. Daund Dist. Pune
6628,"Dattakala Group Of Institutions, Swami - Chincholi Tal. Daund Dist. Pune",662826310.0,Artificial Intelligence (AI) and Data Science,Swami - Chincholi Tal. Daund Dist. Pune
6628,"Dattakala Group Of Institutions, Swami - Chincholi Tal. Daund Dist. Pune",662829310.0,Electrical Engineering,Swami - Chincholi Tal. Daund Dist. Pune
6628,"Dattakala Group Of Institutions, Swami - Chincholi Tal. Daund Dist. Pune",662861210.0,Mechanical Engineering,Swami - Chincholi Tal. Daund Dist. Pune
6628,"Dattakala Group Of Institutions, Swami - Chincholi Tal. Daund Dist. Pune",662884410.0,Electronics and Computer Engineering,Swami - Chincholi Tal. Daund Dist. Pune
6632,Navsahyadri Education Society's Group of Institutions,663219110.0,Civil Engineering,Institutions
6632,Navsahyadri Education Society's Group of Institutions,663224510.0,Computer Engineering,Institutions
6632,Navsahyadri Education Society's Group of Institutions,663229310.0,Electrical Engineering,Institutions
6632,Navsahyadri Education Society's Group of Institutions,663237210.0,Electronics and Telecommunication Engg,Institutions
6632,Navsahyadri Education Society's Group of Institutions,663261210.0,Mechanical Engineering,Institutions
6632,Navsahyadri Education Society's Group of Institutions,663292110.0,Artificial Intelligence and Machine Learning,Institutions
6632,Navsahyadri Education Society's Group of Institutions,663299510.0,Artificial Intelligence and Data Science,Institutions
6634,"KJEI's Trinity Academy of Engineering, Yewalewadi, Pune",663419110.0,Civil Engineering,Pune
6634,"KJEI's Trinity Academy of Engineering, Yewalewadi, Pune",663424510.0,Computer Engineering,Pune
6634,"KJEI's Trinity Academy of Engineering, Yewalewadi, Pune",663424610.0,Information Technology,Pune
6634,"KJEI's Trinity Academy of Engineering, Yewalewadi, Pune",663437210.0,Electronics and Telecommunication Engg,Pune
6634,"KJEI's Trinity Academy of Engineering, Yewalewadi, Pune",663461210.0,Mechanical Engineering,Pune
6635,Samarth College of Engineering and Management,663519110.0,Civil Engineering,Management
6635,Samarth College of Engineering and Management,663524510.0,Computer Engineering,Management
6635,Samarth College of Engineering and Management,663529310.0,Electrical Engineering,Management
6635,Samarth College of Engineering and Management,663537210.0,Electronics and Telecommunication Engg,Management
6635,Samarth College of Engineering and Management,663561210.0,Mechanical Engineering,Management
6635,Samarth College of Engineering and Management,663591210.0,Computer Science and Engineering(Data Science),Management
6635,Samarth College of Engineering and Management,663592110.0,Artificial Intelligence and Machine Learning,Management
6640,"N. B. Navale Sinhgad College of Engineering, Kegaon, solapur",664019110.0,Civil Engineering,solapur
6640,"N. B. Navale Sinhgad College of Engineering, Kegaon, solapur",664024210.0,Computer Science and Engineering,solapur
6640,"N. B. Navale Sinhgad College of Engineering, Kegaon, solapur",664029310.0,Electrical Engineering,solapur
6640,"N. B. Navale Sinhgad College of Engineering, Kegaon, solapur",664037210.0,Electronics and Telecommunication Engg,solapur
6640,"N. B. Navale Sinhgad College of Engineering, Kegaon, solapur",664061210.0,Mechanical Engineering,solapur
6643,"S K N Sinhgad College of Engineering, Korti Tal. Pandharpur Dist Solapur",664319110.0,Civil Engineering,Korti Tal. Pandharpur Dist Solapur
6643,"S K N Sinhgad College of Engineering, Korti Tal. Pandharpur Dist Solapur",664324210.0,Computer Science and Engineering,Korti Tal. Pandharpur Dist Solapur
6643,"S K N Sinhgad College of Engineering, Korti Tal. Pandharpur Dist Solapur",664326310.0,Artificial Intelligence (AI) and Data Science,Korti Tal. Pandharpur Dist Solapur
6643,"S K N Sinhgad College of Engineering, Korti Tal. Pandharpur Dist Solapur",664329310.0,Electrical Engineering,Korti Tal. Pandharpur Dist Solapur
6643,"S K N Sinhgad College of Engineering, Korti Tal. Pandharpur Dist Solapur",664337210.0,Electronics and Telecommunication Engg,Korti Tal. Pandharpur Dist Solapur
6643,"S K N Sinhgad College of Engineering, Korti Tal. Pandharpur Dist Solapur",664361210.0,Mechanical Engineering,Korti Tal. Pandharpur Dist Solapur
6644,"Shri. Ambabai Talim Sanstha's Sanjay Bhokare Group of Institutes, Miraj",664419110.0,Civil Engineering,Miraj
6644,"Shri. Ambabai Talim Sanstha's Sanjay Bhokare Group of Institutes, Miraj",664424510.0,Computer Engineering,Miraj
6644,"Shri. Ambabai Talim Sanstha's Sanjay Bhokare Group of Institutes, Miraj",664429310.0,Electrical Engineering,Miraj
6644,"Shri. Ambabai Talim Sanstha's Sanjay Bhokare Group of Institutes, Miraj",664437210.0,Electronics and Telecommunication Engg,Miraj
6644,"Shri. Ambabai Talim Sanstha's Sanjay Bhokare Group of Institutes, Miraj",664461210.0,Mechanical Engineering,Miraj
6644,"Shri. Ambabai Talim Sanstha's Sanjay Bhokare Group of Institutes, Miraj",664490010.0,Electronics and Computer Science,Miraj
6644,"Shri. Ambabai Talim Sanstha's Sanjay Bhokare Group of Institutes, Miraj",664491110.0,Computer Science and Engineering(Artificial Intelligence and Machine Learning),Miraj
6644,"Shri. Ambabai Talim Sanstha's Sanjay Bhokare Group of Institutes, Miraj",664491210.0,Computer Science and Engineering(Data Science),Miraj
6649,"TSSM's Bhivarabai Sawant College of Engineering and Research, Narhe, Pune",664919110.0,Civil Engineering,Pune
6649,"TSSM's Bhivarabai Sawant College of Engineering and Research, Narhe, Pune",664924510.0,Computer Engineering,Pune
6649,"TSSM's Bhivarabai Sawant College of Engineering and Research, Narhe, Pune",664929310.0,Electrical Engineering,Pune
6649,"TSSM's Bhivarabai Sawant College of Engineering and Research, Narhe, Pune",664937210.0,Electronics and Telecommunication Engg,Pune
6649,"TSSM's Bhivarabai Sawant College of Engineering and Research, Narhe, Pune",664961210.0,Mechanical Engineering,Pune
6714,"APPASAHEB ALIAS SA.RE.PATIL INSTITUTE OF TECHNOLOGY, Dattanagar  Tal-Shirol, Dist Kolhapur",671424210.0,Computer Science and Engineering,Dist Kolhapur
6714,"APPASAHEB ALIAS SA.RE.PATIL INSTITUTE OF TECHNOLOGY, Dattanagar  Tal-Shirol, Dist Kolhapur",671429310.0,Electrical Engineering,Dist Kolhapur
6714,"APPASAHEB ALIAS SA.RE.PATIL INSTITUTE OF TECHNOLOGY, Dattanagar  Tal-Shirol, Dist Kolhapur",671437210.0,Electronics and Telecommunication Engg,Dist Kolhapur
6714,"APPASAHEB ALIAS SA.RE.PATIL INSTITUTE OF TECHNOLOGY, Dattanagar  Tal-Shirol, Dist Kolhapur",671461210.0,Mechanical Engineering,Dist Kolhapur
6715,Babasaheb Phadtare Engineering & Technology Kalamb-Walchandnagar Tal Indapur Dist Pune,671524510.0,Computer Engineering,Pune
6715,Babasaheb Phadtare Engineering & Technology Kalamb-Walchandnagar Tal Indapur Dist Pune,671529310.0,Electrical Engineering,Pune
6715,Babasaheb Phadtare Engineering & Technology Kalamb-Walchandnagar Tal Indapur Dist Pune,671561210.0,Mechanical Engineering,Pune
6725,"New Satara Shikshan Sankul,New Satara College of Engineering & Management, Pandharpur",672519110.0,Civil Engineering,Pandharpur
6725,"New Satara Shikshan Sankul,New Satara College of Engineering & Management, Pandharpur",672524210.0,Computer Science and Engineering,Pandharpur
6725,"New Satara Shikshan Sankul,New Satara College of Engineering & Management, Pandharpur",672537210.0,Electronics and Telecommunication Engg,Pandharpur
6725,"New Satara Shikshan Sankul,New Satara College of Engineering & Management, Pandharpur",672561210.0,Mechanical Engineering,Pandharpur
6725,"New Satara Shikshan Sankul,New Satara College of Engineering & Management, Pandharpur",672599510.0,Artificial Intelligence and Data Science,Pandharpur
6732,"Ajeenkya DY Patil School of Engineering, Lohegaon, Pune",673219110.0,Civil Engineering,Pune
6732,"Ajeenkya DY Patil School of Engineering, Lohegaon, Pune",673224510.0,Computer Engineering,Pune
6732,"Ajeenkya DY Patil School of Engineering, Lohegaon, Pune",673237210.0,Electronics and Telecommunication Engg,Pune
6732,"Ajeenkya DY Patil School of Engineering, Lohegaon, Pune",673261210.0,Mechanical Engineering,Pune
6732,"Ajeenkya DY Patil School of Engineering, Lohegaon, Pune",673299510.0,Artificial Intelligence and Data Science,Pune
6754,"International Institute of Information Technology (I²IT), Pune.",675424510.0,Computer Engineering,Pune
6754,"International Institute of Information Technology (I²IT), Pune.",675424610.0,Information Technology,Pune
6754,"International Institute of Information Technology (I²IT), Pune.",675437210.0,Electronics and Telecommunication Engg,Pune
6755,"JSPM Narhe Technical Campus, Pune.",675519110.0,Civil Engineering,Pune
6755,"JSPM Narhe Technical Campus, Pune.",675524510.0,Computer Engineering,Pune
6755,"JSPM Narhe Technical Campus, Pune.",675526310.0,Artificial Intelligence (AI) and Data Science,Pune
6755,"JSPM Narhe Technical Campus, Pune.",675537210.0,Electronics and Telecommunication Engg,Pune
6755,"JSPM Narhe Technical Campus, Pune.",675561210.0,Mechanical Engineering,Pune
6756,"Fabtech Technical Campus College of Engineering and Research, Sangola",675619110.0,Civil Engineering,Sangola
6756,"Fabtech Technical Campus College of Engineering and Research, Sangola",675624210.0,Computer Science and Engineering,Sangola
6756,"Fabtech Technical Campus College of Engineering and Research, Sangola",675629310.0,Electrical Engineering,Sangola
6756,"Fabtech Technical Campus College of Engineering and Research, Sangola",675637210.0,Electronics and Telecommunication Engg,Sangola
6756,"Fabtech Technical Campus College of Engineering and Research, Sangola",675661210.0,Mechanical Engineering,Sangola
6756,"Fabtech Technical Campus College of Engineering and Research, Sangola",675699510.0,Artificial Intelligence and Data Science,Sangola
6757,"Yashoda Technical Campus, Wadhe, Satara.",675719110.0,Civil Engineering,Satara
6757,"Yashoda Technical Campus, Wadhe, Satara.",675724210.0,Computer Science and Engineering,Satara
6757,"Yashoda Technical Campus, Wadhe, Satara.",675726010.0,Computer Science and Engineering (Cyber Security),Satara
6757,"Yashoda Technical Campus, Wadhe, Satara.",675726310.0,Artificial Intelligence (AI) and Data Science,Satara
6757,"Yashoda Technical Campus, Wadhe, Satara.",675726610.0,Robotics and Artificial Intelligence,Satara
6757,"Yashoda Technical Campus, Wadhe, Satara.",675727310.0,Cloud Computing,Satara
6757,"Yashoda Technical Campus, Wadhe, Satara.",675729310.0,Electrical Engineering,Satara
6757,"Yashoda Technical Campus, Wadhe, Satara.",675737210.0,Electronics and Telecommunication Engg,Satara
6757,"Yashoda Technical Campus, Wadhe, Satara.",675761210.0,Mechanical Engineering,Satara
6757,"Yashoda Technical Campus, Wadhe, Satara.",675762410.0,Mechatronics Engineering,Satara
6758,"Sahyadri Valley College of Engineering & Technology, Rajuri, Pune.",675819110.0,Civil Engineering,Pune
6758,"Sahyadri Valley College of Engineering & Technology, Rajuri, Pune.",675824510.0,Computer Engineering,Pune
6758,"Sahyadri Valley College of Engineering & Technology, Rajuri, Pune.",675837210.0,Electronics and Telecommunication Engg,Pune
6758,"Sahyadri Valley College of Engineering & Technology, Rajuri, Pune.",675861210.0,Mechanical Engineering,Pune
6758,"Sahyadri Valley College of Engineering & Technology, Rajuri, Pune.",675892110.0,Artificial Intelligence and Machine Learning,Pune
6758,"Sahyadri Valley College of Engineering & Technology, Rajuri, Pune.",675899510.0,Artificial Intelligence and Data Science,Pune
6759,"Shree Ramchandra College of Engineering, Lonikand,Pune",675919110.0,Civil Engineering,Pune
6759,"Shree Ramchandra College of Engineering, Lonikand,Pune",675924510.0,Computer Engineering,Pune
6759,"Shree Ramchandra College of Engineering, Lonikand,Pune",675929310.0,Electrical Engineering,Pune
6759,"Shree Ramchandra College of Engineering, Lonikand,Pune",675961210.0,Mechanical Engineering,Pune
6759,"Shree Ramchandra College of Engineering, Lonikand,Pune",675999510.0,Artificial Intelligence and Data Science,Pune
6762,"Nanasaheb Mahadik College of Engineering,Walwa, Sangli.",676219110.0,Civil Engineering,Sangli
6762,"Nanasaheb Mahadik College of Engineering,Walwa, Sangli.",676224210.0,Computer Science and Engineering,Sangli
6762,"Nanasaheb Mahadik College of Engineering,Walwa, Sangli.",676229310.0,Electrical Engineering,Sangli
6762,"Nanasaheb Mahadik College of Engineering,Walwa, Sangli.",676237210.0,Electronics and Telecommunication Engg,Sangli
6762,"Nanasaheb Mahadik College of Engineering,Walwa, Sangli.",676261210.0,Mechanical Engineering,Sangli
6766,Phaltan Education Society's College of Engineering Thakurki Tal- Phaltan Dist-Satara,676619110.0,Civil Engineering,Dist-Satara
6766,Phaltan Education Society's College of Engineering Thakurki Tal- Phaltan Dist-Satara,676624510.0,Computer Engineering,Dist-Satara
6766,Phaltan Education Society's College of Engineering Thakurki Tal- Phaltan Dist-Satara,676626310.0,Artificial Intelligence (AI) and Data Science,Dist-Satara
6766,Phaltan Education Society's College of Engineering Thakurki Tal- Phaltan Dist-Satara,676637210.0,Electronics and Telecommunication Engg,Dist-Satara
6766,Phaltan Education Society's College of Engineering Thakurki Tal- Phaltan Dist-Satara,676661210.0,Mechanical Engineering,Dist-Satara
6766,Phaltan Education Society's College of Engineering Thakurki Tal- Phaltan Dist-Satara,676692110.0,Artificial Intelligence and Machine Learning,Dist-Satara
6767,"Suman Ramesh Tulsiani Technical Campus: Faculty of Engineering, Kamshet,Pune.",676719110.0,Civil Engineering,Pune
6767,"Suman Ramesh Tulsiani Technical Campus: Faculty of Engineering, Kamshet,Pune.",676724510.0,Computer Engineering,Pune
6767,"Suman Ramesh Tulsiani Technical Campus: Faculty of Engineering, Kamshet,Pune.",676724610.0,Information Technology,Pune
6767,"Suman Ramesh Tulsiani Technical Campus: Faculty of Engineering, Kamshet,Pune.",676737210.0,Electronics and Telecommunication Engg,Pune
6767,"Suman Ramesh Tulsiani Technical Campus: Faculty of Engineering, Kamshet,Pune.",676761210.0,Mechanical Engineering,Pune
6767,"Suman Ramesh Tulsiani Technical Campus: Faculty of Engineering, Kamshet,Pune.",676791210.0,Computer Science and Engineering(Data Science),Pune
6767,"Suman Ramesh Tulsiani Technical Campus: Faculty of Engineering, Kamshet,Pune.",676799510.0,Artificial Intelligence and Data Science,Pune
6768,"P.K. Technical Campus, Pune.",676824510.0,Computer Engineering,Pune
6768,"P.K. Technical Campus, Pune.",676861210.0,Mechanical Engineering,Pune
6769,"Rasiklal M. Dhariwal Sinhgad Technical Institutes Campus, Warje, Pune.",676919110.0,Civil Engineering,Pune
6769,"Rasiklal M. Dhariwal Sinhgad Technical Institutes Campus, Warje, Pune.",676924510.0,Computer Engineering,Pune
6769,"Rasiklal M. Dhariwal Sinhgad Technical Institutes Campus, Warje, Pune.",676924610.0,Information Technology,Pune
6769,"Rasiklal M. Dhariwal Sinhgad Technical Institutes Campus, Warje, Pune.",676937210.0,Electronics and Telecommunication Engg,Pune
6769,"Rasiklal M. Dhariwal Sinhgad Technical Institutes Campus, Warje, Pune.",676961210.0,Mechanical Engineering,Pune
6770,"SKN Sinhgad Institute of Technology & Science, Kusgaon(BK),Pune.",677024510.0,Computer Engineering,Pune
6770,"SKN Sinhgad Institute of Technology & Science, Kusgaon(BK),Pune.",677024610.0,Information Technology,Pune
6770,"SKN Sinhgad Institute of Technology & Science, Kusgaon(BK),Pune.",677061210.0,Mechanical Engineering,Pune
6771,"Flora Institute of Technology, Khopi, Near Khed Shivapur Toll Plaza, Pune",677119110.0,Civil Engineering,Pune
6771,"Flora Institute of Technology, Khopi, Near Khed Shivapur Toll Plaza, Pune",677124510.0,Computer Engineering,Pune
6771,"Flora Institute of Technology, Khopi, Near Khed Shivapur Toll Plaza, Pune",677161210.0,Mechanical Engineering,Pune
6772,"NBN Sinhgad Technical Institutes Campus, Pune",677224510.0,Computer Engineering,Pune
6772,"NBN Sinhgad Technical Institutes Campus, Pune",677224610.0,Information Technology,Pune
6772,"NBN Sinhgad Technical Institutes Campus, Pune",677229310.0,Electrical Engineering,Pune
6772,"NBN Sinhgad Technical Institutes Campus, Pune",677237210.0,Electronics and Telecommunication Engg,Pune
6772,"NBN Sinhgad Technical Institutes Campus, Pune",677261210.0,Mechanical Engineering,Pune
6780,"D.Y.Patil Education Society's,D.Y.Patil Technical Campus, Faculty of Engineering & Faculty of Management,Talsande,Kolhapur.",678019110.0,Civil Engineering,Kolhapur
6780,"D.Y.Patil Education Society's,D.Y.Patil Technical Campus, Faculty of Engineering & Faculty of Management,Talsande,Kolhapur.",678024210.0,Computer Science and Engineering,Kolhapur
6780,"D.Y.Patil Education Society's,D.Y.Patil Technical Campus, Faculty of Engineering & Faculty of Management,Talsande,Kolhapur.",678029310.0,Electrical Engineering,Kolhapur
6780,"D.Y.Patil Education Society's,D.Y.Patil Technical Campus, Faculty of Engineering & Faculty of Management,Talsande,Kolhapur.",678061210.0,Mechanical Engineering,Kolhapur
6780,"D.Y.Patil Education Society's,D.Y.Patil Technical Campus, Faculty of Engineering & Faculty of Management,Talsande,Kolhapur.",678091210.0,Computer Science and Engineering(Data Science),Kolhapur
6781,"Bhagwant Institute of Technology, Barshi",678119110.0,Civil Engineering,Barshi
6781,"Bhagwant Institute of Technology, Barshi",678124210.0,Computer Science and Engineering,Barshi
6781,"Bhagwant Institute of Technology, Barshi",678137210.0,Electronics and Telecommunication Engg,Barshi
6781,"Bhagwant Institute of Technology, Barshi",678161210.0,Mechanical Engineering,Barshi
6782,"Sahakar Maharshee Shankarrao Mohite Patil Institute of Technology & Research, Akluj",678219110.0,Civil Engineering,Akluj
6782,"Sahakar Maharshee Shankarrao Mohite Patil Institute of Technology & Research, Akluj",678224210.0,Computer Science and Engineering,Akluj
6782,"Sahakar Maharshee Shankarrao Mohite Patil Institute of Technology & Research, Akluj",678229310.0,Electrical Engineering,Akluj
6782,"Sahakar Maharshee Shankarrao Mohite Patil Institute of Technology & Research, Akluj",678237210.0,Electronics and Telecommunication Engg,Akluj
6782,"Sahakar Maharshee Shankarrao Mohite Patil Institute of Technology & Research, Akluj",678261210.0,Mechanical Engineering,Akluj
6782,"Sahakar Maharshee Shankarrao Mohite Patil Institute of Technology & Research, Akluj",678299510.0,Artificial Intelligence and Data Science,Akluj
6794,"Anantrao Pawar College of Engineering & Research, Pune",679419110.0,Civil Engineering,Pune
6794,"Anantrao Pawar College of Engineering & Research, Pune",679424510.0,Computer Engineering,Pune
6794,"Anantrao Pawar College of Engineering & Research, Pune",679424610.0,Information Technology,Pune
6794,"Anantrao Pawar College of Engineering & Research, Pune",679437210.0,Electronics and Telecommunication Engg,Pune
6794,"Anantrao Pawar College of Engineering & Research, Pune",679437810.0,Electronics Engineering ( VLSI Design and Technology),Pune
6794,"Anantrao Pawar College of Engineering & Research, Pune",679461210.0,Mechanical Engineering,Pune
6794,"Anantrao Pawar College of Engineering & Research, Pune",679492810.0,Electronics and Communication(Advanced Communication Technology),Pune
6794,"Anantrao Pawar College of Engineering & Research, Pune",679499510.0,Artificial Intelligence and Data Science,Pune
6795,"Shri.Someshwar Shikshan Prasarak Mandal, Sharadchandra Pawar College of Engineering & Technology, Someshwar Nagar",679519110.0,Civil Engineering,Someshwar Nagar
6795,"Shri.Someshwar Shikshan Prasarak Mandal, Sharadchandra Pawar College of Engineering & Technology, Someshwar Nagar",679524510.0,Computer Engineering,Someshwar Nagar
6795,"Shri.Someshwar Shikshan Prasarak Mandal, Sharadchandra Pawar College of Engineering & Technology, Someshwar Nagar",679529310.0,Electrical Engineering,Someshwar Nagar
6795,"Shri.Someshwar Shikshan Prasarak Mandal, Sharadchandra Pawar College of Engineering & Technology, Someshwar Nagar",679561210.0,Mechanical Engineering,Someshwar Nagar
6795,"Shri.Someshwar Shikshan Prasarak Mandal, Sharadchandra Pawar College of Engineering & Technology, Someshwar Nagar",679592110.0,Artificial Intelligence and Machine Learning,Someshwar Nagar
6796,"Bharati Vidyapeeth's College of Engineering,Lavale, Pune",679619110.0,Civil Engineering,Pune
6796,"Bharati Vidyapeeth's College of Engineering,Lavale, Pune",679624510.0,Computer Engineering,Pune
6796,"Bharati Vidyapeeth's College of Engineering,Lavale, Pune",679637210.0,Electronics and Telecommunication Engg,Pune
6796,"Bharati Vidyapeeth's College of Engineering,Lavale, Pune",679661210.0,Mechanical Engineering,Pune
6797,"Dnyanshree Institute Engineering and Technology, Satara",679724210.0,Computer Science and Engineering,Satara
6797,"Dnyanshree Institute Engineering and Technology, Satara",679725910.0,Mechanical and Mechatronics Engineering (Additive Manufacturing),Satara
6797,"Dnyanshree Institute Engineering and Technology, Satara",679737210.0,Electronics and Telecommunication Engg,Satara
6797,"Dnyanshree Institute Engineering and Technology, Satara",679792610.0,Electrical and Computer Engineering,Satara
6797,"Dnyanshree Institute Engineering and Technology, Satara",679799510.0,Artificial Intelligence and Data Science,Satara
6799,"Shivganga Charitable Trust, Sangli Vishveshwarya Technical Campus, Faculty of Diploma Engineering, Patgaon, Miraj",679924210.0,Computer Science and Engineering,Miraj
6799,"Shivganga Charitable Trust, Sangli Vishveshwarya Technical Campus, Faculty of Diploma Engineering, Patgaon, Miraj",679924510.0,Computer Engineering,Miraj
6799,"Shivganga Charitable Trust, Sangli Vishveshwarya Technical Campus, Faculty of Diploma Engineering, Patgaon, Miraj",679929310.0,Electrical Engineering,Miraj
6799,"Shivganga Charitable Trust, Sangli Vishveshwarya Technical Campus, Faculty of Diploma Engineering, Patgaon, Miraj",679961210.0,Mechanical Engineering,Miraj
6799,"Shivganga Charitable Trust, Sangli Vishveshwarya Technical Campus, Faculty of Diploma Engineering, Patgaon, Miraj",679992110.0,Artificial Intelligence and Machine Learning,Miraj
6803,"Sant Gajanan Maharaj College of Engineering, Gadhinglaj",680319110.0,Civil Engineering,Gadhinglaj
6803,"Sant Gajanan Maharaj College of Engineering, Gadhinglaj",680324210.0,Computer Science and Engineering,Gadhinglaj
6803,"Sant Gajanan Maharaj College of Engineering, Gadhinglaj",680329310.0,Electrical Engineering,Gadhinglaj
6803,"Sant Gajanan Maharaj College of Engineering, Gadhinglaj",680337210.0,Electronics and Telecommunication Engg,Gadhinglaj
6803,"Sant Gajanan Maharaj College of Engineering, Gadhinglaj",680337910.0,ELECTRONICS AND COMMUNICATION ENGINEERING (BIO-MEDICAL ENGINEERING),Gadhinglaj
6803,"Sant Gajanan Maharaj College of Engineering, Gadhinglaj",680361210.0,Mechanical Engineering,Gadhinglaj
6803,"Sant Gajanan Maharaj College of Engineering, Gadhinglaj",680391110.0,Computer Science and Engineering(Artificial Intelligence and Machine Learning),Gadhinglaj
6808,"Keystone School of Engineering, Pune",680824510.0,Computer Engineering,Pune
6808,"Keystone School of Engineering, Pune",680826310.0,Artificial Intelligence (AI) and Data Science,Pune
6808,"Keystone School of Engineering, Pune",680837210.0,Electronics and Telecommunication Engg,Pune
6808,"Keystone School of Engineering, Pune",680861210.0,Mechanical Engineering,Pune
6811,Sanjay Ghodawat Institute,681119110.0,Civil Engineering,Institute
6811,Sanjay Ghodawat Institute,681124210.0,Computer Science and Engineering,Institute
6811,Sanjay Ghodawat Institute,681129310.0,Electrical Engineering,Institute
6811,Sanjay Ghodawat Institute,681137210.0,Electronics and Telecommunication Engg,Institute
6811,Sanjay Ghodawat Institute,681161210.0,Mechanical Engineering,Institute
6814,"K.P. Patil Institute ( Polytechnic ), Bhudargad, Dist.Kolhapur",681426310.0,Artificial Intelligence (AI) and Data Science,Dist.Kolhapur
6814,"K.P. Patil Institute ( Polytechnic ), Bhudargad, Dist.Kolhapur",681438410.0,"Electrical, Electronics and Power Engineering",Dist.Kolhapur
6814,"K.P. Patil Institute ( Polytechnic ), Bhudargad, Dist.Kolhapur",681461210.0,Mechanical Engineering,Dist.Kolhapur
6815,"DR. G.V.SHINGRE VPS COLLEGE OF ENGINEERING AND TECHNOLOGY, LONAVALA, MAUJE WAKSAI, TAL MAVAL, DIST PUNE",681519110.0,Civil Engineering,DIST PUNE
6815,"DR. G.V.SHINGRE VPS COLLEGE OF ENGINEERING AND TECHNOLOGY, LONAVALA, MAUJE WAKSAI, TAL MAVAL, DIST PUNE",681524510.0,Computer Engineering,DIST PUNE
6815,"DR. G.V.SHINGRE VPS COLLEGE OF ENGINEERING AND TECHNOLOGY, LONAVALA, MAUJE WAKSAI, TAL MAVAL, DIST PUNE",681561210.0,Mechanical Engineering,DIST PUNE
6822,"Pimpri Chinchwad Education Trust's Pimpri Chinchwad College Of Engineering And Research, Ravet",682219110.0,Civil Engineering,Ravet
6822,"Pimpri Chinchwad Education Trust's Pimpri Chinchwad College Of Engineering And Research, Ravet",682224510.0,Computer Engineering,Ravet
6822,"Pimpri Chinchwad Education Trust's Pimpri Chinchwad College Of Engineering And Research, Ravet",682224610.0,Information Technology,Ravet
6822,"Pimpri Chinchwad Education Trust's Pimpri Chinchwad College Of Engineering And Research, Ravet",682237210.0,Electronics and Telecommunication Engg,Ravet
6822,"Pimpri Chinchwad Education Trust's Pimpri Chinchwad College Of Engineering And Research, Ravet",682261210.0,Mechanical Engineering,Ravet
6834,"Dr.D.Y.Patil College Of Engineering & Innovation,Talegaon",683424510.0,Computer Engineering,Talegaon
6834,"Dr.D.Y.Patil College Of Engineering & Innovation,Talegaon",683426310.0,Artificial Intelligence (AI) and Data Science,Talegaon
6834,"Dr.D.Y.Patil College Of Engineering & Innovation,Talegaon",683492110.0,Artificial Intelligence and Machine Learning,Talegaon
6839,"Dr. D Y Patil Pratishthan's College of Engineering, Kolhapur",683919110.0,Civil Engineering,Kolhapur
6839,"Dr. D Y Patil Pratishthan's College of Engineering, Kolhapur",683924210.0,Computer Science and Engineering,Kolhapur
6839,"Dr. D Y Patil Pratishthan's College of Engineering, Kolhapur",683929310.0,Electrical Engineering,Kolhapur
6839,"Dr. D Y Patil Pratishthan's College of Engineering, Kolhapur",683991210.0,Computer Science and Engineering(Data Science),Kolhapur
6878,"Dr. A. D. Shinde College Of Engineering, Tal.Gadhinglaj, Kolhapur",687819110.0,Civil Engineering,Kolhapur
6878,"Dr. A. D. Shinde College Of Engineering, Tal.Gadhinglaj, Kolhapur",687824210.0,Computer Science and Engineering,Kolhapur
6878,"Dr. A. D. Shinde College Of Engineering, Tal.Gadhinglaj, Kolhapur",687825910.0,Mechanical and Mechatronics Engineering (Additive Manufacturing),Kolhapur
6878,"Dr. A. D. Shinde College Of Engineering, Tal.Gadhinglaj, Kolhapur",687890010.0,Electronics and Computer Science,Kolhapur
6878,"Dr. A. D. Shinde College Of Engineering, Tal.Gadhinglaj, Kolhapur",687891110.0,Computer Science and Engineering(Artificial Intelligence and Machine Learning),Kolhapur
6878,"Dr. A. D. Shinde College Of Engineering, Tal.Gadhinglaj, Kolhapur",687892610.0,Electrical and Computer Engineering,Kolhapur
6901,"MAEER's MIT College of Railway Engineering and Research, Jamgaon, Barshi",690119110.0,Civil Engineering,Barshi
6901,"MAEER's MIT College of Railway Engineering and Research, Jamgaon, Barshi",690124210.0,Computer Science and Engineering,Barshi
6901,"MAEER's MIT College of Railway Engineering and Research, Jamgaon, Barshi",690137210.0,Electronics and Telecommunication Engg,Barshi
6901,"MAEER's MIT College of Railway Engineering and Research, Jamgaon, Barshi",690158510.0,MECHANICAL AND RAIL ENGINEERING,Barshi
6901,"MAEER's MIT College of Railway Engineering and Research, Jamgaon, Barshi",690184410.0,Electronics and Computer Engineering,Barshi
6901,"MAEER's MIT College of Railway Engineering and Research, Jamgaon, Barshi",690199510.0,Artificial Intelligence and Data Science,Barshi
6991,"Dr. D.Y. Patil Technical Campus, Varale, Talegaon, Pune",699124510.0,Computer Engineering,Pune
6991,"Dr. D.Y. Patil Technical Campus, Varale, Talegaon, Pune",699156610.0,Computer Science,Pune
6991,"Dr. D.Y. Patil Technical Campus, Varale, Talegaon, Pune",699184410.0,Electronics and Computer Engineering,Pune
6991,"Dr. D.Y. Patil Technical Campus, Varale, Talegaon, Pune",699199510.0,Artificial Intelligence and Data Science,Pune
14005,"Laxminarayan Innovation Technological University, Nagpur",1400508310.0,Biotechnology and Biochemical Engineering,Nagpur
14005,"Laxminarayan Innovation Technological University, Nagpur",1400508410.0,Pharmaceutical Engineering,Nagpur
14005,"Laxminarayan Innovation Technological University, Nagpur",1400550110.0,Plastic and Polymer Engineering,Nagpur
14005,"Laxminarayan Innovation Technological University, Nagpur",1400550310.0,Food Technology,Nagpur
14005,"Laxminarayan Innovation Technological University, Nagpur",1400550710.0,Chemical Engineering,Nagpur
14005,"Laxminarayan Innovation Technological University, Nagpur",1400552410.0,Paper and Pulp Technology,Nagpur
14005,"Laxminarayan Innovation Technological University, Nagpur",1400552710.0,Petro Chemical Engineering,Nagpur
14005,"Laxminarayan Innovation Technological University, Nagpur",1400552910.0,Oil Technology,Nagpur
14005,"Laxminarayan Innovation Technological University, Nagpur",1400572910.0,Surface Coating Technology,Nagpur
16006,COEP Technological University,1600619110.0,Civil Engineering,University
16006,COEP Technological University,1600624210.0,Computer Science and Engineering,University
16006,COEP Technological University,1600629310.0,Electrical Engineering,University
16006,COEP Technological University,1600637210.0,Electronics and Telecommunication Engg,University
16006,COEP Technological University,1600646410.0,Instrumentation and Control Engineering,University
16006,COEP Technological University,1600661210.0,Mechanical Engineering,University
16006,COEP Technological University,1600662710.0,Manufacturing Science and Engineering,University
16006,COEP Technological University,1600669410.0,Metallurgy and Material Technology,University
16006,COEP Technological University,1600692110.0,Artificial Intelligence and Machine Learning,University
16121,"Shri. Anandrao Abitkar College of Engineering, Pal",1612119110.0,Civil Engineering,Pal
16121,"Shri. Anandrao Abitkar College of Engineering, Pal",1612124510.0,Computer Engineering,Pal
16121,"Shri. Anandrao Abitkar College of Engineering, Pal",1612126310.0,Artificial Intelligence (AI) and Data Science,Pal
16121,"Shri. Anandrao Abitkar College of Engineering, Pal",1612129310.0,Electrical Engineering,Pal
16121,"Shri. Anandrao Abitkar College of Engineering, Pal",1612161210.0,Mechanical Engineering,Pal
16351,"Vidya Niketan Institute of Engineering & Technology, Lakhewadi",1635119110.0,Civil Engineering,Lakhewadi
16351,"Vidya Niketan Institute of Engineering & Technology, Lakhewadi",1635124210.0,Computer Science and Engineering,Lakhewadi
16351,"Vidya Niketan Institute of Engineering & Technology, Lakhewadi",1635137210.0,Electronics and Telecommunication Engg,Lakhewadi
16351,"Vidya Niketan Institute of Engineering & Technology, Lakhewadi",1635192110.0,Artificial Intelligence and Machine Learning,Lakhewadi
16352,"Yashoda Mahadeo Kakade College of Engineering, Talegaon",1635224210.0,Computer Science and Engineering,Talegaon
16352,"Yashoda Mahadeo Kakade College of Engineering, Talegaon",1635224610.0,Information Technology,Talegaon
16352,"Yashoda Mahadeo Kakade College of Engineering, Talegaon",1635237210.0,Electronics and Telecommunication Engg,Talegaon
16352,"Yashoda Mahadeo Kakade College of Engineering, Talegaon",1635299510.0,Artificial Intelligence and Data Science,Talegaon
16354,"DNYANVILAS COLLEGE OF ENGINEERING PIMPRI -CHINCHWAD , PUNE",1635424510.0,Computer Engineering,PUNE
16354,"DNYANVILAS COLLEGE OF ENGINEERING PIMPRI -CHINCHWAD , PUNE",1635424610.0,Information Technology,PUNE
16354,"DNYANVILAS COLLEGE OF ENGINEERING PIMPRI -CHINCHWAD , PUNE",1635437210.0,Electronics and Telecommunication Engg,PUNE
16354,"DNYANVILAS COLLEGE OF ENGINEERING PIMPRI -CHINCHWAD , PUNE",1635492110.0,Artificial Intelligence and Machine Learning,PUNE
16355,Audyogik Shikshan Mandal's Nextgen Technical Campus,1635524210.0,Computer Science and Engineering,Campus
16355,Audyogik Shikshan Mandal's Nextgen Technical Campus,1635524610.0,Information Technology,Campus
16355,Audyogik Shikshan Mandal's Nextgen Technical Campus,1635584410.0,Electronics and Computer Engineering,Campus
16355,Audyogik Shikshan Mandal's Nextgen Technical Campus,1635592110.0,Artificial Intelligence and Machine Learning,Campus
16357,MES MUKUNDDAS LOHIA COLLEGE OF ENGINEERING,1635724510.0,Computer Engineering,ENGINEERING
16357,MES MUKUNDDAS LOHIA COLLEGE OF ENGINEERING,1635724610.0,Information Technology,ENGINEERING
16357,MES MUKUNDDAS LOHIA COLLEGE OF ENGINEERING,1635737210.0,Electronics and Telecommunication Engg,ENGINEERING
16357,MES MUKUNDDAS LOHIA COLLEGE OF ENGINEERING,1635791110.0,Computer Science and Engineering(Artificial Intelligence and Machine Learning),ENGINEERING
16371,Kai. Nirmalatai Pingle Institute of Engineering & Management studies,1637124210.0,Computer Science and Engineering,studies
16371,Kai. Nirmalatai Pingle Institute of Engineering & Management studies,1637124610.0,Information Technology,studies
16371,Kai. Nirmalatai Pingle Institute of Engineering & Management studies,1637137210.0,Electronics and Telecommunication Engg,studies
16371,Kai. Nirmalatai Pingle Institute of Engineering & Management studies,1637184410.0,Electronics and Computer Engineering,studies
1347,LET.DR. D. B. DOD COLLEGE OF ENGINEERING,134724210.0,Computer Science and Engineering,ENGINEERING
1347,LET.DR. D. B. DOD COLLEGE OF ENGINEERING,134729310.0,Electrical Engineering,ENGINEERING
1347,LET.DR. D. B. DOD COLLEGE OF ENGINEERING,134761210.0,Mechanical Engineering,ENGINEERING
1347,LET.DR. D. B. DOD COLLEGE OF ENGINEERING,134799510.0,Artificial Intelligence and Data Science,ENGINEERING
2282,"Mitthulalji Sarada Institute Of Technology, Nalwandi Road, Beed",228229310.0,Electrical Engineering,Beed
3209,K J Somaiya Institute of Technology,320924510.0,Computer Engineering,Technology
3209,K J Somaiya Institute of Technology,320924610.0,Information Technology,Technology
3209,K J Somaiya Institute of Technology,320937210.0,Electronics and Telecommunication Engg,Technology
3209,K J Somaiya Institute of Technology,320999510.0,Artificial Intelligence and Data Science,Technology
4762,"Mata Mahakali College of Engineering & Technology, Warora",476237210.0,Electronics and Telecommunication Engg,Warora
4766,Dr. Arun Motghare College of Engineering and Technology,476624210.0,Computer Science and Engineering,Technology
4766,Dr. Arun Motghare College of Engineering and Technology,476629310.0,Electrical Engineering,Technology
4766,Dr. Arun Motghare College of Engineering and Technology,476661210.0,Mechanical Engineering,Technology
5235,"Late Bhausaheb Hiray Smarnika Samiti Trust Sanchalit Polytechnic, Malegaon, Nashik",523524210.0,Computer Science and Engineering,Nashik
5235,"Late Bhausaheb Hiray Smarnika Samiti Trust Sanchalit Polytechnic, Malegaon, Nashik",523584410.0,Electronics and Computer Engineering,Nashik
5235,"Late Bhausaheb Hiray Smarnika Samiti Trust Sanchalit Polytechnic, Malegaon, Nashik",523591210.0,Computer Science and Engineering(Data Science),Nashik
5235,"Late Bhausaheb Hiray Smarnika Samiti Trust Sanchalit Polytechnic, Malegaon, Nashik",523592110.0,Artificial Intelligence and Machine Learning,Nashik
5688,"MES Institute of Engineering and Technology, sonai",568824510.0,Computer Engineering,sonai
5688,"MES Institute of Engineering and Technology, sonai",568837310.0,Electronics and Telecommunication,sonai
5688,"MES Institute of Engineering and Technology, sonai",568884410.0,Electronics and Computer Engineering,sonai
5688,"MES Institute of Engineering and Technology, sonai",568899510.0,Artificial Intelligence and Data Science,sonai
16373,SJVPM College of Engineering,1637319110.0,Civil Engineering,Engineering
16373,SJVPM College of Engineering,1637324210.0,Computer Science and Engineering,Engineering
16373,SJVPM College of Engineering,1637329310.0,Electrical Engineering,Engineering
16373,SJVPM College of Engineering,1637337210.0,Electronics and Telecommunication Engg,Engineering
16373,SJVPM College of Engineering,1637361210.0,Mechanical Engineering,Engineering
16373,SJVPM College of Engineering,1637391110.0,Computer Science and Engineering(Artificial Intelligence and Machine L,Engineering
1105,"Prof. Ram Meghe Institute of Technology & Research, Amravati",110526510.0,Industrial IoT,
1126,"Shri. Dadasaheb Gawai Charitable Trust's Dr. Smt. Kamaltai Gawai Institute of Engineering & Technology, Darapur, Amravati",112637210.0,Electronics and Telecommunication Engg,
1127,"Jagadambha Bahuuddeshiya Gramin Vikas Sanstha's Jagdambha College of Engineering and Technology, Yavatmal",112724510.0,Computer Engineering,
2113,"G. S. Mandal's Maharashtra Institute of Technology, Aurangabad",211399510.0,Artificial Intelligence and Data Science,
2116,"Matoshri Pratishan's Group of Institutions (Integrated Campus), Kupsarwadi , Nanded",211629710.0,Electrical and Electronics Engineering,
2129,"M.S. Bidve Engineering College, Latur",212929810.0,Electrical Engg [Electrical and Power],
2129,"M.S. Bidve Engineering College, Latur",212937610.0,Electronics Engineering,
2133,"Mahatma Basaweshwar Education Society's College of Engineering, Ambejogai",213384410.0,Electronics and Computer Engineering,
2134,"Peoples Education Society's College of Engineering, Aurangabad",213461510.0,Mechanical & Automation Engineering,
2508,GRAMIN TECHNICAL AND MANAGEMENT CAMPUS NANDED.,250824510.0,Computer Engineering,
2508,GRAMIN TECHNICAL AND MANAGEMENT CAMPUS NANDED.,250829310.0,Electrical Engineering,
2522,"STMEI's Sandipani Technical Campus-Faculty of Engineering, Latur.",252237210.0,Electronics and Telecommunication Engg,
3176,"Thakur College of Engineering and Technology, Kandivali, Mumbai",317625310.0,Internet of Things (IoT),
3184,"Fr. Conceicao Rodrigues College of Engineering, Bandra,Mumbai",318499510.0,Artificial Intelligence and Data Science,
3185,"Vivekanand Education Society's Institute of Technology, Chembur, Mumbai",318526110.0,Electronics and Computer Science,
3188,"Vasantdada Patil Pratishthan's College Of Engineering and Visual Arts, Sion, Mumbai",318826310.0,Artificial Intelligence (AI) and Data Science,
3197,"Agnel Charities' FR. C. Rodrigues Institute of Technology, Vashi, Navi Mumbai",319724610.0,Information Technology,
3206,"S.S.P.M.'s College of Engineering, Kankavli",320662410.0,Mechatronics Engineering,
3207,"Mahatma Education Society's Pillai College of Engineering, New Panvel",320724510.0,Computer Engineering,
3207,"Mahatma Education Society's Pillai College of Engineering, New Panvel",320724610.0,Information Technology,
3207,"Mahatma Education Society's Pillai College of Engineering, New Panvel",320737210.0,Electronics and Telecommunication Engg,
3207,"Mahatma Education Society's Pillai College of Engineering, New Panvel",320760210.0,Automobile Engineering,
3207,"Mahatma Education Society's Pillai College of Engineering, New Panvel",320761210.0,Mechanical Engineering,
3207,"Mahatma Education Society's Pillai College of Engineering, New Panvel",320790010.0,Electronics and Computer Science,
3211,"S.I.E.S. Graduate School of Technology, Nerul, Navi Mumbai",321199510.0,Artificial Intelligence and Data Science,
3214,"Xavier Institute Of Engineering C/O  Xavier Technical Institute,Mahim,Mumbai",321437210.0,Electronics and Telecommunication Engg,
3215,"Bhartiya Vidya Bhavan's Sardar Patel Institute  of Technology , Andheri, Mumbai",321591110.0,Computer Science and Engineering(Artificial Intelligence and Machine Learning),
3215,"Bhartiya Vidya Bhavan's Sardar Patel Institute  of Technology , Andheri, Mumbai",321591210.0,Computer Science and Engineering(Data Science),
3423,"Shree L.R. Tiwari College of Engineering, Mira Road, Mumbai",342319110.0,Civil Engineering,
3439,"Anjuman-I-Islam's Kalsekar Technical Campus, Panvel",343929310.0,Electrical Engineering,
3460,"Universal College of Engineering,Kaman Dist. Palghar",346024510.0,Computer Engineering,
3460,"Universal College of Engineering,Kaman Dist. Palghar",346024610.0,Information Technology,
3460,"Universal College of Engineering,Kaman Dist. Palghar",346092110.0,Artificial Intelligence and Machine Learning,
3462,"VPM's Maharshi Parshuram College of Engineering, Velneshwar, Ratnagiri.",346237210.0,Electronics and Telecommunication Engg,
3465,"Ideal Institute of Technology, Wada, Dist.Thane",346524510.0,Computer Engineering,
4005,"Laxminarayan Institute of Technology, Nagpur",400550310.0,Food Technology,
4005,"Laxminarayan Institute of Technology, Nagpur",400550710.0,Chemical Engineering,
4005,"Laxminarayan Institute of Technology, Nagpur",400551010.0,Plastic and Polymer Technology,
4005,"Laxminarayan Institute of Technology, Nagpur",400552410.0,Paper and Pulp Technology,
4005,"Laxminarayan Institute of Technology, Nagpur",400552810.0,Petro Chemical Technology,
4005,"Laxminarayan Institute of Technology, Nagpur",400552910.0,Oil Technology,
4005,"Laxminarayan Institute of Technology, Nagpur",400572910.0,Surface Coating Technology,
4115,"Shri Ramdeobaba College of Engineering and Management, Nagpur",411519110.0,Civil Engineering,
4115,"Shri Ramdeobaba College of Engineering and Management, Nagpur",411524210.0,Computer Science and Engineering,
4115,"Shri Ramdeobaba College of Engineering and Management, Nagpur",411524610.0,Information Technology,
4115,"Shri Ramdeobaba College of Engineering and Management, Nagpur",411529310.0,Electrical Engineering,
4115,"Shri Ramdeobaba College of Engineering and Management, Nagpur",411537010.0,Electronics and Communication Engineering,
4115,"Shri Ramdeobaba College of Engineering and Management, Nagpur",411546110.0,Bio Medical Engineering,
4115,"Shri Ramdeobaba College of Engineering and Management, Nagpur",411561210.0,Mechanical Engineering,
4115,"Shri Ramdeobaba College of Engineering and Management, Nagpur",411590010.0,Electronics and Computer Science,
4115,"Shri Ramdeobaba College of Engineering and Management, Nagpur",411591010.0,Computer Science and Engineering(Cyber Security),
4115,"Shri Ramdeobaba College of Engineering and Management, Nagpur",411591110.0,Computer Science and Engineering(Artificial Intelligence and Machine Learning),
4115,"Shri Ramdeobaba College of Engineering and Management, Nagpur",411591210.0,Computer Science and Engineering(Data Science),
4136,"Lokmanya Tilak Jankalyan Shikshan Sastha, Priyadarshini J. L. College Of Engineering, Nagpur",413619110.0,Civil Engineering,
4136,"Lokmanya Tilak Jankalyan Shikshan Sastha, Priyadarshini J. L. College Of Engineering, Nagpur",413624210.0,Computer Science and Engineering,
4136,"Lokmanya Tilak Jankalyan Shikshan Sastha, Priyadarshini J. L. College Of Engineering, Nagpur",413629310.0,Electrical Engineering,
4136,"Lokmanya Tilak Jankalyan Shikshan Sastha, Priyadarshini J. L. College Of Engineering, Nagpur",413637210.0,Electronics and Telecommunication Engg,
4136,"Lokmanya Tilak Jankalyan Shikshan Sastha, Priyadarshini J. L. College Of Engineering, Nagpur",413699710.0,Artificial Intelligence,
4137,"Sir Shantilal Badjate Charitable Trust's S. B. Jain Institute of technology, Management & Research, Nagpur",413726310.0,Artificial Intelligence (AI) and Data Science,
4137,"Sir Shantilal Badjate Charitable Trust's S. B. Jain Institute of technology, Management & Research, Nagpur",413792110.0,Artificial Intelligence and Machine Learning,
4139,"Samridhi Sarwajanik Charitable Trust, Jhulelal Institute of Technology, Nagpur",413937210.0,Electronics and Telecommunication Engg,
4174,"ST. Vincent Pallotti College of Engineering & Technology, Nagpur",417424510.0,Computer Engineering,
4285,"V M Institute of Engineering and Technology, Dongargaon, Nagpur",428524610.0,Information Technology,
5121,"K. K. Wagh Institute of Engineering Education and Research, Nashik",512191910.0,Robotics and Automation,
5170,"Hindi Seva Mandal's Shri Sant Gadgebaba College of Engineering & Technology, Bhusawal",517099510.0,Artificial Intelligence and Data Science,
5322,"Jamia Institute Of Engineering And Management Studies, Akkalkuwa",532219110.0,Civil Engineering,
5322,"Jamia Institute Of Engineering And Management Studies, Akkalkuwa",532229310.0,Electrical Engineering,
5322,"Jamia Institute Of Engineering And Management Studies, Akkalkuwa",532261210.0,Mechanical Engineering,
5449,"Shri Vile Parle Kelavani Mandal's Institute of Technology, Dhule",544919110.0,Civil Engineering,
5449,"Shri Vile Parle Kelavani Mandal's Institute of Technology, Dhule",544924510.0,Computer Engineering,
5449,"Shri Vile Parle Kelavani Mandal's Institute of Technology, Dhule",544924610.0,Information Technology,
5449,"Shri Vile Parle Kelavani Mandal's Institute of Technology, Dhule",544929310.0,Electrical Engineering,
5449,"Shri Vile Parle Kelavani Mandal's Institute of Technology, Dhule",544961210.0,Mechanical Engineering,
6006,COEP Technological University,600619110.0,Civil Engineering,
6006,COEP Technological University,600624510.0,Computer Engineering,
6006,COEP Technological University,600629310.0,Electrical Engineering,
6006,COEP Technological University,600637210.0,Electronics and Telecommunication Engg,
6006,COEP Technological University,600646410.0,Instrumentation and Control Engineering,
6006,COEP Technological University,600661210.0,Mechanical Engineering,
6006,COEP Technological University,600662710.0,Manufacturing Science and Engineering,
6006,COEP Technological University,600669410.0,Metallurgy and Material Technology,
6139,"Progressive Education Society's Modern College of Engineering, Pune",613924610.0,Information Technology,
6139,"Progressive Education Society's Modern College of Engineering, Pune",613992110.0,Artificial Intelligence and Machine Learning,
6139,"Progressive Education Society's Modern College of Engineering, Pune",613999510.0,Artificial Intelligence and Data Science,
6146,"MIT Academy of Engineering,Alandi, Pune",614637610.0,Electronics Engineering,
6155,"G.H.Raisoni College of Engineering & Management, Wagholi, Pune",615591710.0,Data Science,
6160,"JSPM's Imperial College of Engineering and Research, Wagholi, Pune",616019110.0,Civil Engineering,
6160,"JSPM's Imperial College of Engineering and Research, Wagholi, Pune",616024510.0,Computer Engineering,
6160,"JSPM's Imperial College of Engineering and Research, Wagholi, Pune",616037210.0,Electronics and Telecommunication Engg,
6160,"JSPM's Imperial College of Engineering and Research, Wagholi, Pune",616061210.0,Mechanical Engineering,
6175,"Pimpri Chinchwad Education Trust, Pimpri Chinchwad College of Engineering, Pune",617527110.0,Computer Engineering (Regional Language),
6179,"Indira College of Engineering & Management, Pune",617919110.0,Civil Engineering,
6207,"Dr. D. Y. Patil Unitech Society's Dr. D. Y. Patil  Institute of Technology, Pimpri, Pune",620791610.0,Automation and Robotics,
6214,"K. E. Society's Rajarambapu Institute of Technology, Walwa, Sangli",621426410.0,Automotive Technology,
6214,"K. E. Society's Rajarambapu Institute of Technology, Walwa, Sangli",621450410.0,Food Technology And Management,
6222,"Dattajirao Kadam Technical Education Society's Textile & Engineering Institute, Ichalkaranji.",622289510.0,Textile Plant Engineering,
6222,"Dattajirao Kadam Technical Education Society's Textile & Engineering Institute, Ichalkaranji.",622291310.0,Computer Science and Engineering (Artificial Intelligence),
6267,"Kolhapur Institute of Technology's College of Engineering(Autonomous), Kolhapur",626791210.0,Computer Science and Engineering(Data Science),
6269,"Shetkari Shikshan Mandal's Pad. Vasantraodada Patil Institute of Technology, Budhgaon, Sangli",626962410.0,Mechatronics Engineering,
6273,"Bansilal Ramnath Agarawal Charitable Trust's Vishwakarma Institute of Technology, Bibwewadi, Pune",627350710.0,Chemical Engineering,
6274,"Pune Vidyarthi Griha's College of Engineering and Technology and G K Pate(Wani) Institute of  Management,  Pune",627484310.0,Printing Technology,
6283,"Annasaheb Dange College of Engineering and Technology, Ashta, Sangli",628301210.0,Agriculture Engineering,
6289,"B.R.A.C.T's Vishwakarma Institute of Information Technology, Kondhwa (Bk.), Pune",628919110.0,Civil Engineering,
6289,"B.R.A.C.T's Vishwakarma Institute of Information Technology, Kondhwa (Bk.), Pune",628924510.0,Computer Engineering,
6289,"B.R.A.C.T's Vishwakarma Institute of Information Technology, Kondhwa (Bk.), Pune",628924610.0,Information Technology,
6289,"B.R.A.C.T's Vishwakarma Institute of Information Technology, Kondhwa (Bk.), Pune",628937210.0,Electronics and Telecommunication Engg,
6289,"B.R.A.C.T's Vishwakarma Institute of Information Technology, Kondhwa (Bk.), Pune",628961210.0,Mechanical Engineering,
6289,"B.R.A.C.T's Vishwakarma Institute of Information Technology, Kondhwa (Bk.), Pune",628991110.0,Computer Science and Engineering(Artificial Intelligence and Machine Learning),
6289,"B.R.A.C.T's Vishwakarma Institute of Information Technology, Kondhwa (Bk.), Pune",628991310.0,Computer Science and Engineering (Artificial Intelligence),
6289,"B.R.A.C.T's Vishwakarma Institute of Information Technology, Kondhwa (Bk.), Pune",628999510.0,Artificial Intelligence and Data Science,
6304,"Loknete Hanumantrao Charitable Trust's Adarsh Institute of Technology and Research Centre, Vita,Sangli",630492610.0,Electrical and Computer,
6307,"Dhole Patil Education Society, Dhole Patil College of Engineering, Wagholi, Tal. Haveli",630719110.0,Civil Engineering,
6307,"Dhole Patil Education Society, Dhole Patil College of Engineering, Wagholi, Tal. Haveli",630761210.0,Mechanical Engineering,
6318,"Abhinav Education Society's College of Engineering and Technology (Degree), Wadwadi",631824210.0,Computer Science and Engineering,
6325,"Alard  Charitable Trust's Alard College of Engineering and Management, Pune",632524510.0,Computer Engineering,
6325,"Alard  Charitable Trust's Alard College of Engineering and Management, Pune",632537210.0,Electronics and Telecommunication Engg,
6325,"Alard  Charitable Trust's Alard College of Engineering and Management, Pune",632592110.0,Artificial Intelligence and Machine Learning,
6419,"Nutan College of Engineering and Research, Talegaon Dabhade Tal. Maval, Pune",641924210.0,Computer Science and Engineering,
6419,"Nutan College of Engineering and Research, Talegaon Dabhade Tal. Maval, Pune",641937010.0,Electronics and Communication Engineering,
6419,"Nutan College of Engineering and Research, Talegaon Dabhade Tal. Maval, Pune",641961210.0,Mechanical Engineering,
6419,"Nutan College of Engineering and Research, Talegaon Dabhade Tal. Maval, Pune",641991310.0,Computer Science and Engineering (Artificial Intelligence),
6628,"Dattakala Group Of Institutions, Swami - Chincholi Tal. Daund Dist. Pune",662824610.0,Information Technology,
6732,Ajeenkya DY Patil School of Engineering,673260210.0,Automobile Engineering,
6756,"Fabtech Technical Campus College of Engineering and Research, Sangola",675626310.0,Artificial Intelligence (AI) and Data Science,
6757,"Yashoda Technical Campus, Wadhe, Satara.",675799510.0,Artificial Intelligence and Data Science,
6768,"P.K. Technical Campus, Pune.",676819110.0,Civil Engineering,
6797,"Dnyanshree Institute Engineering and Technology, Satara",679719110.0,Civil Engineering,
6797,"Dnyanshree Institute Engineering and Technology, Satara",679729310.0,Electrical Engineering,
6797,"Dnyanshree Institute Engineering and Technology, Satara",679761210.0,Mechanical Engineering,
6802,"Dr. D.Y.Patil Institute of Engineering, Management & Reseach, Akurdi, Pune",680219110.0,Civil Engineering,
6802,"Dr. D.Y.Patil Institute of Engineering, Management & Reseach, Akurdi, Pune",680224510.0,Computer Engineering,
6802,"Dr. D.Y.Patil Institute of Engineering, Management & Reseach, Akurdi, Pune",680237210.0,Electronics and Telecommunication Engg,
6802,"Dr. D.Y.Patil Institute of Engineering, Management & Reseach, Akurdi, Pune",680250710.0,Chemical Engineering,
6802,"Dr. D.Y.Patil Institute of Engineering, Management & Reseach, Akurdi, Pune",680261210.0,Mechanical Engineering,
6802,"Dr. D.Y.Patil Institute of Engineering, Management & Reseach, Akurdi, Pune",680299510.0,Artificial Intelligence and Data Science,
6878,"Dr. A. D. Shinde College Of Engineering, Tal.Gadhinglaj, Kolhapur",687826110.0,Electronics and Computer Science,
6878,"Dr. A. D. Shinde College Of Engineering, Tal.Gadhinglaj, Kolhapur",687829310.0,Electrical Engineering,
6878,"Dr. A. D. Shinde College Of Engineering, Tal.Gadhinglaj, Kolhapur",687861210.0,Mechanical Engineering,
6901,"MAEER's MIT College of Railway Engineering and Research, Jamgaon, Barshi",690161210.0,Mechanical Engineering,
2508,GRAMIN TECHNICAL AND MANAGEMENT CAMPUS NANDED.,250861210.0,Mechanical Engineering,
3465,"Ideal Institute of Technology, Wada, Dist.Thane",346537210.0,Electronics and Telecommunication Engg,
3477,"Chhartrapati Shivaji Maharaj Institute of Technology, Shedung, Panvel",347719110.0,Civil Engineering,
6177,"Sinhgad College of Engineering, Vadgaon (BK), Pune",617760610.0,Production Engineering,
6545,"Samarth Education Trust's Arvind Gavali College Of Engineering Panwalewadi, Varye,Satara.",654519110.0,Civil Engineering,
3460,"Universal College of Engineering,Kaman Dist. Palghar",346092410.0,Data Engineering,
4285,"V M Institute of Engineering and Technology, Dongargaon, Nagpur",428529310.0,Electrical Engineering,
6278,"All India Shri Shivaji Memorial Society's College of Engineering, Pune",627862610.0,Production Engineering[Sandwich],
6318,"Abhinav Education Society's College of Engineering and Technology (Degree), Wadwadi",631829310.0,Electrical Engineering,
2112,"Shree Yash Pratishthan, Shreeyash College of Engineering and Technology, Aurangabad",211292910.0,VLSI,
2112,"Shree Yash Pratishthan, Shreeyash College of Engineering and Technology, Aurangabad",211293010.0,Logistics,
2112,"Shree Yash Pratishthan, Shreeyash College of Engineering and Technology, Aurangabad",211293210.0,5G,
2116,"Matoshri Pratishan's Group of Institutions (Integrated Campus), Kupsarwadi , Nanded",211661510.0,Mechanical & Automation Engineering,
2516,International Centre Of Excellence In Engineering  and Management (ICEEM),251619110.0,Civil Engineering,
3148,"Mahavir Education Trust's Shah & Anchor Kutchhi Engineering College, Mumbai",314892810.0,Electronics and Communication(Advanced Communication Technology),
3192,"Smt. Indira Gandhi College of Engineering, Navi Mumbai",319299510.0,Artificial Intelligence and Data Science,
3194,"Vidyavardhini's College of Engineering and Technology, Vasai",319437810.0,Electronics Engineering ( VLSI Design and Technology),
3211,"S.I.E.S. Graduate School of Technology, Nerul, Navi Mumbai",321161210.0,Mechanical Engineering,
3477,"Chhartrapati Shivaji Maharaj Institute of Technology, Shedung, Panvel",347761210.0,Mechanical Engineering,
4123,"Lokmanya Tilak Jankalyan Shikshan Sanstha, Priyadarshani College of Engineering, Nagpur",412335610.0,Electrical Engg[Electronics and Power],
4134,"Guru Nanak Institute of Engineering & Technology,Kalmeshwar, Nagpur",413419110.0,Civil Engineering,
4139,"Samridhi Sarwajanik Charitable Trust, Jhulelal Institute of Technology, Nagpur",413992810.0,Electronics and Communication(Advanced Communication Technology),
5162,"Amrutvahini Sheti & Shikshan Vikas Sanstha's Amrutvahini College of Engineering, Sangamner",516226310.0,Artificial Intelligence (AI) and Data Science,
5170,"Hindi Seva Mandal's Shri Sant Gadgebaba College of Engineering & Technology, Bhusawal",517084410.0,Electronics and Computer Engineering,
6006,COEP Technological University,600626610.0,Robotics and Artificial Intelligence,
6214,"K. E. Society's Rajarambapu Institute of Technology, Walwa, Sangli",621491910.0,Robotics and Automation,
6289,"B.R.A.C.T's Vishwakarma Institute of Information Technology, Kondhwa (Bk.), Pune",628991210.0,Computer Science and Engineering(Data Science),
6289,"B.R.A.C.T's Vishwakarma Institute of Information Technology, Kondhwa (Bk.), Pune",628992010.0,Computer Science and Engineering (Internet of Things and Cyber Security Including Block Chain,
6289,"B.R.A.C.T's Vishwakarma Institute of Information Technology, Kondhwa (Bk.), Pune",628992710.0,Computer Engineering (Software Engineering),
6318,"Abhinav Education Society's College of Engineering and Technology (Degree), Wadwadi",631861210.0,Mechanical Engineering,
6325,"Alard  Charitable Trust's Alard College of Engineering and Management, Pune",632525710.0,Computer Science and Design,
6325,"Alard  Charitable Trust's Alard College of Engineering and Management, Pune",632529310.0,Electrical Engineering,
6325,"Alard  Charitable Trust's Alard College of Engineering and Management, Pune",632537810.0,Electronics Engineering ( VLSI Design and Technology),
6325,"Alard  Charitable Trust's Alard College of Engineering and Management, Pune",632593310.0,Electronics and Communication (Advanced Communication Technology),
6419,"Nutan College of Engineering and Research, Talegaon Dabhade Tal. Maval, Pune",641937210.0,Electronics and Telecommunication Engg,
6766,Phaltan Education Society's College of Engineering Thakurki Tal- Phaltan Dist-Satara,676699510.0,Artificial Intelligence and Data Science,
6991,"Dr. D.Y. Patil Technical Campus, Varale, Talegaon, Pune",699124610.0,Information Technology,
6991,"Dr. D.Y. Patil Technical Campus, Varale, Talegaon, Pune",699126310.0,Artificial Intelligence (AI) and Data Science,
2508,GRAMIN TECHNICAL AND MANAGEMENT CAMPUS NANDED.,250819110.0,Civil Engineering,
3465,"Ideal Institute of Technology, Wada, Dist.Thane",346529310.0,Electrical Engineering,
4285,"V M Institute of Engineering and Technology, Dongargaon, Nagpur",428519110.0,Civil Engineering,
4679,"Karanjekar College of Engineering & Management, Sakoli",467993610.0,Fire Engineering,
4679,"Karanjekar College of Engineering & Management, Sakoli",467999710.0,Artificial Intelligence,
2282,"Aditya Education Trust's Mitthulalji Sarada Polytechnic, Nalwandi Road, Beed",228261210.0,Mechanical Engineering,
3221,"Late Shri. Vishnu Waman Thakur Charitable Trust, Viva Institute of Technology, Shirgaon",322129310.0,Electrical Engineering,
2129,"M.S. Bidve Engineering College, Latur",212946310.0,Architectural Assistantship,
2508,GRAMIN TECHNICAL AND MANAGEMENT CAMPUS NANDED.,250837210.0,Electronics and Telecommunication Engg,
2637,"Jijau Institute of Engineering Technology and Management, Khandgaon (Bendri), Taluka Naigaon, District Nanded",263724610.0,Information Technology,
5449,"Shri Vile Parle Kelavani Mandal's Institute of Technology, Dhule",544991710.0,Data Science,
5449,"Shri Vile Parle Kelavani Mandal's Institute of Technology, Dhule",544992110.0,Artificial Intelligence and Machine Learning,
6318,"Abhinav Education Society's College of Engineering and Technology (Degree), Wadwadi",631826310.0,Artificial Intelligence (AI) and Data Science,
16006,COEP Technological University,1600626610.0,Robotics and Artificial Intelligence,
16126,"Tatyasaheb Kore Institute of Engineering and Technology, Yelur",1612624210.0,Computer Science and Engineering,
16126,"Tatyasaheb Kore Institute of Engineering and Technology, Yelur",1612625210.0,Cyber Security,
16126,"Tatyasaheb Kore Institute of Engineering and Technology, Yelur",1612626210.0,Computer Science and Business Systems,
16126,"Tatyasaheb Kore Institute of Engineering and Technology, Yelur",1612629310.0,Electrical Engineering,
4285,"V M Institute of Engineering and Technology, Dongargaon, Nagpur",428561210.0,Mechanical Engineering,
6325,"Alard  Charitable Trust's Alard College of Engineering and Management, Pune",632519110.0,Civil Engineering,
3351,"Bharat College of Engineering, Kanhor, Badlapur(W)",335161210.0,Mechanical Engineering,Badlapur(W
3725,"MAEER's Maharashtra Institute of Technology, Thane",372537610.0,Electronics Engineering,Thane
4703,"Somayya Institute of Technology,  Chandrapur",470326010.0,Computer Science and Engineering (Cyber Security),Chandrapur
5597,VAMANRAO ITHAPE COLLEGE OF ENGINEERING AND MANAGEMENT,559724610.0,Information Technology,MANAGEMENT
6325,"Alard  Charitable Trust's Alard College of Engineering and Management, Pune",632561210.0,Mechanical Engineering,Pune
6545,"Samarth Education Trust's Arvind Gavali College Of Engineering Panwalewadi, Varye,Satara.",654584410.0,Electronics and Computer Engineering,Satara
6797,"Dnyanshree Institute Engineering and Technology, Satara",679792210.0,Civil and Environmental Engineering,Satara
16361,"Zeal College of Engineering & Research, Induri, Pune (Off Campus-Induri)",1636124510.0,Computer Engineering,Pune (Off Campus-Induri
16361,"Zeal College of Engineering & Research, Induri, Pune (Off Campus-Induri)",1636137210.0,Electronics and Telecommunication Engg,Pune (Off Campus-Induri
16361,"Zeal College of Engineering & Research, Induri, Pune (Off Campus-Induri)",1636184410.0,Electronics and Computer Engineering,Pune (Off Campus-Induri
16361,"Zeal College of Engineering & Research, Induri, Pune (Off Campus-Induri)",1636199510.0,Artificial Intelligence and Data Science,Pune (Off Campus-Induri
2037,"Deen Dayal Upadhyay Kaushal Kendra, Dr.Babasaheb Ambedkar Marathwada University, Chhatrapati Sambhaji nagar",203762410.0,Mechatronics Engineering,Chhatrapati Sambhaji nagar
4766,Dr. Arun Motghare College of Engineering and Technology,476619110.0,Civil Engineering,Technology
4766,Dr. Arun Motghare College of Engineering and Technology,476699510.0,Artificial Intelligence and Data Science,Technology
