College Code,College Name,Location,Branch Code,Branch Name,Seat Section,Category,Merit No.,Percentile
01002,"Government College of Engineering, Amravati",,100219110,Civil Engineering,State Level,GOPENS,41293,82.540133
01002,"Government College of Engineering, Amravati",,100219110,Civil Engineering,State Level,GOBCS,42935,82.1650299
01002,"Government College of Engineering, Amravati",,100219110,Civil Engineering,State Level,LOPENS,20303,91.765679
01002,"Government College of Engineering, Amravati",,100219110,Civil Engineering,State Level,LSTS,44323,81.2344165
01002,"Government College of Engineering, Amravati",,100219110,Civil Engineering,State Level,TFWS,129672,20.3198986
01002,"Government College of Engineering, Amravati",,100219110,Civil Engineering,State Level,DEFROBCS,66083,70.6180504
01002,"Government College of Engineering, Amravati",,100219110,Civil Engineering,State Level,VIIS,45169,81.0090469
01002,"Government College of Engineering, Amravati",,100224210,Computer Science and Engineering,State Level,GOPENS,5640,97.818535
01002,"Government College of Engineering, Amravati",,100224210,Computer Science and Engineering,State Level,GVJS,23177,90.6234798
01002,"Government College of Engineering, Amravati",,100224210,Computer Science and Engineering,State Level,EWS,10798,95.7719768
01002,"Government College of Engineering, Amravati",,100224610,Information Technology,State Level,GOPENS,7015,97.2746725
01002,"Government College of Engineering, Amravati",,100224610,Information Technology,State Level,GSCS,17291,93.1024197
01002,"Government College of Engineering, Amravati",,100224610,Information Technology,State Level,GNT3S,25898,89.4065093
01002,"Government College of Engineering, Amravati",,100229310,Electrical Engineering,State Level,GSCS,43807,81.4853713
01002,"Government College of Engineering, Amravati",,100229310,Electrical Engineering,State Level,LOPENS,23573,90.4938272
01002,"Government College of Engineering, Amravati",,100229310,Electrical Engineering,State Level,LSTS,139232,7.5516424
01002,"Government College of Engineering, Amravati",,100229310,Electrical Engineering,State Level,LNT3S,110694,39.9066862
01002,"Government College of Engineering, Amravati",,100229310,Electrical Engineering,State Level,PWDOPENS,27067,88.9154021
01002,"Government College of Engineering, Amravati",,100229310,Electrical Engineering,State Level,TFWS,39749,83.3890161
01002,"Government College of Engineering, Amravati",,100229310,Electrical Engineering,State Level,I-NonS,16325,93.521357
01002,"Government College of Engineering, Amravati",,100237210,Electronics and Telecommunication Engg,State Level,"Legends:Start Character G-General, L-Ladies, End Character H-Home University, O-Other than Home University, S-State LevelS",13135,94.8416105
01002,"Government College of Engineering, Amravati",,100237210,Electronics and Telecommunication Engg,State Level,Maharashtra State Seats - Cut Off Indicates State General Merit No. ; Figures in bracket Indicates MHT-CET PCM PercentileS,27738,88.6736154
01002,"Government College of Engineering, Amravati",,100237210,Electronics and Telecommunication Engg,State Level,DS,87083,58.1195238
01002,"Government College of Engineering, Amravati",,100237210,Electronics and Telecommunication Engg,State Level,State Common Entrance Test CellS,8514,96.6904656
01002,"Government College of Engineering, Amravati",,100237210,Electronics and Telecommunication Engg,State Level,Cut Off List for Maharashtra & Minority Seats of CAP Round - III for the Admission to the First Year Under Graduate Technical Courses in Engineering and Technology (4 Years) &S,34655,85.6187666
01002,"Government College of Engineering, Amravati",,100237210,Electronics and Telecommunication Engg,State Level,Master of Engineering and Technology (Integrated 5 Years) Admissions A.Y. 2023-24S,18211,92.6748971
01002,"Government College of Engineering, Amravati",,100246610,Instrumentation Engineering,State Level,GOPENS,44818,81.0352521
01002,"Government College of Engineering, Amravati",,100246610,Instrumentation Engineering,State Level,GSCS,80268,62.3996115
01002,"Government College of Engineering, Amravati",,100246610,Instrumentation Engineering,State Level,GNT2S,108041,42.5530244
01002,"Government College of Engineering, Amravati",,100246610,Instrumentation Engineering,State Level,GOBCS,47316,79.8081214
01002,"Government College of Engineering, Amravati",,100246610,Instrumentation Engineering,State Level,LOPENS,39830,83.3890161
01002,"Government College of Engineering, Amravati",,100246610,Instrumentation Engineering,State Level,LNT1S,75730,65.107535
01002,"Government College of Engineering, Amravati",,100246610,Instrumentation Engineering,State Level,TFWS,73462,66.4309764
01002,"Government College of Engineering, Amravati",,100261210,Mechanical Engineering,State Level,GOPENS,28185,88.4658665
01002,"Government College of Engineering, Amravati",,100261210,Mechanical Engineering,State Level,GSCS,35874,85.1782223
01002,"Government College of Engineering, Amravati",,100261210,Mechanical Engineering,State Level,GSTS,55053,76.2843676
01002,"Government College of Engineering, Amravati",,100261210,Mechanical Engineering,State Level,LOPENS,40144,83.348395
01002,"Government College of Engineering, Amravati",,100261210,Mechanical Engineering,State Level,DEFOPENS,44372,81.2344165
01002,"Government College of Engineering, Amravati",,100261210,Mechanical Engineering,State Level,I-NonS,36389,84.9532361
01002,"Government College of Engineering, Amravati",,100261210,Mechanical Engineering,State Level,VIIS,37389,84.4494892
01005,"Sant Gadge Baba Amravati University,Amravati",,100550310,Food Technology,State Level,"Legends:Start Character G-General, L-Ladies, End Character H-Home University, O-Other than Home University, S-State LevelS",104422,45.6445719
01005,"Sant Gadge Baba Amravati University,Amravati",,100551710,Oil and Paints Technology,State Level,"Legends:Start Character G-General, L-Ladies, End Character H-Home University, O-Other than Home University, S-State LevelS",76645,64.4512569
01005,"Sant Gadge Baba Amravati University,Amravati",,100552710,Petro Chemical Engineering,State Level,"Legends:Start Character G-General, L-Ladies, End Character H-Home University, O-Other than Home University, S-State LevelS",119925,30.9520229
01012,"Government College of Engineering,Yavatmal",,101219110,Civil Engineering,State Level,"Legends:Start Character G-General, L-Ladies, End Character H-Home University, O-Other than Home University, S-State LevelS",64080,71.6354089
01012,"Government College of Engineering,Yavatmal",,101219110,Civil Engineering,State Level,Maharashtra State Seats - Cut Off Indicates State General Merit No. ; Figures in bracket Indicates MHT-CET PCM PercentileS,60975,73.2701208
01012,"Government College of Engineering,Yavatmal",,101219110,Civil Engineering,State Level,I-NonS,93184,53.6496624
01012,"Government College of Engineering,Yavatmal",,101219110,Civil Engineering,State Level,VIIS,102047,46.8567142
01012,"Government College of Engineering,Yavatmal",,101224510,Computer Engineering,State Level,"Legends:Start Character G-General, L-Ladies, End Character H-Home University, O-Other than Home University, S-State LevelS",43643,81.5104589
01012,"Government College of Engineering,Yavatmal",,101224510,Computer Engineering,State Level,Maharashtra State Seats - Cut Off Indicates State General Merit No. ; Figures in bracket Indicates MHT-CET PCM PercentileS,29378,88.0695638
01012,"Government College of Engineering,Yavatmal",,101224510,Computer Engineering,State Level,VIIS,31428,87.0556299
01012,"Government College of Engineering,Yavatmal",,101229310,Electrical Engineering,State Level,"Legends:Start Character G-General, L-Ladies, End Character H-Home University, O-Other than Home University, S-State LevelS",97980,49.6513702
01012,"Government College of Engineering,Yavatmal",,101229310,Electrical Engineering,State Level,I-NonS,66700,70.2813361
01012,"Government College of Engineering,Yavatmal",,101229310,Electrical Engineering,State Level,VIIS,73069,66.6716379
01012,"Government College of Engineering,Yavatmal",,101237210,Electronics and Telecommunication Engg,State Level,"Legends:Start Character G-General, L-Ladies, End Character H-Home University, O-Other than Home University, S-State LevelS",42475,82.2266135
01012,"Government College of Engineering,Yavatmal",,101237210,Electronics and Telecommunication Engg,State Level,Maharashtra State Seats - Cut Off Indicates State General Merit No. ; Figures in bracket Indicates MHT-CET PCM PercentileS,47741,79.7807688
01012,"Government College of Engineering,Yavatmal",,101261210,Mechanical Engineering,State Level,"Legends:Start Character G-General, L-Ladies, End Character H-Home University, O-Other than Home University, S-State LevelS",124914,25.5459544
01012,"Government College of Engineering,Yavatmal",,101261210,Mechanical Engineering,State Level,I-NonS,95086,52.5521047
01012,"Government College of Engineering,Yavatmal",,101261210,Mechanical Engineering,State Level,VIIS,104299,45.8483896
01101,"Shri Sant Gajanan Maharaj College of Engineering,Shegaon",,110135610,Electrical Engg[Electronics and Power],State Level,"Legends:Start Character G-General, L-Ladies, End Character H-Home University, O-Other than Home University, S-State LevelS",37425,84.4304792
01101,"Shri Sant Gajanan Maharaj College of Engineering,Shegaon",,110137210,Electronics and Telecommunication Engg,State Level,EWS,43207,81.855593
01101,"Shri Sant Gajanan Maharaj College of Engineering,Shegaon",,110161210,Mechanical Engineering,State Level,"Legends:Start Character G-General, L-Ladies, End Character H-Home University, O-Other than Home University, S-State LevelS",39633,83.4053417
01101,"Shri Sant Gajanan Maharaj College of Engineering,Shegaon",,110161210,Mechanical Engineering,State Level,Maharashtra State Seats - Cut Off Indicates State General Merit No. ; Figures in bracket Indicates MHT-CET PCM PercentileS,94565,52.7422372
01105,"Prof. Ram Meghe Institute of Technology & Research, Amravati",,110519110,Civil Engineering,State Level,"Legends:Start Character G-General, L-Ladies, End Character H-Home University, O-Other than Home University, S-State LevelS",65116,71.2687819
01105,"Prof. Ram Meghe Institute of Technology & Research, Amravati",,110519110,Civil Engineering,State Level,Maharashtra State Seats - Cut Off Indicates State General Merit No. ; Figures in bracket Indicates MHT-CET PCM PercentileS,73699,66.4309764
01105,"Prof. Ram Meghe Institute of Technology & Research, Amravati",,110519110,Civil Engineering,State Level,DS,79250,62.7898492
01105,"Prof. Ram Meghe Institute of Technology & Research, Amravati",,110519110,Civil Engineering,State Level,State Common Entrance Test CellS,73457,66.4309764
01105,"Prof. Ram Meghe Institute of Technology & Research, Amravati",,110519110,Civil Engineering,State Level,Cut Off List for Maharashtra & Minority Seats of CAP Round - III for the Admission to the First Year Under Graduate Technical Courses in Engineering and Technology (4 Years) &S,90720,55.4490884
01105,"Prof. Ram Meghe Institute of Technology & Research, Amravati",,110519110,Civil Engineering,State Level,Master of Engineering and Technology (Integrated 5 Years) Admissions A.Y. 2023-24S,78991,63.3857031
01105,"Prof. Ram Meghe Institute of Technology & Research, Amravati",,110519110,Civil Engineering,State Level,GOPENS,121257,29.4111028
01105,"Prof. Ram Meghe Institute of Technology & Research, Amravati",,110519110,Civil Engineering,State Level,I-NonS,87660,57.7272051
01105,"Prof. Ram Meghe Institute of Technology & Research, Amravati",,110519110,Civil Engineering,State Level,I-NonS,67159,69.6924231
01105,"Prof. Ram Meghe Institute of Technology & Research, Amravati",,110519110,Civil Engineering,State Level,VIIS,86830,58.1382561
01105,"Prof. Ram Meghe Institute of Technology & Research, Amravati",,110524210,Computer Science and Engineering,State Level,GOPENS,21959,91.1342735
01105,"Prof. Ram Meghe Institute of Technology & Research, Amravati",,110524210,Computer Science and Engineering,State Level,GNT3S,34600,85.6187666
01105,"Prof. Ram Meghe Institute of Technology & Research, Amravati",,110524210,Computer Science and Engineering,State Level,GOBCS,22657,90.8072168
01105,"Prof. Ram Meghe Institute of Technology & Research, Amravati",,110524210,Computer Science and Engineering,State Level,LOPENS,19053,92.3494201
01105,"Prof. Ram Meghe Institute of Technology & Research, Amravati",,110524210,Computer Science and Engineering,State Level,LSCS,28155,88.5133125
01105,"Prof. Ram Meghe Institute of Technology & Research, Amravati",,110524210,Computer Science and Engineering,State Level,LSTS,121655,29.3464077
01105,"Prof. Ram Meghe Institute of Technology & Research, Amravati",,110524210,Computer Science and Engineering,State Level,LOBCS,27315,88.8028432
01105,"Prof. Ram Meghe Institute of Technology & Research, Amravati",,110524210,Computer Science and Engineering,State Level,EWS,18498,92.5560269
01105,"Prof. Ram Meghe Institute of Technology & Research, Amravati",,110524610,Information Technology,State Level,GOPENS,28092,88.5133125
01105,"Prof. Ram Meghe Institute of Technology & Research, Amravati",,110524610,Information Technology,State Level,LSCS,45492,80.9858625
01105,"Prof. Ram Meghe Institute of Technology & Research, Amravati",,110524610,Information Technology,State Level,PWDOPENS,112082,38.992574
01105,"Prof. Ram Meghe Institute of Technology & Research, Amravati",,110524610,Information Technology,State Level,DEFRSCS,69269,68.9337823
01105,"Prof. Ram Meghe Institute of Technology & Research, Amravati",,110524610,Information Technology,State Level,DEFROBCS,36267,85.1488129
01105,"Prof. Ram Meghe Institute of Technology & Research, Amravati",,110524610,Information Technology,State Level,I-NonS,27329,88.8028432
01105,"Prof. Ram Meghe Institute of Technology & Research, Amravati",,110526310,Artificial Intelligence (AI) and Data Science,State Level,GOPENS,29496,88.0318823
01105,"Prof. Ram Meghe Institute of Technology & Research, Amravati",,110526310,Artificial Intelligence (AI) and Data Science,State Level,I-NonS,34782,85.4752553
01105,"Prof. Ram Meghe Institute of Technology & Research, Amravati",,110526510,Industrial IoT,State Level,"Legends:Start Character G-General, L-Ladies, End Character H-Home University, O-Other than Home University, S-State LevelS",52565,77.4241933
01105,"Prof. Ram Meghe Institute of Technology & Research, Amravati",,110526510,Industrial IoT,State Level,Maharashtra State Seats - Cut Off Indicates State General Merit No. ; Figures in bracket Indicates MHT-CET PCM PercentileS,45005,81.0174211
01105,"Prof. Ram Meghe Institute of Technology & Research, Amravati",,110526510,Industrial IoT,State Level,DS,86253,58.5474069
01105,"Prof. Ram Meghe Institute of Technology & Research, Amravati",,110537210,Electronics and Telecommunication Engg,State Level,GOPENS,50929,78.3308876
01105,"Prof. Ram Meghe Institute of Technology & Research, Amravati",,110537210,Electronics and Telecommunication Engg,State Level,GSTS,142185,2.1291696
01105,"Prof. Ram Meghe Institute of Technology & Research, Amravati",,110537210,Electronics and Telecommunication Engg,State Level,GNT1S,64602,71.3590844
01105,"Prof. Ram Meghe Institute of Technology & Research, Amravati",,110537210,Electronics and Telecommunication Engg,State Level,LOPENS,48184,79.5863208
01105,"Prof. Ram Meghe Institute of Technology & Research, Amravati",,110537210,Electronics and Telecommunication Engg,State Level,I-NonS,51162,78.1143775
01105,"Prof. Ram Meghe Institute of Technology & Research, Amravati",,110537210,Electronics and Telecommunication Engg,State Level,I-NonS,50942,78.3308876
01105,"Prof. Ram Meghe Institute of Technology & Research, Amravati",,110561210,Mechanical Engineering,State Level,GOPENS,60849,73.2701208
01105,"Prof. Ram Meghe Institute of Technology & Research, Amravati",,110561210,Mechanical Engineering,State Level,GOBCS,71474,67.5703113
01105,"Prof. Ram Meghe Institute of Technology & Research, Amravati",,110561210,Mechanical Engineering,State Level,LSTS,76735,64.4512569
01105,"Prof. Ram Meghe Institute of Technology & Research, Amravati",,110561210,Mechanical Engineering,State Level,LVJS,52177,77.7994669
01105,"Prof. Ram Meghe Institute of Technology & Research, Amravati",,110561210,Mechanical Engineering,State Level,LNT3S,131263,18.2192293
01105,"Prof. Ram Meghe Institute of Technology & Research, Amravati",,110561210,Mechanical Engineering,State Level,LOBCS,114567,36.3578395
01105,"Prof. Ram Meghe Institute of Technology & Research, Amravati",,110561210,Mechanical Engineering,State Level,PWDOPENS,142509,1.5151515
01105,"Prof. Ram Meghe Institute of Technology & Research, Amravati",,110561210,Mechanical Engineering,State Level,I-NonS,80771,61.6881259
01105,"Prof. Ram Meghe Institute of Technology & Research, Amravati",,110561210,Mechanical Engineering,State Level,I-NonS,72785,66.8171727
01105,"Prof. Ram Meghe Institute of Technology & Research, Amravati",,110561210,Mechanical Engineering,State Level,VIIS,69531,68.9337823
01107,"P. R. Pote (Patil) Education & Welfare Trust's Group of Institution(Integrated Campus), Amravati",,110719110,Civil Engineering,State Level,"Legends:Start Character G-General, L-Ladies, End Character H-Home University, O-Other than Home University, S-State LevelS",65852,70.6180504
01107,"P. R. Pote (Patil) Education & Welfare Trust's Group of Institution(Integrated Campus), Amravati",,110719110,Civil Engineering,State Level,Maharashtra State Seats - Cut Off Indicates State General Merit No. ; Figures in bracket Indicates MHT-CET PCM PercentileS,111738,39.0377062
01107,"P. R. Pote (Patil) Education & Welfare Trust's Group of Institution(Integrated Campus), Amravati",,110724210,Computer Science and Engineering,State Level,DEFOPENS,31588,86.9739855
01107,"P. R. Pote (Patil) Education & Welfare Trust's Group of Institution(Integrated Campus), Amravati",,110729310,Electrical Engineering,State Level,"Legends:Start Character G-General, L-Ladies, End Character H-Home University, O-Other than Home University, S-State LevelS",50655,78.3430016
01107,"P. R. Pote (Patil) Education & Welfare Trust's Group of Institution(Integrated Campus), Amravati",,110729310,Electrical Engineering,State Level,Maharashtra State Seats - Cut Off Indicates State General Merit No. ; Figures in bracket Indicates MHT-CET PCM PercentileS,110692,39.9066862
01107,"P. R. Pote (Patil) Education & Welfare Trust's Group of Institution(Integrated Campus), Amravati",,110737210,Electronics and Telecommunication Engg,State Level,DEFOPENS,96047,52.2415622
01107,"P. R. Pote (Patil) Education & Welfare Trust's Group of Institution(Integrated Campus), Amravati",,110737210,Electronics and Telecommunication Engg,State Level,I-NonS,49901,78.5775598
01107,"P. R. Pote (Patil) Education & Welfare Trust's Group of Institution(Integrated Campus), Amravati",,110761210,Mechanical Engineering,State Level,"Legends:Start Character G-General, L-Ladies, End Character H-Home University, O-Other than Home University, S-State LevelS",129356,20.9244385
01114,"Sipna Shikshan Prasarak Mandal College of Engineering & Technology, Amravati",,111424210,Computer Science and Engineering,State Level,DEFROBCS,55365,76.0463981
01114,"Sipna Shikshan Prasarak Mandal College of Engineering & Technology, Amravati",,111424210,Computer Science and Engineering,State Level,EWS,22165,91.0138421
01114,"Sipna Shikshan Prasarak Mandal College of Engineering & Technology, Amravati",,111424610,Information Technology,State Level,"Legends:Start Character G-General, L-Ladies, End Character H-Home University, O-Other than Home University, S-State LevelS",48827,79.4628516
01114,"Sipna Shikshan Prasarak Mandal College of Engineering & Technology, Amravati",,111424610,Information Technology,State Level,I-NonS,26022,89.3970979
01114,"Sipna Shikshan Prasarak Mandal College of Engineering & Technology, Amravati",,111437210,Electronics and Telecommunication Engg,State Level,"Legends:Start Character G-General, L-Ladies, End Character H-Home University, O-Other than Home University, S-State LevelS",94311,52.7422372
01114,"Sipna Shikshan Prasarak Mandal College of Engineering & Technology, Amravati",,111461210,Mechanical Engineering,State Level,"Legends:Start Character G-General, L-Ladies, End Character H-Home University, O-Other than Home University, S-State LevelS",72013,67.1534217
01114,"Sipna Shikshan Prasarak Mandal College of Engineering & Technology, Amravati",,111461210,Mechanical Engineering,State Level,Maharashtra State Seats - Cut Off Indicates State General Merit No. ; Figures in bracket Indicates MHT-CET PCM PercentileS,102114,46.8567142
01114,"Sipna Shikshan Prasarak Mandal College of Engineering & Technology, Amravati",,111461210,Mechanical Engineering,State Level,I-NonS,77601,64.0952985
01116,"Shri Shivaji Education Society's College of Engineering and Technology, Akola",,111619110,Civil Engineering,State Level,"Legends:Start Character G-General, L-Ladies, End Character H-Home University, O-Other than Home University, S-State LevelS",52085,77.9969992
01116,"Shri Shivaji Education Society's College of Engineering and Technology, Akola",,111619110,Civil Engineering,State Level,Maharashtra State Seats - Cut Off Indicates State General Merit No. ; Figures in bracket Indicates MHT-CET PCM PercentileS,124151,26.2033481
01116,"Shri Shivaji Education Society's College of Engineering and Technology, Akola",,111619110,Civil Engineering,State Level,I-NonS,138965,7.6246225
01116,"Shri Shivaji Education Society's College of Engineering and Technology, Akola",,111624210,Computer Science and Engineering,State Level,"Legends:Start Character G-General, L-Ladies, End Character H-Home University, O-Other than Home University, S-State LevelS",43204,81.855593
01116,"Shri Shivaji Education Society's College of Engineering and Technology, Akola",,111624210,Computer Science and Engineering,State Level,Maharashtra State Seats - Cut Off Indicates State General Merit No. ; Figures in bracket Indicates MHT-CET PCM PercentileS,82816,60.8798115
01116,"Shri Shivaji Education Society's College of Engineering and Technology, Akola",,111624210,Computer Science and Engineering,State Level,I-NonS,66113,70.6180504
01116,"Shri Shivaji Education Society's College of Engineering and Technology, Akola",,111650710,Chemical Engineering,State Level,"Legends:Start Character G-General, L-Ladies, End Character H-Home University, O-Other than Home University, S-State LevelS",80107,62.4868401
01116,"Shri Shivaji Education Society's College of Engineering and Technology, Akola",,111650710,Chemical Engineering,State Level,I-NonS,72249,67.1534217
01116,"Shri Shivaji Education Society's College of Engineering and Technology, Akola",,111650710,Chemical Engineering,State Level,VIIS,120301,30.5890703
01116,"Shri Shivaji Education Society's College of Engineering and Technology, Akola",,111661210,Mechanical Engineering,State Level,"Legends:Start Character G-General, L-Ladies, End Character H-Home University, O-Other than Home University, S-State LevelS",119274,31.7228694
01116,"Shri Shivaji Education Society's College of Engineering and Technology, Akola",,111661210,Mechanical Engineering,State Level,Maharashtra State Seats - Cut Off Indicates State General Merit No. ; Figures in bracket Indicates MHT-CET PCM PercentileS,104809,44.6898706
01116,"Shri Shivaji Education Society's College of Engineering and Technology, Akola",,111661210,Mechanical Engineering,State Level,I-NonS,103444,45.9664342
01117,"Janata Shikshan Prasarak Mandal’s Babasaheb Naik College Of Engineering, Pusad",,111719110,Civil Engineering,State Level,"Legends:Start Character G-General, L-Ladies, End Character H-Home University, O-Other than Home University, S-State LevelS",86155,58.5474069
01117,"Janata Shikshan Prasarak Mandal’s Babasaheb Naik College Of Engineering, Pusad",,111724210,Computer Science and Engineering,State Level,DEFOPENS,78156,63.6910141
01117,"Janata Shikshan Prasarak Mandal’s Babasaheb Naik College Of Engineering, Pusad",,111724210,Computer Science and Engineering,State Level,I-NonS,63974,71.6354089
01117,"Janata Shikshan Prasarak Mandal’s Babasaheb Naik College Of Engineering, Pusad",,111735610,Electrical Engg[Electronics and Power],State Level,"Legends:Start Character G-General, L-Ladies, End Character H-Home University, O-Other than Home University, S-State LevelS",84610,59.8623853
01119,"Paramhansa Ramkrishna Maunibaba Shikshan Santha's , Anuradha Engineering College, Chikhali",,111924210,Computer Science and Engineering,State Level,DEFOPENS,115451,35.624509
01119,"Paramhansa Ramkrishna Maunibaba Shikshan Santha's , Anuradha Engineering College, Chikhali",,111924210,Computer Science and Engineering,State Level,EWS,87993,57.7272051
01119,"Paramhansa Ramkrishna Maunibaba Shikshan Santha's , Anuradha Engineering College, Chikhali",,111924610,Information Technology,State Level,"Legends:Start Character G-General, L-Ladies, End Character H-Home University, O-Other than Home University, S-State LevelS",79059,62.7898492
01119,"Paramhansa Ramkrishna Maunibaba Shikshan Santha's , Anuradha Engineering College, Chikhali",,111924610,Information Technology,State Level,I-NonS,66058,70.6180504
01119,"Paramhansa Ramkrishna Maunibaba Shikshan Santha's , Anuradha Engineering College, Chikhali",,111937210,Electronics and Telecommunication Engg,State Level,"Legends:Start Character G-General, L-Ladies, End Character H-Home University, O-Other than Home University, S-State LevelS",37777,84.2884307
01119,"Paramhansa Ramkrishna Maunibaba Shikshan Santha's , Anuradha Engineering College, Chikhali",,111937210,Electronics and Telecommunication Engg,State Level,Maharashtra State Seats - Cut Off Indicates State General Merit No. ; Figures in bracket Indicates MHT-CET PCM PercentileS,115255,36.029881
01119,"Paramhansa Ramkrishna Maunibaba Shikshan Santha's , Anuradha Engineering College, Chikhali",,111937210,Electronics and Telecommunication Engg,State Level,I-NonS,89985,55.8997381
01119,"Paramhansa Ramkrishna Maunibaba Shikshan Santha's , Anuradha Engineering College, Chikhali",,111961210,Mechanical Engineering,State Level,DEFOPENS,111857,38.992574
01119,"Paramhansa Ramkrishna Maunibaba Shikshan Santha's , Anuradha Engineering College, Chikhali",,111961210,Mechanical Engineering,State Level,I-NonS,127511,22.8844711
01120,"Jawaharlal Darda Institute of Engineering and Technology, Yavatmal",,112019110,Civil Engineering,State Level,"Legends:Start Character G-General, L-Ladies, End Character H-Home University, O-Other than Home University, S-State LevelS",130448,19.1048437
01120,"Jawaharlal Darda Institute of Engineering and Technology, Yavatmal",,112019110,Civil Engineering,State Level,Minority Seats Allotted to Maharashtra State Candidature CandidatesS,142434,17.6183375
01120,"Jawaharlal Darda Institute of Engineering and Technology, Yavatmal",,112061210,Mechanical Engineering,State Level,"Legends:Start Character G-General, L-Ladies, End Character H-Home University, O-Other than Home University, S-State LevelS",128081,22.0314735
01120,"Jawaharlal Darda Institute of Engineering and Technology, Yavatmal",,112061210,Mechanical Engineering,State Level,Minority Seats Allotted to Maharashtra State Candidature CandidatesS,142699,1.1513715
01121,"Shri Hanuman Vyayam  Prasarak Mandals College of Engineering & Technology, Amravati",,112124210,Computer Science and Engineering,State Level,"Legends:Start Character G-General, L-Ladies, End Character H-Home University, O-Other than Home University, S-State LevelS",69788,68.8122862
01121,"Shri Hanuman Vyayam  Prasarak Mandals College of Engineering & Technology, Amravati",,112124610,Information Technology,State Level,"Legends:Start Character G-General, L-Ladies, End Character H-Home University, O-Other than Home University, S-State LevelS",91129,55.2985075
01121,"Shri Hanuman Vyayam  Prasarak Mandals College of Engineering & Technology, Amravati",,112137210,Electronics and Telecommunication Engg,State Level,"Legends:Start Character G-General, L-Ladies, End Character H-Home University, O-Other than Home University, S-State LevelS",101555,47.3478734
01121,"Shri Hanuman Vyayam  Prasarak Mandals College of Engineering & Technology, Amravati",,112161210,Mechanical Engineering,State Level,"Legends:Start Character G-General, L-Ladies, End Character H-Home University, O-Other than Home University, S-State LevelS",142998,0.538099
01123,"Dr.Rajendra Gode Institute of Technology & Research, Amravati",,112319110,Civil Engineering,State Level,"Legends:Start Character G-General, L-Ladies, End Character H-Home University, O-Other than Home University, S-State LevelS",113015,37.7324111
01123,"Dr.Rajendra Gode Institute of Technology & Research, Amravati",,112319110,Civil Engineering,State Level,I-NonS,106151,43.5071268
01123,"Dr.Rajendra Gode Institute of Technology & Research, Amravati",,112324210,Computer Science and Engineering,State Level,"Legends:Start Character G-General, L-Ladies, End Character H-Home University, O-Other than Home University, S-State LevelS",64535,71.3590844
01123,"Dr.Rajendra Gode Institute of Technology & Research, Amravati",,112324210,Computer Science and Engineering,State Level,Maharashtra State Seats - Cut Off Indicates State General Merit No. ; Figures in bracket Indicates MHT-CET PCM PercentileS,103964,45.9472716
01123,"Dr.Rajendra Gode Institute of Technology & Research, Amravati",,112337210,Electronics and Telecommunication Engg,State Level,"Legends:Start Character G-General, L-Ladies, End Character H-Home University, O-Other than Home University, S-State LevelS",74381,66.0524144
01123,"Dr.Rajendra Gode Institute of Technology & Research, Amravati",,112337210,Electronics and Telecommunication Engg,State Level,Maharashtra State Seats - Cut Off Indicates State General Merit No. ; Figures in bracket Indicates MHT-CET PCM PercentileS,131873,17.7025465
01123,"Dr.Rajendra Gode Institute of Technology & Research, Amravati",,112337210,Electronics and Telecommunication Engg,State Level,I-NonS,88379,56.7405028
01123,"Dr.Rajendra Gode Institute of Technology & Research, Amravati",,112361210,Mechanical Engineering,State Level,"Legends:Start Character G-General, L-Ladies, End Character H-Home University, O-Other than Home University, S-State LevelS",111969,38.992574
01123,"Dr.Rajendra Gode Institute of Technology & Research, Amravati",,112361210,Mechanical Engineering,State Level,VIIS,109668,40.6521983
01125,"Dwarka Bahu Uddeshiya Gramin Vikas Foundation, Rajarshi Shahu College of Engineering, Buldhana",,112529310,Electrical Engineering,State Level,"Legends:Start Character G-General, L-Ladies, End Character H-Home University, O-Other than Home University, S-State LevelS",122647,28.3793174
01125,"Dwarka Bahu Uddeshiya Gramin Vikas Foundation, Rajarshi Shahu College of Engineering, Buldhana",,112529310,Electrical Engineering,State Level,I-NonS,107660,42.5955447
01126,"Shri. Dadasaheb Gawai Charitable Trust's Dr. Smt. Kamaltai Gawai Institute of Engineering & Technology, Darapur, Amravati",,112624210,Computer Science and Engineering,State Level,"Legends:Start Character G-General, L-Ladies, End Character H-Home University, O-Other than Home University, S-State LevelS",71906,67.1534217
01126,"Shri. Dadasaheb Gawai Charitable Trust's Dr. Smt. Kamaltai Gawai Institute of Engineering & Technology, Darapur, Amravati",,112624210,Computer Science and Engineering,State Level,Maharashtra State Seats - Cut Off Indicates State General Merit No. ; Figures in bracket Indicates MHT-CET PCM PercentileS,118623,32.4663078
01126,"Shri. Dadasaheb Gawai Charitable Trust's Dr. Smt. Kamaltai Gawai Institute of Engineering & Technology, Darapur, Amravati",,112624210,Computer Science and Engineering,State Level,I-NonS,79541,62.7344336
01126,"Shri. Dadasaheb Gawai Charitable Trust's Dr. Smt. Kamaltai Gawai Institute of Engineering & Technology, Darapur, Amravati",,112629310,Electrical Engineering,State Level,"Legends:Start Character G-General, L-Ladies, End Character H-Home University, O-Other than Home University, S-State LevelS",120640,30.0860456
01126,"Shri. Dadasaheb Gawai Charitable Trust's Dr. Smt. Kamaltai Gawai Institute of Engineering & Technology, Darapur, Amravati",,112629310,Electrical Engineering,State Level,VIIS,135309,13.3162279
01126,"Shri. Dadasaheb Gawai Charitable Trust's Dr. Smt. Kamaltai Gawai Institute of Engineering & Technology, Darapur, Amravati",,112637210,Electronics and Telecommunication Engg,State Level,"Legends:Start Character G-General, L-Ladies, End Character H-Home University, O-Other than Home University, S-State LevelS",96614,51.0567213
01126,"Shri. Dadasaheb Gawai Charitable Trust's Dr. Smt. Kamaltai Gawai Institute of Engineering & Technology, Darapur, Amravati",,112637210,Electronics and Telecommunication Engg,State Level,I-NonS,111652,39.0377062
01126,"Shri. Dadasaheb Gawai Charitable Trust's Dr. Smt. Kamaltai Gawai Institute of Engineering & Technology, Darapur, Amravati",,112661210,Mechanical Engineering,State Level,TFWS,139589,6.3682812
01127,"Jagadambha Bahuuddeshiya Gramin Vikas Sanstha's Jagdambha College of Engineering and Technology, Yavatmal",,112724510,Computer Engineering,State Level,"Legends:Start Character G-General, L-Ladies, End Character H-Home University, O-Other than Home University, S-State LevelS",51012,78.3308876
01127,"Jagadambha Bahuuddeshiya Gramin Vikas Sanstha's Jagdambha College of Engineering and Technology, Yavatmal",,112724510,Computer Engineering,State Level,Maharashtra State Seats - Cut Off Indicates State General Merit No. ; Figures in bracket Indicates MHT-CET PCM PercentileS,70638,67.9544349
01127,"Jagadambha Bahuuddeshiya Gramin Vikas Sanstha's Jagdambha College of Engineering and Technology, Yavatmal",,112724510,Computer Engineering,State Level,VIIS,75107,65.3263316
01127,"Jagadambha Bahuuddeshiya Gramin Vikas Sanstha's Jagdambha College of Engineering and Technology, Yavatmal",,112729310,Electrical Engineering,State Level,"Legends:Start Character G-General, L-Ladies, End Character H-Home University, O-Other than Home University, S-State LevelS",107874,42.5530244
01127,"Jagadambha Bahuuddeshiya Gramin Vikas Sanstha's Jagdambha College of Engineering and Technology, Yavatmal",,112737210,Electronics and Telecommunication Engg,State Level,TFWS,62828,72.3082536
01127,"Jagadambha Bahuuddeshiya Gramin Vikas Sanstha's Jagdambha College of Engineering and Technology, Yavatmal",,112761210,Mechanical Engineering,State Level,"Legends:Start Character G-General, L-Ladies, End Character H-Home University, O-Other than Home University, S-State LevelS",113353,37.6936381
01128,"Prof Ram Meghe College of Engineering  and Management, Badnera",,112819110,Civil Engineering,State Level,"Legends:Start Character G-General, L-Ladies, End Character H-Home University, O-Other than Home University, S-State LevelS",107818,42.5955447
01128,"Prof Ram Meghe College of Engineering  and Management, Badnera",,112819110,Civil Engineering,State Level,I-NonS,91806,54.6979992
01128,"Prof Ram Meghe College of Engineering  and Management, Badnera",,112824210,Computer Science and Engineering,State Level,"Legends:Start Character G-General, L-Ladies, End Character H-Home University, O-Other than Home University, S-State LevelS",27623,88.7549097
01128,"Prof Ram Meghe College of Engineering  and Management, Badnera",,112824210,Computer Science and Engineering,State Level,I-NonS,45106,81.0090469
01128,"Prof Ram Meghe College of Engineering  and Management, Badnera",,112824610,Information Technology,State Level,"Legends:Start Character G-General, L-Ladies, End Character H-Home University, O-Other than Home University, S-State LevelS",33670,86.0518493
01128,"Prof Ram Meghe College of Engineering  and Management, Badnera",,112824610,Information Technology,State Level,Maharashtra State Seats - Cut Off Indicates State General Merit No. ; Figures in bracket Indicates MHT-CET PCM PercentileS,59695,73.642653
01128,"Prof Ram Meghe College of Engineering  and Management, Badnera",,112824610,Information Technology,State Level,I-NonS,53180,76.9213416
01128,"Prof Ram Meghe College of Engineering  and Management, Badnera",,112829310,Electrical Engineering,State Level,"Legends:Start Character G-General, L-Ladies, End Character H-Home University, O-Other than Home University, S-State LevelS",117945,32.8844711
01128,"Prof Ram Meghe College of Engineering  and Management, Badnera",,112829310,Electrical Engineering,State Level,I-NonS,65586,71.0587355
01128,"Prof Ram Meghe College of Engineering  and Management, Badnera",,112837210,Electronics and Telecommunication Engg,State Level,"Legends:Start Character G-General, L-Ladies, End Character H-Home University, O-Other than Home University, S-State LevelS",82012,61.2935921
01128,"Prof Ram Meghe College of Engineering  and Management, Badnera",,112891210,Computer Science and Engineering(Data Science),State Level,"Legends:Start Character G-General, L-Ladies, End Character H-Home University, O-Other than Home University, S-State LevelS",80398,62.3996115
01130,"Vision Buldhana Educational & Welfare Society's Pankaj Laddhad Institute of Technology & Management Studies, Yelgaon",,113019110,Civil Engineering,State Level,"Legends:Start Character G-General, L-Ladies, End Character H-Home University, O-Other than Home University, S-State LevelS",122649,28.3793174
01180,"Sanmati Engineering College, Sawargaon Barde, Washim",,118024210,Computer Science and Engineering,State Level,DEFOPENS,93358,53.6496624
01180,"Sanmati Engineering College, Sawargaon Barde, Washim",,118024210,Computer Science and Engineering,State Level,TFWS,130532,19.1048437
01180,"Sanmati Engineering College, Sawargaon Barde, Washim",,118024210,Computer Science and Engineering,State Level,I-NonS,111712,39.0377062
01180,"Sanmati Engineering College, Sawargaon Barde, Washim",,118026310,Artificial Intelligence (AI) and Data Science,State Level,"Legends:Start Character G-General, L-Ladies, End Character H-Home University, O-Other than Home University, S-State LevelS",104788,44.6898706
01182,"Padmashri Dr. V.B.  Kolte College of Engineering, Malkapur, Buldhana",,118224210,Computer Science and Engineering,State Level,DEFOPENS,85255,58.8704519
01182,"Padmashri Dr. V.B.  Kolte College of Engineering, Malkapur, Buldhana",,118224210,Computer Science and Engineering,State Level,VIIS,88793,56.7366842
01182,"Padmashri Dr. V.B.  Kolte College of Engineering, Malkapur, Buldhana",,118229310,Electrical Engineering,State Level,"Legends:Start Character G-General, L-Ladies, End Character H-Home University, O-Other than Home University, S-State LevelS",116045,35.1726957
01182,"Padmashri Dr. V.B.  Kolte College of Engineering, Malkapur, Buldhana",,118261210,Mechanical Engineering,State Level,"Legends:Start Character G-General, L-Ladies, End Character H-Home University, O-Other than Home University, S-State LevelS",126450,24.0591998
01182,"Padmashri Dr. V.B.  Kolte College of Engineering, Malkapur, Buldhana",,118261210,Mechanical Engineering,State Level,I-NonS,132408,16.9363708
01265,"Mauli Group of Institutions, College of Engineering and Technology, Shegaon.",,126524210,Computer Science and Engineering,State Level,"Legends:Start Character G-General, L-Ladies, End Character H-Home University, O-Other than Home University, S-State LevelS",142712,1.1513715
01265,"Mauli Group of Institutions, College of Engineering and Technology, Shegaon.",,126524610,Information Technology,State Level,"Legends:Start Character G-General, L-Ladies, End Character H-Home University, O-Other than Home University, S-State LevelS",49684,78.7120349
01265,"Mauli Group of Institutions, College of Engineering and Technology, Shegaon.",,126524610,Information Technology,State Level,Maharashtra State Seats - Cut Off Indicates State General Merit No. ; Figures in bracket Indicates MHT-CET PCM PercentileS,81124,61.6397637
01265,"Mauli Group of Institutions, College of Engineering and Technology, Shegaon.",,126524610,Information Technology,State Level,I-NonS,50150,78.4161664
01265,"Mauli Group of Institutions, College of Engineering and Technology, Shegaon.",,126535610,Electrical Engg[Electronics and Power],State Level,"Legends:Start Character G-General, L-Ladies, End Character H-Home University, O-Other than Home University, S-State LevelS",120748,30.0860456
01265,"Mauli Group of Institutions, College of Engineering and Technology, Shegaon.",,126535610,Electrical Engg[Electronics and Power],State Level,I-NonS,66416,70.5106049
01265,"Mauli Group of Institutions, College of Engineering and Technology, Shegaon.",,126537210,Electronics and Telecommunication Engg,State Level,"Legends:Start Character G-General, L-Ladies, End Character H-Home University, O-Other than Home University, S-State LevelS",53539,76.8406961
01265,"Mauli Group of Institutions, College of Engineering and Technology, Shegaon.",,126537210,Electronics and Telecommunication Engg,State Level,Maharashtra State Seats - Cut Off Indicates State General Merit No. ; Figures in bracket Indicates MHT-CET PCM PercentileS,105357,44.0513989
01265,"Mauli Group of Institutions, College of Engineering and Technology, Shegaon.",,126561210,Mechanical Engineering,State Level,"Legends:Start Character G-General, L-Ladies, End Character H-Home University, O-Other than Home University, S-State LevelS",119368,31.7228694
01265,"Mauli Group of Institutions, College of Engineering and Technology, Shegaon.",,126561210,Mechanical Engineering,State Level,I-NonS,98449,49.6143282
01268,"Siddhivinayak Technical Campus, School of Engineering & Research Technology, Shirasgon, Nile",,126824210,Computer Science and Engineering,State Level,"Legends:Start Character G-General, L-Ladies, End Character H-Home University, O-Other than Home University, S-State LevelS",79302,62.7898492
01268,"Siddhivinayak Technical Campus, School of Engineering & Research Technology, Shirasgon, Nile",,126837210,Electronics and Telecommunication Engg,State Level,DEFOPENS,130802,18.8110994
01276,"Manav School of Engineering & Technology, Gut No. 1035 Nagpur Surat Highway, NH No. 6 Tal.Vyala, Balapur, Akola,  444302",,127624510,Computer Engineering,State Level,TFWS,93199,53.6496624
01276,"Manav School of Engineering & Technology, Gut No. 1035 Nagpur Surat Highway, NH No. 6 Tal.Vyala, Balapur, Akola,  444302",,127624510,Computer Engineering,State Level,EWS,112613,38.8357386
01276,"Manav School of Engineering & Technology, Gut No. 1035 Nagpur Surat Highway, NH No. 6 Tal.Vyala, Balapur, Akola,  444302",,127629310,Electrical Engineering,State Level,"Legends:Start Character G-General, L-Ladies, End Character H-Home University, O-Other than Home University, S-State LevelS",136336,11.3993838
02008,"Government College of Engineering,  Aurangabad",,200819110,Civil Engineering,State Level,"Legends:Start Character G-General, L-Ladies, End Character H-Home University, O-Other than Home University, S-State LevelS",35989,85.1782223
02008,"Government College of Engineering,  Aurangabad",,200819110,Civil Engineering,State Level,Maharashtra State Seats - Cut Off Indicates State General Merit No. ; Figures in bracket Indicates MHT-CET PCM PercentileS,51515,78.067557
02008,"Government College of Engineering,  Aurangabad",,200819110,Civil Engineering,State Level,DS,47434,79.7907966
02008,"Government College of Engineering,  Aurangabad",,200819110,Civil Engineering,State Level,State Common Entrance Test CellS,55448,76.0463981
02008,"Government College of Engineering,  Aurangabad",,200819110,Civil Engineering,State Level,Cut Off List for Maharashtra & Minority Seats of CAP Round - III for the Admission to the First Year Under Graduate Technical Courses in Engineering and Technology (4 Years) &S,55830,75.8958975
02008,"Government College of Engineering,  Aurangabad",,200824210,Computer Science and Engineering,State Level,GOPENS,6451,97.5168711
02008,"Government College of Engineering,  Aurangabad",,200824210,Computer Science and Engineering,State Level,LOPENS,7411,97.1424274
02008,"Government College of Engineering,  Aurangabad",,200824210,Computer Science and Engineering,State Level,EWS,6421,97.5196409
02008,"Government College of Engineering,  Aurangabad",,200824610,Information Technology,State Level,GOPENS,10917,95.740678
02008,"Government College of Engineering,  Aurangabad",,200824610,Information Technology,State Level,GOBCS,12107,95.23272
02008,"Government College of Engineering,  Aurangabad",,200824610,Information Technology,State Level,LOPENS,11545,95.4956977
02008,"Government College of Engineering,  Aurangabad",,200824610,Information Technology,State Level,TFWS,7648,97.0463182
02008,"Government College of Engineering,  Aurangabad",,200824610,Information Technology,State Level,DEFRSCS,46440,80.2375547
02008,"Government College of Engineering,  Aurangabad",,200829310,Electrical Engineering,State Level,GOPENS,20541,91.7186508
02008,"Government College of Engineering,  Aurangabad",,200829310,Electrical Engineering,State Level,GSTS,114419,36.3578395
02008,"Government College of Engineering,  Aurangabad",,200829310,Electrical Engineering,State Level,GNT2S,50610,78.3430016
02008,"Government College of Engineering,  Aurangabad",,200829310,Electrical Engineering,State Level,GNT3S,55633,75.8958975
02008,"Government College of Engineering,  Aurangabad",,200829310,Electrical Engineering,State Level,GOBCS,26706,89.1600241
02008,"Government College of Engineering,  Aurangabad",,200829310,Electrical Engineering,State Level,LOPENS,26917,88.9904805
02008,"Government College of Engineering,  Aurangabad",,200829310,Electrical Engineering,State Level,LSCS,48824,79.4628516
02008,"Government College of Engineering,  Aurangabad",,200829310,Electrical Engineering,State Level,I-NonS,22772,90.7704894
02008,"Government College of Engineering,  Aurangabad",,200829310,Electrical Engineering,State Level,VIIS,23880,90.2424513
02008,"Government College of Engineering,  Aurangabad",,200837210,Electronics and Telecommunication Engg,State Level,"Legends:Start Character G-General, L-Ladies, End Character H-Home University, O-Other than Home University, S-State LevelS",14072,94.3991892
02008,"Government College of Engineering,  Aurangabad",,200837210,Electronics and Telecommunication Engg,State Level,Maharashtra State Seats - Cut Off Indicates State General Merit No. ; Figures in bracket Indicates MHT-CET PCM PercentileS,34255,85.9227307
02008,"Government College of Engineering,  Aurangabad",,200837210,Electronics and Telecommunication Engg,State Level,DS,15846,93.6849981
02008,"Government College of Engineering,  Aurangabad",,200837210,Electronics and Telecommunication Engg,State Level,State Common Entrance Test CellS,12976,94.8764292
02008,"Government College of Engineering,  Aurangabad",,200837210,Electronics and Telecommunication Engg,State Level,Cut Off List for Maharashtra & Minority Seats of CAP Round - III for the Admission to the First Year Under Graduate Technical Courses in Engineering and Technology (4 Years) &S,17950,92.8372688
02008,"Government College of Engineering,  Aurangabad",,200837210,Electronics and Telecommunication Engg,State Level,Master of Engineering and Technology (Integrated 5 Years) Admissions A.Y. 2023-24S,5223,97.9903627
02008,"Government College of Engineering,  Aurangabad",,200837210,Electronics and Telecommunication Engg,State Level,VIIS,15923,93.641901
02008,"Government College of Engineering,  Aurangabad",,200861210,Mechanical Engineering,State Level,GOPENS,30514,87.4817577
02008,"Government College of Engineering,  Aurangabad",,200861210,Mechanical Engineering,State Level,GNT2S,62800,72.3082536
02008,"Government College of Engineering,  Aurangabad",,200861210,Mechanical Engineering,State Level,GOBCS,45314,80.9858625
02008,"Government College of Engineering,  Aurangabad",,200861210,Mechanical Engineering,State Level,LSTS,59398,74.0797795
02008,"Government College of Engineering,  Aurangabad",,200861210,Mechanical Engineering,State Level,LOBCS,133711,15.5096512
02020,"Shri Guru Gobind Singhji Institute of Engineering and Technology, Nanded",,202019110,Civil Engineering,State Level,"Legends:Start Character G-General, L-Ladies, End Character H-Home University, O-Other than Home University, S-State LevelS",45102,81.0090469
02020,"Shri Guru Gobind Singhji Institute of Engineering and Technology, Nanded",,202019110,Civil Engineering,State Level,Maharashtra State Seats - Cut Off Indicates State General Merit No. ; Figures in bracket Indicates MHT-CET PCM PercentileS,59881,73.642653
02020,"Shri Guru Gobind Singhji Institute of Engineering and Technology, Nanded",,202019110,Civil Engineering,State Level,DS,43541,81.8534982
02020,"Shri Guru Gobind Singhji Institute of Engineering and Technology, Nanded",,202019110,Civil Engineering,State Level,State Common Entrance Test CellS,46496,80.2375547
02020,"Shri Guru Gobind Singhji Institute of Engineering and Technology, Nanded",,202019110,Civil Engineering,State Level,Cut Off List for Maharashtra & Minority Seats of CAP Round - III for the Admission to the First Year Under Graduate Technical Courses in Engineering and Technology (4 Years) &S,49250,79.2648162
02020,"Shri Guru Gobind Singhji Institute of Engineering and Technology, Nanded",,202019110,Civil Engineering,State Level,I-NonS,59742,73.642653
02020,"Shri Guru Gobind Singhji Institute of Engineering and Technology, Nanded",,202024210,Computer Science and Engineering,State Level,GOPENS,9451,96.3249371
02020,"Shri Guru Gobind Singhji Institute of Engineering and Technology, Nanded",,202024210,Computer Science and Engineering,State Level,GSCS,15034,94.0399594
02020,"Shri Guru Gobind Singhji Institute of Engineering and Technology, Nanded",,202024210,Computer Science and Engineering,State Level,LSCS,27792,88.6695314
02020,"Shri Guru Gobind Singhji Institute of Engineering and Technology, Nanded",,202024210,Computer Science and Engineering,State Level,LOBCS,11368,95.5823293
02020,"Shri Guru Gobind Singhji Institute of Engineering and Technology, Nanded",,202024210,Computer Science and Engineering,State Level,DEFOPENS,13544,94.6270116
02020,"Shri Guru Gobind Singhji Institute of Engineering and Technology, Nanded",,202024210,Computer Science and Engineering,State Level,TFWS,6568,97.4823503
02020,"Shri Guru Gobind Singhji Institute of Engineering and Technology, Nanded",,202024610,Information Technology,State Level,GOPENS,10485,95.9022823
02020,"Shri Guru Gobind Singhji Institute of Engineering and Technology, Nanded",,202024610,Information Technology,State Level,GSCS,21949,91.1342735
02020,"Shri Guru Gobind Singhji Institute of Engineering and Technology, Nanded",,202024610,Information Technology,State Level,GSTS,35254,85.3534944
02020,"Shri Guru Gobind Singhji Institute of Engineering and Technology, Nanded",,202024610,Information Technology,State Level,LOPENS,8052,96.87547
02020,"Shri Guru Gobind Singhji Institute of Engineering and Technology, Nanded",,202024610,Information Technology,State Level,LSTS,98455,49.6143282
02020,"Shri Guru Gobind Singhji Institute of Engineering and Technology, Nanded",,202024610,Information Technology,State Level,LNT2S,17351,93.09626
02020,"Shri Guru Gobind Singhji Institute of Engineering and Technology, Nanded",,202024610,Information Technology,State Level,PWDOPENS,67666,69.6572694
02020,"Shri Guru Gobind Singhji Institute of Engineering and Technology, Nanded",,202024610,Information Technology,State Level,TFWS,10612,95.8763655
02020,"Shri Guru Gobind Singhji Institute of Engineering and Technology, Nanded",,202029310,Electrical Engineering,State Level,GOPENS,25201,89.7218504
02020,"Shri Guru Gobind Singhji Institute of Engineering and Technology, Nanded",,202029310,Electrical Engineering,State Level,LOBCS,23569,90.4938272
02020,"Shri Guru Gobind Singhji Institute of Engineering and Technology, Nanded",,202029310,Electrical Engineering,State Level,TFWS,27706,88.6736154
02020,"Shri Guru Gobind Singhji Institute of Engineering and Technology, Nanded",,202037210,Electronics and Telecommunication Engg,State Level,"Legends:Start Character G-General, L-Ladies, End Character H-Home University, O-Other than Home University, S-State LevelS",12374,95.138138
02020,"Shri Guru Gobind Singhji Institute of Engineering and Technology, Nanded",,202037210,Electronics and Telecommunication Engg,State Level,Maharashtra State Seats - Cut Off Indicates State General Merit No. ; Figures in bracket Indicates MHT-CET PCM PercentileS,51835,78.0359147
02020,"Shri Guru Gobind Singhji Institute of Engineering and Technology, Nanded",,202037210,Electronics and Telecommunication Engg,State Level,DS,126860,23.5805396
02020,"Shri Guru Gobind Singhji Institute of Engineering and Technology, Nanded",,202037210,Electronics and Telecommunication Engg,State Level,I-NonS,13205,94.8273066
02020,"Shri Guru Gobind Singhji Institute of Engineering and Technology, Nanded",,202046610,Instrumentation Engineering,State Level,GNT3S,41514,82.4443082
02020,"Shri Guru Gobind Singhji Institute of Engineering and Technology, Nanded",,202046610,Instrumentation Engineering,State Level,LOBCS,36103,85.1537884
02020,"Shri Guru Gobind Singhji Institute of Engineering and Technology, Nanded",,202050710,Chemical Engineering,State Level,GOPENS,25321,89.7218504
02020,"Shri Guru Gobind Singhji Institute of Engineering and Technology, Nanded",,202050710,Chemical Engineering,State Level,GOBCS,50363,78.4065273
02020,"Shri Guru Gobind Singhji Institute of Engineering and Technology, Nanded",,202050710,Chemical Engineering,State Level,LOPENS,46886,80.0793682
02020,"Shri Guru Gobind Singhji Institute of Engineering and Technology, Nanded",,202050710,Chemical Engineering,State Level,LOBCS,47703,79.7807688
02020,"Shri Guru Gobind Singhji Institute of Engineering and Technology, Nanded",,202050710,Chemical Engineering,State Level,DEFOPENS,42515,82.2266135
02020,"Shri Guru Gobind Singhji Institute of Engineering and Technology, Nanded",,202050710,Chemical Engineering,State Level,I-NonS,49481,78.8754662
02020,"Shri Guru Gobind Singhji Institute of Engineering and Technology, Nanded",,202060610,Production Engineering,State Level,GOPENS,75618,65.107535
02020,"Shri Guru Gobind Singhji Institute of Engineering and Technology, Nanded",,202060610,Production Engineering,State Level,GSCS,83700,59.9249812
02020,"Shri Guru Gobind Singhji Institute of Engineering and Technology, Nanded",,202060610,Production Engineering,State Level,GNT2S,106961,43.1162283
02020,"Shri Guru Gobind Singhji Institute of Engineering and Technology, Nanded",,202060610,Production Engineering,State Level,GOBCS,102752,46.4499379
02020,"Shri Guru Gobind Singhji Institute of Engineering and Technology, Nanded",,202060610,Production Engineering,State Level,LSCS,98098,49.6513702
02020,"Shri Guru Gobind Singhji Institute of Engineering and Technology, Nanded",,202060610,Production Engineering,State Level,LSTS,55190,76.2843676
02020,"Shri Guru Gobind Singhji Institute of Engineering and Technology, Nanded",,202060610,Production Engineering,State Level,I-NonS,64453,71.4000828
02020,"Shri Guru Gobind Singhji Institute of Engineering and Technology, Nanded",,202060610,Production Engineering,State Level,VIIS,67886,69.597699
02020,"Shri Guru Gobind Singhji Institute of Engineering and Technology, Nanded",,202061210,Mechanical Engineering,State Level,"Legends:Start Character G-General, L-Ladies, End Character H-Home University, O-Other than Home University, S-State LevelS",46091,80.6210251
02020,"Shri Guru Gobind Singhji Institute of Engineering and Technology, Nanded",,202061210,Mechanical Engineering,State Level,Maharashtra State Seats - Cut Off Indicates State General Merit No. ; Figures in bracket Indicates MHT-CET PCM PercentileS,142282,1.9827909
02020,"Shri Guru Gobind Singhji Institute of Engineering and Technology, Nanded",,202061210,Mechanical Engineering,State Level,DS,70967,67.711928
02020,"Shri Guru Gobind Singhji Institute of Engineering and Technology, Nanded",,202061210,Mechanical Engineering,State Level,State Common Entrance Test CellS,61254,73.2522683
02020,"Shri Guru Gobind Singhji Institute of Engineering and Technology, Nanded",,202061210,Mechanical Engineering,State Level,Cut Off List for Maharashtra & Minority Seats of CAP Round - III for the Admission to the First Year Under Graduate Technical Courses in Engineering and Technology (4 Years) &S,57943,75.0737739
02020,"Shri Guru Gobind Singhji Institute of Engineering and Technology, Nanded",,202061210,Mechanical Engineering,State Level,Master of Engineering and Technology (Integrated 5 Years) Admissions A.Y. 2023-24S,92433,54.6296296
02020,"Shri Guru Gobind Singhji Institute of Engineering and Technology, Nanded",,202061210,Mechanical Engineering,State Level,GOPENS,54265,76.7173434
02020,"Shri Guru Gobind Singhji Institute of Engineering and Technology, Nanded",,202061210,Mechanical Engineering,State Level,GSTS,43534,81.8534982
02020,"Shri Guru Gobind Singhji Institute of Engineering and Technology, Nanded",,202061210,Mechanical Engineering,State Level,I-NonS,38763,83.878077
02020,"Shri Guru Gobind Singhji Institute of Engineering and Technology, Nanded",,202061210,Mechanical Engineering,State Level,VIIS,54057,76.7693871
02020,"Shri Guru Gobind Singhji Institute of Engineering and Technology, Nanded",,202089610,Textile Technology,State Level,GSCS,48310,79.5863208
02020,"Shri Guru Gobind Singhji Institute of Engineering and Technology, Nanded",,202089610,Textile Technology,State Level,GSTS,62144,72.6119403
02020,"Shri Guru Gobind Singhji Institute of Engineering and Technology, Nanded",,202089610,Textile Technology,State Level,VIIS,46645,80.2375547
02021,"University Department of Chemical Technology, Aurangabad",,202181610,Pharmaceutical and Fine Chemical Technology,State Level,"Legends:Start Character G-General, L-Ladies, End Character H-Home University, O-Other than Home University, S-State LevelS",129446,20.5666554
02032,"Institute of Chemical Technology, Mumbai Marathwada off campus, Jalna",,203290410,Chemical Engineering,State Level,"Legends:Start Character G-General, L-Ladies, End Character H-Home University, O-Other than Home University, S-State LevelS",15478,93.8565297
02032,"Institute of Chemical Technology, Mumbai Marathwada off campus, Jalna",,203290410,Chemical Engineering,State Level,Maharashtra State Seats - Cut Off Indicates State General Merit No. ; Figures in bracket Indicates MHT-CET PCM PercentileS,46522,80.2375547
02032,"Institute of Chemical Technology, Mumbai Marathwada off campus, Jalna",,203290410,Chemical Engineering,State Level,DS,32457,86.6965956
02032,"Institute of Chemical Technology, Mumbai Marathwada off campus, Jalna",,203290410,Chemical Engineering,State Level,State Common Entrance Test CellS,35489,85.3410413
02032,"Institute of Chemical Technology, Mumbai Marathwada off campus, Jalna",,203290410,Chemical Engineering,State Level,Cut Off List for Maharashtra & Minority Seats of CAP Round - III for the Admission to the First Year Under Graduate Technical Courses in Engineering and Technology (4 Years) &S,42189,82.251586
02032,"Institute of Chemical Technology, Mumbai Marathwada off campus, Jalna",,203290410,Chemical Engineering,State Level,Master of Engineering and Technology (Integrated 5 Years) Admissions A.Y. 2023-24S,31086,87.2266503
02032,"Institute of Chemical Technology, Mumbai Marathwada off campus, Jalna",,203290410,Chemical Engineering,State Level,GOPENS,4901,98.0865899
02032,"Institute of Chemical Technology, Mumbai Marathwada off campus, Jalna",,203290410,Chemical Engineering,State Level,GSCS,53374,76.9213416
02032,"Institute of Chemical Technology, Mumbai Marathwada off campus, Jalna",,203290410,Chemical Engineering,State Level,GSTS,99133,49.4761567
02032,"Institute of Chemical Technology, Mumbai Marathwada off campus, Jalna",,203290410,Chemical Engineering,State Level,I-NonS,15462,93.8565297
02032,"Institute of Chemical Technology, Mumbai Marathwada off campus, Jalna",,203290410,Chemical Engineering,State Level,VIIS,17374,93.09626
02111,"Everest Education Society, Group of Institutions (Integrated Campus), Ohar",,211124210,Computer Science and Engineering,State Level,"Legends:Start Character G-General, L-Ladies, End Character H-Home University, O-Other than Home University, S-State LevelS",92101,54.6296296
02111,"Everest Education Society, Group of Institutions (Integrated Campus), Ohar",,211124210,Computer Science and Engineering,State Level,Maharashtra State Seats - Cut Off Indicates State General Merit No. ; Figures in bracket Indicates MHT-CET PCM PercentileS,90952,55.2985075
02111,"Everest Education Society, Group of Institutions (Integrated Campus), Ohar",,211161210,Mechanical Engineering,State Level,"Legends:Start Character G-General, L-Ladies, End Character H-Home University, O-Other than Home University, S-State LevelS",131148,18.4453326
02112,"Shree Yash Pratishthan, Shreeyash College of Engineering and Technology, Aurangabad",,211224210,Computer Science and Engineering,State Level,"Legends:Start Character G-General, L-Ladies, End Character H-Home University, O-Other than Home University, S-State LevelS",63133,71.9809302
02112,"Shree Yash Pratishthan, Shreeyash College of Engineering and Technology, Aurangabad",,211224210,Computer Science and Engineering,State Level,I-NonS,60542,73.3779089
02112,"Shree Yash Pratishthan, Shreeyash College of Engineering and Technology, Aurangabad",,211229310,Electrical Engineering,State Level,"Legends:Start Character G-General, L-Ladies, End Character H-Home University, O-Other than Home University, S-State LevelS",90884,55.4490884
02112,"Shree Yash Pratishthan, Shreeyash College of Engineering and Technology, Aurangabad",,211229310,Electrical Engineering,State Level,Maharashtra State Seats - Cut Off Indicates State General Merit No. ; Figures in bracket Indicates MHT-CET PCM PercentileS,109687,40.6521983
02112,"Shree Yash Pratishthan, Shreeyash College of Engineering and Technology, Aurangabad",,211229310,Electrical Engineering,State Level,I-NonS,133293,15.9127414
02112,"Shree Yash Pratishthan, Shreeyash College of Engineering and Technology, Aurangabad",,211261210,Mechanical Engineering,State Level,"Legends:Start Character G-General, L-Ladies, End Character H-Home University, O-Other than Home University, S-State LevelS",107997,42.5530244
02112,"Shree Yash Pratishthan, Shreeyash College of Engineering and Technology, Aurangabad",,211261210,Mechanical Engineering,State Level,Maharashtra State Seats - Cut Off Indicates State General Merit No. ; Figures in bracket Indicates MHT-CET PCM PercentileS,114135,36.5842646
02112,"Shree Yash Pratishthan, Shreeyash College of Engineering and Technology, Aurangabad",,211261210,Mechanical Engineering,State Level,I-NonS,143090,0.3392602
02112,"Shree Yash Pratishthan, Shreeyash College of Engineering and Technology, Aurangabad",,211284410,Electronics and Computer Engineering,State Level,"Legends:Start Character G-General, L-Ladies, End Character H-Home University, O-Other than Home University, S-State LevelS",80602,61.6881259
02112,"Shree Yash Pratishthan, Shreeyash College of Engineering and Technology, Aurangabad",,211284410,Electronics and Computer Engineering,State Level,Maharashtra State Seats - Cut Off Indicates State General Merit No. ; Figures in bracket Indicates MHT-CET PCM PercentileS,70203,68.401414
02112,"Shree Yash Pratishthan, Shreeyash College of Engineering and Technology, Aurangabad",,211284410,Electronics and Computer Engineering,State Level,I-NonS,89488,55.9130075
02112,"Shree Yash Pratishthan, Shreeyash College of Engineering and Technology, Aurangabad",,211291110,Computer Science and Engineering(Artificial Intelligence and Machine Learning),State Level,"Legends:Start Character G-General, L-Ladies, End Character H-Home University, O-Other than Home University, S-State LevelS",54776,76.6367377
02112,"Shree Yash Pratishthan, Shreeyash College of Engineering and Technology, Aurangabad",,211291110,Computer Science and Engineering(Artificial Intelligence and Machine Learning),State Level,Maharashtra State Seats - Cut Off Indicates State General Merit No. ; Figures in bracket Indicates MHT-CET PCM PercentileS,58827,74.1935484
02112,"Shree Yash Pratishthan, Shreeyash College of Engineering and Technology, Aurangabad",,211291210,Computer Science and Engineering(Data Science),State Level,"Legends:Start Character G-General, L-Ladies, End Character H-Home University, O-Other than Home University, S-State LevelS",57356,75.1476841
02112,"Shree Yash Pratishthan, Shreeyash College of Engineering and Technology, Aurangabad",,211291210,Computer Science and Engineering(Data Science),State Level,Maharashtra State Seats - Cut Off Indicates State General Merit No. ; Figures in bracket Indicates MHT-CET PCM PercentileS,65645,71.0587355
02112,"Shree Yash Pratishthan, Shreeyash College of Engineering and Technology, Aurangabad",,211292910,VLSI,State Level,"Legends:Start Character G-General, L-Ladies, End Character H-Home University, O-Other than Home University, S-State LevelS",138441,8.2783196
02112,"Shree Yash Pratishthan, Shreeyash College of Engineering and Technology, Aurangabad",,211293210,5G,State Level,"Legends:Start Character G-General, L-Ladies, End Character H-Home University, O-Other than Home University, S-State LevelS",110034,39.9699925
02112,"Shree Yash Pratishthan, Shreeyash College of Engineering and Technology, Aurangabad",,211293210,5G,State Level,Maharashtra State Seats - Cut Off Indicates State General Merit No. ; Figures in bracket Indicates MHT-CET PCM PercentileS,109941,39.9699925
02112,"Shree Yash Pratishthan, Shreeyash College of Engineering and Technology, Aurangabad",,211293210,5G,State Level,I-NonS,121765,29.2444305
02113,"G. S. Mandal's Maharashtra Institute of Technology, Aurangabad",,211301110,Agricultural Engineering,State Level,"Legends:Start Character G-General, L-Ladies, End Character H-Home University, O-Other than Home University, S-State LevelS",142997,0.538099
02113,"G. S. Mandal's Maharashtra Institute of Technology, Aurangabad",,211301110,Agricultural Engineering,State Level,Maharashtra State Seats - Cut Off Indicates State General Merit No. ; Figures in bracket Indicates MHT-CET PCM PercentileS,137094,10.6046914
02113,"G. S. Mandal's Maharashtra Institute of Technology, Aurangabad",,211301110,Agricultural Engineering,State Level,I-NonS,137963,9.188396
02113,"G. S. Mandal's Maharashtra Institute of Technology, Aurangabad",,211319110,Civil Engineering,State Level,GOPENS,141676,2.9971739
02113,"G. S. Mandal's Maharashtra Institute of Technology, Aurangabad",,211319110,Civil Engineering,State Level,LOPENS,134479,13.9344262
02113,"G. S. Mandal's Maharashtra Institute of Technology, Aurangabad",,211319110,Civil Engineering,State Level,LVJS,135325,13.224841
02113,"G. S. Mandal's Maharashtra Institute of Technology, Aurangabad",,211319110,Civil Engineering,State Level,LNT3S,138100,9.0956868
02113,"G. S. Mandal's Maharashtra Institute of Technology, Aurangabad",,211319110,Civil Engineering,State Level,I-NonS,135578,12.6949825
02113,"G. S. Mandal's Maharashtra Institute of Technology, Aurangabad",,211319110,Civil Engineering,State Level,I-NonS,142842,0.8701473
02113,"G. S. Mandal's Maharashtra Institute of Technology, Aurangabad",,211319110,Civil Engineering,State Level,VIIS,139797,6.1929085
02113,"G. S. Mandal's Maharashtra Institute of Technology, Aurangabad",,211324210,Computer Science and Engineering,State Level,GOPENS,41242,82.540133
02113,"G. S. Mandal's Maharashtra Institute of Technology, Aurangabad",,211324210,Computer Science and Engineering,State Level,GSCS,49474,78.8754662
02113,"G. S. Mandal's Maharashtra Institute of Technology, Aurangabad",,211324210,Computer Science and Engineering,State Level,GSTS,86779,58.1382561
02113,"G. S. Mandal's Maharashtra Institute of Technology, Aurangabad",,211324210,Computer Science and Engineering,State Level,GOBCS,46125,80.6210251
02113,"G. S. Mandal's Maharashtra Institute of Technology, Aurangabad",,211324210,Computer Science and Engineering,State Level,LOPENS,41185,82.540133
02113,"G. S. Mandal's Maharashtra Institute of Technology, Aurangabad",,211324210,Computer Science and Engineering,State Level,LNT1S,62411,72.394012
02113,"G. S. Mandal's Maharashtra Institute of Technology, Aurangabad",,211324210,Computer Science and Engineering,State Level,LOBCS,46530,80.2375547
02113,"G. S. Mandal's Maharashtra Institute of Technology, Aurangabad",,211324210,Computer Science and Engineering,State Level,PWDOBCS,17308,93.09626
02113,"G. S. Mandal's Maharashtra Institute of Technology, Aurangabad",,211324210,Computer Science and Engineering,State Level,TFWS,37968,84.216054
02113,"G. S. Mandal's Maharashtra Institute of Technology, Aurangabad",,211324210,Computer Science and Engineering,State Level,I-NonS,46331,80.4126032
02113,"G. S. Mandal's Maharashtra Institute of Technology, Aurangabad",,211324210,Computer Science and Engineering,State Level,VIIS,42293,82.251586
02113,"G. S. Mandal's Maharashtra Institute of Technology, Aurangabad",,211325710,Computer Science and Design,State Level,GOPENS,60785,73.2701208
02113,"G. S. Mandal's Maharashtra Institute of Technology, Aurangabad",,211325710,Computer Science and Design,State Level,GSTS,65183,71.1698646
02113,"G. S. Mandal's Maharashtra Institute of Technology, Aurangabad",,211325710,Computer Science and Design,State Level,GOBCS,64485,71.4000828
02113,"G. S. Mandal's Maharashtra Institute of Technology, Aurangabad",,211325710,Computer Science and Design,State Level,LOPENS,53875,76.839044
02113,"G. S. Mandal's Maharashtra Institute of Technology, Aurangabad",,211325710,Computer Science and Design,State Level,VIIS,62252,72.6119403
02113,"G. S. Mandal's Maharashtra Institute of Technology, Aurangabad",,211326310,Artificial Intelligence (AI) and Data Science,State Level,"Legends:Start Character G-General, L-Ladies, End Character H-Home University, O-Other than Home University, S-State LevelS",46018,80.6210251
02113,"G. S. Mandal's Maharashtra Institute of Technology, Aurangabad",,211326310,Artificial Intelligence (AI) and Data Science,State Level,Maharashtra State Seats - Cut Off Indicates State General Merit No. ; Figures in bracket Indicates MHT-CET PCM PercentileS,56196,75.3496766
02113,"G. S. Mandal's Maharashtra Institute of Technology, Aurangabad",,211326310,Artificial Intelligence (AI) and Data Science,State Level,DS,47359,79.8081214
02113,"G. S. Mandal's Maharashtra Institute of Technology, Aurangabad",,211326310,Artificial Intelligence (AI) and Data Science,State Level,State Common Entrance Test CellS,138598,7.9296955
02113,"G. S. Mandal's Maharashtra Institute of Technology, Aurangabad",,211326310,Artificial Intelligence (AI) and Data Science,State Level,I-NonS,37260,84.4681938
02113,"G. S. Mandal's Maharashtra Institute of Technology, Aurangabad",,211329310,Electrical Engineering,State Level,GOPENS,84891,59.6839864
02113,"G. S. Mandal's Maharashtra Institute of Technology, Aurangabad",,211329310,Electrical Engineering,State Level,GSCS,92401,54.6296296
02113,"G. S. Mandal's Maharashtra Institute of Technology, Aurangabad",,211329310,Electrical Engineering,State Level,GSTS,112266,38.9045575
02113,"G. S. Mandal's Maharashtra Institute of Technology, Aurangabad",,211329310,Electrical Engineering,State Level,GOBCS,90294,55.7163295
02113,"G. S. Mandal's Maharashtra Institute of Technology, Aurangabad",,211329310,Electrical Engineering,State Level,LSTS,67935,69.597699
02113,"G. S. Mandal's Maharashtra Institute of Technology, Aurangabad",,211329310,Electrical Engineering,State Level,LOBCS,78739,63.3857031
02113,"G. S. Mandal's Maharashtra Institute of Technology, Aurangabad",,211329310,Electrical Engineering,State Level,VIIS,85179,58.8704519
02113,"G. S. Mandal's Maharashtra Institute of Technology, Aurangabad",,211350110,Plastic and Polymer Engineering,State Level,GOPENS,132703,16.2430441
02113,"G. S. Mandal's Maharashtra Institute of Technology, Aurangabad",,211350110,Plastic and Polymer Engineering,State Level,LOPENS,136697,11.119036
02113,"G. S. Mandal's Maharashtra Institute of Technology, Aurangabad",,211361210,Mechanical Engineering,State Level,GOPENS,108078,42.5530244
02113,"G. S. Mandal's Maharashtra Institute of Technology, Aurangabad",,211361210,Mechanical Engineering,State Level,GSTS,130690,18.9046135
02113,"G. S. Mandal's Maharashtra Institute of Technology, Aurangabad",,211361210,Mechanical Engineering,State Level,GNT1S,113261,37.6936381
02113,"G. S. Mandal's Maharashtra Institute of Technology, Aurangabad",,211361210,Mechanical Engineering,State Level,GOBCS,124137,26.2033481
02113,"G. S. Mandal's Maharashtra Institute of Technology, Aurangabad",,211361210,Mechanical Engineering,State Level,LOPENS,86585,58.1382561
02113,"G. S. Mandal's Maharashtra Institute of Technology, Aurangabad",,211361210,Mechanical Engineering,State Level,I-NonS,97768,50.2663166
02113,"G. S. Mandal's Maharashtra Institute of Technology, Aurangabad",,211361210,Mechanical Engineering,State Level,I-NonS,92566,54.0043616
02113,"G. S. Mandal's Maharashtra Institute of Technology, Aurangabad",,211361210,Mechanical Engineering,State Level,VIIS,110898,39.7875296
02113,"G. S. Mandal's Maharashtra Institute of Technology, Aurangabad",,211384410,Electronics and Computer Engineering,State Level,"Legends:Start Character G-General, L-Ladies, End Character H-Home University, O-Other than Home University, S-State LevelS",55325,76.0463981
02113,"G. S. Mandal's Maharashtra Institute of Technology, Aurangabad",,211384410,Electronics and Computer Engineering,State Level,Maharashtra State Seats - Cut Off Indicates State General Merit No. ; Figures in bracket Indicates MHT-CET PCM PercentileS,63266,71.9809302
02113,"G. S. Mandal's Maharashtra Institute of Technology, Aurangabad",,211384410,Electronics and Computer Engineering,State Level,DS,90190,55.8997381
02113,"G. S. Mandal's Maharashtra Institute of Technology, Aurangabad",,211384410,Electronics and Computer Engineering,State Level,State Common Entrance Test CellS,34902,85.4445126
02113,"G. S. Mandal's Maharashtra Institute of Technology, Aurangabad",,211384410,Electronics and Computer Engineering,State Level,Cut Off List for Maharashtra & Minority Seats of CAP Round - III for the Admission to the First Year Under Graduate Technical Courses in Engineering and Technology (4 Years) &S,137124,10.6046914
02113,"G. S. Mandal's Maharashtra Institute of Technology, Aurangabad",,211384410,Electronics and Computer Engineering,State Level,VIIS,63596,71.6671025
02114,"Deogiri Institute of Engineering and Management Studies, Aurangabad",,211419110,Civil Engineering,State Level,"Legends:Start Character G-General, L-Ladies, End Character H-Home University, O-Other than Home University, S-State LevelS",74674,65.9622938
02114,"Deogiri Institute of Engineering and Management Studies, Aurangabad",,211419110,Civil Engineering,State Level,Maharashtra State Seats - Cut Off Indicates State General Merit No. ; Figures in bracket Indicates MHT-CET PCM PercentileS,93610,53.1660451
02114,"Deogiri Institute of Engineering and Management Studies, Aurangabad",,211437210,Electronics and Telecommunication Engg,State Level,"Legends:Start Character G-General, L-Ladies, End Character H-Home University, O-Other than Home University, S-State LevelS",53048,77.0079706
02114,"Deogiri Institute of Engineering and Management Studies, Aurangabad",,211461210,Mechanical Engineering,State Level,"Legends:Start Character G-General, L-Ladies, End Character H-Home University, O-Other than Home University, S-State LevelS",87808,57.7272051
02114,"Deogiri Institute of Engineering and Management Studies, Aurangabad",,211461210,Mechanical Engineering,State Level,I-NonS,82411,60.9799222
02114,"Deogiri Institute of Engineering and Management Studies, Aurangabad",,211461210,Mechanical Engineering,State Level,VIIS,104751,44.6898706
02116,"Matoshri Pratishan's Group of Institutions (Integrated Campus), Kupsarwadi , Nanded",,211624210,Computer Science and Engineering,State Level,"Legends:Start Character G-General, L-Ladies, End Character H-Home University, O-Other than Home University, S-State LevelS",106297,43.5071268
02116,"Matoshri Pratishan's Group of Institutions (Integrated Campus), Kupsarwadi , Nanded",,211626310,Artificial Intelligence (AI) and Data Science,State Level,"Legends:Start Character G-General, L-Ladies, End Character H-Home University, O-Other than Home University, S-State LevelS",106165,43.5071268
02116,"Matoshri Pratishan's Group of Institutions (Integrated Campus), Kupsarwadi , Nanded",,211626310,Artificial Intelligence (AI) and Data Science,State Level,Maharashtra State Seats - Cut Off Indicates State General Merit No. ; Figures in bracket Indicates MHT-CET PCM PercentileS,107611,42.5955447
02116,"Matoshri Pratishan's Group of Institutions (Integrated Campus), Kupsarwadi , Nanded",,211637210,Electronics and Telecommunication Engg,State Level,DEFOPENS,119123,32.3095051
02116,"Matoshri Pratishan's Group of Institutions (Integrated Campus), Kupsarwadi , Nanded",,211637210,Electronics and Telecommunication Engg,State Level,I-NonS,112201,38.9045575
02116,"Matoshri Pratishan's Group of Institutions (Integrated Campus), Kupsarwadi , Nanded",,211691110,Computer Science and Engineering(Artificial Intelligence and Machine Learning),State Level,"Legends:Start Character G-General, L-Ladies, End Character H-Home University, O-Other than Home University, S-State LevelS",91020,55.2985075
02127,"Mahatma Gandhi Missions College of Engineering, Hingoli Rd, Nanded.",,212719110,Civil Engineering,State Level,"Legends:Start Character G-General, L-Ladies, End Character H-Home University, O-Other than Home University, S-State LevelS",90349,55.7163295
02127,"Mahatma Gandhi Missions College of Engineering, Hingoli Rd, Nanded.",,212719110,Civil Engineering,State Level,VIIS,135147,13.3188183
02127,"Mahatma Gandhi Missions College of Engineering, Hingoli Rd, Nanded.",,212724210,Computer Science and Engineering,State Level,"Legends:Start Character G-General, L-Ladies, End Character H-Home University, O-Other than Home University, S-State LevelS",28662,88.2671548
02127,"Mahatma Gandhi Missions College of Engineering, Hingoli Rd, Nanded.",,212724610,Information Technology,State Level,"Legends:Start Character G-General, L-Ladies, End Character H-Home University, O-Other than Home University, S-State LevelS",20512,91.7186508
02127,"Mahatma Gandhi Missions College of Engineering, Hingoli Rd, Nanded.",,212737210,Electronics and Telecommunication Engg,State Level,"Legends:Start Character G-General, L-Ladies, End Character H-Home University, O-Other than Home University, S-State LevelS",59076,74.1356658
02127,"Mahatma Gandhi Missions College of Engineering, Hingoli Rd, Nanded.",,212761210,Mechanical Engineering,State Level,"Legends:Start Character G-General, L-Ladies, End Character H-Home University, O-Other than Home University, S-State LevelS",109023,41.1609401
02129,"M.S. Bidve Engineering College, Latur",,212919110,Civil Engineering,State Level,"Legends:Start Character G-General, L-Ladies, End Character H-Home University, O-Other than Home University, S-State LevelS",103769,45.9472716
02129,"M.S. Bidve Engineering College, Latur",,212929810,Electrical Engg [Electrical and Power],State Level,DEFOPENS,93555,53.6496624
02129,"M.S. Bidve Engineering College, Latur",,212937610,Electronics Engineering,State Level,"Legends:Start Character G-General, L-Ladies, End Character H-Home University, O-Other than Home University, S-State LevelS",46723,80.0793682
02129,"M.S. Bidve Engineering College, Latur",,212937610,Electronics Engineering,State Level,Maharashtra State Seats - Cut Off Indicates State General Merit No. ; Figures in bracket Indicates MHT-CET PCM PercentileS,70930,67.711928
02129,"M.S. Bidve Engineering College, Latur",,212961210,Mechanical Engineering,State Level,"Legends:Start Character G-General, L-Ladies, End Character H-Home University, O-Other than Home University, S-State LevelS",140436,5.0725526
02130,"Terna Public Charitable Trust's College of Engineering, Osmanabad",,213019110,Civil Engineering,State Level,"Legends:Start Character G-General, L-Ladies, End Character H-Home University, O-Other than Home University, S-State LevelS",129084,20.9352787
02130,"Terna Public Charitable Trust's College of Engineering, Osmanabad",,213037210,Electronics and Telecommunication Engg,State Level,DEFOPENS,54144,76.7693871
02130,"Terna Public Charitable Trust's College of Engineering, Osmanabad",,213037210,Electronics and Telecommunication Engg,State Level,TFWS,63076,71.9809302
02130,"Terna Public Charitable Trust's College of Engineering, Osmanabad",,213037210,Electronics and Telecommunication Engg,State Level,I-NonS,94441,52.7422372
02130,"Terna Public Charitable Trust's College of Engineering, Osmanabad",,213061210,Mechanical Engineering,State Level,"Legends:Start Character G-General, L-Ladies, End Character H-Home University, O-Other than Home University, S-State LevelS",102376,46.4534231
02130,"Terna Public Charitable Trust's College of Engineering, Osmanabad",,213099510,Artificial Intelligence and Data Science,State Level,"Legends:Start Character G-General, L-Ladies, End Character H-Home University, O-Other than Home University, S-State LevelS",60132,73.4246062
02131,"Shree Tuljabhavani College of Engineering, Tuljapur",,213124210,Computer Science and Engineering,State Level,"Legends:Start Character G-General, L-Ladies, End Character H-Home University, O-Other than Home University, S-State LevelS",48639,79.520817
02131,"Shree Tuljabhavani College of Engineering, Tuljapur",,213124210,Computer Science and Engineering,State Level,VIIS,107626,42.5955447
02131,"Shree Tuljabhavani College of Engineering, Tuljapur",,213137210,Electronics and Telecommunication Engg,State Level,"Legends:Start Character G-General, L-Ladies, End Character H-Home University, O-Other than Home University, S-State LevelS",118006,32.8844711
02133,"Mahatma Basaweshwar Education Society's College of Engineering, Ambejogai",,213361210,Mechanical Engineering,State Level,"Legends:Start Character G-General, L-Ladies, End Character H-Home University, O-Other than Home University, S-State LevelS",135479,12.8630551
02133,"Mahatma Basaweshwar Education Society's College of Engineering, Ambejogai",,213384410,Electronics and Computer Engineering,State Level,EWS,87231,58.0840122
02134,"Peoples Education Society's College of Engineering, Aurangabad",,213419110,Civil Engineering,State Level,"Legends:Start Character G-General, L-Ladies, End Character H-Home University, O-Other than Home University, S-State LevelS",139883,6.1669865
02134,"Peoples Education Society's College of Engineering, Aurangabad",,213424210,Computer Science and Engineering,State Level,"Legends:Start Character G-General, L-Ladies, End Character H-Home University, O-Other than Home University, S-State LevelS",60759,73.3779089
02134,"Peoples Education Society's College of Engineering, Aurangabad",,213429310,Electrical Engineering,State Level,"Legends:Start Character G-General, L-Ladies, End Character H-Home University, O-Other than Home University, S-State LevelS",95763,52.2415622
02134,"Peoples Education Society's College of Engineering, Aurangabad",,213429310,Electrical Engineering,State Level,VIIS,119644,31.6482893
02134,"Peoples Education Society's College of Engineering, Aurangabad",,213437810,Electronics Engineering ( VLSI Design and Technology),State Level,"Legends:Start Character G-General, L-Ladies, End Character H-Home University, O-Other than Home University, S-State LevelS",132571,16.3662375
02134,"Peoples Education Society's College of Engineering, Aurangabad",,213461510,Mechanical & Automation Engineering,State Level,"Legends:Start Character G-General, L-Ladies, End Character H-Home University, O-Other than Home University, S-State LevelS",127835,22.6551453
02134,"Peoples Education Society's College of Engineering, Aurangabad",,213484410,Electronics and Computer Engineering,State Level,EWS,90251,55.7163295
02134,"Peoples Education Society's College of Engineering, Aurangabad",,213491210,Computer Science and Engineering(Data Science),State Level,"Legends:Start Character G-General, L-Ladies, End Character H-Home University, O-Other than Home University, S-State LevelS",72820,66.8171727
02135,"Hi-Tech Institute of Technology, Aurangabad",,213519110,Civil Engineering,State Level,"Legends:Start Character G-General, L-Ladies, End Character H-Home University, O-Other than Home University, S-State LevelS",131647,17.8500207
02135,"Hi-Tech Institute of Technology, Aurangabad",,213524210,Computer Science and Engineering,State Level,"Legends:Start Character G-General, L-Ladies, End Character H-Home University, O-Other than Home University, S-State LevelS",44977,81.0174211
02135,"Hi-Tech Institute of Technology, Aurangabad",,213524210,Computer Science and Engineering,State Level,Maharashtra State Seats - Cut Off Indicates State General Merit No. ; Figures in bracket Indicates MHT-CET PCM PercentileS,73841,66.3914919
02135,"Hi-Tech Institute of Technology, Aurangabad",,213524210,Computer Science and Engineering,State Level,I-NonS,89981,55.8997381
02135,"Hi-Tech Institute of Technology, Aurangabad",,213524210,Computer Science and Engineering,State Level,DefenceS,80794,61.6881259
02135,"Hi-Tech Institute of Technology, Aurangabad",,213524210,Computer Science and Engineering,State Level,VIIS,89027,56.7366842
02135,"Hi-Tech Institute of Technology, Aurangabad",,213561210,Mechanical Engineering,State Level,"Legends:Start Character G-General, L-Ladies, End Character H-Home University, O-Other than Home University, S-State LevelS",97133,50.8083922
02135,"Hi-Tech Institute of Technology, Aurangabad",,213561210,Mechanical Engineering,State Level,Maharashtra State Seats - Cut Off Indicates State General Merit No. ; Figures in bracket Indicates MHT-CET PCM PercentileS,122361,28.6046774
02135,"Hi-Tech Institute of Technology, Aurangabad",,213591110,Computer Science and Engineering(Artificial Intelligence and Machine Learning),State Level,"Legends:Start Character G-General, L-Ladies, End Character H-Home University, O-Other than Home University, S-State LevelS",102318,46.8567142
02135,"Hi-Tech Institute of Technology, Aurangabad",,213591110,Computer Science and Engineering(Artificial Intelligence and Machine Learning),State Level,I-NonS,89889,55.8997381
02136,"Aditya Engineering College , Beed",,213624210,Computer Science and Engineering,State Level,"Legends:Start Character G-General, L-Ladies, End Character H-Home University, O-Other than Home University, S-State LevelS",54671,76.6367377
02136,"Aditya Engineering College , Beed",,213624210,Computer Science and Engineering,State Level,Maharashtra State Seats - Cut Off Indicates State General Merit No. ; Figures in bracket Indicates MHT-CET PCM PercentileS,117359,33.3408586
02136,"Aditya Engineering College , Beed",,213624210,Computer Science and Engineering,State Level,I-NonS,121563,29.3464077
02136,"Aditya Engineering College , Beed",,213624210,Computer Science and Engineering,State Level,VIIS,121346,29.4111028
02136,"Aditya Engineering College , Beed",,213624610,Information Technology,State Level,"Legends:Start Character G-General, L-Ladies, End Character H-Home University, O-Other than Home University, S-State LevelS",103153,46.1690466
02136,"Aditya Engineering College , Beed",,213624610,Information Technology,State Level,Maharashtra State Seats - Cut Off Indicates State General Merit No. ; Figures in bracket Indicates MHT-CET PCM PercentileS,121893,29.2444305
02136,"Aditya Engineering College , Beed",,213629310,Electrical Engineering,State Level,EWS,100577,48.0589023
02136,"Aditya Engineering College , Beed",,213692110,Artificial Intelligence and Machine Learning,State Level,DEFOPENS,140333,5.2332748
02137,"Nagnathappa Halge Engineering  College, Parli, Beed",,213724210,Computer Science and Engineering,State Level,"Legends:Start Character G-General, L-Ladies, End Character H-Home University, O-Other than Home University, S-State LevelS",78762,63.3857031
02137,"Nagnathappa Halge Engineering  College, Parli, Beed",,213724210,Computer Science and Engineering,State Level,Maharashtra State Seats - Cut Off Indicates State General Merit No. ; Figures in bracket Indicates MHT-CET PCM PercentileS,140783,4.7604085
02137,"Nagnathappa Halge Engineering  College, Parli, Beed",,213724210,Computer Science and Engineering,State Level,I-NonS,121988,28.923802
02138,"Matsyodari Shikshan Sansatha's College of Engineering and Technology, Jalna",,213824210,Computer Science and Engineering,State Level,"Legends:Start Character G-General, L-Ladies, End Character H-Home University, O-Other than Home University, S-State LevelS",64167,71.6354089
02138,"Matsyodari Shikshan Sansatha's College of Engineering and Technology, Jalna",,213829310,Electrical Engineering,State Level,"Legends:Start Character G-General, L-Ladies, End Character H-Home University, O-Other than Home University, S-State LevelS",88934,56.7366842
02138,"Matsyodari Shikshan Sansatha's College of Engineering and Technology, Jalna",,213829310,Electrical Engineering,State Level,I-NonS,111354,39.4392454
02250,"Aurangabad College of Engineering,  Naygaon Savangi, Aurangabad",,225024210,Computer Science and Engineering,State Level,"Legends:Start Character G-General, L-Ladies, End Character H-Home University, O-Other than Home University, S-State LevelS",99984,49.0455617
02250,"Aurangabad College of Engineering,  Naygaon Savangi, Aurangabad",,225024210,Computer Science and Engineering,State Level,Maharashtra State Seats - Cut Off Indicates State General Merit No. ; Figures in bracket Indicates MHT-CET PCM PercentileS,52972,77.0079706
02250,"Aurangabad College of Engineering,  Naygaon Savangi, Aurangabad",,225029310,Electrical Engineering,State Level,"Legends:Start Character G-General, L-Ladies, End Character H-Home University, O-Other than Home University, S-State LevelS",117083,33.8201786
02250,"Aurangabad College of Engineering,  Naygaon Savangi, Aurangabad",,225037210,Electronics and Telecommunication Engg,State Level,"Legends:Start Character G-General, L-Ladies, End Character H-Home University, O-Other than Home University, S-State LevelS",88192,56.982253
02250,"Aurangabad College of Engineering,  Naygaon Savangi, Aurangabad",,225037210,Electronics and Telecommunication Engg,State Level,I-NonS,108227,42.4233825
02252,"Marathwada Shikshan Prasarak Mandal's Shri Shivaji Institute of Engineering and Management Studies, Parbhani",,225219110,Civil Engineering,State Level,"Legends:Start Character G-General, L-Ladies, End Character H-Home University, O-Other than Home University, S-State LevelS",128437,21.7123399
02252,"Marathwada Shikshan Prasarak Mandal's Shri Shivaji Institute of Engineering and Management Studies, Parbhani",,225224210,Computer Science and Engineering,State Level,ORPHAN,73820,66.3914919
02252,"Marathwada Shikshan Prasarak Mandal's Shri Shivaji Institute of Engineering and Management Studies, Parbhani",,225261210,Mechanical Engineering,State Level,"Legends:Start Character G-General, L-Ladies, End Character H-Home University, O-Other than Home University, S-State LevelS",106054,43.6615489
02254,"Vilasrao Deshmukh Foundation Group of Institutions, Latur",,225419110,Civil Engineering,State Level,"Legends:Start Character G-General, L-Ladies, End Character H-Home University, O-Other than Home University, S-State LevelS",129601,20.3198986
02254,"Vilasrao Deshmukh Foundation Group of Institutions, Latur",,225424510,Computer Engineering,State Level,TFWS,49978,78.5775598
02254,"Vilasrao Deshmukh Foundation Group of Institutions, Latur",,225424510,Computer Engineering,State Level,EWS,61928,73.0265619
02254,"Vilasrao Deshmukh Foundation Group of Institutions, Latur",,225429310,Electrical Engineering,State Level,"Legends:Start Character G-General, L-Ladies, End Character H-Home University, O-Other than Home University, S-State LevelS",102490,46.4534231
02254,"Vilasrao Deshmukh Foundation Group of Institutions, Latur",,225437210,Electronics and Telecommunication Engg,State Level,"Legends:Start Character G-General, L-Ladies, End Character H-Home University, O-Other than Home University, S-State LevelS",95779,52.2415622
02254,"Vilasrao Deshmukh Foundation Group of Institutions, Latur",,225437210,Electronics and Telecommunication Engg,State Level,I-NonS,109744,40.6521983
02282,"Aditya Education Trust's Mitthulalji Sarada Polytechnic, Nalwandi Road, Beed",,228224510,Computer Engineering,State Level,"Legends:Start Character G-General, L-Ladies, End Character H-Home University, O-Other than Home University, S-State LevelS",119805,30.9520229
02282,"Aditya Education Trust's Mitthulalji Sarada Polytechnic, Nalwandi Road, Beed",,228224510,Computer Engineering,State Level,Maharashtra State Seats - Cut Off Indicates State General Merit No. ; Figures in bracket Indicates MHT-CET PCM PercentileS,140214,5.3729884
02282,"Aditya Education Trust's Mitthulalji Sarada Polytechnic, Nalwandi Road, Beed",,228224610,Information Technology,State Level,"Legends:Start Character G-General, L-Ladies, End Character H-Home University, O-Other than Home University, S-State LevelS",114878,36.1619626
02282,"Aditya Education Trust's Mitthulalji Sarada Polytechnic, Nalwandi Road, Beed",,228261210,Mechanical Engineering,State Level,TFWS,133595,15.5443322
02282,"Aditya Education Trust's Mitthulalji Sarada Polytechnic, Nalwandi Road, Beed",,228290010,Electronics and Computer Science,State Level,TFWS,129101,20.9352787
02282,"Aditya Education Trust's Mitthulalji Sarada Polytechnic, Nalwandi Road, Beed",,228290010,Electronics and Computer Science,State Level,EWS,131082,18.4453326
02508,GRAMIN TECHNICAL AND MANAGEMENT CAMPUS NANDED.,,250824510,Computer Engineering,State Level,"Legends:Start Character G-General, L-Ladies, End Character H-Home University, O-Other than Home University, S-State LevelS",19924,92.0788066
02508,GRAMIN TECHNICAL AND MANAGEMENT CAMPUS NANDED.,,250824510,Computer Engineering,State Level,Maharashtra State Seats - Cut Off Indicates State General Merit No. ; Figures in bracket Indicates MHT-CET PCM PercentileS,89228,56.656397
02508,GRAMIN TECHNICAL AND MANAGEMENT CAMPUS NANDED.,,250824510,Computer Engineering,State Level,I-NonS,95575,52.2466614
02508,GRAMIN TECHNICAL AND MANAGEMENT CAMPUS NANDED.,,250824510,Computer Engineering,State Level,VIIS,96891,50.8083922
02516,International Centre Of Excellence In Engineering  and Management (ICEEM),,251624210,Computer Science and Engineering,State Level,TFWS,79073,62.7898492
02516,International Centre Of Excellence In Engineering  and Management (ICEEM),,251624210,Computer Science and Engineering,State Level,EWS,91769,54.6979992
02516,International Centre Of Excellence In Engineering  and Management (ICEEM),,251629710,Electrical and Electronics Engineering,State Level,"Legends:Start Character G-General, L-Ladies, End Character H-Home University, O-Other than Home University, S-State LevelS",128995,20.9352787
02516,International Centre Of Excellence In Engineering  and Management (ICEEM),,251692110,Artificial Intelligence and Machine Learning,State Level,DEFOPENS,91225,55.2985075
02516,International Centre Of Excellence In Engineering  and Management (ICEEM),,251692110,Artificial Intelligence and Machine Learning,State Level,TFWS,104635,45.6445719
02516,International Centre Of Excellence In Engineering  and Management (ICEEM),,251692110,Artificial Intelligence and Machine Learning,State Level,I-NonS,107526,42.9215913
02522,"STMEI's Sandipani Technical Campus-Faculty of Engineering, Latur.",,252224510,Computer Engineering,State Level,"Legends:Start Character G-General, L-Ladies, End Character H-Home University, O-Other than Home University, S-State LevelS",84812,59.6839864
02522,"STMEI's Sandipani Technical Campus-Faculty of Engineering, Latur.",,252224510,Computer Engineering,State Level,I-NonS,87432,58.0840122
02522,"STMEI's Sandipani Technical Campus-Faculty of Engineering, Latur.",,252237210,Electronics and Telecommunication Engg,State Level,EWS,116071,35.1726957
02533,"CSMSS Chh. Shahu College of Engineering, Aurangabad",,253319110,Civil Engineering,State Level,"Legends:Start Character G-General, L-Ladies, End Character H-Home University, O-Other than Home University, S-State LevelS",69077,69.0354573
02533,"CSMSS Chh. Shahu College of Engineering, Aurangabad",,253319110,Civil Engineering,State Level,Maharashtra State Seats - Cut Off Indicates State General Merit No. ; Figures in bracket Indicates MHT-CET PCM PercentileS,83470,60.750409
02533,"CSMSS Chh. Shahu College of Engineering, Aurangabad",,253324210,Computer Science and Engineering,State Level,"Legends:Start Character G-General, L-Ladies, End Character H-Home University, O-Other than Home University, S-State LevelS",89782,55.9130075
02533,"CSMSS Chh. Shahu College of Engineering, Aurangabad",,253324210,Computer Science and Engineering,State Level,VIIS,42851,82.1650299
02533,"CSMSS Chh. Shahu College of Engineering, Aurangabad",,253329310,Electrical Engineering,State Level,"Legends:Start Character G-General, L-Ladies, End Character H-Home University, O-Other than Home University, S-State LevelS",44936,81.0174211
02533,"CSMSS Chh. Shahu College of Engineering, Aurangabad",,253329310,Electrical Engineering,State Level,I-NonS,67821,69.6572694
02533,"CSMSS Chh. Shahu College of Engineering, Aurangabad",,253337810,Electronics Engineering ( VLSI Design and Technology),State Level,"Legends:Start Character G-General, L-Ladies, End Character H-Home University, O-Other than Home University, S-State LevelS",74251,66.0524144
02533,"CSMSS Chh. Shahu College of Engineering, Aurangabad",,253337810,Electronics Engineering ( VLSI Design and Technology),State Level,I-NonS,83605,59.9249812
02533,"CSMSS Chh. Shahu College of Engineering, Aurangabad",,253361210,Mechanical Engineering,State Level,"Legends:Start Character G-General, L-Ladies, End Character H-Home University, O-Other than Home University, S-State LevelS",102217,46.8567142
02533,"CSMSS Chh. Shahu College of Engineering, Aurangabad",,253361210,Mechanical Engineering,State Level,I-NonS,71147,67.711928
02533,"CSMSS Chh. Shahu College of Engineering, Aurangabad",,253384410,Electronics and Computer Engineering,State Level,"Legends:Start Character G-General, L-Ladies, End Character H-Home University, O-Other than Home University, S-State LevelS",53972,76.839044
02533,"CSMSS Chh. Shahu College of Engineering, Aurangabad",,253392810,Electronics and Communication(Advanced Communication Technology),State Level,EWS,57772,75.1338688
02641,Dr. V.K. Patil College of Engineering & Technology,,264124210,Computer Science and Engineering,State Level,"Legends:Start Character G-General, L-Ladies, End Character H-Home University, O-Other than Home University, S-State LevelS",104061,45.8483896
02641,Dr. V.K. Patil College of Engineering & Technology,,264124210,Computer Science and Engineering,State Level,Maharashtra State Seats - Cut Off Indicates State General Merit No. ; Figures in bracket Indicates MHT-CET PCM PercentileS,136963,10.7415831
02641,Dr. V.K. Patil College of Engineering & Technology,,264124210,Computer Science and Engineering,State Level,I-NonS,133739,15.5096512
02641,Dr. V.K. Patil College of Engineering & Technology,,264199710,Artificial Intelligence,State Level,DEFOPENS,113039,37.7324111
02641,Dr. V.K. Patil College of Engineering & Technology,,264199710,Artificial Intelligence,State Level,TFWS,142824,0.9582044
02641,Dr. V.K. Patil College of Engineering & Technology,,264199710,Artificial Intelligence,State Level,I-NonS,103458,45.9664342
03012,"Veermata Jijabai Technological Institute(VJTI), Matunga, Mumbai",,301219110,Civil Engineering,State Level,"Legends:Start Character G-General, L-Ladies, End Character H-Home University, O-Other than Home University, S-State LevelS",2561,98.9936401
03012,"Veermata Jijabai Technological Institute(VJTI), Matunga, Mumbai",,301219110,Civil Engineering,State Level,Maharashtra State Seats - Cut Off Indicates State General Merit No. ; Figures in bracket Indicates MHT-CET PCM PercentileS,53892,76.839044
03012,"Veermata Jijabai Technological Institute(VJTI), Matunga, Mumbai",,301219110,Civil Engineering,State Level,DS,10082,96.0629039
03012,"Veermata Jijabai Technological Institute(VJTI), Matunga, Mumbai",,301219110,Civil Engineering,State Level,State Common Entrance Test CellS,8876,96.5491373
03012,"Veermata Jijabai Technological Institute(VJTI), Matunga, Mumbai",,301219110,Civil Engineering,State Level,VIIS,3554,98.5970819
03012,"Veermata Jijabai Technological Institute(VJTI), Matunga, Mumbai",,301224510,Computer Engineering,State Level,GOPENS,208,99.8918758
03012,"Veermata Jijabai Technological Institute(VJTI), Matunga, Mumbai",,301224510,Computer Engineering,State Level,GNT1S,1801,99.2625202
03012,"Veermata Jijabai Technological Institute(VJTI), Matunga, Mumbai",,301224510,Computer Engineering,State Level,GOBCS,506,99.7682639
03012,"Veermata Jijabai Technological Institute(VJTI), Matunga, Mumbai",,301224510,Computer Engineering,State Level,LOPENS,344,99.8312078
03012,"Veermata Jijabai Technological Institute(VJTI), Matunga, Mumbai",,301224510,Computer Engineering,State Level,LOBCS,1007,99.5585484
03012,"Veermata Jijabai Technological Institute(VJTI), Matunga, Mumbai",,301224510,Computer Engineering,State Level,EWS,595,99.7255226
03012,"Veermata Jijabai Technological Institute(VJTI), Matunga, Mumbai",,301224610,Information Technology,State Level,GOPENS,319,99.8428732
03012,"Veermata Jijabai Technological Institute(VJTI), Matunga, Mumbai",,301224610,Information Technology,State Level,GNT1S,3153,98.7654321
03012,"Veermata Jijabai Technological Institute(VJTI), Matunga, Mumbai",,301224610,Information Technology,State Level,GOBCS,568,99.740377
03012,"Veermata Jijabai Technological Institute(VJTI), Matunga, Mumbai",,301224610,Information Technology,State Level,LOPENS,617,99.7166399
03012,"Veermata Jijabai Technological Institute(VJTI), Matunga, Mumbai",,301224610,Information Technology,State Level,LOBCS,1314,99.4522788
03012,"Veermata Jijabai Technological Institute(VJTI), Matunga, Mumbai",,301224610,Information Technology,State Level,TFWS,460,99.7817662
03012,"Veermata Jijabai Technological Institute(VJTI), Matunga, Mumbai",,301224610,Information Technology,State Level,EWS,745,99.664442
03012,"Veermata Jijabai Technological Institute(VJTI), Matunga, Mumbai",,301229310,Electrical Engineering,State Level,GOPENS,2213,99.1110278
03012,"Veermata Jijabai Technological Institute(VJTI), Matunga, Mumbai",,301229310,Electrical Engineering,State Level,GSCS,11147,95.6557469
03012,"Veermata Jijabai Technological Institute(VJTI), Matunga, Mumbai",,301229310,Electrical Engineering,State Level,GOBCS,2725,98.9364867
03012,"Veermata Jijabai Technological Institute(VJTI), Matunga, Mumbai",,301229310,Electrical Engineering,State Level,LOPENS,2452,99.0322581
03012,"Veermata Jijabai Technological Institute(VJTI), Matunga, Mumbai",,301229310,Electrical Engineering,State Level,TFWS,3449,98.6494575
03012,"Veermata Jijabai Technological Institute(VJTI), Matunga, Mumbai",,301229310,Electrical Engineering,State Level,ORPHAN,4661,98.192048
03012,"Veermata Jijabai Technological Institute(VJTI), Matunga, Mumbai",,301229310,Electrical Engineering,State Level,VIIS,2245,99.1035075
03012,"Veermata Jijabai Technological Institute(VJTI), Matunga, Mumbai",,301237210,Electronics and Telecommunication Engg,State Level,"Legends:Start Character G-General, L-Ladies, End Character H-Home University, O-Other than Home University, S-State LevelS",914,99.5986497
03012,"Veermata Jijabai Technological Institute(VJTI), Matunga, Mumbai",,301237210,Electronics and Telecommunication Engg,State Level,Maharashtra State Seats - Cut Off Indicates State General Merit No. ; Figures in bracket Indicates MHT-CET PCM PercentileS,26296,89.3527871
03012,"Veermata Jijabai Technological Institute(VJTI), Matunga, Mumbai",,301237210,Electronics and Telecommunication Engg,State Level,DS,1222,99.4854778
03012,"Veermata Jijabai Technological Institute(VJTI), Matunga, Mumbai",,301237210,Electronics and Telecommunication Engg,State Level,State Common Entrance Test CellS,1275,99.4673668
03012,"Veermata Jijabai Technological Institute(VJTI), Matunga, Mumbai",,301237210,Electronics and Telecommunication Engg,State Level,Cut Off List for Maharashtra & Minority Seats of CAP Round - III for the Admission to the First Year Under Graduate Technical Courses in Engineering and Technology (4 Years) &S,1209,99.489066
03012,"Veermata Jijabai Technological Institute(VJTI), Matunga, Mumbai",,301237210,Electronics and Telecommunication Engg,State Level,Master of Engineering and Technology (Integrated 5 Years) Admissions A.Y. 2023-24S,1702,99.3010423
03012,"Veermata Jijabai Technological Institute(VJTI), Matunga, Mumbai",,301237210,Electronics and Telecommunication Engg,State Level,VIIS,947,99.5913717
03012,"Veermata Jijabai Technological Institute(VJTI), Matunga, Mumbai",,301237610,Electronics Engineering,State Level,GOPENS,1323,99.4397654
03012,"Veermata Jijabai Technological Institute(VJTI), Matunga, Mumbai",,301237610,Electronics Engineering,State Level,LOPENS,2126,99.1421154
03012,"Veermata Jijabai Technological Institute(VJTI), Matunga, Mumbai",,301237610,Electronics Engineering,State Level,EWS,2944,98.8527647
03012,"Veermata Jijabai Technological Institute(VJTI), Matunga, Mumbai",,301261210,Mechanical Engineering,State Level,GOPENS,2402,99.045524
03012,"Veermata Jijabai Technological Institute(VJTI), Matunga, Mumbai",,301261210,Mechanical Engineering,State Level,GSCS,11670,95.4015941
03012,"Veermata Jijabai Technological Institute(VJTI), Matunga, Mumbai",,301261210,Mechanical Engineering,State Level,GSTS,73171,66.6716379
03012,"Veermata Jijabai Technological Institute(VJTI), Matunga, Mumbai",,301261210,Mechanical Engineering,State Level,LOPENS,4936,98.078661
03012,"Veermata Jijabai Technological Institute(VJTI), Matunga, Mumbai",,301261210,Mechanical Engineering,State Level,TFWS,4304,98.3256199
03012,"Veermata Jijabai Technological Institute(VJTI), Matunga, Mumbai",,301261210,Mechanical Engineering,State Level,EWS,4910,98.0865899
03012,"Veermata Jijabai Technological Institute(VJTI), Matunga, Mumbai",,301262610,Production Engineering[Sandwich],State Level,GOPENS,6050,97.6631658
03012,"Veermata Jijabai Technological Institute(VJTI), Matunga, Mumbai",,301262610,Production Engineering[Sandwich],State Level,GSCS,20523,91.7186508
03012,"Veermata Jijabai Technological Institute(VJTI), Matunga, Mumbai",,301262610,Production Engineering[Sandwich],State Level,GSTS,127606,22.8844711
03012,"Veermata Jijabai Technological Institute(VJTI), Matunga, Mumbai",,301262610,Production Engineering[Sandwich],State Level,LSTS,28312,88.2852988
03012,"Veermata Jijabai Technological Institute(VJTI), Matunga, Mumbai",,301262610,Production Engineering[Sandwich],State Level,VIIS,6808,97.3774785
03012,"Veermata Jijabai Technological Institute(VJTI), Matunga, Mumbai",,301289610,Textile Technology,State Level,"Legends:Start Character G-General, L-Ladies, End Character H-Home University, O-Other than Home University, S-State LevelS",11454,95.5068431
03012,"Veermata Jijabai Technological Institute(VJTI), Matunga, Mumbai",,301289610,Textile Technology,State Level,Maharashtra State Seats - Cut Off Indicates State General Merit No. ; Figures in bracket Indicates MHT-CET PCM PercentileS,34579,85.6187666
03012,"Veermata Jijabai Technological Institute(VJTI), Matunga, Mumbai",,301289610,Textile Technology,State Level,DS,22561,90.8627157
03012,"Veermata Jijabai Technological Institute(VJTI), Matunga, Mumbai",,301289610,Textile Technology,State Level,State Common Entrance Test CellS,26087,89.3951296
03012,"Veermata Jijabai Technological Institute(VJTI), Matunga, Mumbai",,301289610,Textile Technology,State Level,Cut Off List for Maharashtra & Minority Seats of CAP Round - III for the Admission to the First Year Under Graduate Technical Courses in Engineering and Technology (4 Years) &S,28431,88.2803409
03012,"Veermata Jijabai Technological Institute(VJTI), Matunga, Mumbai",,301289610,Textile Technology,State Level,Master of Engineering and Technology (Integrated 5 Years) Admissions A.Y. 2023-24S,104366,45.6445719
03012,"Veermata Jijabai Technological Institute(VJTI), Matunga, Mumbai",,301289610,Textile Technology,State Level,GOPENS,14743,94.1664477
03012,"Veermata Jijabai Technological Institute(VJTI), Matunga, Mumbai",,301289610,Textile Technology,State Level,I-NonS,8886,96.5461326
03014,"Sardar Patel College of Engineering, Andheri",,301419110,Civil Engineering,State Level,"Legends:Start Character G-General, L-Ladies, End Character H-Home University, O-Other than Home University, S-State LevelS",11412,95.5655931
03014,"Sardar Patel College of Engineering, Andheri",,301419110,Civil Engineering,State Level,Maharashtra State Seats - Cut Off Indicates State General Merit No. ; Figures in bracket Indicates MHT-CET PCM PercentileS,23985,90.1978271
03014,"Sardar Patel College of Engineering, Andheri",,301419110,Civil Engineering,State Level,DS,17576,93.0014674
03014,"Sardar Patel College of Engineering, Andheri",,301419110,Civil Engineering,State Level,State Common Entrance Test CellS,39526,83.4053417
03014,"Sardar Patel College of Engineering, Andheri",,301419110,Civil Engineering,State Level,Cut Off List for Maharashtra & Minority Seats of CAP Round - III for the Admission to the First Year Under Graduate Technical Courses in Engineering and Technology (4 Years) &S,38635,84.0516274
03014,"Sardar Patel College of Engineering, Andheri",,301419110,Civil Engineering,State Level,Master of Engineering and Technology (Integrated 5 Years) Admissions A.Y. 2023-24S,26266,89.3527871
03014,"Sardar Patel College of Engineering, Andheri",,301419110,Civil Engineering,State Level,GOPENS,14051,94.3991892
03014,"Sardar Patel College of Engineering, Andheri",,301419110,Civil Engineering,State Level,GNT2S,12959,94.8764292
03014,"Sardar Patel College of Engineering, Andheri",,301419110,Civil Engineering,State Level,LOPENS,66362,70.5106049
03014,"Sardar Patel College of Engineering, Andheri",,301429310,Electrical Engineering,State Level,GOPENS,4916,98.078661
03014,"Sardar Patel College of Engineering, Andheri",,301429310,Electrical Engineering,State Level,GSCS,16505,93.4367098
03014,"Sardar Patel College of Engineering, Andheri",,301429310,Electrical Engineering,State Level,GOBCS,11053,95.6795422
03014,"Sardar Patel College of Engineering, Andheri",,301429310,Electrical Engineering,State Level,LOPENS,7940,96.9303086
03014,"Sardar Patel College of Engineering, Andheri",,301429310,Electrical Engineering,State Level,LSCS,20545,91.7186508
03014,"Sardar Patel College of Engineering, Andheri",,301429310,Electrical Engineering,State Level,LSTS,7741,97.0070699
03014,"Sardar Patel College of Engineering, Andheri",,301429310,Electrical Engineering,State Level,TFWS,87021,58.1195238
03014,"Sardar Patel College of Engineering, Andheri",,301429310,Electrical Engineering,State Level,VIIS,5273,97.9642817
03014,"Sardar Patel College of Engineering, Andheri",,301461210,Mechanical Engineering,State Level,GOPENS,2690,98.942886
03014,"Sardar Patel College of Engineering, Andheri",,301461210,Mechanical Engineering,State Level,GSCS,15362,93.9373698
03014,"Sardar Patel College of Engineering, Andheri",,301461210,Mechanical Engineering,State Level,GVJS,32582,86.6370673
03014,"Sardar Patel College of Engineering, Andheri",,301461210,Mechanical Engineering,State Level,GNT2S,8308,96.7938646
03014,"Sardar Patel College of Engineering, Andheri",,301461210,Mechanical Engineering,State Level,GOBCS,5213,97.9996992
03014,"Sardar Patel College of Engineering, Andheri",,301461210,Mechanical Engineering,State Level,LOPENS,9865,96.1447502
03014,"Sardar Patel College of Engineering, Andheri",,301461210,Mechanical Engineering,State Level,LOBCS,28257,88.4658665
03014,"Sardar Patel College of Engineering, Andheri",,301461210,Mechanical Engineering,State Level,PWDOPENS,25812,89.4673668
03014,"Sardar Patel College of Engineering, Andheri",,301461210,Mechanical Engineering,State Level,DEFOPENS,7695,97.0296285
03014,"Sardar Patel College of Engineering, Andheri",,301461210,Mechanical Engineering,State Level,TFWS,10496,95.9022823
03014,"Sardar Patel College of Engineering, Andheri",,301461210,Mechanical Engineering,State Level,I-NonS,4419,98.2807162
03033,"Dr. Babasaheb Ambedkar Technological University, Lonere",,303319110,Civil Engineering,State Level,"Legends:Start Character G-General, L-Ladies, End Character H-Home University, O-Other than Home University, S-State LevelS",85705,58.7429854
03033,"Dr. Babasaheb Ambedkar Technological University, Lonere",,303319110,Civil Engineering,State Level,Maharashtra State Seats - Cut Off Indicates State General Merit No. ; Figures in bracket Indicates MHT-CET PCM PercentileS,114215,36.5842646
03033,"Dr. Babasaheb Ambedkar Technological University, Lonere",,303319110,Civil Engineering,State Level,303319113K - Civil EngineeringS,138267,8.8688138
03033,"Dr. Babasaheb Ambedkar Technological University, Lonere",,303324510,Computer Engineering,State Level,GOPENS,35856,85.1782223
03033,"Dr. Babasaheb Ambedkar Technological University, Lonere",,303324510,Computer Engineering,State Level,GVJS,48153,79.5863208
03033,"Dr. Babasaheb Ambedkar Technological University, Lonere",,303324510,Computer Engineering,State Level,GNT2S,42654,82.2034564
03033,"Dr. Babasaheb Ambedkar Technological University, Lonere",,303324510,Computer Engineering,State Level,GOBCS,42580,82.2034564
03033,"Dr. Babasaheb Ambedkar Technological University, Lonere",,303324510,Computer Engineering,State Level,LOPENS,40153,83.348395
03033,"Dr. Babasaheb Ambedkar Technological University, Lonere",,303324510,Computer Engineering,State Level,LSCS,48150,79.5863208
03033,"Dr. Babasaheb Ambedkar Technological University, Lonere",,303324510,Computer Engineering,State Level,LNT3S,93862,53.1660451
03033,"Dr. Babasaheb Ambedkar Technological University, Lonere",,303324510,Computer Engineering,State Level,LOBCS,55580,76.0463981
03033,"Dr. Babasaheb Ambedkar Technological University, Lonere",,303324510,Computer Engineering,State Level,DEFOPENS,53560,76.8406961
03033,"Dr. Babasaheb Ambedkar Technological University, Lonere",,303324510,Computer Engineering,State Level,DEFROBCS,84976,59.6839864
03033,"Dr. Babasaheb Ambedkar Technological University, Lonere",,303324510,Computer Engineering,State Level,EWS,34519,85.8062103
03033,"Dr. Babasaheb Ambedkar Technological University, Lonere",,303324610,Information Technology,State Level,GOPENS,46316,80.4126032
03033,"Dr. Babasaheb Ambedkar Technological University, Lonere",,303324610,Information Technology,State Level,GSCS,49835,78.5775598
03033,"Dr. Babasaheb Ambedkar Technological University, Lonere",,303324610,Information Technology,State Level,GSTS,47003,80.0408747
03033,"Dr. Babasaheb Ambedkar Technological University, Lonere",,303324610,Information Technology,State Level,GNT2S,51518,78.067557
03033,"Dr. Babasaheb Ambedkar Technological University, Lonere",,303324610,Information Technology,State Level,GOBCS,41989,82.3107244
03033,"Dr. Babasaheb Ambedkar Technological University, Lonere",,303324610,Information Technology,State Level,VIIS,47970,79.7413145
03033,"Dr. Babasaheb Ambedkar Technological University, Lonere",,303329310,Electrical Engineering,State Level,"Legends:Start Character G-General, L-Ladies, End Character H-Home University, O-Other than Home University, S-State LevelS",96800,51.0567213
03033,"Dr. Babasaheb Ambedkar Technological University, Lonere",,303329310,Electrical Engineering,State Level,Maharashtra State Seats - Cut Off Indicates State General Merit No. ; Figures in bracket Indicates MHT-CET PCM PercentileS,124944,25.5459544
03033,"Dr. Babasaheb Ambedkar Technological University, Lonere",,303329310,Electrical Engineering,State Level,DS,116676,34.1818319
03033,"Dr. Babasaheb Ambedkar Technological University, Lonere",,303329310,Electrical Engineering,State Level,State Common Entrance Test CellS,140965,4.1972993
03033,"Dr. Babasaheb Ambedkar Technological University, Lonere",,303329310,Electrical Engineering,State Level,Cut Off List for Maharashtra & Minority Seats of CAP Round - III for the Admission to the First Year Under Graduate Technical Courses in Engineering and Technology (4 Years) &S,123352,27.3241113
03033,"Dr. Babasaheb Ambedkar Technological University, Lonere",,303329310,Electrical Engineering,State Level,Master of Engineering and Technology (Integrated 5 Years) Admissions A.Y. 2023-24S,138819,7.7366255
03033,"Dr. Babasaheb Ambedkar Technological University, Lonere",,303329310,Electrical Engineering,State Level,GOPENS,135807,12.4194815
03033,"Dr. Babasaheb Ambedkar Technological University, Lonere",,303329310,Electrical Engineering,State Level,GSCS,78431,63.6508999
03033,"Dr. Babasaheb Ambedkar Technological University, Lonere",,303329310,Electrical Engineering,State Level,GSTS,82569,60.9799222
03033,"Dr. Babasaheb Ambedkar Technological University, Lonere",,303329310,Electrical Engineering,State Level,I-NonS,103099,46.1690466
03033,"Dr. Babasaheb Ambedkar Technological University, Lonere",,303329310,Electrical Engineering,State Level,I-NonS,89942,55.8997381
03033,"Dr. Babasaheb Ambedkar Technological University, Lonere",,303329310,Electrical Engineering,State Level,VIIS,128365,21.7123399
03033,"Dr. Babasaheb Ambedkar Technological University, Lonere",,303337210,Electronics and Telecommunication Engg,State Level,GOPENS,67654,69.6572694
03033,"Dr. Babasaheb Ambedkar Technological University, Lonere",,303337210,Electronics and Telecommunication Engg,State Level,GSCS,79933,62.4868401
03033,"Dr. Babasaheb Ambedkar Technological University, Lonere",,303337210,Electronics and Telecommunication Engg,State Level,GSTS,91337,55.2709127
03033,"Dr. Babasaheb Ambedkar Technological University, Lonere",,303337210,Electronics and Telecommunication Engg,State Level,GNT2S,78745,63.3857031
03033,"Dr. Babasaheb Ambedkar Technological University, Lonere",,303337210,Electronics and Telecommunication Engg,State Level,GOBCS,78451,63.6508999
03033,"Dr. Babasaheb Ambedkar Technological University, Lonere",,303337210,Electronics and Telecommunication Engg,State Level,LOPENS,140512,5.0275175
03033,"Dr. Babasaheb Ambedkar Technological University, Lonere",,303337210,Electronics and Telecommunication Engg,State Level,LNT1S,50671,78.3430016
03033,"Dr. Babasaheb Ambedkar Technological University, Lonere",,303337210,Electronics and Telecommunication Engg,State Level,I-NonS,58456,74.8671904
03033,"Dr. Babasaheb Ambedkar Technological University, Lonere",,303337210,Electronics and Telecommunication Engg,State Level,VIIS,79271,62.7898492
03033,"Dr. Babasaheb Ambedkar Technological University, Lonere",,303337210,Electronics and Telecommunication Engg,State Level,303337213K - Electronics and Telecommunication EnggS,60354,73.4109953
03033,"Dr. Babasaheb Ambedkar Technological University, Lonere",,303337810,Electronics Engineering ( VLSI Design and Technology),State Level,GOPENS,97893,50.2663166
03033,"Dr. Babasaheb Ambedkar Technological University, Lonere",,303337810,Electronics Engineering ( VLSI Design and Technology),State Level,GSTS,143044,0.4540295
03033,"Dr. Babasaheb Ambedkar Technological University, Lonere",,303337810,Electronics Engineering ( VLSI Design and Technology),State Level,GNT1S,95250,52.5521047
03033,"Dr. Babasaheb Ambedkar Technological University, Lonere",,303337810,Electronics Engineering ( VLSI Design and Technology),State Level,GNT2S,100752,48.0589023
03033,"Dr. Babasaheb Ambedkar Technological University, Lonere",,303337810,Electronics Engineering ( VLSI Design and Technology),State Level,VIIS,108504,42.4233825
03033,"Dr. Babasaheb Ambedkar Technological University, Lonere",,303337810,Electronics Engineering ( VLSI Design and Technology),State Level,303337813K - Electronics Engineering ( VLSI Design and Technology)S,92169,54.6296296
03033,"Dr. Babasaheb Ambedkar Technological University, Lonere",,303350710,Chemical Engineering,State Level,"Legends:Start Character G-General, L-Ladies, End Character H-Home University, O-Other than Home University, S-State LevelS",118661,32.3660798
03033,"Dr. Babasaheb Ambedkar Technological University, Lonere",,303350710,Chemical Engineering,State Level,Maharashtra State Seats - Cut Off Indicates State General Merit No. ; Figures in bracket Indicates MHT-CET PCM PercentileS,136473,11.2906846
03033,"Dr. Babasaheb Ambedkar Technological University, Lonere",,303350710,Chemical Engineering,State Level,DS,58546,74.4658288
03033,"Dr. Babasaheb Ambedkar Technological University, Lonere",,303350710,Chemical Engineering,State Level,State Common Entrance Test CellS,94569,52.7422372
03033,"Dr. Babasaheb Ambedkar Technological University, Lonere",,303350710,Chemical Engineering,State Level,I-NonS,122166,28.923802
03033,"Dr. Babasaheb Ambedkar Technological University, Lonere",,303350710,Chemical Engineering,State Level,I-NonS,117663,33.2472877
03033,"Dr. Babasaheb Ambedkar Technological University, Lonere",,303350710,Chemical Engineering,State Level,VIIS,126589,23.8907594
03033,"Dr. Babasaheb Ambedkar Technological University, Lonere",,303352710,Petro Chemical Engineering,State Level,GOPENS,113552,37.1297299
03033,"Dr. Babasaheb Ambedkar Technological University, Lonere",,303352710,Petro Chemical Engineering,State Level,LOPENS,130277,19.6543598
03033,"Dr. Babasaheb Ambedkar Technological University, Lonere",,303361210,Mechanical Engineering,State Level,GOPENS,127475,22.8844711
03033,"Dr. Babasaheb Ambedkar Technological University, Lonere",,303361210,Mechanical Engineering,State Level,GSCS,134193,14.5915161
03033,"Dr. Babasaheb Ambedkar Technological University, Lonere",,303361210,Mechanical Engineering,State Level,GNT3S,128627,21.5370732
03033,"Dr. Babasaheb Ambedkar Technological University, Lonere",,303361210,Mechanical Engineering,State Level,LOPENS,96142,51.4762755
03033,"Dr. Babasaheb Ambedkar Technological University, Lonere",,303361210,Mechanical Engineering,State Level,VIIS,141207,3.9788785
03033,"Dr. Babasaheb Ambedkar Technological University, Lonere",,303361210,Mechanical Engineering,State Level,303361213K - Mechanical EngineeringS,100040,49.0455617
03033,"Dr. Babasaheb Ambedkar Technological University, Lonere",,,Electronics and Telecommunication Engg,State Level,"Legends:Start Character G-General, L-Ladies, End Character H-Home University, O-Other than Home University, S-State LevelS",103992,45.9472716
03033,"Dr. Babasaheb Ambedkar Technological University, Lonere",,,Electronics and Telecommunication Engg,State Level,Maharashtra State Seats - Cut Off Indicates State General Merit No. ; Figures in bracket Indicates MHT-CET PCM PercentileS,129293,20.9244385
03033,"Dr. Babasaheb Ambedkar Technological University, Lonere",,,Electronics and Telecommunication Engg,State Level,DS,117085,33.8201786
03033,"Dr. Babasaheb Ambedkar Technological University, Lonere",,,Electronics and Telecommunication Engg,State Level,State Common Entrance Test CellS,65568,71.0587355
03033,"Dr. Babasaheb Ambedkar Technological University, Lonere",,,Electronics and Telecommunication Engg,State Level,Cut Off List for Maharashtra & Minority Seats of CAP Round - III for the Admission to the First Year Under Graduate Technical Courses in Engineering and Technology (4 Years) &S,83450,60.750409
03033,"Dr. Babasaheb Ambedkar Technological University, Lonere",,,Electronics and Telecommunication Engg,State Level,Master of Engineering and Technology (Integrated 5 Years) Admissions A.Y. 2023-24S,82956,60.8798115
03033,"Dr. Babasaheb Ambedkar Technological University, Lonere",,,Electronics and Telecommunication Engg,State Level,I-NonS,104786,44.6898706
03033,"Dr. Babasaheb Ambedkar Technological University, Lonere",,,Electronics and Telecommunication Engg,State Level,VIIS,101122,47.6387427
03033,"Dr. Babasaheb Ambedkar Technological University, Lonere",,,Electronics and Telecommunication Engg,State Level,303337293LK - Electronics and Telecommunication EnggS,92770,54.0043616
03035,"Usha Mittal Institute of Technology SNDT  Women's University, Mumbai",,,Mechanical Engineering,State Level,"Legends:Start Character G-General, L-Ladies, End Character H-Home University, O-Other than Home University, S-State LevelS",24131,90.1850615
03035,"Usha Mittal Institute of Technology SNDT  Women's University, Mumbai",,,Mechanical Engineering,State Level,Maharashtra State Seats - Cut Off Indicates State General Merit No. ; Figures in bracket Indicates MHT-CET PCM PercentileS,35526,85.3410413
03035,"Usha Mittal Institute of Technology SNDT  Women's University, Mumbai",,,Mechanical Engineering,State Level,I-NonS,26179,89.3951296
03035,"Usha Mittal Institute of Technology SNDT  Women's University, Mumbai",,,Mechanical Engineering,State Level,VIIS,26838,88.9909977
03035,"Usha Mittal Institute of Technology SNDT  Women's University, Mumbai",,,Mechanical Engineering,State Level,303524650F - Information TechnologyS,33919,86.039254
03035,"Usha Mittal Institute of Technology SNDT  Women's University, Mumbai",,,Mechanical Engineering,State Level,LOPENS,44864,81.0174211
03035,"Usha Mittal Institute of Technology SNDT  Women's University, Mumbai",,,Mechanical Engineering,State Level,LSCS,49092,79.3939394
03035,"Usha Mittal Institute of Technology SNDT  Women's University, Mumbai",,,Mechanical Engineering,State Level,LSTS,78275,63.6910141
03035,"Usha Mittal Institute of Technology SNDT  Women's University, Mumbai",,,Mechanical Engineering,State Level,LVJS,57061,75.1687111
03035,"Usha Mittal Institute of Technology SNDT  Women's University, Mumbai",,,Mechanical Engineering,State Level,LNT2S,41965,82.3107244
03035,"Usha Mittal Institute of Technology SNDT  Women's University, Mumbai",,,Mechanical Engineering,State Level,I-NonS,35012,85.4445126
03035,"Usha Mittal Institute of Technology SNDT  Women's University, Mumbai",,,Mechanical Engineering,State Level,VIIS,35990,85.1782223
03035,"Usha Mittal Institute of Technology SNDT  Women's University, Mumbai",,,Mechanical Engineering,State Level,303525450F - Computer Science and TechnologyS,37869,84.2884307
03035,"Usha Mittal Institute of Technology SNDT  Women's University, Mumbai",,,Mechanical Engineering,State Level,LOPENS,99832,49.0455617
03035,"Usha Mittal Institute of Technology SNDT  Women's University, Mumbai",,,Mechanical Engineering,State Level,LSTS,113851,36.6068088
03035,"Usha Mittal Institute of Technology SNDT  Women's University, Mumbai",,,Mechanical Engineering,State Level,LNT2S,42038,82.3107244
03035,"Usha Mittal Institute of Technology SNDT  Women's University, Mumbai",,,Mechanical Engineering,State Level,LNT3S,140933,4.1972993
03035,"Usha Mittal Institute of Technology SNDT  Women's University, Mumbai",,,Mechanical Engineering,State Level,I-NonS,38007,84.216054
03035,"Usha Mittal Institute of Technology SNDT  Women's University, Mumbai",,,Mechanical Engineering,State Level,VIIS,38032,84.216054
03035,"Usha Mittal Institute of Technology SNDT  Women's University, Mumbai",,,Mechanical Engineering,State Level,"Legends:Start Character G-General, L-Ladies, End Character H-Home University, O-Other than Home University, S-State LevelS",53597,76.8406961
03035,"Usha Mittal Institute of Technology SNDT  Women's University, Mumbai",,,Mechanical Engineering,State Level,Maharashtra State Seats - Cut Off Indicates State General Merit No. ; Figures in bracket Indicates MHT-CET PCM PercentileS,102481,46.4534231
03035,"Usha Mittal Institute of Technology SNDT  Women's University, Mumbai",,,Mechanical Engineering,State Level,DS,57151,75.1687111
03035,"Usha Mittal Institute of Technology SNDT  Women's University, Mumbai",,,Mechanical Engineering,State Level,State Common Entrance Test CellS,78847,63.3857031
03035,"Usha Mittal Institute of Technology SNDT  Women's University, Mumbai",,,Mechanical Engineering,State Level,I-NonS,59440,74.0797795
03035,"Usha Mittal Institute of Technology SNDT  Women's University, Mumbai",,,Mechanical Engineering,State Level,I-NonS,77261,64.2666767
03035,"Usha Mittal Institute of Technology SNDT  Women's University, Mumbai",,,Mechanical Engineering,State Level,VIIS,66049,70.6180504
03035,"Usha Mittal Institute of Technology SNDT  Women's University, Mumbai",,,Mechanical Engineering,State Level,303591750F - Data ScienceS,48713,79.4628516
03035,"Usha Mittal Institute of Technology SNDT  Women's University, Mumbai",,,Mechanical Engineering,State Level,LOPENS,72542,66.9527897
03035,"Usha Mittal Institute of Technology SNDT  Women's University, Mumbai",,,Mechanical Engineering,State Level,LSCS,71934,67.1534217
03035,"Usha Mittal Institute of Technology SNDT  Women's University, Mumbai",,,Mechanical Engineering,State Level,LSTS,58902,74.1935484
03035,"Usha Mittal Institute of Technology SNDT  Women's University, Mumbai",,,Mechanical Engineering,State Level,VIIS,50833,78.3430016
03035,"Usha Mittal Institute of Technology SNDT  Women's University, Mumbai",,,Mechanical Engineering,State Level,303599750F - Artificial IntelligenceS,40494,83.2373857
03035,"Usha Mittal Institute of Technology SNDT  Women's University, Mumbai",,,Mechanical Engineering,State Level,LOPENS,63779,71.6671025
03035,"Usha Mittal Institute of Technology SNDT  Women's University, Mumbai",,,Mechanical Engineering,State Level,VIIS,42235,82.251586
03036,"Institute of Chemical Technology, Matunga, Mumbai",,303650710,Chemical Engineering,State Level,"Legends:Start Character G-General, L-Ladies, End Character H-Home University, O-Other than Home University, S-State LevelS",1653,99.3210803
03036,"Institute of Chemical Technology, Matunga, Mumbai",,303650710,Chemical Engineering,State Level,Maharashtra State Seats - Cut Off Indicates State General Merit No. ; Figures in bracket Indicates MHT-CET PCM PercentileS,966,99.5833177
03036,"Institute of Chemical Technology, Matunga, Mumbai",,303651110,Dyestuff Technology,State Level,GOPENS,9612,96.2758209
03036,"Institute of Chemical Technology, Matunga, Mumbai",,303651110,Dyestuff Technology,State Level,LNT2S,29206,88.0751247
03036,"Institute of Chemical Technology, Matunga, Mumbai",,303651210,"Oil,Oleochemicals and Surfactants Technology",State Level,GNT3S,12012,95.2774853
03036,"Institute of Chemical Technology, Matunga, Mumbai",,303651210,"Oil,Oleochemicals and Surfactants Technology",State Level,I-NonS,6704,97.3893473
03036,"Institute of Chemical Technology, Matunga, Mumbai",,303651210,"Oil,Oleochemicals and Surfactants Technology",State Level,VIIS,7425,97.1424274
03036,"Institute of Chemical Technology, Matunga, Mumbai",,303651410,Fibres and Textile Processing Technology,State Level,GOPENS,14731,94.1664477
03036,"Institute of Chemical Technology, Matunga, Mumbai",,303651410,Fibres and Textile Processing Technology,State Level,GOBCS,22812,90.6949618
03036,"Institute of Chemical Technology, Matunga, Mumbai",,303651410,Fibres and Textile Processing Technology,State Level,LSCS,56989,75.1687111
03036,"Institute of Chemical Technology, Matunga, Mumbai",,303651410,Fibres and Textile Processing Technology,State Level,LNT1S,19162,92.2858954
03036,"Institute of Chemical Technology, Matunga, Mumbai",,303651410,Fibres and Textile Processing Technology,State Level,TFWS,52427,77.4241933
03036,"Institute of Chemical Technology, Matunga, Mumbai",,303651910,Polymer Engineering and Technology,State Level,"Legends:Start Character G-General, L-Ladies, End Character H-Home University, O-Other than Home University, S-State LevelS",10275,96.024006
03036,"Institute of Chemical Technology, Matunga, Mumbai",,303653410,Food Engineering and Technology,State Level,GSCS,21490,91.2940735
03036,"Institute of Chemical Technology, Matunga, Mumbai",,303653410,Food Engineering and Technology,State Level,GOBCS,6065,97.6631658
03036,"Institute of Chemical Technology, Matunga, Mumbai",,303653410,Food Engineering and Technology,State Level,LSCS,31361,87.0718315
03036,"Institute of Chemical Technology, Matunga, Mumbai",,303653410,Food Engineering and Technology,State Level,LOBCS,11569,95.492343
03042,"Government College of Engineering, Ratnagiri",,304229310,Electrical Engineering,State Level,"Legends:Start Character G-General, L-Ladies, End Character H-Home University, O-Other than Home University, S-State LevelS",82534,60.9799222
03042,"Government College of Engineering, Ratnagiri",,304229310,Electrical Engineering,State Level,Maharashtra State Seats - Cut Off Indicates State General Merit No. ; Figures in bracket Indicates MHT-CET PCM PercentileS,99935,49.0455617
03042,"Government College of Engineering, Ratnagiri",,304229310,Electrical Engineering,State Level,I-NonS,91814,54.6979992
03042,"Government College of Engineering, Ratnagiri",,304229310,Electrical Engineering,State Level,VIIS,100189,48.9725355
03042,"Government College of Engineering, Ratnagiri",,304250410,Food Technology And Management,State Level,"Legends:Start Character G-General, L-Ladies, End Character H-Home University, O-Other than Home University, S-State LevelS",88944,56.7366842
03042,"Government College of Engineering, Ratnagiri",,304262410,Mechatronics Engineering,State Level,"Legends:Start Character G-General, L-Ladies, End Character H-Home University, O-Other than Home University, S-State LevelS",124339,26.2033481
03042,"Government College of Engineering, Ratnagiri",,304291810,Civil and infrastructure Engineering,State Level,"Legends:Start Character G-General, L-Ladies, End Character H-Home University, O-Other than Home University, S-State LevelS",134823,13.5034179
03042,"Government College of Engineering, Ratnagiri",,304299510,Artificial Intelligence and Data Science,State Level,"Legends:Start Character G-General, L-Ladies, End Character H-Home University, O-Other than Home University, S-State LevelS",133289,15.9127414
03042,"Government College of Engineering, Ratnagiri",,304299510,Artificial Intelligence and Data Science,State Level,Maharashtra State Seats - Cut Off Indicates State General Merit No. ; Figures in bracket Indicates MHT-CET PCM PercentileS,27355,88.8028432
03042,"Government College of Engineering, Ratnagiri",,304299510,Artificial Intelligence and Data Science,State Level,DS,48315,79.5863208
03042,"Government College of Engineering, Ratnagiri",,304299510,Artificial Intelligence and Data Science,State Level,VIIS,41427,82.4643661
03135,"Manjara Charitable Trust's Rajiv Gandhi Institute of Technology, Mumbai",,313524510,Computer Engineering,State Level,"Legends:Start Character G-General, L-Ladies, End Character H-Home University, O-Other than Home University, S-State LevelS",32402,86.6965956
03135,"Manjara Charitable Trust's Rajiv Gandhi Institute of Technology, Mumbai",,313524510,Computer Engineering,State Level,Maharashtra State Seats - Cut Off Indicates State General Merit No. ; Figures in bracket Indicates MHT-CET PCM PercentileS,6918,97.3598096
03135,"Manjara Charitable Trust's Rajiv Gandhi Institute of Technology, Mumbai",,313524510,Computer Engineering,State Level,DS,16672,93.3857089
03135,"Manjara Charitable Trust's Rajiv Gandhi Institute of Technology, Mumbai",,313524610,Information Technology,State Level,"Legends:Start Character G-General, L-Ladies, End Character H-Home University, O-Other than Home University, S-State LevelS",21924,91.1342735
03135,"Manjara Charitable Trust's Rajiv Gandhi Institute of Technology, Mumbai",,313537210,Electronics and Telecommunication Engg,State Level,"Legends:Start Character G-General, L-Ladies, End Character H-Home University, O-Other than Home University, S-State LevelS",25696,89.5231349
03135,"Manjara Charitable Trust's Rajiv Gandhi Institute of Technology, Mumbai",,313537210,Electronics and Telecommunication Engg,State Level,Maharashtra State Seats - Cut Off Indicates State General Merit No. ; Figures in bracket Indicates MHT-CET PCM PercentileS,72856,66.8171727
03135,"Manjara Charitable Trust's Rajiv Gandhi Institute of Technology, Mumbai",,313537210,Electronics and Telecommunication Engg,State Level,I-NonS,39195,83.5642755
03135,"Manjara Charitable Trust's Rajiv Gandhi Institute of Technology, Mumbai",,313561210,Mechanical Engineering,State Level,"Legends:Start Character G-General, L-Ladies, End Character H-Home University, O-Other than Home University, S-State LevelS",138162,9.0861638
03135,"Manjara Charitable Trust's Rajiv Gandhi Institute of Technology, Mumbai",,313561210,Mechanical Engineering,State Level,I-NonS,84950,59.6839864
03135,"Manjara Charitable Trust's Rajiv Gandhi Institute of Technology, Mumbai",,313561210,Mechanical Engineering,State Level,VIIS,97426,50.6107355
03135,"Manjara Charitable Trust's Rajiv Gandhi Institute of Technology, Mumbai",,313599510,Artificial Intelligence and Data Science,State Level,"Legends:Start Character G-General, L-Ladies, End Character H-Home University, O-Other than Home University, S-State LevelS",26135,89.3951296
03139,"Vidyalankar Institute of Technology,Wadala, Mumbai",,313924510,Computer Engineering,State Level,"Legends:Start Character G-General, L-Ladies, End Character H-Home University, O-Other than Home University, S-State LevelS",8220,96.8380088
03139,"Vidyalankar Institute of Technology,Wadala, Mumbai",,313924510,Computer Engineering,State Level,Maharashtra State Seats - Cut Off Indicates State General Merit No. ; Figures in bracket Indicates MHT-CET PCM PercentileS,16687,93.3857089
03139,"Vidyalankar Institute of Technology,Wadala, Mumbai",,313924510,Computer Engineering,State Level,DS,29279,88.0751247
03139,"Vidyalankar Institute of Technology,Wadala, Mumbai",,313924510,Computer Engineering,State Level,State Common Entrance Test CellS,9061,96.4856831
03139,"Vidyalankar Institute of Technology,Wadala, Mumbai",,313924510,Computer Engineering,State Level,Cut Off List for Maharashtra & Minority Seats of CAP Round - III for the Admission to the First Year Under Graduate Technical Courses in Engineering and Technology (4 Years) &S,9415,96.3390848
03139,"Vidyalankar Institute of Technology,Wadala, Mumbai",,313924510,Computer Engineering,State Level,Master of Engineering and Technology (Integrated 5 Years) Admissions A.Y. 2023-24S,4140,98.3895792
03139,"Vidyalankar Institute of Technology,Wadala, Mumbai",,313924510,Computer Engineering,State Level,GOPENS,7548,97.1120978
03139,"Vidyalankar Institute of Technology,Wadala, Mumbai",,313924510,Computer Engineering,State Level,VIIS,8302,96.7938646
03139,"Vidyalankar Institute of Technology,Wadala, Mumbai",,313924610,Information Technology,State Level,GOPENS,10403,95.9457938
03139,"Vidyalankar Institute of Technology,Wadala, Mumbai",,313924610,Information Technology,State Level,GSCS,20187,91.7707151
03139,"Vidyalankar Institute of Technology,Wadala, Mumbai",,313924610,Information Technology,State Level,GSTS,75193,65.3263316
03139,"Vidyalankar Institute of Technology,Wadala, Mumbai",,313924610,Information Technology,State Level,LOPENS,12845,94.9011991
03139,"Vidyalankar Institute of Technology,Wadala, Mumbai",,313924610,Information Technology,State Level,LSCS,27994,88.5960295
03139,"Vidyalankar Institute of Technology,Wadala, Mumbai",,313924610,Information Technology,State Level,LSTS,98666,49.6143282
03139,"Vidyalankar Institute of Technology,Wadala, Mumbai",,313924610,Information Technology,State Level,LOBCS,14271,94.3700831
03139,"Vidyalankar Institute of Technology,Wadala, Mumbai",,313924610,Information Technology,State Level,PWDOBCS,8257,96.8134847
03139,"Vidyalankar Institute of Technology,Wadala, Mumbai",,313924610,Information Technology,State Level,TFWS,10213,96.0379275
03139,"Vidyalankar Institute of Technology,Wadala, Mumbai",,313924610,Information Technology,State Level,I-NonS,10109,96.0596725
03139,"Vidyalankar Institute of Technology,Wadala, Mumbai",,313937210,Electronics and Telecommunication Engg,State Level,GOPENS,25932,89.4065093
03139,"Vidyalankar Institute of Technology,Wadala, Mumbai",,313937210,Electronics and Telecommunication Engg,State Level,GSCS,35444,85.3410413
03139,"Vidyalankar Institute of Technology,Wadala, Mumbai",,313937210,Electronics and Telecommunication Engg,State Level,GSTS,50055,78.4161664
03139,"Vidyalankar Institute of Technology,Wadala, Mumbai",,313937210,Electronics and Telecommunication Engg,State Level,GVJS,43522,81.8534982
03139,"Vidyalankar Institute of Technology,Wadala, Mumbai",,313937210,Electronics and Telecommunication Engg,State Level,GNT1S,28978,88.0989788
03139,"Vidyalankar Institute of Technology,Wadala, Mumbai",,313937210,Electronics and Telecommunication Engg,State Level,GNT3S,34992,85.4445126
03139,"Vidyalankar Institute of Technology,Wadala, Mumbai",,313937210,Electronics and Telecommunication Engg,State Level,GOBCS,17294,93.1024197
03139,"Vidyalankar Institute of Technology,Wadala, Mumbai",,313937210,Electronics and Telecommunication Engg,State Level,LOPENS,33310,86.2561357
03139,"Vidyalankar Institute of Technology,Wadala, Mumbai",,313937210,Electronics and Telecommunication Engg,State Level,LOBCS,22284,90.9958615
03139,"Vidyalankar Institute of Technology,Wadala, Mumbai",,313937210,Electronics and Telecommunication Engg,State Level,TFWS,35671,85.1907088
03139,"Vidyalankar Institute of Technology,Wadala, Mumbai",,313937210,Electronics and Telecommunication Engg,State Level,VIIS,26563,89.1792071
03139,"Vidyalankar Institute of Technology,Wadala, Mumbai",,313946110,Bio Medical Engineering,State Level,GOPENS,50253,78.4161664
03139,"Vidyalankar Institute of Technology,Wadala, Mumbai",,313946110,Bio Medical Engineering,State Level,GSCS,55812,75.8958975
03139,"Vidyalankar Institute of Technology,Wadala, Mumbai",,313946110,Bio Medical Engineering,State Level,GSTS,66693,70.2813361
03139,"Vidyalankar Institute of Technology,Wadala, Mumbai",,313946110,Bio Medical Engineering,State Level,GNT3S,24251,90.1789743
03139,"Vidyalankar Institute of Technology,Wadala, Mumbai",,313946110,Bio Medical Engineering,State Level,GOBCS,45803,80.7328826
03139,"Vidyalankar Institute of Technology,Wadala, Mumbai",,313946110,Bio Medical Engineering,State Level,LOPENS,91864,54.6979992
03139,"Vidyalankar Institute of Technology,Wadala, Mumbai",,313946110,Bio Medical Engineering,State Level,VIIS,67670,69.6572694
03139,"Vidyalankar Institute of Technology,Wadala, Mumbai",,313990010,Electronics and Computer Science,State Level,"Legends:Start Character G-General, L-Ladies, End Character H-Home University, O-Other than Home University, S-State LevelS",18016,92.7710843
03139,"Vidyalankar Institute of Technology,Wadala, Mumbai",,313990010,Electronics and Computer Science,State Level,Maharashtra State Seats - Cut Off Indicates State General Merit No. ; Figures in bracket Indicates MHT-CET PCM PercentileS,26202,89.3951296
03139,"Vidyalankar Institute of Technology,Wadala, Mumbai",,313990010,Electronics and Computer Science,State Level,DS,16725,93.3857089
03139,"Vidyalankar Institute of Technology,Wadala, Mumbai",,313990010,Electronics and Computer Science,State Level,State Common Entrance Test CellS,22664,90.8072168
03139,"Vidyalankar Institute of Technology,Wadala, Mumbai",,313990010,Electronics and Computer Science,State Level,Cut Off List for Maharashtra & Minority Seats of CAP Round - III for the Admission to the First Year Under Graduate Technical Courses in Engineering and Technology (4 Years) &S,18225,92.6748971
03139,"Vidyalankar Institute of Technology,Wadala, Mumbai",,313990010,Electronics and Computer Science,State Level,I-NonS,18713,92.4838322
03139,"Vidyalankar Institute of Technology,Wadala, Mumbai",,313990010,Electronics and Computer Science,State Level,VIIS,19095,92.3146438
03146,"Jawahar Education Society's Annasaheb Chudaman Patil College of Engineering,Kharghar, Navi Mumbai",,314624510,Computer Engineering,State Level,"Legends:Start Character G-General, L-Ladies, End Character H-Home University, O-Other than Home University, S-State LevelS",66675,70.2813361
03146,"Jawahar Education Society's Annasaheb Chudaman Patil College of Engineering,Kharghar, Navi Mumbai",,314624510,Computer Engineering,State Level,Maharashtra State Seats - Cut Off Indicates State General Merit No. ; Figures in bracket Indicates MHT-CET PCM PercentileS,35546,85.2500884
03146,"Jawahar Education Society's Annasaheb Chudaman Patil College of Engineering,Kharghar, Navi Mumbai",,314624610,Information Technology,State Level,"Legends:Start Character G-General, L-Ladies, End Character H-Home University, O-Other than Home University, S-State LevelS",94215,52.7523799
03146,"Jawahar Education Society's Annasaheb Chudaman Patil College of Engineering,Kharghar, Navi Mumbai",,314629310,Electrical Engineering,State Level,"Legends:Start Character G-General, L-Ladies, End Character H-Home University, O-Other than Home University, S-State LevelS",132300,17.0292573
03146,"Jawahar Education Society's Annasaheb Chudaman Patil College of Engineering,Kharghar, Navi Mumbai",,314629310,Electrical Engineering,State Level,I-NonS,126487,24.0591998
03146,"Jawahar Education Society's Annasaheb Chudaman Patil College of Engineering,Kharghar, Navi Mumbai",,314637210,Electronics and Telecommunication Engg,State Level,"Legends:Start Character G-General, L-Ladies, End Character H-Home University, O-Other than Home University, S-State LevelS",60952,73.2701208
03146,"Jawahar Education Society's Annasaheb Chudaman Patil College of Engineering,Kharghar, Navi Mumbai",,314637210,Electronics and Telecommunication Engg,State Level,Maharashtra State Seats - Cut Off Indicates State General Merit No. ; Figures in bracket Indicates MHT-CET PCM PercentileS,79801,62.4868401
03146,"Jawahar Education Society's Annasaheb Chudaman Patil College of Engineering,Kharghar, Navi Mumbai",,314661210,Mechanical Engineering,State Level,"Legends:Start Character G-General, L-Ladies, End Character H-Home University, O-Other than Home University, S-State LevelS",109302,41.0926455
03146,"Jawahar Education Society's Annasaheb Chudaman Patil College of Engineering,Kharghar, Navi Mumbai",,314692010,Computer Science and Engineering (Internet of Things and Cyber Security Including Block Chain,State Level,EWS,44632,81.1192722
03147,"Saraswati Education Society, Yadavrao Tasgaonkar  Institute of Engineering & Technology, Karjat",,314724510,Computer Engineering,State Level,"Legends:Start Character G-General, L-Ladies, End Character H-Home University, O-Other than Home University, S-State LevelS",96660,51.0567213
03147,"Saraswati Education Society, Yadavrao Tasgaonkar  Institute of Engineering & Technology, Karjat",,314724610,Information Technology,State Level,"Legends:Start Character G-General, L-Ladies, End Character H-Home University, O-Other than Home University, S-State LevelS",112164,38.9045575
03147,"Saraswati Education Society, Yadavrao Tasgaonkar  Institute of Engineering & Technology, Karjat",,314724610,Information Technology,State Level,Maharashtra State Seats - Cut Off Indicates State General Merit No. ; Figures in bracket Indicates MHT-CET PCM PercentileS,92908,53.8156961
03147,"Saraswati Education Society, Yadavrao Tasgaonkar  Institute of Engineering & Technology, Karjat",,314724610,Information Technology,State Level,DS,94690,52.5567137
03147,"Saraswati Education Society, Yadavrao Tasgaonkar  Institute of Engineering & Technology, Karjat",,314791710,Data Science,State Level,"Legends:Start Character G-General, L-Ladies, End Character H-Home University, O-Other than Home University, S-State LevelS",86619,58.1382561
03147,"Saraswati Education Society, Yadavrao Tasgaonkar  Institute of Engineering & Technology, Karjat",,314791710,Data Science,State Level,Maharashtra State Seats - Cut Off Indicates State General Merit No. ; Figures in bracket Indicates MHT-CET PCM PercentileS,141868,2.6969482
03147,"Saraswati Education Society, Yadavrao Tasgaonkar  Institute of Engineering & Technology, Karjat",,314791710,Data Science,State Level,I-NonS,87447,58.0840122
03147,"Saraswati Education Society, Yadavrao Tasgaonkar  Institute of Engineering & Technology, Karjat",,314792110,Artificial Intelligence and Machine Learning,State Level,"Legends:Start Character G-General, L-Ladies, End Character H-Home University, O-Other than Home University, S-State LevelS",73070,66.6716379
03148,"Mahavir Education Trust's Shah & Anchor Kutchhi Engineering College, Mumbai",,314824510,Computer Engineering,State Level,"Legends:Start Character G-General, L-Ladies, End Character H-Home University, O-Other than Home University, S-State LevelS",37093,84.4681938
03148,"Mahavir Education Trust's Shah & Anchor Kutchhi Engineering College, Mumbai",,314824610,Information Technology,State Level,"Legends:Start Character G-General, L-Ladies, End Character H-Home University, O-Other than Home University, S-State LevelS",64986,71.2687819
03148,"Mahavir Education Trust's Shah & Anchor Kutchhi Engineering College, Mumbai",,314824610,Information Technology,State Level,Maharashtra State Seats - Cut Off Indicates State General Merit No. ; Figures in bracket Indicates MHT-CET PCM PercentileS,14665,94.208479
03148,"Mahavir Education Trust's Shah & Anchor Kutchhi Engineering College, Mumbai",,314825210,Cyber Security,State Level,MI,93449,53.6496624
03148,"Mahavir Education Trust's Shah & Anchor Kutchhi Engineering College, Mumbai",,314825210,Cyber Security,State Level,TFWS,21233,91.3774931
03148,"Mahavir Education Trust's Shah & Anchor Kutchhi Engineering College, Mumbai",,314837210,Electronics and Telecommunication Engg,State Level,"Legends:Start Character G-General, L-Ladies, End Character H-Home University, O-Other than Home University, S-State LevelS",100759,48.0589023
03148,"Mahavir Education Trust's Shah & Anchor Kutchhi Engineering College, Mumbai",,314837210,Electronics and Telecommunication Engg,State Level,Minority Seats Allotted to Maharashtra State Candidature CandidatesS,51322,80.174585
03148,"Mahavir Education Trust's Shah & Anchor Kutchhi Engineering College, Mumbai",,314890010,Electronics and Computer Science,State Level,"Legends:Start Character G-General, L-Ladies, End Character H-Home University, O-Other than Home University, S-State LevelS",129972,19.9324831
03148,"Mahavir Education Trust's Shah & Anchor Kutchhi Engineering College, Mumbai",,314890010,Electronics and Computer Science,State Level,Minority Seats Allotted to Maharashtra State Candidature CandidatesS,35166,85.415737
03148,"Mahavir Education Trust's Shah & Anchor Kutchhi Engineering College, Mumbai",,314892810,Electronics and Communication(Advanced Communication Technology),State Level,"Legends:Start Character G-General, L-Ladies, End Character H-Home University, O-Other than Home University, S-State LevelS",66163,70.6180504
03148,"Mahavir Education Trust's Shah & Anchor Kutchhi Engineering College, Mumbai",,314892810,Electronics and Communication(Advanced Communication Technology),State Level,Minority Seats Allotted to Maharashtra State Candidature CandidatesS,49955,78.5775598
03148,"Mahavir Education Trust's Shah & Anchor Kutchhi Engineering College, Mumbai",,314899510,Artificial Intelligence and Data Science,State Level,"Legends:Start Character G-General, L-Ladies, End Character H-Home University, O-Other than Home University, S-State LevelS",66172,70.6180504
03154,"Saraswati Education Society's Saraswati College of Engineering,Kharghar Navi Mumbai",,315424510,Computer Engineering,State Level,"Legends:Start Character G-General, L-Ladies, End Character H-Home University, O-Other than Home University, S-State LevelS",96343,51.4762755
03154,"Saraswati Education Society's Saraswati College of Engineering,Kharghar Navi Mumbai",,315424510,Computer Engineering,State Level,Maharashtra State Seats - Cut Off Indicates State General Merit No. ; Figures in bracket Indicates MHT-CET PCM PercentileS,24115,90.1850615
03154,"Saraswati Education Society's Saraswati College of Engineering,Kharghar Navi Mumbai",,315424510,Computer Engineering,State Level,DS,38550,84.0516274
03154,"Saraswati Education Society's Saraswati College of Engineering,Kharghar Navi Mumbai",,315424610,Information Technology,State Level,"Legends:Start Character G-General, L-Ladies, End Character H-Home University, O-Other than Home University, S-State LevelS",18389,92.6604063
03154,"Saraswati Education Society's Saraswati College of Engineering,Kharghar Navi Mumbai",,315424610,Information Technology,State Level,Maharashtra State Seats - Cut Off Indicates State General Merit No. ; Figures in bracket Indicates MHT-CET PCM PercentileS,44349,81.2344165
03154,"Saraswati Education Society's Saraswati College of Engineering,Kharghar Navi Mumbai",,315461210,Mechanical Engineering,State Level,EWS,112384,38.9045575
03154,"Saraswati Education Society's Saraswati College of Engineering,Kharghar Navi Mumbai",,315491110,Computer Science and Engineering(Artificial Intelligence and Machine Learning),State Level,TFWS,21775,91.2278745
03154,"Saraswati Education Society's Saraswati College of Engineering,Kharghar Navi Mumbai",,315491110,Computer Science and Engineering(Artificial Intelligence and Machine Learning),State Level,EWS,47445,79.7907966
03154,"Saraswati Education Society's Saraswati College of Engineering,Kharghar Navi Mumbai",,315491210,Computer Science and Engineering(Data Science),State Level,"Legends:Start Character G-General, L-Ladies, End Character H-Home University, O-Other than Home University, S-State LevelS",57518,75.1476841
03175,"M.G.M.'s College of Engineering and Technology, Kamothe, Navi Mumbai",,317519110,Civil Engineering,State Level,"Legends:Start Character G-General, L-Ladies, End Character H-Home University, O-Other than Home University, S-State LevelS",129541,20.5666554
03175,"M.G.M.'s College of Engineering and Technology, Kamothe, Navi Mumbai",,317524510,Computer Engineering,State Level,"Legends:Start Character G-General, L-Ladies, End Character H-Home University, O-Other than Home University, S-State LevelS",26525,89.1792071
03175,"M.G.M.'s College of Engineering and Technology, Kamothe, Navi Mumbai",,317524510,Computer Engineering,State Level,Maharashtra State Seats - Cut Off Indicates State General Merit No. ; Figures in bracket Indicates MHT-CET PCM PercentileS,41556,82.4443082
03175,"M.G.M.'s College of Engineering and Technology, Kamothe, Navi Mumbai",,317524510,Computer Engineering,State Level,VIIS,31933,86.8476463
03175,"M.G.M.'s College of Engineering and Technology, Kamothe, Navi Mumbai",,317529310,Electrical Engineering,State Level,EWS,91625,55.2709127
03175,"M.G.M.'s College of Engineering and Technology, Kamothe, Navi Mumbai",,317537210,Electronics and Telecommunication Engg,State Level,"Legends:Start Character G-General, L-Ladies, End Character H-Home University, O-Other than Home University, S-State LevelS",61511,73.1851907
03175,"M.G.M.'s College of Engineering and Technology, Kamothe, Navi Mumbai",,317537210,Electronics and Telecommunication Engg,State Level,Maharashtra State Seats - Cut Off Indicates State General Merit No. ; Figures in bracket Indicates MHT-CET PCM PercentileS,81790,61.432847
03175,"M.G.M.'s College of Engineering and Technology, Kamothe, Navi Mumbai",,317546110,Bio Medical Engineering,State Level,DEFOPENS,70072,68.401414
03175,"M.G.M.'s College of Engineering and Technology, Kamothe, Navi Mumbai",,317546110,Bio Medical Engineering,State Level,I-NonS,61816,73.0265619
03175,"M.G.M.'s College of Engineering and Technology, Kamothe, Navi Mumbai",,317550710,Chemical Engineering,State Level,"Legends:Start Character G-General, L-Ladies, End Character H-Home University, O-Other than Home University, S-State LevelS",104771,44.6898706
03175,"M.G.M.'s College of Engineering and Technology, Kamothe, Navi Mumbai",,317550710,Chemical Engineering,State Level,I-NonS,79763,62.4868401
03176,"Thakur College of Engineering and Technology, Kandivali, Mumbai",,317619110,Civil Engineering,State Level,"Legends:Start Character G-General, L-Ladies, End Character H-Home University, O-Other than Home University, S-State LevelS",37759,84.3950599
03176,"Thakur College of Engineering and Technology, Kandivali, Mumbai",,317619110,Civil Engineering,State Level,Maharashtra State Seats - Cut Off Indicates State General Merit No. ; Figures in bracket Indicates MHT-CET PCM PercentileS,91773,54.6979992
03176,"Thakur College of Engineering and Technology, Kandivali, Mumbai",,317619110,Civil Engineering,State Level,DS,86136,58.5474069
03176,"Thakur College of Engineering and Technology, Kandivali, Mumbai",,317619110,Civil Engineering,State Level,MH,75987,65.0367935
03176,"Thakur College of Engineering and Technology, Kandivali, Mumbai",,317624510,Computer Engineering,State Level,GOPENS,6774,97.3792778
03176,"Thakur College of Engineering and Technology, Kandivali, Mumbai",,317624510,Computer Engineering,State Level,LOPENS,9632,96.2380224
03176,"Thakur College of Engineering and Technology, Kandivali, Mumbai",,317624510,Computer Engineering,State Level,MI,11460,95.5068431
03176,"Thakur College of Engineering and Technology, Kandivali, Mumbai",,317624610,Information Technology,State Level,GOPENS,9356,96.3409192
03176,"Thakur College of Engineering and Technology, Kandivali, Mumbai",,317624610,Information Technology,State Level,LOPENS,12866,94.8920622
03176,"Thakur College of Engineering and Technology, Kandivali, Mumbai",,317624610,Information Technology,State Level,MI,19122,92.3146438
03176,"Thakur College of Engineering and Technology, Kandivali, Mumbai",,317624610,Information Technology,State Level,TFWS,5687,97.8134761
03176,"Thakur College of Engineering and Technology, Kandivali, Mumbai",,317625310,Internet of Things (IoT),State Level,GOPENS,12875,94.8920622
03176,"Thakur College of Engineering and Technology, Kandivali, Mumbai",,317625310,Internet of Things (IoT),State Level,MI,28184,88.4658665
03176,"Thakur College of Engineering and Technology, Kandivali, Mumbai",,317625310,Internet of Things (IoT),State Level,TFWS,16954,93.2167123
03176,"Thakur College of Engineering and Technology, Kandivali, Mumbai",,317625910,Mechanical and Mechatronics Engineering (Additive Manufacturing),State Level,"Legends:Start Character G-General, L-Ladies, End Character H-Home University, O-Other than Home University, S-State LevelS",33136,86.3437564
03176,"Thakur College of Engineering and Technology, Kandivali, Mumbai",,317625910,Mechanical and Mechatronics Engineering (Additive Manufacturing),State Level,Maharashtra State Seats - Cut Off Indicates State General Merit No. ; Figures in bracket Indicates MHT-CET PCM PercentileS,84309,59.9156802
03176,"Thakur College of Engineering and Technology, Kandivali, Mumbai",,317625910,Mechanical and Mechatronics Engineering (Additive Manufacturing),State Level,DS,133468,15.6886806
03176,"Thakur College of Engineering and Technology, Kandivali, Mumbai",,317625910,Mechanical and Mechatronics Engineering (Additive Manufacturing),State Level,State Common Entrance Test CellS,40410,83.2892137
03176,"Thakur College of Engineering and Technology, Kandivali, Mumbai",,317625910,Mechanical and Mechatronics Engineering (Additive Manufacturing),State Level,MH,47695,79.7807688
03176,"Thakur College of Engineering and Technology, Kandivali, Mumbai",,317637210,Electronics and Telecommunication Engg,State Level,GOPENS,17662,92.9051391
03176,"Thakur College of Engineering and Technology, Kandivali, Mumbai",,317637210,Electronics and Telecommunication Engg,State Level,LOPENS,18114,92.733306
03176,"Thakur College of Engineering and Technology, Kandivali, Mumbai",,317637210,Electronics and Telecommunication Engg,State Level,MI,52083,77.9969992
03176,"Thakur College of Engineering and Technology, Kandivali, Mumbai",,317637210,Electronics and Telecommunication Engg,State Level,TFWS,12677,95.0617284
03176,"Thakur College of Engineering and Technology, Kandivali, Mumbai",,317661210,Mechanical Engineering,State Level,GOPENS,21548,91.2629338
03176,"Thakur College of Engineering and Technology, Kandivali, Mumbai",,317661210,Mechanical Engineering,State Level,LOPENS,31859,86.9095112
03176,"Thakur College of Engineering and Technology, Kandivali, Mumbai",,317661210,Mechanical Engineering,State Level,MI,134092,14.5915161
03176,"Thakur College of Engineering and Technology, Kandivali, Mumbai",,317661210,Mechanical Engineering,State Level,MH,31580,86.9739855
03176,"Thakur College of Engineering and Technology, Kandivali, Mumbai",,317690010,Electronics and Computer Science,State Level,GOPENS,12382,95.138138
03176,"Thakur College of Engineering and Technology, Kandivali, Mumbai",,317690010,Electronics and Computer Science,State Level,LOPENS,16391,93.495874
03176,"Thakur College of Engineering and Technology, Kandivali, Mumbai",,317691010,Computer Science and Engineering(Cyber Security),State Level,"Legends:Start Character G-General, L-Ladies, End Character H-Home University, O-Other than Home University, S-State LevelS",11229,95.6228329
03176,"Thakur College of Engineering and Technology, Kandivali, Mumbai",,317691010,Computer Science and Engineering(Cyber Security),State Level,Maharashtra State Seats - Cut Off Indicates State General Merit No. ; Figures in bracket Indicates MHT-CET PCM PercentileS,13194,94.8375696
03176,"Thakur College of Engineering and Technology, Kandivali, Mumbai",,317691010,Computer Science and Engineering(Cyber Security),State Level,DS,26446,89.2735528
03176,"Thakur College of Engineering and Technology, Kandivali, Mumbai",,317692110,Artificial Intelligence and Machine Learning,State Level,GOPENS,10435,95.9255039
03176,"Thakur College of Engineering and Technology, Kandivali, Mumbai",,317692110,Artificial Intelligence and Machine Learning,State Level,MI,15472,93.8565297
03176,"Thakur College of Engineering and Technology, Kandivali, Mumbai",,317699510,Artificial Intelligence and Data Science,State Level,GOPENS,10402,95.9457938
03176,"Thakur College of Engineering and Technology, Kandivali, Mumbai",,317699510,Artificial Intelligence and Data Science,State Level,LOPENS,10548,95.8828395
03176,"Thakur College of Engineering and Technology, Kandivali, Mumbai",,317699510,Artificial Intelligence and Data Science,State Level,MI,21241,91.3774931
03182,"Thadomal Shahani Engineering College, Bandra, Mumbai",,318224510,Computer Engineering,State Level,"Legends:Start Character G-General, L-Ladies, End Character H-Home University, O-Other than Home University, S-State LevelS",4485,98.2555751
03182,"Thadomal Shahani Engineering College, Bandra, Mumbai",,318224610,Information Technology,State Level,"Legends:Start Character G-General, L-Ladies, End Character H-Home University, O-Other than Home University, S-State LevelS",18584,92.4956109
03182,"Thadomal Shahani Engineering College, Bandra, Mumbai",,318237210,Electronics and Telecommunication Engg,State Level,"Legends:Start Character G-General, L-Ladies, End Character H-Home University, O-Other than Home University, S-State LevelS",8464,96.7141785
03182,"Thadomal Shahani Engineering College, Bandra, Mumbai",,318237210,Electronics and Telecommunication Engg,State Level,Minority Seats Allotted to Maharashtra State Candidature CandidatesS,10648,95.8552138
03182,"Thadomal Shahani Engineering College, Bandra, Mumbai",,318299510,Artificial Intelligence and Data Science,State Level,"Legends:Start Character G-General, L-Ladies, End Character H-Home University, O-Other than Home University, S-State LevelS",38637,84.0516274
03182,"Thadomal Shahani Engineering College, Bandra, Mumbai",,318299510,Artificial Intelligence and Data Science,State Level,Maharashtra State Seats - Cut Off Indicates State General Merit No. ; Figures in bracket Indicates MHT-CET PCM PercentileS,3656,98.5757429
03183,"Anjuman-I-Islam's M.H. Saboo Siddik College of Engineering, Byculla, Mumbai",,318319110,Civil Engineering,State Level,"Legends:Start Character G-General, L-Ladies, End Character H-Home University, O-Other than Home University, S-State LevelS",136827,11.0960605
03183,"Anjuman-I-Islam's M.H. Saboo Siddik College of Engineering, Byculla, Mumbai",,318324510,Computer Engineering,State Level,"Legends:Start Character G-General, L-Ladies, End Character H-Home University, O-Other than Home University, S-State LevelS",33566,86.1075077
03183,"Anjuman-I-Islam's M.H. Saboo Siddik College of Engineering, Byculla, Mumbai",,318324610,Information Technology,State Level,"Legends:Start Character G-General, L-Ladies, End Character H-Home University, O-Other than Home University, S-State LevelS",46262,80.4126032
03183,"Anjuman-I-Islam's M.H. Saboo Siddik College of Engineering, Byculla, Mumbai",,318337210,Electronics and Telecommunication Engg,State Level,"Legends:Start Character G-General, L-Ladies, End Character H-Home University, O-Other than Home University, S-State LevelS",82156,61.2935921
03183,"Anjuman-I-Islam's M.H. Saboo Siddik College of Engineering, Byculla, Mumbai",,318361210,Mechanical Engineering,State Level,"Legends:Start Character G-General, L-Ladies, End Character H-Home University, O-Other than Home University, S-State LevelS",130393,19.1048437
03183,"Anjuman-I-Islam's M.H. Saboo Siddik College of Engineering, Byculla, Mumbai",,318392010,Computer Science and Engineering (Internet of Things and Cyber Security Including Block Chain,State Level,"Legends:Start Character G-General, L-Ladies, End Character H-Home University, O-Other than Home University, S-State LevelS",60724,73.3779089
03184,"Fr. Conceicao Rodrigues College of Engineering, Bandra,Mumbai",,318424510,Computer Engineering,State Level,"Legends:Start Character G-General, L-Ladies, End Character H-Home University, O-Other than Home University, S-State LevelS",20093,91.889263
03184,"Fr. Conceicao Rodrigues College of Engineering, Bandra,Mumbai",,318424510,Computer Engineering,State Level,Maharashtra State Seats - Cut Off Indicates State General Merit No. ; Figures in bracket Indicates MHT-CET PCM PercentileS,5395,97.9324706
03184,"Fr. Conceicao Rodrigues College of Engineering, Bandra,Mumbai",,318461210,Mechanical Engineering,State Level,"Legends:Start Character G-General, L-Ladies, End Character H-Home University, O-Other than Home University, S-State LevelS",29950,87.6984872
03184,"Fr. Conceicao Rodrigues College of Engineering, Bandra,Mumbai",,318461210,Mechanical Engineering,State Level,Minority Seats Allotted to Maharashtra State Candidature CandidatesS,33891,86.039254
03184,"Fr. Conceicao Rodrigues College of Engineering, Bandra,Mumbai",,318490010,Electronics and Computer Science,State Level,"Legends:Start Character G-General, L-Ladies, End Character H-Home University, O-Other than Home University, S-State LevelS",73686,66.4309764
03184,"Fr. Conceicao Rodrigues College of Engineering, Bandra,Mumbai",,318490010,Electronics and Computer Science,State Level,Maharashtra State Seats - Cut Off Indicates State General Merit No. ; Figures in bracket Indicates MHT-CET PCM PercentileS,8992,96.5051241
03184,"Fr. Conceicao Rodrigues College of Engineering, Bandra,Mumbai",,318499510,Artificial Intelligence and Data Science,State Level,MI,32293,86.8382436
03184,"Fr. Conceicao Rodrigues College of Engineering, Bandra,Mumbai",,318499510,Artificial Intelligence and Data Science,State Level,TFWS,6481,97.5089387
03185,"Vivekanand Education Society's Institute of Technology, Chembur, Mumbai",,318524510,Computer Engineering,State Level,"Legends:Start Character G-General, L-Ladies, End Character H-Home University, O-Other than Home University, S-State LevelS",4721,98.1729598
03185,"Vivekanand Education Society's Institute of Technology, Chembur, Mumbai",,318524510,Computer Engineering,State Level,Maharashtra State Seats - Cut Off Indicates State General Merit No. ; Figures in bracket Indicates MHT-CET PCM PercentileS,1774,99.27243
03185,"Vivekanand Education Society's Institute of Technology, Chembur, Mumbai",,318524510,Computer Engineering,State Level,DS,48677,79.4628516
03185,"Vivekanand Education Society's Institute of Technology, Chembur, Mumbai",,318524510,Computer Engineering,State Level,State Common Entrance Test CellS,3785,98.5080728
03185,"Vivekanand Education Society's Institute of Technology, Chembur, Mumbai",,318524610,Information Technology,State Level,GOPENS,6562,97.4862048
03185,"Vivekanand Education Society's Institute of Technology, Chembur, Mumbai",,318524610,Information Technology,State Level,LOPENS,7396,97.1470401
03185,"Vivekanand Education Society's Institute of Technology, Chembur, Mumbai",,318524610,Information Technology,State Level,MI,75321,65.3263316
03185,"Vivekanand Education Society's Institute of Technology, Chembur, Mumbai",,318537210,Electronics and Telecommunication Engg,State Level,GOPENS,13563,94.6270116
03185,"Vivekanand Education Society's Institute of Technology, Chembur, Mumbai",,318537210,Electronics and Telecommunication Engg,State Level,MI,15093,94.0316823
03185,"Vivekanand Education Society's Institute of Technology, Chembur, Mumbai",,318537210,Electronics and Telecommunication Engg,State Level,MH,16685,93.3857089
03185,"Vivekanand Education Society's Institute of Technology, Chembur, Mumbai",,318590010,Electronics and Computer Science,State Level,GOPENS,9965,96.1252417
03185,"Vivekanand Education Society's Institute of Technology, Chembur, Mumbai",,318590010,Electronics and Computer Science,State Level,LOPENS,11471,95.5068431
03185,"Vivekanand Education Society's Institute of Technology, Chembur, Mumbai",,318590010,Electronics and Computer Science,State Level,MH,10454,95.9022823
03185,"Vivekanand Education Society's Institute of Technology, Chembur, Mumbai",,318591610,Automation and Robotics,State Level,"Legends:Start Character G-General, L-Ladies, End Character H-Home University, O-Other than Home University, S-State LevelS",16965,93.2167123
03185,"Vivekanand Education Society's Institute of Technology, Chembur, Mumbai",,318591610,Automation and Robotics,State Level,Maharashtra State Seats - Cut Off Indicates State General Merit No. ; Figures in bracket Indicates MHT-CET PCM PercentileS,30482,87.4817577
03185,"Vivekanand Education Society's Institute of Technology, Chembur, Mumbai",,318591610,Automation and Robotics,State Level,DS,15485,93.8565297
03185,"Vivekanand Education Society's Institute of Technology, Chembur, Mumbai",,318591610,Automation and Robotics,State Level,MH,26028,90.5839348
03185,"Vivekanand Education Society's Institute of Technology, Chembur, Mumbai",,318599510,Artificial Intelligence and Data Science,State Level,GOPENS,7478,97.1224198
03185,"Vivekanand Education Society's Institute of Technology, Chembur, Mumbai",,318599510,Artificial Intelligence and Data Science,State Level,LOPENS,7852,96.9767961
03185,"Vivekanand Education Society's Institute of Technology, Chembur, Mumbai",,318599510,Artificial Intelligence and Data Science,State Level,MI,130627,18.9046135
03185,"Vivekanand Education Society's Institute of Technology, Chembur, Mumbai",,318599510,Artificial Intelligence and Data Science,State Level,MH,7517,97.118102
03187,"N.Y.S.S.'s Datta Meghe College of Engineering, Airoli, Navi Mumbai",,318724510,Computer Engineering,State Level,"Legends:Start Character G-General, L-Ladies, End Character H-Home University, O-Other than Home University, S-State LevelS",21662,91.2518343
03187,"N.Y.S.S.'s Datta Meghe College of Engineering, Airoli, Navi Mumbai",,318724610,Information Technology,State Level,"Legends:Start Character G-General, L-Ladies, End Character H-Home University, O-Other than Home University, S-State LevelS",56904,75.1725431
03187,"N.Y.S.S.'s Datta Meghe College of Engineering, Airoli, Navi Mumbai",,318724610,Information Technology,State Level,Maharashtra State Seats - Cut Off Indicates State General Merit No. ; Figures in bracket Indicates MHT-CET PCM PercentileS,18548,92.5560269
03187,"N.Y.S.S.'s Datta Meghe College of Engineering, Airoli, Navi Mumbai",,318724610,Information Technology,State Level,DS,29132,88.0771545
03187,"N.Y.S.S.'s Datta Meghe College of Engineering, Airoli, Navi Mumbai",,318737210,Electronics and Telecommunication Engg,State Level,"Legends:Start Character G-General, L-Ladies, End Character H-Home University, O-Other than Home University, S-State LevelS",59877,73.642653
03187,"N.Y.S.S.'s Datta Meghe College of Engineering, Airoli, Navi Mumbai",,318750710,Chemical Engineering,State Level,"Legends:Start Character G-General, L-Ladies, End Character H-Home University, O-Other than Home University, S-State LevelS",97728,50.2663166
03187,"N.Y.S.S.'s Datta Meghe College of Engineering, Airoli, Navi Mumbai",,318791810,Civil and infrastructure Engineering,State Level,"Legends:Start Character G-General, L-Ladies, End Character H-Home University, O-Other than Home University, S-State LevelS",88407,56.7405028
03187,"N.Y.S.S.'s Datta Meghe College of Engineering, Airoli, Navi Mumbai",,318799510,Artificial Intelligence and Data Science,State Level,"Legends:Start Character G-General, L-Ladies, End Character H-Home University, O-Other than Home University, S-State LevelS",58704,74.4658288
03187,"N.Y.S.S.'s Datta Meghe College of Engineering, Airoli, Navi Mumbai",,318799510,Artificial Intelligence and Data Science,State Level,Maharashtra State Seats - Cut Off Indicates State General Merit No. ; Figures in bracket Indicates MHT-CET PCM PercentileS,33022,86.3550668
03188,"Vasantdada Patil Pratishthan's College Of Engineering and Visual Arts, Sion, Mumbai",,318824510,Computer Engineering,State Level,"Legends:Start Character G-General, L-Ladies, End Character H-Home University, O-Other than Home University, S-State LevelS",89504,55.9130075
03188,"Vasantdada Patil Pratishthan's College Of Engineering and Visual Arts, Sion, Mumbai",,318824510,Computer Engineering,State Level,Maharashtra State Seats - Cut Off Indicates State General Merit No. ; Figures in bracket Indicates MHT-CET PCM PercentileS,20235,91.7707151
03188,"Vasantdada Patil Pratishthan's College Of Engineering and Visual Arts, Sion, Mumbai",,318824510,Computer Engineering,State Level,DS,29907,87.6993762
03188,"Vasantdada Patil Pratishthan's College Of Engineering and Visual Arts, Sion, Mumbai",,318824610,Information Technology,State Level,"Legends:Start Character G-General, L-Ladies, End Character H-Home University, O-Other than Home University, S-State LevelS",35683,85.1907088
03188,"Vasantdada Patil Pratishthan's College Of Engineering and Visual Arts, Sion, Mumbai",,318824610,Information Technology,State Level,VIIS,24888,89.9662416
03188,"Vasantdada Patil Pratishthan's College Of Engineering and Visual Arts, Sion, Mumbai",,318826310,Artificial Intelligence (AI) and Data Science,State Level,"Legends:Start Character G-General, L-Ladies, End Character H-Home University, O-Other than Home University, S-State LevelS",27674,88.6736154
03188,"Vasantdada Patil Pratishthan's College Of Engineering and Visual Arts, Sion, Mumbai",,318826310,Artificial Intelligence (AI) and Data Science,State Level,Maharashtra State Seats - Cut Off Indicates State General Merit No. ; Figures in bracket Indicates MHT-CET PCM PercentileS,36664,84.740951
03189,"Bharati Vidyapeeth College of Engineering,  Navi Mumbai",,318924610,Information Technology,State Level,"Legends:Start Character G-General, L-Ladies, End Character H-Home University, O-Other than Home University, S-State LevelS",23090,90.6251228
03189,"Bharati Vidyapeeth College of Engineering,  Navi Mumbai",,318937210,Electronics and Telecommunication Engg,State Level,"Legends:Start Character G-General, L-Ladies, End Character H-Home University, O-Other than Home University, S-State LevelS",46131,80.6210251
03189,"Bharati Vidyapeeth College of Engineering,  Navi Mumbai",,318937210,Electronics and Telecommunication Engg,State Level,Maharashtra State Seats - Cut Off Indicates State General Merit No. ; Figures in bracket Indicates MHT-CET PCM PercentileS,69060,69.0354573
03189,"Bharati Vidyapeeth College of Engineering,  Navi Mumbai",,318937210,Electronics and Telecommunication Engg,State Level,VIIS,35949,85.1782223
03189,"Bharati Vidyapeeth College of Engineering,  Navi Mumbai",,318946610,Instrumentation Engineering,State Level,"Legends:Start Character G-General, L-Ladies, End Character H-Home University, O-Other than Home University, S-State LevelS",122050,28.923802
03189,"Bharati Vidyapeeth College of Engineering,  Navi Mumbai",,318946610,Instrumentation Engineering,State Level,Maharashtra State Seats - Cut Off Indicates State General Merit No. ; Figures in bracket Indicates MHT-CET PCM PercentileS,109044,41.1609401
03189,"Bharati Vidyapeeth College of Engineering,  Navi Mumbai",,318950710,Chemical Engineering,State Level,"Legends:Start Character G-General, L-Ladies, End Character H-Home University, O-Other than Home University, S-State LevelS",69650,68.8122862
03189,"Bharati Vidyapeeth College of Engineering,  Navi Mumbai",,318961210,Mechanical Engineering,State Level,"Legends:Start Character G-General, L-Ladies, End Character H-Home University, O-Other than Home University, S-State LevelS",55823,75.8958975
03189,"Bharati Vidyapeeth College of Engineering,  Navi Mumbai",,318961210,Mechanical Engineering,State Level,Maharashtra State Seats - Cut Off Indicates State General Merit No. ; Figures in bracket Indicates MHT-CET PCM PercentileS,118329,32.6609746
03189,"Bharati Vidyapeeth College of Engineering,  Navi Mumbai",,318961210,Mechanical Engineering,State Level,I-NonS,83175,60.750409
03190,"Terna Engineering College, Nerul, Navi Mumbai",,319019110,Civil Engineering,State Level,"Legends:Start Character G-General, L-Ladies, End Character H-Home University, O-Other than Home University, S-State LevelS",41557,82.4443082
03190,"Terna Engineering College, Nerul, Navi Mumbai",,319024510,Computer Engineering,State Level,"Legends:Start Character G-General, L-Ladies, End Character H-Home University, O-Other than Home University, S-State LevelS",24854,89.9662416
03190,"Terna Engineering College, Nerul, Navi Mumbai",,319024610,Information Technology,State Level,"Legends:Start Character G-General, L-Ladies, End Character H-Home University, O-Other than Home University, S-State LevelS",42634,82.2034564
03190,"Terna Engineering College, Nerul, Navi Mumbai",,319024610,Information Technology,State Level,Maharashtra State Seats - Cut Off Indicates State General Merit No. ; Figures in bracket Indicates MHT-CET PCM PercentileS,25466,89.690179
03190,"Terna Engineering College, Nerul, Navi Mumbai",,319037210,Electronics and Telecommunication Engg,State Level,DEFOPENS,88271,56.982253
03190,"Terna Engineering College, Nerul, Navi Mumbai",,319037210,Electronics and Telecommunication Engg,State Level,ORPHAN,58747,74.4658288
03190,"Terna Engineering College, Nerul, Navi Mumbai",,319037210,Electronics and Telecommunication Engg,State Level,VIIS,51505,78.067557
03190,"Terna Engineering College, Nerul, Navi Mumbai",,319037610,Electronics Engineering,State Level,"Legends:Start Character G-General, L-Ladies, End Character H-Home University, O-Other than Home University, S-State LevelS",97871,50.2663166
03190,"Terna Engineering College, Nerul, Navi Mumbai",,319061210,Mechanical Engineering,State Level,"Legends:Start Character G-General, L-Ladies, End Character H-Home University, O-Other than Home University, S-State LevelS",130225,19.6543598
03190,"Terna Engineering College, Nerul, Navi Mumbai",,319061210,Mechanical Engineering,State Level,I-NonS,87256,58.0840122
03190,"Terna Engineering College, Nerul, Navi Mumbai",,319062410,Mechatronics Engineering,State Level,"Legends:Start Character G-General, L-Ladies, End Character H-Home University, O-Other than Home University, S-State LevelS",120914,29.9996237
03190,"Terna Engineering College, Nerul, Navi Mumbai",,319062410,Mechatronics Engineering,State Level,I-NonS,87303,58.0840122
03190,"Terna Engineering College, Nerul, Navi Mumbai",,319062410,Mechatronics Engineering,State Level,VIIS,103661,45.9664342
03192,"Smt. Indira Gandhi College of Engineering, Navi Mumbai",,319224510,Computer Engineering,State Level,"Legends:Start Character G-General, L-Ladies, End Character H-Home University, O-Other than Home University, S-State LevelS",36981,84.5084815
03192,"Smt. Indira Gandhi College of Engineering, Navi Mumbai",,319229310,Electrical Engineering,State Level,"Legends:Start Character G-General, L-Ladies, End Character H-Home University, O-Other than Home University, S-State LevelS",115525,35.624509
03192,"Smt. Indira Gandhi College of Engineering, Navi Mumbai",,319291110,Computer Science and Engineering(Artificial Intelligence and Machine Learning),State Level,EWS,51246,78.1143775
03193,"Shivajirao S. Jondhale College of Engineering, Dombivali,Mumbai",,319324510,Computer Engineering,State Level,TFWS,34696,85.6187666
03193,"Shivajirao S. Jondhale College of Engineering, Dombivali,Mumbai",,319324510,Computer Engineering,State Level,ORPHAN,52949,77.0079706
03193,"Shivajirao S. Jondhale College of Engineering, Dombivali,Mumbai",,319324510,Computer Engineering,State Level,VIIS,41804,82.3346823
03193,"Shivajirao S. Jondhale College of Engineering, Dombivali,Mumbai",,319324610,Information Technology,State Level,"Legends:Start Character G-General, L-Ladies, End Character H-Home University, O-Other than Home University, S-State LevelS",133777,15.5096512
03193,"Shivajirao S. Jondhale College of Engineering, Dombivali,Mumbai",,319337210,Electronics and Telecommunication Engg,State Level,"Legends:Start Character G-General, L-Ladies, End Character H-Home University, O-Other than Home University, S-State LevelS",50511,78.4065273
03193,"Shivajirao S. Jondhale College of Engineering, Dombivali,Mumbai",,319337210,Electronics and Telecommunication Engg,State Level,Maharashtra State Seats - Cut Off Indicates State General Merit No. ; Figures in bracket Indicates MHT-CET PCM PercentileS,90792,55.4490884
03194,"Vidyavardhini's College of Engineering and Technology, Vasai",,319419110,Civil Engineering,State Level,"Legends:Start Character G-General, L-Ladies, End Character H-Home University, O-Other than Home University, S-State LevelS",136343,11.3993838
03194,"Vidyavardhini's College of Engineering and Technology, Vasai",,319424510,Computer Engineering,State Level,"Legends:Start Character G-General, L-Ladies, End Character H-Home University, O-Other than Home University, S-State LevelS",98457,49.6143282
03194,"Vidyavardhini's College of Engineering and Technology, Vasai",,319424510,Computer Engineering,State Level,Maharashtra State Seats - Cut Off Indicates State General Merit No. ; Figures in bracket Indicates MHT-CET PCM PercentileS,18832,92.4624424
03194,"Vidyavardhini's College of Engineering and Technology, Vasai",,319424610,Information Technology,State Level,"Legends:Start Character G-General, L-Ladies, End Character H-Home University, O-Other than Home University, S-State LevelS",135816,12.4194815
03194,"Vidyavardhini's College of Engineering and Technology, Vasai",,319424610,Information Technology,State Level,Maharashtra State Seats - Cut Off Indicates State General Merit No. ; Figures in bracket Indicates MHT-CET PCM PercentileS,41265,82.540133
03194,"Vidyavardhini's College of Engineering and Technology, Vasai",,319437210,Electronics and Telecommunication Engg,State Level,"Legends:Start Character G-General, L-Ladies, End Character H-Home University, O-Other than Home University, S-State LevelS",42740,82.2034564
03194,"Vidyavardhini's College of Engineering and Technology, Vasai",,319437210,Electronics and Telecommunication Engg,State Level,Maharashtra State Seats - Cut Off Indicates State General Merit No. ; Figures in bracket Indicates MHT-CET PCM PercentileS,48768,79.4628516
03194,"Vidyavardhini's College of Engineering and Technology, Vasai",,319437210,Electronics and Telecommunication Engg,State Level,I-NonS,24778,89.96633
03194,"Vidyavardhini's College of Engineering and Technology, Vasai",,319437810,Electronics Engineering ( VLSI Design and Technology),State Level,"Legends:Start Character G-General, L-Ladies, End Character H-Home University, O-Other than Home University, S-State LevelS",70927,67.711928
03194,"Vidyavardhini's College of Engineering and Technology, Vasai",,319437810,Electronics Engineering ( VLSI Design and Technology),State Level,Maharashtra State Seats - Cut Off Indicates State General Merit No. ; Figures in bracket Indicates MHT-CET PCM PercentileS,118581,32.4663078
03194,"Vidyavardhini's College of Engineering and Technology, Vasai",,319437810,Electronics Engineering ( VLSI Design and Technology),State Level,I-NonS,81680,61.432847
03194,"Vidyavardhini's College of Engineering and Technology, Vasai",,319461210,Mechanical Engineering,State Level,"Legends:Start Character G-General, L-Ladies, End Character H-Home University, O-Other than Home University, S-State LevelS",33229,86.2561357
03194,"Vidyavardhini's College of Engineering and Technology, Vasai",,319461210,Mechanical Engineering,State Level,Maharashtra State Seats - Cut Off Indicates State General Merit No. ; Figures in bracket Indicates MHT-CET PCM PercentileS,121985,28.923802
03194,"Vidyavardhini's College of Engineering and Technology, Vasai",,319491210,Computer Science and Engineering(Data Science),State Level,"Legends:Start Character G-General, L-Ladies, End Character H-Home University, O-Other than Home University, S-State LevelS",61012,73.2701208
03194,"Vidyavardhini's College of Engineering and Technology, Vasai",,319499510,Artificial Intelligence and Data Science,State Level,"Legends:Start Character G-General, L-Ladies, End Character H-Home University, O-Other than Home University, S-State LevelS",37746,84.3950599
03196,"Lokmanya Tilak College of Engineering, Kopar Khairane, Navi Mumbai",,319624510,Computer Engineering,State Level,"Legends:Start Character G-General, L-Ladies, End Character H-Home University, O-Other than Home University, S-State LevelS",34495,85.8062103
03196,"Lokmanya Tilak College of Engineering, Kopar Khairane, Navi Mumbai",,319629310,Electrical Engineering,State Level,"Legends:Start Character G-General, L-Ladies, End Character H-Home University, O-Other than Home University, S-State LevelS",123451,27.145045
03196,"Lokmanya Tilak College of Engineering, Kopar Khairane, Navi Mumbai",,319629310,Electrical Engineering,State Level,Minority Seats Allotted to Maharashtra State Candidature CandidatesS,141135,4.0117818
03196,"Lokmanya Tilak College of Engineering, Kopar Khairane, Navi Mumbai",,319637210,Electronics and Telecommunication Engg,State Level,"Legends:Start Character G-General, L-Ladies, End Character H-Home University, O-Other than Home University, S-State LevelS",85108,58.8704519
03196,"Lokmanya Tilak College of Engineering, Kopar Khairane, Navi Mumbai",,319637210,Electronics and Telecommunication Engg,State Level,Maharashtra State Seats - Cut Off Indicates State General Merit No. ; Figures in bracket Indicates MHT-CET PCM PercentileS,55752,75.8958975
03196,"Lokmanya Tilak College of Engineering, Kopar Khairane, Navi Mumbai",,319691110,Computer Science and Engineering(Artificial Intelligence and Machine Learning),State Level,MI,44945,81.0174211
03196,"Lokmanya Tilak College of Engineering, Kopar Khairane, Navi Mumbai",,319691210,Computer Science and Engineering(Data Science),State Level,MI,52720,77.4193548
03196,"Lokmanya Tilak College of Engineering, Kopar Khairane, Navi Mumbai",,319692010,Computer Science and Engineering (Internet of Things and Cyber Security Including Block Chain,State Level,"Legends:Start Character G-General, L-Ladies, End Character H-Home University, O-Other than Home University, S-State LevelS",47709,79.7807688
03196,"Lokmanya Tilak College of Engineering, Kopar Khairane, Navi Mumbai",,319692010,Computer Science and Engineering (Internet of Things and Cyber Security Including Block Chain,State Level,Maharashtra State Seats - Cut Off Indicates State General Merit No. ; Figures in bracket Indicates MHT-CET PCM PercentileS,34453,85.8062103
03197,"Agnel Charities' FR. C. Rodrigues Institute of Technology, Vashi, Navi Mumbai",,319724610,Information Technology,State Level,"Legends:Start Character G-General, L-Ladies, End Character H-Home University, O-Other than Home University, S-State LevelS",43213,81.855593
03197,"Agnel Charities' FR. C. Rodrigues Institute of Technology, Vashi, Navi Mumbai",,319729310,Electrical Engineering,State Level,"Legends:Start Character G-General, L-Ladies, End Character H-Home University, O-Other than Home University, S-State LevelS",36902,84.5084815
03197,"Agnel Charities' FR. C. Rodrigues Institute of Technology, Vashi, Navi Mumbai",,319729310,Electrical Engineering,State Level,Minority Seats Allotted to Maharashtra State Candidature CandidatesS,70149,68.401414
03197,"Agnel Charities' FR. C. Rodrigues Institute of Technology, Vashi, Navi Mumbai",,319737210,Electronics and Telecommunication Engg,State Level,"Legends:Start Character G-General, L-Ladies, End Character H-Home University, O-Other than Home University, S-State LevelS",93441,53.6496624
03197,"Agnel Charities' FR. C. Rodrigues Institute of Technology, Vashi, Navi Mumbai",,319737210,Electronics and Telecommunication Engg,State Level,Maharashtra State Seats - Cut Off Indicates State General Merit No. ; Figures in bracket Indicates MHT-CET PCM PercentileS,24477,90.0942655
03197,"Agnel Charities' FR. C. Rodrigues Institute of Technology, Vashi, Navi Mumbai",,319737210,Electronics and Telecommunication Engg,State Level,Minority Seats Allotted to Maharashtra State Candidature CandidatesS,27240,88.8621945
03197,"Agnel Charities' FR. C. Rodrigues Institute of Technology, Vashi, Navi Mumbai",,319761210,Mechanical Engineering,State Level,"Legends:Start Character G-General, L-Ladies, End Character H-Home University, O-Other than Home University, S-State LevelS",74325,66.0524144
03197,"Agnel Charities' FR. C. Rodrigues Institute of Technology, Vashi, Navi Mumbai",,319761210,Mechanical Engineering,State Level,Minority Seats Allotted to Maharashtra State Candidature CandidatesS,67918,69.597699
03198,"Konkan Gyanpeeth College of Engineering, Karjat",,319824510,Computer Engineering,State Level,"Legends:Start Character G-General, L-Ladies, End Character H-Home University, O-Other than Home University, S-State LevelS",67133,69.7774101
03198,"Konkan Gyanpeeth College of Engineering, Karjat",,319824610,Information Technology,State Level,"Legends:Start Character G-General, L-Ladies, End Character H-Home University, O-Other than Home University, S-State LevelS",64372,71.4000828
03198,"Konkan Gyanpeeth College of Engineering, Karjat",,319824610,Information Technology,State Level,Maharashtra State Seats - Cut Off Indicates State General Merit No. ; Figures in bracket Indicates MHT-CET PCM PercentileS,86791,58.1382561
03198,"Konkan Gyanpeeth College of Engineering, Karjat",,319824610,Information Technology,State Level,Maharashtra State Seats Allotted to All India Candidature CandidatesS,86767,58.1382561
03198,"Konkan Gyanpeeth College of Engineering, Karjat",,319899510,Artificial Intelligence and Data Science,State Level,"Legends:Start Character G-General, L-Ladies, End Character H-Home University, O-Other than Home University, S-State LevelS",91660,54.6979992
03198,"Konkan Gyanpeeth College of Engineering, Karjat",,319899510,Artificial Intelligence and Data Science,State Level,I-NonS,65997,70.6180504
03199,"Shri Vile Parle Kelvani Mandal's Dwarkadas J. Sanghvi College of Engineering, Vile Parle,Mumbai",,319924510,Computer Engineering,State Level,"Legends:Start Character G-General, L-Ladies, End Character H-Home University, O-Other than Home University, S-State LevelS",1455,99.3979757
03199,"Shri Vile Parle Kelvani Mandal's Dwarkadas J. Sanghvi College of Engineering, Vile Parle,Mumbai",,319924510,Computer Engineering,State Level,Maharashtra State Seats - Cut Off Indicates State General Merit No. ; Figures in bracket Indicates MHT-CET PCM PercentileS,2775,98.8972243
03199,"Shri Vile Parle Kelvani Mandal's Dwarkadas J. Sanghvi College of Engineering, Vile Parle,Mumbai",,319924510,Computer Engineering,State Level,DS,3971,98.4661429
03199,"Shri Vile Parle Kelvani Mandal's Dwarkadas J. Sanghvi College of Engineering, Vile Parle,Mumbai",,319924610,Information Technology,State Level,GOPENS,2424,99.0336893
03199,"Shri Vile Parle Kelvani Mandal's Dwarkadas J. Sanghvi College of Engineering, Vile Parle,Mumbai",,319924610,Information Technology,State Level,LOPENS,3604,98.5815881
03199,"Shri Vile Parle Kelvani Mandal's Dwarkadas J. Sanghvi College of Engineering, Vile Parle,Mumbai",,319924610,Information Technology,State Level,MI,6428,97.5196409
03199,"Shri Vile Parle Kelvani Mandal's Dwarkadas J. Sanghvi College of Engineering, Vile Parle,Mumbai",,319924610,Information Technology,State Level,TFWS,2421,99.0385335
03199,"Shri Vile Parle Kelvani Mandal's Dwarkadas J. Sanghvi College of Engineering, Vile Parle,Mumbai",,319926310,Artificial Intelligence (AI) and Data Science,State Level,GOPENS,2612,98.9647412
03199,"Shri Vile Parle Kelvani Mandal's Dwarkadas J. Sanghvi College of Engineering, Vile Parle,Mumbai",,319926310,Artificial Intelligence (AI) and Data Science,State Level,LOPENS,3796,98.5080728
03199,"Shri Vile Parle Kelvani Mandal's Dwarkadas J. Sanghvi College of Engineering, Vile Parle,Mumbai",,319926310,Artificial Intelligence (AI) and Data Science,State Level,MI,8603,96.6662904
03199,"Shri Vile Parle Kelvani Mandal's Dwarkadas J. Sanghvi College of Engineering, Vile Parle,Mumbai",,319937210,Electronics and Telecommunication Engg,State Level,GOPENS,5057,98.0546203
03199,"Shri Vile Parle Kelvani Mandal's Dwarkadas J. Sanghvi College of Engineering, Vile Parle,Mumbai",,319937210,Electronics and Telecommunication Engg,State Level,LOPENS,6594,97.4823503
03199,"Shri Vile Parle Kelvani Mandal's Dwarkadas J. Sanghvi College of Engineering, Vile Parle,Mumbai",,319937210,Electronics and Telecommunication Engg,State Level,MI,3405,98.665225
03199,"Shri Vile Parle Kelvani Mandal's Dwarkadas J. Sanghvi College of Engineering, Vile Parle,Mumbai",,319937210,Electronics and Telecommunication Engg,State Level,TFWS,7565,97.1055619
03199,"Shri Vile Parle Kelvani Mandal's Dwarkadas J. Sanghvi College of Engineering, Vile Parle,Mumbai",,319961210,Mechanical Engineering,State Level,"Legends:Start Character G-General, L-Ladies, End Character H-Home University, O-Other than Home University, S-State LevelS",11519,95.4956977
03199,"Shri Vile Parle Kelvani Mandal's Dwarkadas J. Sanghvi College of Engineering, Vile Parle,Mumbai",,319961210,Mechanical Engineering,State Level,Maharashtra State Seats - Cut Off Indicates State General Merit No. ; Figures in bracket Indicates MHT-CET PCM PercentileS,21653,91.2518343
03199,"Shri Vile Parle Kelvani Mandal's Dwarkadas J. Sanghvi College of Engineering, Vile Parle,Mumbai",,319961210,Mechanical Engineering,State Level,DS,17733,92.8619655
03199,"Shri Vile Parle Kelvani Mandal's Dwarkadas J. Sanghvi College of Engineering, Vile Parle,Mumbai",,319961210,Mechanical Engineering,State Level,State Common Entrance Test CellS,17938,92.8372688
03199,"Shri Vile Parle Kelvani Mandal's Dwarkadas J. Sanghvi College of Engineering, Vile Parle,Mumbai",,319991210,Computer Science and Engineering(Data Science),State Level,GOPENS,2822,98.8813394
03199,"Shri Vile Parle Kelvani Mandal's Dwarkadas J. Sanghvi College of Engineering, Vile Parle,Mumbai",,319991210,Computer Science and Engineering(Data Science),State Level,LOPENS,4108,98.3946814
03199,"Shri Vile Parle Kelvani Mandal's Dwarkadas J. Sanghvi College of Engineering, Vile Parle,Mumbai",,319991210,Computer Science and Engineering(Data Science),State Level,MI,2408,99.045524
03199,"Shri Vile Parle Kelvani Mandal's Dwarkadas J. Sanghvi College of Engineering, Vile Parle,Mumbai",,319992010,Computer Science and Engineering (Internet of Things and Cyber Security Including Block Chain,State Level,GOPENS,3177,98.7621905
03199,"Shri Vile Parle Kelvani Mandal's Dwarkadas J. Sanghvi College of Engineering, Vile Parle,Mumbai",,319992010,Computer Science and Engineering (Internet of Things and Cyber Security Including Block Chain,State Level,LOPENS,4675,98.1917154
03199,"Shri Vile Parle Kelvani Mandal's Dwarkadas J. Sanghvi College of Engineering, Vile Parle,Mumbai",,319992110,Artificial Intelligence and Machine Learning,State Level,GOPENS,2524,99.001464
03199,"Shri Vile Parle Kelvani Mandal's Dwarkadas J. Sanghvi College of Engineering, Vile Parle,Mumbai",,319992110,Artificial Intelligence and Machine Learning,State Level,LOPENS,4166,98.3772737
03199,"Shri Vile Parle Kelvani Mandal's Dwarkadas J. Sanghvi College of Engineering, Vile Parle,Mumbai",,319992110,Artificial Intelligence and Machine Learning,State Level,MI,5435,97.8929149
03200,"Hope Foundation and research center's  Finolex Academy of Management and Technology, Ratnagiri",,320029310,Electrical Engineering,State Level,"Legends:Start Character G-General, L-Ladies, End Character H-Home University, O-Other than Home University, S-State LevelS",85212,58.8704519
03200,"Hope Foundation and research center's  Finolex Academy of Management and Technology, Ratnagiri",,320037210,Electronics and Telecommunication Engg,State Level,"Legends:Start Character G-General, L-Ladies, End Character H-Home University, O-Other than Home University, S-State LevelS",58070,75.0737739
03200,"Hope Foundation and research center's  Finolex Academy of Management and Technology, Ratnagiri",,320037210,Electronics and Telecommunication Engg,State Level,Maharashtra State Seats - Cut Off Indicates State General Merit No. ; Figures in bracket Indicates MHT-CET PCM PercentileS,58789,74.1935484
03200,"Hope Foundation and research center's  Finolex Academy of Management and Technology, Ratnagiri",,320061210,Mechanical Engineering,State Level,"Legends:Start Character G-General, L-Ladies, End Character H-Home University, O-Other than Home University, S-State LevelS",105957,43.6615489
03200,"Hope Foundation and research center's  Finolex Academy of Management and Technology, Ratnagiri",,320061210,Mechanical Engineering,State Level,I-NonS,105220,44.476613
03201,"Rizvi Education Society's Rizvi College of Engineering, Bandra,Mumbai",,320119110,Civil Engineering,State Level,"Legends:Start Character G-General, L-Ladies, End Character H-Home University, O-Other than Home University, S-State LevelS",96561,51.0567213
03201,"Rizvi Education Society's Rizvi College of Engineering, Bandra,Mumbai",,320124510,Computer Engineering,State Level,"Legends:Start Character G-General, L-Ladies, End Character H-Home University, O-Other than Home University, S-State LevelS",51253,78.1143775
03201,"Rizvi Education Society's Rizvi College of Engineering, Bandra,Mumbai",,320124510,Computer Engineering,State Level,Maharashtra State Seats - Cut Off Indicates State General Merit No. ; Figures in bracket Indicates MHT-CET PCM PercentileS,16729,93.3857089
03201,"Rizvi Education Society's Rizvi College of Engineering, Bandra,Mumbai",,320161210,Mechanical Engineering,State Level,"Legends:Start Character G-General, L-Ladies, End Character H-Home University, O-Other than Home University, S-State LevelS",101129,47.6387427
03201,"Rizvi Education Society's Rizvi College of Engineering, Bandra,Mumbai",,320190010,Electronics and Computer Science,State Level,"Legends:Start Character G-General, L-Ladies, End Character H-Home University, O-Other than Home University, S-State LevelS",67634,69.6572694
03201,"Rizvi Education Society's Rizvi College of Engineering, Bandra,Mumbai",,320190010,Electronics and Computer Science,State Level,Maharashtra State Seats - Cut Off Indicates State General Merit No. ; Figures in bracket Indicates MHT-CET PCM PercentileS,28212,88.4658665
03201,"Rizvi Education Society's Rizvi College of Engineering, Bandra,Mumbai",,320199510,Artificial Intelligence and Data Science,State Level,"Legends:Start Character G-General, L-Ladies, End Character H-Home University, O-Other than Home University, S-State LevelS",61711,73.1851907
03202,Rajendra Mane College of Engineering & Technology  Ambav Deorukh,,320224510,Computer Engineering,State Level,"Legends:Start Character G-General, L-Ladies, End Character H-Home University, O-Other than Home University, S-State LevelS",55938,75.867353
03202,Rajendra Mane College of Engineering & Technology  Ambav Deorukh,,320290010,Electronics and Computer Science,State Level,"Legends:Start Character G-General, L-Ladies, End Character H-Home University, O-Other than Home University, S-State LevelS",103025,46.1690466
03202,Rajendra Mane College of Engineering & Technology  Ambav Deorukh,,320290010,Electronics and Computer Science,State Level,I-NonS,103865,45.9472716
03203,"Atharva College of Engineering,Malad(West),Mumbai",,320324510,Computer Engineering,State Level,"Legends:Start Character G-General, L-Ladies, End Character H-Home University, O-Other than Home University, S-State LevelS",13213,94.8273066
03203,"Atharva College of Engineering,Malad(West),Mumbai",,320324610,Information Technology,State Level,"Legends:Start Character G-General, L-Ladies, End Character H-Home University, O-Other than Home University, S-State LevelS",33706,86.0518493
03203,"Atharva College of Engineering,Malad(West),Mumbai",,320324610,Information Technology,State Level,VIIS,18611,92.4956109
03203,"Atharva College of Engineering,Malad(West),Mumbai",,320329310,Electrical Engineering,State Level,"Legends:Start Character G-General, L-Ladies, End Character H-Home University, O-Other than Home University, S-State LevelS",138861,7.7309237
03203,"Atharva College of Engineering,Malad(West),Mumbai",,320337210,Electronics and Telecommunication Engg,State Level,"Legends:Start Character G-General, L-Ladies, End Character H-Home University, O-Other than Home University, S-State LevelS",96432,51.4762755
03203,"Atharva College of Engineering,Malad(West),Mumbai",,320337210,Electronics and Telecommunication Engg,State Level,Maharashtra State Seats - Cut Off Indicates State General Merit No. ; Figures in bracket Indicates MHT-CET PCM PercentileS,86262,58.5474069
03203,"Atharva College of Engineering,Malad(West),Mumbai",,320390010,Electronics and Computer Science,State Level,"Legends:Start Character G-General, L-Ladies, End Character H-Home University, O-Other than Home University, S-State LevelS",20133,91.804929
03204,"St. Francis Institute of Technology,Borivali, Mumbai",,320424510,Computer Engineering,State Level,"Legends:Start Character G-General, L-Ladies, End Character H-Home University, O-Other than Home University, S-State LevelS",46871,80.0793682
03204,"St. Francis Institute of Technology,Borivali, Mumbai",,320424610,Information Technology,State Level,"Legends:Start Character G-General, L-Ladies, End Character H-Home University, O-Other than Home University, S-State LevelS",69941,68.401414
03204,"St. Francis Institute of Technology,Borivali, Mumbai",,320424610,Information Technology,State Level,Maharashtra State Seats - Cut Off Indicates State General Merit No. ; Figures in bracket Indicates MHT-CET PCM PercentileS,11688,95.4015941
03204,"St. Francis Institute of Technology,Borivali, Mumbai",,320437210,Electronics and Telecommunication Engg,State Level,"Legends:Start Character G-General, L-Ladies, End Character H-Home University, O-Other than Home University, S-State LevelS",40505,83.2373857
03204,"St. Francis Institute of Technology,Borivali, Mumbai",,320437210,Electronics and Telecommunication Engg,State Level,Minority Seats Allotted to Maharashtra State Candidature CandidatesS,43243,81.855593
03206,"S.S.P.M.'s College of Engineering, Kankavli",,320624510,Computer Engineering,State Level,"Legends:Start Character G-General, L-Ladies, End Character H-Home University, O-Other than Home University, S-State LevelS",45806,80.7328826
03206,"S.S.P.M.'s College of Engineering, Kankavli",,320629310,Electrical Engineering,State Level,"Legends:Start Character G-General, L-Ladies, End Character H-Home University, O-Other than Home University, S-State LevelS",116049,35.1726957
03206,"S.S.P.M.'s College of Engineering, Kankavli",,320656610,Computer Science,State Level,"Legends:Start Character G-General, L-Ladies, End Character H-Home University, O-Other than Home University, S-State LevelS",48458,79.520817
03206,"S.S.P.M.'s College of Engineering, Kankavli",,320656610,Computer Science,State Level,Maharashtra State Seats - Cut Off Indicates State General Merit No. ; Figures in bracket Indicates MHT-CET PCM PercentileS,75034,65.4207881
03206,"S.S.P.M.'s College of Engineering, Kankavli",,320656610,Computer Science,State Level,I-NonS,62924,72.3082536
03207,"Mahatma Education Society's Pillai College of Engineering, New Panvel",,320724510,Computer Engineering,State Level,"Legends:Start Character G-General, L-Ladies, End Character H-Home University, O-Other than Home University, S-State LevelS",10505,95.8847737
03207,"Mahatma Education Society's Pillai College of Engineering, New Panvel",,320724510,Computer Engineering,State Level,Maharashtra State Seats - Cut Off Indicates State General Merit No. ; Figures in bracket Indicates MHT-CET PCM PercentileS,10683,95.8529269
03207,"Mahatma Education Society's Pillai College of Engineering, New Panvel",,320724510,Computer Engineering,State Level,DS,26257,89.3527871
03207,"Mahatma Education Society's Pillai College of Engineering, New Panvel",,320724610,Information Technology,State Level,GOPENS,18909,92.4274364
03207,"Mahatma Education Society's Pillai College of Engineering, New Panvel",,320724610,Information Technology,State Level,MH,23987,90.1978271
03207,"Mahatma Education Society's Pillai College of Engineering, New Panvel",,320737210,Electronics and Telecommunication Engg,State Level,GOPENS,28144,88.5133125
03207,"Mahatma Education Society's Pillai College of Engineering, New Panvel",,320737210,Electronics and Telecommunication Engg,State Level,LOPENS,40470,83.2373857
03207,"Mahatma Education Society's Pillai College of Engineering, New Panvel",,320737210,Electronics and Telecommunication Engg,State Level,MH,42553,82.2266135
03207,"Mahatma Education Society's Pillai College of Engineering, New Panvel",,320760210,Automobile Engineering,State Level,GOPENS,65168,71.1698646
03207,"Mahatma Education Society's Pillai College of Engineering, New Panvel",,320760210,Automobile Engineering,State Level,MI,65068,71.2687819
03207,"Mahatma Education Society's Pillai College of Engineering, New Panvel",,320760210,Automobile Engineering,State Level,MH,127422,48.8437113
03207,"Mahatma Education Society's Pillai College of Engineering, New Panvel",,320761210,Mechanical Engineering,State Level,"Legends:Start Character G-General, L-Ladies, End Character H-Home University, O-Other than Home University, S-State LevelS",47074,80.0408747
03207,"Mahatma Education Society's Pillai College of Engineering, New Panvel",,320761210,Mechanical Engineering,State Level,Maharashtra State Seats - Cut Off Indicates State General Merit No. ; Figures in bracket Indicates MHT-CET PCM PercentileS,107017,43.1162283
03207,"Mahatma Education Society's Pillai College of Engineering, New Panvel",,320761210,Mechanical Engineering,State Level,MH,124027,26.775031
03207,"Mahatma Education Society's Pillai College of Engineering, New Panvel",,320790010,Electronics and Computer Science,State Level,GOPENS,31442,87.0556299
03207,"Mahatma Education Society's Pillai College of Engineering, New Panvel",,320790010,Electronics and Computer Science,State Level,LOPENS,29353,88.0695638
03207,"Mahatma Education Society's Pillai College of Engineering, New Panvel",,320790010,Electronics and Computer Science,State Level,MH,33688,86.0518493
03208,"Don Bosco Institute of Technology, Mumbai",,320824510,Computer Engineering,State Level,"Legends:Start Character G-General, L-Ladies, End Character H-Home University, O-Other than Home University, S-State LevelS",143128,0.2391763
03208,"Don Bosco Institute of Technology, Mumbai",,320824510,Computer Engineering,State Level,Minority Seats Allotted to Maharashtra State Candidature CandidatesS,10954,95.7239057
03209,K J Somaiya Institute of Technology,,320924510,Computer Engineering,State Level,"Legends:Start Character G-General, L-Ladies, End Character H-Home University, O-Other than Home University, S-State LevelS",5450,97.8929149
03209,K J Somaiya Institute of Technology,,320924510,Computer Engineering,State Level,Maharashtra State Seats - Cut Off Indicates State General Merit No. ; Figures in bracket Indicates MHT-CET PCM PercentileS,5854,97.7443048
03209,K J Somaiya Institute of Technology,,320924510,Computer Engineering,State Level,DS,19685,92.1314889
03209,K J Somaiya Institute of Technology,,320924610,Information Technology,State Level,GOPENS,8039,96.87547
03209,K J Somaiya Institute of Technology,,320924610,Information Technology,State Level,LOPENS,9845,96.2027386
03209,K J Somaiya Institute of Technology,,320924610,Information Technology,State Level,MI,20687,91.7108778
03209,K J Somaiya Institute of Technology,,320937210,Electronics and Telecommunication Engg,State Level,GOPENS,15051,94.0399594
03209,K J Somaiya Institute of Technology,,320937210,Electronics and Telecommunication Engg,State Level,LOPENS,19126,92.3146438
03209,K J Somaiya Institute of Technology,,320937210,Electronics and Telecommunication Engg,State Level,MI,114323,36.3578395
03209,K J Somaiya Institute of Technology,,320937210,Electronics and Telecommunication Engg,State Level,TFWS,12262,95.1695672
03209,K J Somaiya Institute of Technology,,320999510,Artificial Intelligence and Data Science,State Level,GOPENS,9422,96.3390848
03209,K J Somaiya Institute of Technology,,320999510,Artificial Intelligence and Data Science,State Level,LOPENS,11075,95.6795422
03209,K J Somaiya Institute of Technology,,320999510,Artificial Intelligence and Data Science,State Level,MI,39173,83.5642755
03209,K J Somaiya Institute of Technology,,320999510,Artificial Intelligence and Data Science,State Level,TFWS,3677,98.5683475
03210,"Excelsior Education Society's K.C. College of Engineering and Management Studies and Research, Kopri, Thane (E)",,321024610,Information Technology,State Level,"Legends:Start Character G-General, L-Ladies, End Character H-Home University, O-Other than Home University, S-State LevelS",33410,86.1668982
03210,"Excelsior Education Society's K.C. College of Engineering and Management Studies and Research, Kopri, Thane (E)",,321024610,Information Technology,State Level,Minority Seats Allotted to Maharashtra State Candidature CandidatesS,36904,84.5084815
03211,"S.I.E.S. Graduate School of Technology, Nerul, Navi Mumbai",,321124510,Computer Engineering,State Level,"Legends:Start Character G-General, L-Ladies, End Character H-Home University, O-Other than Home University, S-State LevelS",29633,87.9332333
03211,"S.I.E.S. Graduate School of Technology, Nerul, Navi Mumbai",,321137210,Electronics and Telecommunication Engg,State Level,"Legends:Start Character G-General, L-Ladies, End Character H-Home University, O-Other than Home University, S-State LevelS",80982,61.6397637
03211,"S.I.E.S. Graduate School of Technology, Nerul, Navi Mumbai",,321137210,Electronics and Telecommunication Engg,State Level,Minority Seats Allotted to Maharashtra State Candidature CandidatesS,40613,83.1704016
03211,"S.I.E.S. Graduate School of Technology, Nerul, Navi Mumbai",,321199510,Artificial Intelligence and Data Science,State Level,"Legends:Start Character G-General, L-Ladies, End Character H-Home University, O-Other than Home University, S-State LevelS",9566,96.2787373
03212,"WATUMULL INSTITUTE OF ELECTRONICS ENGINEERING & COMPUTER TECHNOLOGY, ULHASNAGAR",,321219110,Civil Engineering,State Level,"Legends:Start Character G-General, L-Ladies, End Character H-Home University, O-Other than Home University, S-State LevelS",120057,30.5964599
03212,"WATUMULL INSTITUTE OF ELECTRONICS ENGINEERING & COMPUTER TECHNOLOGY, ULHASNAGAR",,321224510,Computer Engineering,State Level,"Legends:Start Character G-General, L-Ladies, End Character H-Home University, O-Other than Home University, S-State LevelS",35308,85.3534944
03212,"WATUMULL INSTITUTE OF ELECTRONICS ENGINEERING & COMPUTER TECHNOLOGY, ULHASNAGAR",,321224510,Computer Engineering,State Level,Minority Seats Allotted to Maharashtra State Candidature CandidatesS,65321,71.1698646
03214,"Xavier Institute Of Engineering C/O  Xavier Technical Institute,Mahim,Mumbai",,321424510,Computer Engineering,State Level,"Legends:Start Character G-General, L-Ladies, End Character H-Home University, O-Other than Home University, S-State LevelS",105801,43.6615489
03214,"Xavier Institute Of Engineering C/O  Xavier Technical Institute,Mahim,Mumbai",,321424510,Computer Engineering,State Level,Maharashtra State Seats - Cut Off Indicates State General Merit No. ; Figures in bracket Indicates MHT-CET PCM PercentileS,8789,96.5933286
03214,"Xavier Institute Of Engineering C/O  Xavier Technical Institute,Mahim,Mumbai",,321424610,Information Technology,State Level,"Legends:Start Character G-General, L-Ladies, End Character H-Home University, O-Other than Home University, S-State LevelS",7262,97.200587
03214,"Xavier Institute Of Engineering C/O  Xavier Technical Institute,Mahim,Mumbai",,321424610,Information Technology,State Level,Minority Seats Allotted to Maharashtra State Candidature CandidatesS,19507,92.1548708
03214,"Xavier Institute Of Engineering C/O  Xavier Technical Institute,Mahim,Mumbai",,321492010,Computer Science and Engineering (Internet of Things and Cyber Security Including Block Chain,State Level,"Legends:Start Character G-General, L-Ladies, End Character H-Home University, O-Other than Home University, S-State LevelS",142835,0.8701473
03214,"Xavier Institute Of Engineering C/O  Xavier Technical Institute,Mahim,Mumbai",,321492010,Computer Science and Engineering (Internet of Things and Cyber Security Including Block Chain,State Level,Maharashtra State Seats - Cut Off Indicates State General Merit No. ; Figures in bracket Indicates MHT-CET PCM PercentileS,20335,91.7514817
03214,"Xavier Institute Of Engineering C/O  Xavier Technical Institute,Mahim,Mumbai",,321492010,Computer Science and Engineering (Internet of Things and Cyber Security Including Block Chain,State Level,Minority Seats Allotted to Maharashtra State Candidature CandidatesS,22436,90.9043132
03215,"Bhartiya Vidya Bhavan's Sardar Patel Institute  of Technology , Andheri, Mumbai",,321524210,Computer Science and Engineering,State Level,"Legends:Start Character G-General, L-Ladies, End Character H-Home University, O-Other than Home University, S-State LevelS",809,99.6432625
03215,"Bhartiya Vidya Bhavan's Sardar Patel Institute  of Technology , Andheri, Mumbai",,321524210,Computer Science and Engineering,State Level,Maharashtra State Seats - Cut Off Indicates State General Merit No. ; Figures in bracket Indicates MHT-CET PCM PercentileS,14826,94.1219394
03215,"Bhartiya Vidya Bhavan's Sardar Patel Institute  of Technology , Andheri, Mumbai",,321524210,Computer Science and Engineering,State Level,DS,2045,99.1702432
03215,"Bhartiya Vidya Bhavan's Sardar Patel Institute  of Technology , Andheri, Mumbai",,321524210,Computer Science and Engineering,State Level,State Common Entrance Test CellS,1652,99.3210803
03215,"Bhartiya Vidya Bhavan's Sardar Patel Institute  of Technology , Andheri, Mumbai",,321524210,Computer Science and Engineering,State Level,Cut Off List for Maharashtra & Minority Seats of CAP Round - III for the Admission to the First Year Under Graduate Technical Courses in Engineering and Technology (4 Years) &S,3519,98.6179074
03215,"Bhartiya Vidya Bhavan's Sardar Patel Institute  of Technology , Andheri, Mumbai",,321524210,Computer Science and Engineering,State Level,Master of Engineering and Technology (Integrated 5 Years) Admissions A.Y. 2023-24S,5802,97.7744446
03215,"Bhartiya Vidya Bhavan's Sardar Patel Institute  of Technology , Andheri, Mumbai",,321524210,Computer Science and Engineering,State Level,GOPENS,47987,79.7413145
03215,"Bhartiya Vidya Bhavan's Sardar Patel Institute  of Technology , Andheri, Mumbai",,321524210,Computer Science and Engineering,State Level,GSTS,2375,99.0540185
03215,"Bhartiya Vidya Bhavan's Sardar Patel Institute  of Technology , Andheri, Mumbai",,321524210,Computer Science and Engineering,State Level,VIIS,817,99.6420715
03215,"Bhartiya Vidya Bhavan's Sardar Patel Institute  of Technology , Andheri, Mumbai",,321524510,Computer Engineering,State Level,GOPENS,482,99.7711928
03215,"Bhartiya Vidya Bhavan's Sardar Patel Institute  of Technology , Andheri, Mumbai",,321524510,Computer Engineering,State Level,GSTS,21385,91.339765
03215,"Bhartiya Vidya Bhavan's Sardar Patel Institute  of Technology , Andheri, Mumbai",,321524510,Computer Engineering,State Level,GNT1S,4646,98.192048
03215,"Bhartiya Vidya Bhavan's Sardar Patel Institute  of Technology , Andheri, Mumbai",,321524510,Computer Engineering,State Level,GOBCS,1820,99.2573143
03215,"Bhartiya Vidya Bhavan's Sardar Patel Institute  of Technology , Andheri, Mumbai",,321524510,Computer Engineering,State Level,LOPENS,1385,99.4205516
03215,"Bhartiya Vidya Bhavan's Sardar Patel Institute  of Technology , Andheri, Mumbai",,321524510,Computer Engineering,State Level,LOBCS,3726,98.5506705
03215,"Bhartiya Vidya Bhavan's Sardar Patel Institute  of Technology , Andheri, Mumbai",,321524510,Computer Engineering,State Level,PWDOBCS,45696,80.8641005
03215,"Bhartiya Vidya Bhavan's Sardar Patel Institute  of Technology , Andheri, Mumbai",,321524510,Computer Engineering,State Level,TFWS,1252,99.469569
03215,"Bhartiya Vidya Bhavan's Sardar Patel Institute  of Technology , Andheri, Mumbai",,321524510,Computer Engineering,State Level,EWS,2214,99.1110278
03215,"Bhartiya Vidya Bhavan's Sardar Patel Institute  of Technology , Andheri, Mumbai",,321537210,Electronics and Telecommunication Engg,State Level,GOPENS,2121,99.1427282
03215,"Bhartiya Vidya Bhavan's Sardar Patel Institute  of Technology , Andheri, Mumbai",,321537210,Electronics and Telecommunication Engg,State Level,GSCS,10382,95.9457938
03215,"Bhartiya Vidya Bhavan's Sardar Patel Institute  of Technology , Andheri, Mumbai",,321537210,Electronics and Telecommunication Engg,State Level,GSTS,37751,84.3950599
03215,"Bhartiya Vidya Bhavan's Sardar Patel Institute  of Technology , Andheri, Mumbai",,321537210,Electronics and Telecommunication Engg,State Level,GNT2S,6188,97.620651
03215,"Bhartiya Vidya Bhavan's Sardar Patel Institute  of Technology , Andheri, Mumbai",,321537210,Electronics and Telecommunication Engg,State Level,GOBCS,2964,98.8487682
03215,"Bhartiya Vidya Bhavan's Sardar Patel Institute  of Technology , Andheri, Mumbai",,321537210,Electronics and Telecommunication Engg,State Level,LOPENS,2990,98.8256088
03215,"Bhartiya Vidya Bhavan's Sardar Patel Institute  of Technology , Andheri, Mumbai",,321537210,Electronics and Telecommunication Engg,State Level,LOBCS,7028,97.2746725
03215,"Bhartiya Vidya Bhavan's Sardar Patel Institute  of Technology , Andheri, Mumbai",,321537210,Electronics and Telecommunication Engg,State Level,EWS,4810,98.1450126
03216,"Gharda Foundation's Gharda Institute of Technology,Khed, Ratnagiri",,321619110,Civil Engineering,State Level,"Legends:Start Character G-General, L-Ladies, End Character H-Home University, O-Other than Home University, S-State LevelS",127802,22.6551453
03216,"Gharda Foundation's Gharda Institute of Technology,Khed, Ratnagiri",,321624510,Computer Engineering,State Level,TFWS,63394,71.8303504
03216,"Gharda Foundation's Gharda Institute of Technology,Khed, Ratnagiri",,321624510,Computer Engineering,State Level,EWS,57106,75.1687111
03216,"Gharda Foundation's Gharda Institute of Technology,Khed, Ratnagiri",,321637210,Electronics and Telecommunication Engg,State Level,"Legends:Start Character G-General, L-Ladies, End Character H-Home University, O-Other than Home University, S-State LevelS",73514,66.4309764
03216,"Gharda Foundation's Gharda Institute of Technology,Khed, Ratnagiri",,321637210,Electronics and Telecommunication Engg,State Level,Maharashtra State Seats - Cut Off Indicates State General Merit No. ; Figures in bracket Indicates MHT-CET PCM PercentileS,92904,53.8156961
03216,"Gharda Foundation's Gharda Institute of Technology,Khed, Ratnagiri",,321650710,Chemical Engineering,State Level,"Legends:Start Character G-General, L-Ladies, End Character H-Home University, O-Other than Home University, S-State LevelS",92018,54.6979992
03217,"Vighnaharata Trust's  Shivajirao S. Jondhale College of Engineering & Technology, Shahapur, Asangaon, Dist Thane",,321724510,Computer Engineering,State Level,DEFOPENS,44386,81.2344165
03217,"Vighnaharata Trust's  Shivajirao S. Jondhale College of Engineering & Technology, Shahapur, Asangaon, Dist Thane",,321724510,Computer Engineering,State Level,I-NonS,61313,73.2522683
03217,"Vighnaharata Trust's  Shivajirao S. Jondhale College of Engineering & Technology, Shahapur, Asangaon, Dist Thane",,321737210,Electronics and Telecommunication Engg,State Level,"Legends:Start Character G-General, L-Ladies, End Character H-Home University, O-Other than Home University, S-State LevelS",62387,72.394012
03217,"Vighnaharata Trust's  Shivajirao S. Jondhale College of Engineering & Technology, Shahapur, Asangaon, Dist Thane",,321737210,Electronics and Telecommunication Engg,State Level,Maharashtra State Seats - Cut Off Indicates State General Merit No. ; Figures in bracket Indicates MHT-CET PCM PercentileS,130947,18.7935787
03217,"Vighnaharata Trust's  Shivajirao S. Jondhale College of Engineering & Technology, Shahapur, Asangaon, Dist Thane",,321737210,Electronics and Telecommunication Engg,State Level,I-NonS,138249,8.8688138
03218,"Aldel Education Trust's St. John College of Engineering & Management, Vevoor, Palghar",,321891210,Computer Science and Engineering(Data Science),State Level,"Legends:Start Character G-General, L-Ladies, End Character H-Home University, O-Other than Home University, S-State LevelS",115172,36.029881
03218,"Aldel Education Trust's St. John College of Engineering & Management, Vevoor, Palghar",,321891210,Computer Science and Engineering(Data Science),State Level,Minority Seats Allotted to Maharashtra State Candidature CandidatesS,83276,60.750409
03219,"Koti Vidya Charitable Trust's  Smt. Alamuri Ratnamala Institute of Engineering and Technology,  Sapgaon, Tal. Shahapur",,321924510,Computer Engineering,State Level,"Legends:Start Character G-General, L-Ladies, End Character H-Home University, O-Other than Home University, S-State LevelS",143156,0.1743149
03219,"Koti Vidya Charitable Trust's  Smt. Alamuri Ratnamala Institute of Engineering and Technology,  Sapgaon, Tal. Shahapur",,321924510,Computer Engineering,State Level,Maharashtra State Seats - Cut Off Indicates State General Merit No. ; Figures in bracket Indicates MHT-CET PCM PercentileS,51788,78.0359147
03219,"Koti Vidya Charitable Trust's  Smt. Alamuri Ratnamala Institute of Engineering and Technology,  Sapgaon, Tal. Shahapur",,321924510,Computer Engineering,State Level,Minority Seats Allotted to Maharashtra State Candidature CandidatesS,140015,6.1601411
03219,"Koti Vidya Charitable Trust's  Smt. Alamuri Ratnamala Institute of Engineering and Technology,  Sapgaon, Tal. Shahapur",,321991110,Computer Science and Engineering(Artificial Intelligence and Machine Learning),State Level,"Legends:Start Character G-General, L-Ladies, End Character H-Home University, O-Other than Home University, S-State LevelS",109230,41.0926455
03219,"Koti Vidya Charitable Trust's  Smt. Alamuri Ratnamala Institute of Engineering and Technology,  Sapgaon, Tal. Shahapur",,321991110,Computer Science and Engineering(Artificial Intelligence and Machine Learning),State Level,Maharashtra State Seats - Cut Off Indicates State General Merit No. ; Figures in bracket Indicates MHT-CET PCM PercentileS,68377,69.3042857
03219,"Koti Vidya Charitable Trust's  Smt. Alamuri Ratnamala Institute of Engineering and Technology,  Sapgaon, Tal. Shahapur",,321991110,Computer Science and Engineering(Artificial Intelligence and Machine Learning),State Level,Minority Seats Allotted to Maharashtra State Candidature CandidatesS,142414,1.7641743
03220,Yadavrao Tasgaonkar College of Engineering & Management,,322024510,Computer Engineering,State Level,"Legends:Start Character G-General, L-Ladies, End Character H-Home University, O-Other than Home University, S-State LevelS",111182,39.7875296
03220,Yadavrao Tasgaonkar College of Engineering & Management,,322024510,Computer Engineering,State Level,I-NonS,107043,43.1162283
03220,Yadavrao Tasgaonkar College of Engineering & Management,,322024610,Information Technology,State Level,"Legends:Start Character G-General, L-Ladies, End Character H-Home University, O-Other than Home University, S-State LevelS",114974,36.029881
03220,Yadavrao Tasgaonkar College of Engineering & Management,,322024610,Information Technology,State Level,I-NonS,99222,49.4761567
03220,Yadavrao Tasgaonkar College of Engineering & Management,,322025210,Cyber Security,State Level,"Legends:Start Character G-General, L-Ladies, End Character H-Home University, O-Other than Home University, S-State LevelS",53184,76.9213416
03220,Yadavrao Tasgaonkar College of Engineering & Management,,322025210,Cyber Security,State Level,Maharashtra State Seats - Cut Off Indicates State General Merit No. ; Figures in bracket Indicates MHT-CET PCM PercentileS,113443,37.1297299
03220,Yadavrao Tasgaonkar College of Engineering & Management,,322092110,Artificial Intelligence and Machine Learning,State Level,"Legends:Start Character G-General, L-Ladies, End Character H-Home University, O-Other than Home University, S-State LevelS",98995,49.5548073
03221,"Late Shri. Vishnu Waman Thakur Charitable Trust, Viva Institute of Technology, Shirgaon",,322124510,Computer Engineering,State Level,"Legends:Start Character G-General, L-Ladies, End Character H-Home University, O-Other than Home University, S-State LevelS",71080,67.711928
03221,"Late Shri. Vishnu Waman Thakur Charitable Trust, Viva Institute of Technology, Shirgaon",,322124510,Computer Engineering,State Level,I-NonS,32777,86.3770498
03221,"Late Shri. Vishnu Waman Thakur Charitable Trust, Viva Institute of Technology, Shirgaon",,322129310,Electrical Engineering,State Level,"Legends:Start Character G-General, L-Ladies, End Character H-Home University, O-Other than Home University, S-State LevelS",123847,26.9098391
03221,"Late Shri. Vishnu Waman Thakur Charitable Trust, Viva Institute of Technology, Shirgaon",,322137210,Electronics and Telecommunication Engg,State Level,DEFOPENS,134609,13.8442673
03221,"Late Shri. Vishnu Waman Thakur Charitable Trust, Viva Institute of Technology, Shirgaon",,322191110,Computer Science and Engineering(Artificial Intelligence and Machine Learning),State Level,"Legends:Start Character G-General, L-Ladies, End Character H-Home University, O-Other than Home University, S-State LevelS",130486,19.1048437
03221,"Late Shri. Vishnu Waman Thakur Charitable Trust, Viva Institute of Technology, Shirgaon",,322191110,Computer Science and Engineering(Artificial Intelligence and Machine Learning),State Level,I-NonS,63263,71.9809302
03222,"Haji Jamaluddin Thim Trust's Theem College of Engineering, At. Villege Betegaon, Boisar",,322224510,Computer Engineering,State Level,"Legends:Start Character G-General, L-Ladies, End Character H-Home University, O-Other than Home University, S-State LevelS",115176,36.029881
03222,"Haji Jamaluddin Thim Trust's Theem College of Engineering, At. Villege Betegaon, Boisar",,322224610,Information Technology,State Level,"Legends:Start Character G-General, L-Ladies, End Character H-Home University, O-Other than Home University, S-State LevelS",115275,36.029881
03222,"Haji Jamaluddin Thim Trust's Theem College of Engineering, At. Villege Betegaon, Boisar",,322224610,Information Technology,State Level,Maharashtra State Seats - Cut Off Indicates State General Merit No. ; Figures in bracket Indicates MHT-CET PCM PercentileS,12665,95.0617284
03222,"Haji Jamaluddin Thim Trust's Theem College of Engineering, At. Villege Betegaon, Boisar",,322224610,Information Technology,State Level,Minority Seats Allotted to Maharashtra State Candidature CandidatesS,103004,46.4499379
03222,"Haji Jamaluddin Thim Trust's Theem College of Engineering, At. Villege Betegaon, Boisar",,322260210,Automobile Engineering,State Level,MI,140198,5.3729884
03222,"Haji Jamaluddin Thim Trust's Theem College of Engineering, At. Villege Betegaon, Boisar",,322291110,Computer Science and Engineering(Artificial Intelligence and Machine Learning),State Level,"Legends:Start Character G-General, L-Ladies, End Character H-Home University, O-Other than Home University, S-State LevelS",126456,24.0591998
03222,"Haji Jamaluddin Thim Trust's Theem College of Engineering, At. Villege Betegaon, Boisar",,322291110,Computer Science and Engineering(Artificial Intelligence and Machine Learning),State Level,Maharashtra State Seats - Cut Off Indicates State General Merit No. ; Figures in bracket Indicates MHT-CET PCM PercentileS,65115,71.2687819
03222,"Haji Jamaluddin Thim Trust's Theem College of Engineering, At. Villege Betegaon, Boisar",,322291110,Computer Science and Engineering(Artificial Intelligence and Machine Learning),State Level,Minority Seats Allotted to Maharashtra State Candidature CandidatesS,126311,24.1305891
03223,"Mahatma Education Society's Pillai HOC College of Engineering & Technology, Tal. Khalapur. Dist. Raigad",,322324510,Computer Engineering,State Level,"Legends:Start Character G-General, L-Ladies, End Character H-Home University, O-Other than Home University, S-State LevelS",27051,88.9154021
03223,"Mahatma Education Society's Pillai HOC College of Engineering & Technology, Tal. Khalapur. Dist. Raigad",,322324510,Computer Engineering,State Level,Minority Seats Allotted to Maharashtra State Candidature CandidatesS,41580,82.4443082
03223,"Mahatma Education Society's Pillai HOC College of Engineering & Technology, Tal. Khalapur. Dist. Raigad",,322324610,Information Technology,State Level,"Legends:Start Character G-General, L-Ladies, End Character H-Home University, O-Other than Home University, S-State LevelS",49588,78.7120349
03223,"Mahatma Education Society's Pillai HOC College of Engineering & Technology, Tal. Khalapur. Dist. Raigad",,322324610,Information Technology,State Level,Minority Seats Allotted to Maharashtra State Candidature CandidatesS,46517,80.2375547
03223,"Mahatma Education Society's Pillai HOC College of Engineering & Technology, Tal. Khalapur. Dist. Raigad",,322392610,Electrical and Computer Engineering,State Level,"Legends:Start Character G-General, L-Ladies, End Character H-Home University, O-Other than Home University, S-State LevelS",49810,78.5775598
03223,"Mahatma Education Society's Pillai HOC College of Engineering & Technology, Tal. Khalapur. Dist. Raigad",,322392610,Electrical and Computer Engineering,State Level,Minority Seats Allotted to Maharashtra State Candidature CandidatesS,90930,55.4490884
03224,"Leela Education Society, G.V. Acharya Institute of Engineering and Technology, Shelu, Karjat",,322424510,Computer Engineering,State Level,"Legends:Start Character G-General, L-Ladies, End Character H-Home University, O-Other than Home University, S-State LevelS",100862,47.6387427
03224,"Leela Education Society, G.V. Acharya Institute of Engineering and Technology, Shelu, Karjat",,322491110,Computer Science and Engineering(Artificial Intelligence and Machine Learning),State Level,"Legends:Start Character G-General, L-Ladies, End Character H-Home University, O-Other than Home University, S-State LevelS",108536,42.4233825
03224,"Leela Education Society, G.V. Acharya Institute of Engineering and Technology, Shelu, Karjat",,322491110,Computer Science and Engineering(Artificial Intelligence and Machine Learning),State Level,Maharashtra State Seats - Cut Off Indicates State General Merit No. ; Figures in bracket Indicates MHT-CET PCM PercentileS,138698,7.7808076
03224,"Leela Education Society, G.V. Acharya Institute of Engineering and Technology, Shelu, Karjat",,322491110,Computer Science and Engineering(Artificial Intelligence and Machine Learning),State Level,I-NonS,93920,53.1660451
03224,"Leela Education Society, G.V. Acharya Institute of Engineering and Technology, Shelu, Karjat",,322492010,Computer Science and Engineering (Internet of Things and Cyber Security Including Block Chain,State Level,"Legends:Start Character G-General, L-Ladies, End Character H-Home University, O-Other than Home University, S-State LevelS",132444,16.9363708
03277,"Shree Shankar Narayan Education Trust,Pravin Patil College of Diploma Engg. & Technology, Bhayinder (E) Western Rly",,327724610,Information Technology,State Level,"Legends:Start Character G-General, L-Ladies, End Character H-Home University, O-Other than Home University, S-State LevelS",46022,80.6210251
03277,"Shree Shankar Narayan Education Trust,Pravin Patil College of Diploma Engg. & Technology, Bhayinder (E) Western Rly",,327735610,Electrical Engg[Electronics and Power],State Level,"Legends:Start Character G-General, L-Ladies, End Character H-Home University, O-Other than Home University, S-State LevelS",88832,56.7366842
03277,"Shree Shankar Narayan Education Trust,Pravin Patil College of Diploma Engg. & Technology, Bhayinder (E) Western Rly",,327793510,Electronics and Biomedical Engineering,State Level,TFWS,95887,52.2415622
03277,"Shree Shankar Narayan Education Trust,Pravin Patil College of Diploma Engg. & Technology, Bhayinder (E) Western Rly",,327793510,Electronics and Biomedical Engineering,State Level,EWS,109177,41.1609401
03351,"Bharat College of Engineering, Kanhor, Badlapur(W)",,335124510,Computer Engineering,State Level,"Legends:Start Character G-General, L-Ladies, End Character H-Home University, O-Other than Home University, S-State LevelS",65047,71.2687819
03351,"Bharat College of Engineering, Kanhor, Badlapur(W)",,335124510,Computer Engineering,State Level,Maharashtra State Seats - Cut Off Indicates State General Merit No. ; Figures in bracket Indicates MHT-CET PCM PercentileS,81119,61.6397637
03351,"Bharat College of Engineering, Kanhor, Badlapur(W)",,335124510,Computer Engineering,State Level,I-NonS,53931,76.839044
03351,"Bharat College of Engineering, Kanhor, Badlapur(W)",,335191110,Computer Science and Engineering(Artificial Intelligence and Machine Learning),State Level,"Legends:Start Character G-General, L-Ladies, End Character H-Home University, O-Other than Home University, S-State LevelS",71370,67.5703113
03351,"Bharat College of Engineering, Kanhor, Badlapur(W)",,335191110,Computer Science and Engineering(Artificial Intelligence and Machine Learning),State Level,Maharashtra State Seats - Cut Off Indicates State General Merit No. ; Figures in bracket Indicates MHT-CET PCM PercentileS,131109,18.4453326
03351,"Bharat College of Engineering, Kanhor, Badlapur(W)",,335191110,Computer Science and Engineering(Artificial Intelligence and Machine Learning),State Level,I-NonS,83218,60.750409
03353,"Dilkap Research Institute Of Engineering and Management Studies, At.Mamdapur, Post- Neral, Tal- Karjat,  Mumbai",,335324510,Computer Engineering,State Level,"Legends:Start Character G-General, L-Ladies, End Character H-Home University, O-Other than Home University, S-State LevelS",91379,55.2709127
03353,"Dilkap Research Institute Of Engineering and Management Studies, At.Mamdapur, Post- Neral, Tal- Karjat,  Mumbai",,335324510,Computer Engineering,State Level,I-NonS,97335,50.6107355
03353,"Dilkap Research Institute Of Engineering and Management Studies, At.Mamdapur, Post- Neral, Tal- Karjat,  Mumbai",,335324610,Information Technology,State Level,"Legends:Start Character G-General, L-Ladies, End Character H-Home University, O-Other than Home University, S-State LevelS",99662,49.2213366
03353,"Dilkap Research Institute Of Engineering and Management Studies, At.Mamdapur, Post- Neral, Tal- Karjat,  Mumbai",,335324610,Information Technology,State Level,Maharashtra State Seats - Cut Off Indicates State General Merit No. ; Figures in bracket Indicates MHT-CET PCM PercentileS,108153,42.5530244
03353,"Dilkap Research Institute Of Engineering and Management Studies, At.Mamdapur, Post- Neral, Tal- Karjat,  Mumbai",,335324610,Information Technology,State Level,I-NonS,127710,22.6551453
03353,"Dilkap Research Institute Of Engineering and Management Studies, At.Mamdapur, Post- Neral, Tal- Karjat,  Mumbai",,335392110,Artificial Intelligence and Machine Learning,State Level,"Legends:Start Character G-General, L-Ladies, End Character H-Home University, O-Other than Home University, S-State LevelS",94880,52.5567137
03423,"Shree L.R. Tiwari College of Engineering, Mira Road, Mumbai",,342324510,Computer Engineering,State Level,"Legends:Start Character G-General, L-Ladies, End Character H-Home University, O-Other than Home University, S-State LevelS",43365,81.855593
03423,"Shree L.R. Tiwari College of Engineering, Mira Road, Mumbai",,342324510,Computer Engineering,State Level,Maharashtra State Seats - Cut Off Indicates State General Merit No. ; Figures in bracket Indicates MHT-CET PCM PercentileS,24242,90.1789743
03423,"Shree L.R. Tiwari College of Engineering, Mira Road, Mumbai",,342324610,Information Technology,State Level,"Legends:Start Character G-General, L-Ladies, End Character H-Home University, O-Other than Home University, S-State LevelS",57438,75.1476841
03423,"Shree L.R. Tiwari College of Engineering, Mira Road, Mumbai",,342324610,Information Technology,State Level,Maharashtra State Seats - Cut Off Indicates State General Merit No. ; Figures in bracket Indicates MHT-CET PCM PercentileS,27723,88.6736154
03423,"Shree L.R. Tiwari College of Engineering, Mira Road, Mumbai",,342337210,Electronics and Telecommunication Engg,State Level,"Legends:Start Character G-General, L-Ladies, End Character H-Home University, O-Other than Home University, S-State LevelS",95029,52.5521047
03423,"Shree L.R. Tiwari College of Engineering, Mira Road, Mumbai",,342390010,Electronics and Computer Science,State Level,MI,72239,67.1534217
03436,"B.R. Harne College of Engineering & Technology, Karav, Tal-Ambernath.",,343624510,Computer Engineering,State Level,"Legends:Start Character G-General, L-Ladies, End Character H-Home University, O-Other than Home University, S-State LevelS",77721,63.973064
03436,"B.R. Harne College of Engineering & Technology, Karav, Tal-Ambernath.",,343624510,Computer Engineering,State Level,Maharashtra State Seats - Cut Off Indicates State General Merit No. ; Figures in bracket Indicates MHT-CET PCM PercentileS,81972,61.432847
03436,"B.R. Harne College of Engineering & Technology, Karav, Tal-Ambernath.",,343624510,Computer Engineering,State Level,I-NonS,82037,61.2935921
03436,"B.R. Harne College of Engineering & Technology, Karav, Tal-Ambernath.",,343624510,Computer Engineering,State Level,VIIS,94665,52.5567137
03436,"B.R. Harne College of Engineering & Technology, Karav, Tal-Ambernath.",,343691110,Computer Science and Engineering(Artificial Intelligence and Machine Learning),State Level,"Legends:Start Character G-General, L-Ladies, End Character H-Home University, O-Other than Home University, S-State LevelS",84030,59.9156802
03436,"B.R. Harne College of Engineering & Technology, Karav, Tal-Ambernath.",,343691110,Computer Science and Engineering(Artificial Intelligence and Machine Learning),State Level,I-NonS,114560,36.3578395
03439,"Anjuman-I-Islam's Kalsekar Technical Campus, Panvel",,343919110,Civil Engineering,State Level,"Legends:Start Character G-General, L-Ladies, End Character H-Home University, O-Other than Home University, S-State LevelS",112148,38.992574
03439,"Anjuman-I-Islam's Kalsekar Technical Campus, Panvel",,343924510,Computer Engineering,State Level,MI,44275,81.2344165
03439,"Anjuman-I-Islam's Kalsekar Technical Campus, Panvel",,343929310,Electrical Engineering,State Level,MI,104757,44.6898706
03439,"Anjuman-I-Islam's Kalsekar Technical Campus, Panvel",,343929310,Electrical Engineering,State Level,TFWS,124108,26.775031
03439,"Anjuman-I-Islam's Kalsekar Technical Campus, Panvel",,343961210,Mechanical Engineering,State Level,"Legends:Start Character G-General, L-Ladies, End Character H-Home University, O-Other than Home University, S-State LevelS",134488,13.9344262
03439,"Anjuman-I-Islam's Kalsekar Technical Campus, Panvel",,343990010,Electronics and Computer Science,State Level,MI,77317,64.0952985
03440,"Metropolitan Institute of Technology & Management, Sukhalwad, Sindhudurg.",,344024510,Computer Engineering,State Level,"Legends:Start Character G-General, L-Ladies, End Character H-Home University, O-Other than Home University, S-State LevelS",84282,59.9156802
03445,"Vishwatmak Jangli Maharaj Ashram Trust (Kokamthan), Atma Malik Institute Of Technology & Research",,344524510,Computer Engineering,State Level,"Legends:Start Character G-General, L-Ladies, End Character H-Home University, O-Other than Home University, S-State LevelS",90082,55.8997381
03445,"Vishwatmak Jangli Maharaj Ashram Trust (Kokamthan), Atma Malik Institute Of Technology & Research",,344524510,Computer Engineering,State Level,Maharashtra State Seats - Cut Off Indicates State General Merit No. ; Figures in bracket Indicates MHT-CET PCM PercentileS,136031,11.7198075
03447,"G.M.Vedak Institute of Technology, Tala, Raigad.",,344724510,Computer Engineering,State Level,DEFOPENS,91511,55.2709127
03447,"G.M.Vedak Institute of Technology, Tala, Raigad.",,344724510,Computer Engineering,State Level,TFWS,138576,8.1440818
03447,"G.M.Vedak Institute of Technology, Tala, Raigad.",,344724510,Computer Engineering,State Level,I-NonS,130507,19.1048437
03460,"Universal College of Engineering,Kaman Dist. Palghar",,346024510,Computer Engineering,State Level,"Legends:Start Character G-General, L-Ladies, End Character H-Home University, O-Other than Home University, S-State LevelS",133146,15.931529
03460,"Universal College of Engineering,Kaman Dist. Palghar",,346024510,Computer Engineering,State Level,Maharashtra State Seats - Cut Off Indicates State General Merit No. ; Figures in bracket Indicates MHT-CET PCM PercentileS,34867,85.4752553
03460,"Universal College of Engineering,Kaman Dist. Palghar",,346024510,Computer Engineering,State Level,Minority Seats Allotted to Maharashtra State Candidature CandidatesS,50244,78.4161664
03460,"Universal College of Engineering,Kaman Dist. Palghar",,346092110,Artificial Intelligence and Machine Learning,State Level,"Legends:Start Character G-General, L-Ladies, End Character H-Home University, O-Other than Home University, S-State LevelS",113908,36.6068088
03460,"Universal College of Engineering,Kaman Dist. Palghar",,346092110,Artificial Intelligence and Machine Learning,State Level,Minority Seats Allotted to Maharashtra State Candidature CandidatesS,83547,59.9249812
03465,"Ideal Institute of Technology, Wada, Dist.Thane",,346524210,Computer Science and Engineering,State Level,"Legends:Start Character G-General, L-Ladies, End Character H-Home University, O-Other than Home University, S-State LevelS",73732,66.3914919
03465,"Ideal Institute of Technology, Wada, Dist.Thane",,346524210,Computer Science and Engineering,State Level,Maharashtra State Seats - Cut Off Indicates State General Merit No. ; Figures in bracket Indicates MHT-CET PCM PercentileS,116183,35.1345873
03465,"Ideal Institute of Technology, Wada, Dist.Thane",,346524210,Computer Science and Engineering,State Level,I-NonS,67966,69.597699
03465,"Ideal Institute of Technology, Wada, Dist.Thane",,346537210,Electronics and Telecommunication Engg,State Level,"Legends:Start Character G-General, L-Ladies, End Character H-Home University, O-Other than Home University, S-State LevelS",132326,17.0292573
03467,"Vishwaniketan's Institute of Management Entrepreneurship and Engineering Technology(i MEET), Khalapur Dist Raigad",,346724510,Computer Engineering,State Level,"Legends:Start Character G-General, L-Ladies, End Character H-Home University, O-Other than Home University, S-State LevelS",29609,87.9332333
03467,"Vishwaniketan's Institute of Management Entrepreneurship and Engineering Technology(i MEET), Khalapur Dist Raigad",,346724510,Computer Engineering,State Level,I-NonS,52622,77.4241933
03467,"Vishwaniketan's Institute of Management Entrepreneurship and Engineering Technology(i MEET), Khalapur Dist Raigad",,346729310,Electrical Engineering,State Level,"Legends:Start Character G-General, L-Ladies, End Character H-Home University, O-Other than Home University, S-State LevelS",115047,36.029881
03467,"Vishwaniketan's Institute of Management Entrepreneurship and Engineering Technology(i MEET), Khalapur Dist Raigad",,346737210,Electronics and Telecommunication Engg,State Level,"Legends:Start Character G-General, L-Ladies, End Character H-Home University, O-Other than Home University, S-State LevelS",91289,55.2985075
03467,"Vishwaniketan's Institute of Management Entrepreneurship and Engineering Technology(i MEET), Khalapur Dist Raigad",,346737210,Electronics and Telecommunication Engg,State Level,I-NonS,94327,52.7422372
03467,"Vishwaniketan's Institute of Management Entrepreneurship and Engineering Technology(i MEET), Khalapur Dist Raigad",,346791110,Computer Science and Engineering(Artificial Intelligence and Machine Learning),State Level,DEFOPENS,56754,75.1725431
03467,"Vishwaniketan's Institute of Management Entrepreneurship and Engineering Technology(i MEET), Khalapur Dist Raigad",,346791110,Computer Science and Engineering(Artificial Intelligence and Machine Learning),State Level,TFWS,86016,58.7124464
03467,"Vishwaniketan's Institute of Management Entrepreneurship and Engineering Technology(i MEET), Khalapur Dist Raigad",,346791110,Computer Science and Engineering(Artificial Intelligence and Machine Learning),State Level,I-NonS,54409,76.7173434
03470,YASHWANTRAO BHONSALE INSTITUTE OF TECHNOLOGY,,347024210,Computer Science and Engineering,State Level,"Legends:Start Character G-General, L-Ladies, End Character H-Home University, O-Other than Home University, S-State LevelS",71274,67.5703113
03470,YASHWANTRAO BHONSALE INSTITUTE OF TECHNOLOGY,,347024210,Computer Science and Engineering,State Level,Maharashtra State Seats - Cut Off Indicates State General Merit No. ; Figures in bracket Indicates MHT-CET PCM PercentileS,97611,50.2663166
03470,YASHWANTRAO BHONSALE INSTITUTE OF TECHNOLOGY,,347024210,Computer Science and Engineering,State Level,I-NonS,89723,55.9130075
03470,YASHWANTRAO BHONSALE INSTITUTE OF TECHNOLOGY,,347024510,Computer Engineering,State Level,"Legends:Start Character G-General, L-Ladies, End Character H-Home University, O-Other than Home University, S-State LevelS",129589,20.3198986
03470,YASHWANTRAO BHONSALE INSTITUTE OF TECHNOLOGY,,347024510,Computer Engineering,State Level,Maharashtra State Seats - Cut Off Indicates State General Merit No. ; Figures in bracket Indicates MHT-CET PCM PercentileS,139222,7.5516424
03470,YASHWANTRAO BHONSALE INSTITUTE OF TECHNOLOGY,,347024510,Computer Engineering,State Level,I-NonS,129822,20.1485207
03470,YASHWANTRAO BHONSALE INSTITUTE OF TECHNOLOGY,,347061210,Mechanical Engineering,State Level,TFWS,46519,80.2375547
03471,"New Horizon Institute of Technology & Management, Thane",,347119110,Civil Engineering,State Level,"Legends:Start Character G-General, L-Ladies, End Character H-Home University, O-Other than Home University, S-State LevelS",95593,52.2466614
03471,"New Horizon Institute of Technology & Management, Thane",,347124510,Computer Engineering,State Level,EWS,49388,78.8754662
03471,"New Horizon Institute of Technology & Management, Thane",,347125710,Computer Science and Design,State Level,"Legends:Start Character G-General, L-Ladies, End Character H-Home University, O-Other than Home University, S-State LevelS",53241,76.9213416
03471,"New Horizon Institute of Technology & Management, Thane",,347125710,Computer Science and Design,State Level,Maharashtra State Seats - Cut Off Indicates State General Merit No. ; Figures in bracket Indicates MHT-CET PCM PercentileS,58382,74.8671904
03471,"New Horizon Institute of Technology & Management, Thane",,347161210,Mechanical Engineering,State Level,EWS,114047,36.5842646
03475,"A. P. Shah Institute of Technology, Thane",,347524510,Computer Engineering,State Level,"Legends:Start Character G-General, L-Ladies, End Character H-Home University, O-Other than Home University, S-State LevelS",134709,13.6087239
03475,"A. P. Shah Institute of Technology, Thane",,347524510,Computer Engineering,State Level,Minority Seats Allotted to Maharashtra State Candidature CandidatesS,27662,88.6736154
03475,"A. P. Shah Institute of Technology, Thane",,347524610,Information Technology,State Level,"Legends:Start Character G-General, L-Ladies, End Character H-Home University, O-Other than Home University, S-State LevelS",118451,32.4663078
03475,"A. P. Shah Institute of Technology, Thane",,347524610,Information Technology,State Level,Maharashtra State Seats - Cut Off Indicates State General Merit No. ; Figures in bracket Indicates MHT-CET PCM PercentileS,27499,88.7938441
03475,"A. P. Shah Institute of Technology, Thane",,347524610,Information Technology,State Level,Minority Seats Allotted to Maharashtra State Candidature CandidatesS,37568,84.4304792
03475,"A. P. Shah Institute of Technology, Thane",,347591110,Computer Science and Engineering(Artificial Intelligence and Machine Learning),State Level,"Legends:Start Character G-General, L-Ladies, End Character H-Home University, O-Other than Home University, S-State LevelS",119192,32.3095051
03475,"A. P. Shah Institute of Technology, Thane",,347591110,Computer Science and Engineering(Artificial Intelligence and Machine Learning),State Level,Minority Seats Allotted to Maharashtra State Candidature CandidatesS,34648,85.6187666
03475,"A. P. Shah Institute of Technology, Thane",,347591210,Computer Science and Engineering(Data Science),State Level,"Legends:Start Character G-General, L-Ladies, End Character H-Home University, O-Other than Home University, S-State LevelS",33062,86.3437564
03475,"A. P. Shah Institute of Technology, Thane",,347591210,Computer Science and Engineering(Data Science),State Level,Maharashtra State Seats - Cut Off Indicates State General Merit No. ; Figures in bracket Indicates MHT-CET PCM PercentileS,28125,88.5133125
03475,"A. P. Shah Institute of Technology, Thane",,347591210,Computer Science and Engineering(Data Science),State Level,Minority Seats Allotted to Maharashtra State Candidature CandidatesS,43821,81.4853713
03477,"Chhartrapati Shivaji Maharaj Institute of Technology, Shedung, Panvel",,347724510,Computer Engineering,State Level,"Legends:Start Character G-General, L-Ladies, End Character H-Home University, O-Other than Home University, S-State LevelS",48336,79.5863208
03477,"Chhartrapati Shivaji Maharaj Institute of Technology, Shedung, Panvel",,347724510,Computer Engineering,State Level,Maharashtra State Seats - Cut Off Indicates State General Merit No. ; Figures in bracket Indicates MHT-CET PCM PercentileS,79433,62.7344336
03477,"Chhartrapati Shivaji Maharaj Institute of Technology, Shedung, Panvel",,347724510,Computer Engineering,State Level,I-NonS,46228,80.4126032
03503,"Indala College Of Engineering, Bapsai Tal.Kalyan",,350324510,Computer Engineering,State Level,"Legends:Start Character G-General, L-Ladies, End Character H-Home University, O-Other than Home University, S-State LevelS",64786,71.3590844
03503,"Indala College Of Engineering, Bapsai Tal.Kalyan",,350324510,Computer Engineering,State Level,Maharashtra State Seats - Cut Off Indicates State General Merit No. ; Figures in bracket Indicates MHT-CET PCM PercentileS,73220,66.6716379
03503,"Indala College Of Engineering, Bapsai Tal.Kalyan",,350324610,Information Technology,State Level,"Legends:Start Character G-General, L-Ladies, End Character H-Home University, O-Other than Home University, S-State LevelS",106409,43.5071268
03503,"Indala College Of Engineering, Bapsai Tal.Kalyan",,350324610,Information Technology,State Level,I-NonS,89848,55.9130075
03503,"Indala College Of Engineering, Bapsai Tal.Kalyan",,350324610,Information Technology,State Level,VIIS,82567,60.9799222
04004,"Government College of Engineering, Chandrapur",,400419110,Civil Engineering,State Level,"Legends:Start Character G-General, L-Ladies, End Character H-Home University, O-Other than Home University, S-State LevelS",115949,35.1726957
04004,"Government College of Engineering, Chandrapur",,400424210,Computer Science and Engineering,State Level,"Legends:Start Character G-General, L-Ladies, End Character H-Home University, O-Other than Home University, S-State LevelS",42651,82.2034564
04004,"Government College of Engineering, Chandrapur",,400424210,Computer Science and Engineering,State Level,Maharashtra State Seats - Cut Off Indicates State General Merit No. ; Figures in bracket Indicates MHT-CET PCM PercentileS,27651,88.6736154
04004,"Government College of Engineering, Chandrapur",,400424210,Computer Science and Engineering,State Level,DS,33809,86.0518493
04004,"Government College of Engineering, Chandrapur",,400429310,Electrical Engineering,State Level,"Legends:Start Character G-General, L-Ladies, End Character H-Home University, O-Other than Home University, S-State LevelS",123065,27.6545345
04004,"Government College of Engineering, Chandrapur",,400429310,Electrical Engineering,State Level,VIIS,70667,67.9544349
04004,"Government College of Engineering, Chandrapur",,400437210,Electronics and Telecommunication Engg,State Level,"Legends:Start Character G-General, L-Ladies, End Character H-Home University, O-Other than Home University, S-State LevelS",30691,87.3774785
04004,"Government College of Engineering, Chandrapur",,400437210,Electronics and Telecommunication Engg,State Level,I-NonS,40189,83.348395
04004,"Government College of Engineering, Chandrapur",,400437210,Electronics and Telecommunication Engg,State Level,VIIS,42912,82.1650299
04004,"Government College of Engineering, Chandrapur",,400446610,Instrumentation Engineering,State Level,"Legends:Start Character G-General, L-Ladies, End Character H-Home University, O-Other than Home University, S-State LevelS",76665,64.4512569
04004,"Government College of Engineering, Chandrapur",,400446610,Instrumentation Engineering,State Level,I-NonS,73488,66.4309764
04004,"Government College of Engineering, Chandrapur",,400461210,Mechanical Engineering,State Level,"Legends:Start Character G-General, L-Ladies, End Character H-Home University, O-Other than Home University, S-State LevelS",100100,49.0455617
04004,"Government College of Engineering, Chandrapur",,400461210,Mechanical Engineering,State Level,Maharashtra State Seats - Cut Off Indicates State General Merit No. ; Figures in bracket Indicates MHT-CET PCM PercentileS,142590,1.4227261
04004,"Government College of Engineering, Chandrapur",,400461210,Mechanical Engineering,State Level,I-NonS,65377,71.1698646
04004,"Government College of Engineering, Chandrapur",,400461210,Mechanical Engineering,State Level,VIIS,95509,52.2466614
04005,"Laxminarayan Institute of Technology, Nagpur",,400550710,Chemical Engineering,State Level,"Legends:Start Character G-General, L-Ladies, End Character H-Home University, O-Other than Home University, S-State LevelS",29637,87.9332333
04005,"Laxminarayan Institute of Technology, Nagpur",,400550710,Chemical Engineering,State Level,VIIS,11361,95.5823293
04005,"Laxminarayan Institute of Technology, Nagpur",,400552810,Petro Chemical Technology,State Level,"Legends:Start Character G-General, L-Ladies, End Character H-Home University, O-Other than Home University, S-State LevelS",76281,64.4805659
04005,"Laxminarayan Institute of Technology, Nagpur",,400552910,Oil Technology,State Level,"Legends:Start Character G-General, L-Ladies, End Character H-Home University, O-Other than Home University, S-State LevelS",78752,63.3857031
04005,"Laxminarayan Institute of Technology, Nagpur",,400552910,Oil Technology,State Level,I-NonS,38836,83.878077
04005,"Laxminarayan Institute of Technology, Nagpur",,400572910,Surface Coating Technology,State Level,EWS,67642,69.6572694
04025,"Government College of Engineering, Nagpur",,402519110,Civil Engineering,State Level,"Legends:Start Character G-General, L-Ladies, End Character H-Home University, O-Other than Home University, S-State LevelS",78648,63.6508999
04025,"Government College of Engineering, Nagpur",,402519110,Civil Engineering,State Level,I-NonS,47276,79.8081214
04025,"Government College of Engineering, Nagpur",,402519110,Civil Engineering,State Level,VIIS,58523,74.4658288
04025,"Government College of Engineering, Nagpur",,402524210,Computer Science and Engineering,State Level,"Legends:Start Character G-General, L-Ladies, End Character H-Home University, O-Other than Home University, S-State LevelS",11389,95.5655931
04025,"Government College of Engineering, Nagpur",,402524210,Computer Science and Engineering,State Level,VIIS,9065,96.4856831
04025,"Government College of Engineering, Nagpur",,402529310,Electrical Engineering,State Level,"Legends:Start Character G-General, L-Ladies, End Character H-Home University, O-Other than Home University, S-State LevelS",86003,58.7124464
04025,"Government College of Engineering, Nagpur",,402529310,Electrical Engineering,State Level,Maharashtra State Seats - Cut Off Indicates State General Merit No. ; Figures in bracket Indicates MHT-CET PCM PercentileS,116113,35.1726957
04025,"Government College of Engineering, Nagpur",,402529310,Electrical Engineering,State Level,DS,50633,78.3430016
04025,"Government College of Engineering, Nagpur",,402537210,Electronics and Telecommunication Engg,State Level,"Legends:Start Character G-General, L-Ladies, End Character H-Home University, O-Other than Home University, S-State LevelS",96694,51.0567213
04025,"Government College of Engineering, Nagpur",,402561210,Mechanical Engineering,State Level,"Legends:Start Character G-General, L-Ladies, End Character H-Home University, O-Other than Home University, S-State LevelS",62730,72.3082536
04025,"Government College of Engineering, Nagpur",,402561210,Mechanical Engineering,State Level,I-NonS,44059,81.2345291
04104,"Kavi Kulguru Institute of Technology & Science, Ramtek",,410419110,Civil Engineering,State Level,"Legends:Start Character G-General, L-Ladies, End Character H-Home University, O-Other than Home University, S-State LevelS",136192,11.4340144
04104,"Kavi Kulguru Institute of Technology & Science, Ramtek",,410424610,Information Technology,State Level,"Legends:Start Character G-General, L-Ladies, End Character H-Home University, O-Other than Home University, S-State LevelS",99096,49.4761567
04104,"Kavi Kulguru Institute of Technology & Science, Ramtek",,410424610,Information Technology,State Level,I-NonS,48504,79.520817
04104,"Kavi Kulguru Institute of Technology & Science, Ramtek",,410425110,Computer Technology,State Level,"Legends:Start Character G-General, L-Ladies, End Character H-Home University, O-Other than Home University, S-State LevelS",55813,75.8958975
04104,"Kavi Kulguru Institute of Technology & Science, Ramtek",,410429310,Electrical Engineering,State Level,"Legends:Start Character G-General, L-Ladies, End Character H-Home University, O-Other than Home University, S-State LevelS",107830,42.5955447
04104,"Kavi Kulguru Institute of Technology & Science, Ramtek",,410429310,Electrical Engineering,State Level,I-NonS,89550,55.9130075
04104,"Kavi Kulguru Institute of Technology & Science, Ramtek",,410437010,Electronics and Communication Engineering,State Level,"Legends:Start Character G-General, L-Ladies, End Character H-Home University, O-Other than Home University, S-State LevelS",118307,32.6609746
04115,"Shri Ramdeobaba College of Engineering and Management, Nagpur",,411519110,Civil Engineering,State Level,"Legends:Start Character G-General, L-Ladies, End Character H-Home University, O-Other than Home University, S-State LevelS",40517,83.2373857
04115,"Shri Ramdeobaba College of Engineering and Management, Nagpur",,411519110,Civil Engineering,State Level,Maharashtra State Seats - Cut Off Indicates State General Merit No. ; Figures in bracket Indicates MHT-CET PCM PercentileS,59621,74.0797795
04115,"Shri Ramdeobaba College of Engineering and Management, Nagpur",,411524210,Computer Science and Engineering,State Level,GOPENS,4973,98.0761344
04115,"Shri Ramdeobaba College of Engineering and Management, Nagpur",,411524210,Computer Science and Engineering,State Level,LOPENS,5820,97.7553311
04115,"Shri Ramdeobaba College of Engineering and Management, Nagpur",,411524210,Computer Science and Engineering,State Level,TFWS,3038,98.8026179
04115,"Shri Ramdeobaba College of Engineering and Management, Nagpur",,411524610,Information Technology,State Level,GOPENS,6029,97.6688314
04115,"Shri Ramdeobaba College of Engineering and Management, Nagpur",,411529310,Electrical Engineering,State Level,GOPENS,19975,91.8981572
04115,"Shri Ramdeobaba College of Engineering and Management, Nagpur",,411537010,Electronics and Communication Engineering,State Level,"Legends:Start Character G-General, L-Ladies, End Character H-Home University, O-Other than Home University, S-State LevelS",15881,93.6849981
04115,"Shri Ramdeobaba College of Engineering and Management, Nagpur",,411537010,Electronics and Communication Engineering,State Level,Maharashtra State Seats - Cut Off Indicates State General Merit No. ; Figures in bracket Indicates MHT-CET PCM PercentileS,16921,93.2464234
04115,"Shri Ramdeobaba College of Engineering and Management, Nagpur",,411537010,Electronics and Communication Engineering,State Level,DS,29327,88.0695638
04115,"Shri Ramdeobaba College of Engineering and Management, Nagpur",,411546110,Bio Medical Engineering,State Level,GOPENS,38816,83.878077
04115,"Shri Ramdeobaba College of Engineering and Management, Nagpur",,411546110,Bio Medical Engineering,State Level,LOPENS,24634,89.9938688
04115,"Shri Ramdeobaba College of Engineering and Management, Nagpur",,411561210,Mechanical Engineering,State Level,GOPENS,22952,90.683425
04115,"Shri Ramdeobaba College of Engineering and Management, Nagpur",,411561210,Mechanical Engineering,State Level,MI,43409,81.855593
04115,"Shri Ramdeobaba College of Engineering and Management, Nagpur",,411590010,Electronics and Computer Science,State Level,GOPENS,15111,94.0316823
04115,"Shri Ramdeobaba College of Engineering and Management, Nagpur",,411590010,Electronics and Computer Science,State Level,LOPENS,18298,92.6711629
04115,"Shri Ramdeobaba College of Engineering and Management, Nagpur",,411591010,Computer Science and Engineering(Cyber Security),State Level,"Legends:Start Character G-General, L-Ladies, End Character H-Home University, O-Other than Home University, S-State LevelS",10399,95.9457938
04115,"Shri Ramdeobaba College of Engineering and Management, Nagpur",,411591010,Computer Science and Engineering(Cyber Security),State Level,Maharashtra State Seats - Cut Off Indicates State General Merit No. ; Figures in bracket Indicates MHT-CET PCM PercentileS,15958,93.6308986
04115,"Shri Ramdeobaba College of Engineering and Management, Nagpur",,411591110,Computer Science and Engineering(Artificial Intelligence and Machine Learning),State Level,GOPENS,5840,97.7553311
04115,"Shri Ramdeobaba College of Engineering and Management, Nagpur",,411591110,Computer Science and Engineering(Artificial Intelligence and Machine Learning),State Level,MI,13106,94.8416105
04115,"Shri Ramdeobaba College of Engineering and Management, Nagpur",,411591210,Computer Science and Engineering(Data Science),State Level,GOPENS,9172,96.432707
04115,"Shri Ramdeobaba College of Engineering and Management, Nagpur",,411591210,Computer Science and Engineering(Data Science),State Level,LOPENS,10632,95.8552138
04115,"Shri Ramdeobaba College of Engineering and Management, Nagpur",,411591210,Computer Science and Engineering(Data Science),State Level,MI,19284,92.2256284
04116,"Ankush Shikshan Sanstha's G.H.Raisoni College of Engineering, Nagpur",,411619110,Civil Engineering,State Level,"Legends:Start Character G-General, L-Ladies, End Character H-Home University, O-Other than Home University, S-State LevelS",69411,68.9337823
04116,"Ankush Shikshan Sanstha's G.H.Raisoni College of Engineering, Nagpur",,411619110,Civil Engineering,State Level,Maharashtra State Seats - Cut Off Indicates State General Merit No. ; Figures in bracket Indicates MHT-CET PCM PercentileS,85443,58.7429854
04116,"Ankush Shikshan Sanstha's G.H.Raisoni College of Engineering, Nagpur",,411619110,Civil Engineering,State Level,DS,101546,47.387098
04116,"Ankush Shikshan Sanstha's G.H.Raisoni College of Engineering, Nagpur",,411619110,Civil Engineering,State Level,MH,91380,55.2709127
04116,"Ankush Shikshan Sanstha's G.H.Raisoni College of Engineering, Nagpur",,411624210,Computer Science and Engineering,State Level,GOPENS,17542,93.0014674
04116,"Ankush Shikshan Sanstha's G.H.Raisoni College of Engineering, Nagpur",,411624210,Computer Science and Engineering,State Level,LOPENS,20427,91.7514817
04116,"Ankush Shikshan Sanstha's G.H.Raisoni College of Engineering, Nagpur",,411624210,Computer Science and Engineering,State Level,MI,30209,87.5456222
04116,"Ankush Shikshan Sanstha's G.H.Raisoni College of Engineering, Nagpur",,411624210,Computer Science and Engineering,State Level,TFWS,14899,94.0755378
04116,"Ankush Shikshan Sanstha's G.H.Raisoni College of Engineering, Nagpur",,411624610,Information Technology,State Level,GOPENS,20049,91.889263
04116,"Ankush Shikshan Sanstha's G.H.Raisoni College of Engineering, Nagpur",,411624610,Information Technology,State Level,MI,53821,76.839044
04116,"Ankush Shikshan Sanstha's G.H.Raisoni College of Engineering, Nagpur",,411626010,Computer Science and Engineering (Cyber Security),State Level,GOPENS,26981,88.9904805
04116,"Ankush Shikshan Sanstha's G.H.Raisoni College of Engineering, Nagpur",,411626010,Computer Science and Engineering (Cyber Security),State Level,MI,59166,74.1356658
04116,"Ankush Shikshan Sanstha's G.H.Raisoni College of Engineering, Nagpur",,411626710,Computer Science and Engineering (IoT),State Level,"Legends:Start Character G-General, L-Ladies, End Character H-Home University, O-Other than Home University, S-State LevelS",26614,89.1792071
04116,"Ankush Shikshan Sanstha's G.H.Raisoni College of Engineering, Nagpur",,411626710,Computer Science and Engineering (IoT),State Level,Maharashtra State Seats - Cut Off Indicates State General Merit No. ; Figures in bracket Indicates MHT-CET PCM PercentileS,29471,88.0318823
04116,"Ankush Shikshan Sanstha's G.H.Raisoni College of Engineering, Nagpur",,411626710,Computer Science and Engineering (IoT),State Level,DS,82141,61.2935921
04116,"Ankush Shikshan Sanstha's G.H.Raisoni College of Engineering, Nagpur",,411626710,Computer Science and Engineering (IoT),State Level,State Common Entrance Test CellS,27897,88.6173431
04116,"Ankush Shikshan Sanstha's G.H.Raisoni College of Engineering, Nagpur",,411629310,Electrical Engineering,State Level,GOPENS,60831,73.2701208
04116,"Ankush Shikshan Sanstha's G.H.Raisoni College of Engineering, Nagpur",,411629310,Electrical Engineering,State Level,LOPENS,58331,74.8671904
04116,"Ankush Shikshan Sanstha's G.H.Raisoni College of Engineering, Nagpur",,411629310,Electrical Engineering,State Level,MH,69629,68.8122862
04116,"Ankush Shikshan Sanstha's G.H.Raisoni College of Engineering, Nagpur",,411637210,Electronics and Telecommunication Engg,State Level,GOPENS,31737,86.9095112
04116,"Ankush Shikshan Sanstha's G.H.Raisoni College of Engineering, Nagpur",,411637210,Electronics and Telecommunication Engg,State Level,LOPENS,37449,84.4304792
04116,"Ankush Shikshan Sanstha's G.H.Raisoni College of Engineering, Nagpur",,411637210,Electronics and Telecommunication Engg,State Level,MI,83323,60.750409
04116,"Ankush Shikshan Sanstha's G.H.Raisoni College of Engineering, Nagpur",,411637210,Electronics and Telecommunication Engg,State Level,TFWS,29281,88.0751247
04116,"Ankush Shikshan Sanstha's G.H.Raisoni College of Engineering, Nagpur",,411637610,Electronics Engineering,State Level,MI,127254,22.9499823
04116,"Ankush Shikshan Sanstha's G.H.Raisoni College of Engineering, Nagpur",,411661210,Mechanical Engineering,State Level,"Legends:Start Character G-General, L-Ladies, End Character H-Home University, O-Other than Home University, S-State LevelS",78216,63.6910141
04116,"Ankush Shikshan Sanstha's G.H.Raisoni College of Engineering, Nagpur",,411661210,Mechanical Engineering,State Level,Maharashtra State Seats - Cut Off Indicates State General Merit No. ; Figures in bracket Indicates MHT-CET PCM PercentileS,62306,72.6119403
04116,"Ankush Shikshan Sanstha's G.H.Raisoni College of Engineering, Nagpur",,411661210,Mechanical Engineering,State Level,MH,84664,59.8623853
04116,"Ankush Shikshan Sanstha's G.H.Raisoni College of Engineering, Nagpur",,411691110,Computer Science and Engineering(Artificial Intelligence and Machine Learning),State Level,GOPENS,21057,91.4590348
04116,"Ankush Shikshan Sanstha's G.H.Raisoni College of Engineering, Nagpur",,411691110,Computer Science and Engineering(Artificial Intelligence and Machine Learning),State Level,MI,36837,84.5158411
04116,"Ankush Shikshan Sanstha's G.H.Raisoni College of Engineering, Nagpur",,411691310,Computer Science and Engineering (Artificial Intelligence),State Level,GOPENS,18254,92.6748971
04116,"Ankush Shikshan Sanstha's G.H.Raisoni College of Engineering, Nagpur",,411691310,Computer Science and Engineering (Artificial Intelligence),State Level,MI,57138,75.1687111
04116,"Ankush Shikshan Sanstha's G.H.Raisoni College of Engineering, Nagpur",,411691710,Data Science,State Level,LOPENS,31291,87.0718315
04116,"Ankush Shikshan Sanstha's G.H.Raisoni College of Engineering, Nagpur",,411691710,Data Science,State Level,MI,61035,73.2701208
04116,"Ankush Shikshan Sanstha's G.H.Raisoni College of Engineering, Nagpur",,411699710,Artificial Intelligence,State Level,"Legends:Start Character G-General, L-Ladies, End Character H-Home University, O-Other than Home University, S-State LevelS",29701,87.7770341
04116,"Ankush Shikshan Sanstha's G.H.Raisoni College of Engineering, Nagpur",,411699710,Artificial Intelligence,State Level,Maharashtra State Seats - Cut Off Indicates State General Merit No. ; Figures in bracket Indicates MHT-CET PCM PercentileS,29712,87.7770341
04116,"Ankush Shikshan Sanstha's G.H.Raisoni College of Engineering, Nagpur",,411699710,Artificial Intelligence,State Level,DS,63117,71.9809302
04116,"Ankush Shikshan Sanstha's G.H.Raisoni College of Engineering, Nagpur",,411699710,Artificial Intelligence,State Level,State Common Entrance Test CellS,26814,89.0822549
04118,"Bapurao Deshmukh College of Engineering, Sevagram",,411824510,Computer Engineering,State Level,"Legends:Start Character G-General, L-Ladies, End Character H-Home University, O-Other than Home University, S-State LevelS",101637,47.3478734
04118,"Bapurao Deshmukh College of Engineering, Sevagram",,411824510,Computer Engineering,State Level,Maharashtra State Seats - Cut Off Indicates State General Merit No. ; Figures in bracket Indicates MHT-CET PCM PercentileS,124043,26.775031
04118,"Bapurao Deshmukh College of Engineering, Sevagram",,411824510,Computer Engineering,State Level,I-NonS,104174,45.8483896
04118,"Bapurao Deshmukh College of Engineering, Sevagram",,411861210,Mechanical Engineering,State Level,"Legends:Start Character G-General, L-Ladies, End Character H-Home University, O-Other than Home University, S-State LevelS",124348,26.2033481
04123,"Lokmanya Tilak Jankalyan Shikshan Sanstha, Priyadarshani College of Engineering, Nagpur",,412300210,Aeronautical Engineering,State Level,"Legends:Start Character G-General, L-Ladies, End Character H-Home University, O-Other than Home University, S-State LevelS",71577,67.3938217
04123,"Lokmanya Tilak Jankalyan Shikshan Sanstha, Priyadarshani College of Engineering, Nagpur",,412300210,Aeronautical Engineering,State Level,Maharashtra State Seats - Cut Off Indicates State General Merit No. ; Figures in bracket Indicates MHT-CET PCM PercentileS,60823,73.2701208
04123,"Lokmanya Tilak Jankalyan Shikshan Sanstha, Priyadarshani College of Engineering, Nagpur",,412300210,Aeronautical Engineering,State Level,MH,77271,64.0952985
04123,"Lokmanya Tilak Jankalyan Shikshan Sanstha, Priyadarshani College of Engineering, Nagpur",,412308210,Bio Technology,State Level,GOPENS,73234,66.6716379
04123,"Lokmanya Tilak Jankalyan Shikshan Sanstha, Priyadarshani College of Engineering, Nagpur",,412308210,Bio Technology,State Level,LOPENS,27834,88.6695314
04123,"Lokmanya Tilak Jankalyan Shikshan Sanstha, Priyadarshani College of Engineering, Nagpur",,412308210,Bio Technology,State Level,MH,105562,44.0513989
04123,"Lokmanya Tilak Jankalyan Shikshan Sanstha, Priyadarshani College of Engineering, Nagpur",,412319110,Civil Engineering,State Level,GOPENS,98755,49.5548073
04123,"Lokmanya Tilak Jankalyan Shikshan Sanstha, Priyadarshani College of Engineering, Nagpur",,412319110,Civil Engineering,State Level,LOPENS,100637,48.0589023
04123,"Lokmanya Tilak Jankalyan Shikshan Sanstha, Priyadarshani College of Engineering, Nagpur",,412319110,Civil Engineering,State Level,MI,87237,58.0840122
04123,"Lokmanya Tilak Jankalyan Shikshan Sanstha, Priyadarshani College of Engineering, Nagpur",,412319110,Civil Engineering,State Level,MH,105782,43.6615489
04123,"Lokmanya Tilak Jankalyan Shikshan Sanstha, Priyadarshani College of Engineering, Nagpur",,412324210,Computer Science and Engineering,State Level,GOPENS,28697,88.2671548
04123,"Lokmanya Tilak Jankalyan Shikshan Sanstha, Priyadarshani College of Engineering, Nagpur",,412324210,Computer Science and Engineering,State Level,LOPENS,27158,88.8621945
04123,"Lokmanya Tilak Jankalyan Shikshan Sanstha, Priyadarshani College of Engineering, Nagpur",,412324210,Computer Science and Engineering,State Level,MI,58824,74.1935484
04123,"Lokmanya Tilak Jankalyan Shikshan Sanstha, Priyadarshani College of Engineering, Nagpur",,412324610,Information Technology,State Level,"Legends:Start Character G-General, L-Ladies, End Character H-Home University, O-Other than Home University, S-State LevelS",33127,86.3437564
04123,"Lokmanya Tilak Jankalyan Shikshan Sanstha, Priyadarshani College of Engineering, Nagpur",,412324610,Information Technology,State Level,Maharashtra State Seats - Cut Off Indicates State General Merit No. ; Figures in bracket Indicates MHT-CET PCM PercentileS,29192,88.0751247
04123,"Lokmanya Tilak Jankalyan Shikshan Sanstha, Priyadarshani College of Engineering, Nagpur",,412324610,Information Technology,State Level,DS,89012,56.7366842
04123,"Lokmanya Tilak Jankalyan Shikshan Sanstha, Priyadarshani College of Engineering, Nagpur",,412325110,Computer Technology,State Level,GOPENS,34267,85.9219677
04123,"Lokmanya Tilak Jankalyan Shikshan Sanstha, Priyadarshani College of Engineering, Nagpur",,412325110,Computer Technology,State Level,MI,109922,39.9699925
04123,"Lokmanya Tilak Jankalyan Shikshan Sanstha, Priyadarshani College of Engineering, Nagpur",,412326510,Industrial IoT,State Level,GOPENS,50352,78.4065273
04123,"Lokmanya Tilak Jankalyan Shikshan Sanstha, Priyadarshani College of Engineering, Nagpur",,412326510,Industrial IoT,State Level,LOPENS,50266,78.4161664
04123,"Lokmanya Tilak Jankalyan Shikshan Sanstha, Priyadarshani College of Engineering, Nagpur",,412326510,Industrial IoT,State Level,MI,139485,6.5686569
04123,"Lokmanya Tilak Jankalyan Shikshan Sanstha, Priyadarshani College of Engineering, Nagpur",,412326510,Industrial IoT,State Level,MH,51921,77.9969992
04123,"Lokmanya Tilak Jankalyan Shikshan Sanstha, Priyadarshani College of Engineering, Nagpur",,412326610,Robotics and Artificial Intelligence,State Level,GOPENS,41913,82.3107244
04123,"Lokmanya Tilak Jankalyan Shikshan Sanstha, Priyadarshani College of Engineering, Nagpur",,412326610,Robotics and Artificial Intelligence,State Level,MI,122920,28.1052376
04123,"Lokmanya Tilak Jankalyan Shikshan Sanstha, Priyadarshani College of Engineering, Nagpur",,412326610,Robotics and Artificial Intelligence,State Level,TFWS,37765,84.2884307
04123,"Lokmanya Tilak Jankalyan Shikshan Sanstha, Priyadarshani College of Engineering, Nagpur",,412329310,Electrical Engineering,State Level,"Legends:Start Character G-General, L-Ladies, End Character H-Home University, O-Other than Home University, S-State LevelS",79660,62.7344336
04123,"Lokmanya Tilak Jankalyan Shikshan Sanstha, Priyadarshani College of Engineering, Nagpur",,412329310,Electrical Engineering,State Level,Maharashtra State Seats - Cut Off Indicates State General Merit No. ; Figures in bracket Indicates MHT-CET PCM PercentileS,79949,62.4868401
04123,"Lokmanya Tilak Jankalyan Shikshan Sanstha, Priyadarshani College of Engineering, Nagpur",,412329310,Electrical Engineering,State Level,DS,74526,65.9622938
04123,"Lokmanya Tilak Jankalyan Shikshan Sanstha, Priyadarshani College of Engineering, Nagpur",,412329310,Electrical Engineering,State Level,MH,83632,59.9249812
04123,"Lokmanya Tilak Jankalyan Shikshan Sanstha, Priyadarshani College of Engineering, Nagpur",,412335610,Electrical Engg[Electronics and Power],State Level,GOPENS,70829,67.9544349
04123,"Lokmanya Tilak Jankalyan Shikshan Sanstha, Priyadarshani College of Engineering, Nagpur",,412335610,Electrical Engg[Electronics and Power],State Level,MH,78931,68.5546128
04123,"Lokmanya Tilak Jankalyan Shikshan Sanstha, Priyadarshani College of Engineering, Nagpur",,412337010,Electronics and Communication Engineering,State Level,GOPENS,56400,75.3496766
04123,"Lokmanya Tilak Jankalyan Shikshan Sanstha, Priyadarshani College of Engineering, Nagpur",,412337010,Electronics and Communication Engineering,State Level,LOPENS,55057,76.2843676
04123,"Lokmanya Tilak Jankalyan Shikshan Sanstha, Priyadarshani College of Engineering, Nagpur",,412337010,Electronics and Communication Engineering,State Level,MI,122765,28.1052376
04123,"Lokmanya Tilak Jankalyan Shikshan Sanstha, Priyadarshani College of Engineering, Nagpur",,412337010,Electronics and Communication Engineering,State Level,MH,62195,72.6119403
04123,"Lokmanya Tilak Jankalyan Shikshan Sanstha, Priyadarshani College of Engineering, Nagpur",,412337210,Electronics and Telecommunication Engg,State Level,GOPENS,47858,79.7807688
04123,"Lokmanya Tilak Jankalyan Shikshan Sanstha, Priyadarshani College of Engineering, Nagpur",,412337210,Electronics and Telecommunication Engg,State Level,LOPENS,48304,79.5863208
04123,"Lokmanya Tilak Jankalyan Shikshan Sanstha, Priyadarshani College of Engineering, Nagpur",,412337210,Electronics and Telecommunication Engg,State Level,MI,121933,28.923802
04123,"Lokmanya Tilak Jankalyan Shikshan Sanstha, Priyadarshani College of Engineering, Nagpur",,412337210,Electronics and Telecommunication Engg,State Level,MH,51750,78.0359147
04123,"Lokmanya Tilak Jankalyan Shikshan Sanstha, Priyadarshani College of Engineering, Nagpur",,412350710,Chemical Engineering,State Level,"Legends:Start Character G-General, L-Ladies, End Character H-Home University, O-Other than Home University, S-State LevelS",77840,63.973064
04123,"Lokmanya Tilak Jankalyan Shikshan Sanstha, Priyadarshani College of Engineering, Nagpur",,412350710,Chemical Engineering,State Level,Maharashtra State Seats - Cut Off Indicates State General Merit No. ; Figures in bracket Indicates MHT-CET PCM PercentileS,58221,74.8671904
04123,"Lokmanya Tilak Jankalyan Shikshan Sanstha, Priyadarshani College of Engineering, Nagpur",,412350710,Chemical Engineering,State Level,MH,92013,54.6979992
04123,"Lokmanya Tilak Jankalyan Shikshan Sanstha, Priyadarshani College of Engineering, Nagpur",,412361210,Mechanical Engineering,State Level,GOPENS,93655,53.1660451
04123,"Lokmanya Tilak Jankalyan Shikshan Sanstha, Priyadarshani College of Engineering, Nagpur",,412361210,Mechanical Engineering,State Level,LOPENS,90990,55.2985075
04123,"Lokmanya Tilak Jankalyan Shikshan Sanstha, Priyadarshani College of Engineering, Nagpur",,412361210,Mechanical Engineering,State Level,MI,105530,44.0513989
04123,"Lokmanya Tilak Jankalyan Shikshan Sanstha, Priyadarshani College of Engineering, Nagpur",,412361210,Mechanical Engineering,State Level,MH,99214,49.4761567
04123,"Lokmanya Tilak Jankalyan Shikshan Sanstha, Priyadarshani College of Engineering, Nagpur",,412399510,Artificial Intelligence and Data Science,State Level,GOPENS,35827,85.1782223
04123,"Lokmanya Tilak Jankalyan Shikshan Sanstha, Priyadarshani College of Engineering, Nagpur",,412399510,Artificial Intelligence and Data Science,State Level,MI,96408,51.4762755
04123,"Lokmanya Tilak Jankalyan Shikshan Sanstha, Priyadarshani College of Engineering, Nagpur",,412399510,Artificial Intelligence and Data Science,State Level,TFWS,29916,87.6993762
04133,"Sanmarg Shikshan Sanstha's Smt. Radhikatai Pandav College of Engineering, Nagpur",,413324510,Computer Engineering,State Level,"Legends:Start Character G-General, L-Ladies, End Character H-Home University, O-Other than Home University, S-State LevelS",85152,58.8704519
04133,"Sanmarg Shikshan Sanstha's Smt. Radhikatai Pandav College of Engineering, Nagpur",,413324510,Computer Engineering,State Level,I-NonS,85500,58.7429854
04133,"Sanmarg Shikshan Sanstha's Smt. Radhikatai Pandav College of Engineering, Nagpur",,413329310,Electrical Engineering,State Level,"Legends:Start Character G-General, L-Ladies, End Character H-Home University, O-Other than Home University, S-State LevelS",133247,15.9127414
04133,"Sanmarg Shikshan Sanstha's Smt. Radhikatai Pandav College of Engineering, Nagpur",,413329310,Electrical Engineering,State Level,I-NonS,138690,7.7808076
04133,"Sanmarg Shikshan Sanstha's Smt. Radhikatai Pandav College of Engineering, Nagpur",,413329310,Electrical Engineering,State Level,VIIS,133843,15.1933187
04133,"Sanmarg Shikshan Sanstha's Smt. Radhikatai Pandav College of Engineering, Nagpur",,413337210,Electronics and Telecommunication Engg,State Level,"Legends:Start Character G-General, L-Ladies, End Character H-Home University, O-Other than Home University, S-State LevelS",89049,56.7366842
04133,"Sanmarg Shikshan Sanstha's Smt. Radhikatai Pandav College of Engineering, Nagpur",,413337210,Electronics and Telecommunication Engg,State Level,I-NonS,114240,36.5842646
04133,"Sanmarg Shikshan Sanstha's Smt. Radhikatai Pandav College of Engineering, Nagpur",,413337210,Electronics and Telecommunication Engg,State Level,VIIS,106888,43.1162283
04134,"Guru Nanak Institute of Engineering & Technology,Kalmeshwar, Nagpur",,413424210,Computer Science and Engineering,State Level,TFWS,71006,67.711928
04134,"Guru Nanak Institute of Engineering & Technology,Kalmeshwar, Nagpur",,413424210,Computer Science and Engineering,State Level,EWS,91128,55.2985075
04134,"Guru Nanak Institute of Engineering & Technology,Kalmeshwar, Nagpur",,413429310,Electrical Engineering,State Level,"Legends:Start Character G-General, L-Ladies, End Character H-Home University, O-Other than Home University, S-State LevelS",111618,39.0377062
04134,"Guru Nanak Institute of Engineering & Technology,Kalmeshwar, Nagpur",,413429310,Electrical Engineering,State Level,I-NonS,139008,7.5928328
04134,"Guru Nanak Institute of Engineering & Technology,Kalmeshwar, Nagpur",,413437210,Electronics and Telecommunication Engg,State Level,"Legends:Start Character G-General, L-Ladies, End Character H-Home University, O-Other than Home University, S-State LevelS",43344,81.855593
04134,"Guru Nanak Institute of Engineering & Technology,Kalmeshwar, Nagpur",,413437210,Electronics and Telecommunication Engg,State Level,I-NonS,82417,60.9799222
04134,"Guru Nanak Institute of Engineering & Technology,Kalmeshwar, Nagpur",,413491210,Computer Science and Engineering(Data Science),State Level,"Legends:Start Character G-General, L-Ladies, End Character H-Home University, O-Other than Home University, S-State LevelS",135413,13.224841
04134,"Guru Nanak Institute of Engineering & Technology,Kalmeshwar, Nagpur",,413491210,Computer Science and Engineering(Data Science),State Level,I-NonS,69972,68.401414
04134,"Guru Nanak Institute of Engineering & Technology,Kalmeshwar, Nagpur",,413499710,Artificial Intelligence,State Level,"Legends:Start Character G-General, L-Ladies, End Character H-Home University, O-Other than Home University, S-State LevelS",96751,51.0567213
04134,"Guru Nanak Institute of Engineering & Technology,Kalmeshwar, Nagpur",,413499710,Artificial Intelligence,State Level,Maharashtra State Seats - Cut Off Indicates State General Merit No. ; Figures in bracket Indicates MHT-CET PCM PercentileS,139879,6.1669865
04134,"Guru Nanak Institute of Engineering & Technology,Kalmeshwar, Nagpur",,413499710,Artificial Intelligence,State Level,I-NonS,86812,58.1382561
04135,"Amar Seva Mandal's Shree Govindrao Vanjari College of Engineering &  Technology, Nagpur",,413519110,Civil Engineering,State Level,"Legends:Start Character G-General, L-Ladies, End Character H-Home University, O-Other than Home University, S-State LevelS",127537,22.8844711
04135,"Amar Seva Mandal's Shree Govindrao Vanjari College of Engineering &  Technology, Nagpur",,413524210,Computer Science and Engineering,State Level,"Legends:Start Character G-General, L-Ladies, End Character H-Home University, O-Other than Home University, S-State LevelS",80314,62.3996115
04135,"Amar Seva Mandal's Shree Govindrao Vanjari College of Engineering &  Technology, Nagpur",,413524210,Computer Science and Engineering,State Level,Maharashtra State Seats - Cut Off Indicates State General Merit No. ; Figures in bracket Indicates MHT-CET PCM PercentileS,88495,56.7405028
04135,"Amar Seva Mandal's Shree Govindrao Vanjari College of Engineering &  Technology, Nagpur",,413524610,Information Technology,State Level,"Legends:Start Character G-General, L-Ladies, End Character H-Home University, O-Other than Home University, S-State LevelS",128575,21.5370732
04135,"Amar Seva Mandal's Shree Govindrao Vanjari College of Engineering &  Technology, Nagpur",,413524610,Information Technology,State Level,I-NonS,90146,55.8997381
04135,"Amar Seva Mandal's Shree Govindrao Vanjari College of Engineering &  Technology, Nagpur",,413529310,Electrical Engineering,State Level,"Legends:Start Character G-General, L-Ladies, End Character H-Home University, O-Other than Home University, S-State LevelS",132245,17.0292573
04135,"Amar Seva Mandal's Shree Govindrao Vanjari College of Engineering &  Technology, Nagpur",,413537210,Electronics and Telecommunication Engg,State Level,"Legends:Start Character G-General, L-Ladies, End Character H-Home University, O-Other than Home University, S-State LevelS",115568,35.6213901
04135,"Amar Seva Mandal's Shree Govindrao Vanjari College of Engineering &  Technology, Nagpur",,413561210,Mechanical Engineering,State Level,"Legends:Start Character G-General, L-Ladies, End Character H-Home University, O-Other than Home University, S-State LevelS",111262,39.4392454
04136,"Lokmanya Tilak Jankalyan Shikshan Sastha, Priyadarshini J. L. College Of Engineering, Nagpur",,413619110,Civil Engineering,State Level,"Legends:Start Character G-General, L-Ladies, End Character H-Home University, O-Other than Home University, S-State LevelS",106824,43.224841
04136,"Lokmanya Tilak Jankalyan Shikshan Sastha, Priyadarshini J. L. College Of Engineering, Nagpur",,413619110,Civil Engineering,State Level,Maharashtra State Seats - Cut Off Indicates State General Merit No. ; Figures in bracket Indicates MHT-CET PCM PercentileS,104379,45.6445719
04136,"Lokmanya Tilak Jankalyan Shikshan Sastha, Priyadarshini J. L. College Of Engineering, Nagpur",,413619110,Civil Engineering,State Level,MH,111308,39.4392454
04136,"Lokmanya Tilak Jankalyan Shikshan Sastha, Priyadarshini J. L. College Of Engineering, Nagpur",,413624210,Computer Science and Engineering,State Level,GOPENS,40031,83.375844
04136,"Lokmanya Tilak Jankalyan Shikshan Sastha, Priyadarshini J. L. College Of Engineering, Nagpur",,413624210,Computer Science and Engineering,State Level,LOPENS,35317,85.3534944
04136,"Lokmanya Tilak Jankalyan Shikshan Sastha, Priyadarshini J. L. College Of Engineering, Nagpur",,413624210,Computer Science and Engineering,State Level,MI,128886,21.2207239
04136,"Lokmanya Tilak Jankalyan Shikshan Sastha, Priyadarshini J. L. College Of Engineering, Nagpur",,413624210,Computer Science and Engineering,State Level,TFWS,36732,84.5158411
04136,"Lokmanya Tilak Jankalyan Shikshan Sastha, Priyadarshini J. L. College Of Engineering, Nagpur",,413629310,Electrical Engineering,State Level,GOPENS,72498,66.9527897
04136,"Lokmanya Tilak Jankalyan Shikshan Sastha, Priyadarshini J. L. College Of Engineering, Nagpur",,413629310,Electrical Engineering,State Level,LOPENS,91702,54.6979992
04136,"Lokmanya Tilak Jankalyan Shikshan Sastha, Priyadarshini J. L. College Of Engineering, Nagpur",,413629310,Electrical Engineering,State Level,MH,89630,55.9130075
04136,"Lokmanya Tilak Jankalyan Shikshan Sastha, Priyadarshini J. L. College Of Engineering, Nagpur",,413637210,Electronics and Telecommunication Engg,State Level,GOPENS,58269,74.8671904
04136,"Lokmanya Tilak Jankalyan Shikshan Sastha, Priyadarshini J. L. College Of Engineering, Nagpur",,413637210,Electronics and Telecommunication Engg,State Level,LOPENS,53106,77.0079706
04136,"Lokmanya Tilak Jankalyan Shikshan Sastha, Priyadarshini J. L. College Of Engineering, Nagpur",,413637210,Electronics and Telecommunication Engg,State Level,MH,60533,73.3779089
04136,"Lokmanya Tilak Jankalyan Shikshan Sastha, Priyadarshini J. L. College Of Engineering, Nagpur",,413699710,Artificial Intelligence,State Level,"Legends:Start Character G-General, L-Ladies, End Character H-Home University, O-Other than Home University, S-State LevelS",48830,79.4628516
04136,"Lokmanya Tilak Jankalyan Shikshan Sastha, Priyadarshini J. L. College Of Engineering, Nagpur",,413699710,Artificial Intelligence,State Level,Maharashtra State Seats - Cut Off Indicates State General Merit No. ; Figures in bracket Indicates MHT-CET PCM PercentileS,41393,82.4643661
04136,"Lokmanya Tilak Jankalyan Shikshan Sastha, Priyadarshini J. L. College Of Engineering, Nagpur",,413699710,Artificial Intelligence,State Level,DS,140188,5.3729884
04136,"Lokmanya Tilak Jankalyan Shikshan Sastha, Priyadarshini J. L. College Of Engineering, Nagpur",,413699710,Artificial Intelligence,State Level,MH,50481,78.4065273
04137,"Sir Shantilal Badjate Charitable Trust's S. B. Jain Institute of technology, Management & Research, Nagpur",,413724210,Computer Science and Engineering,State Level,"Legends:Start Character G-General, L-Ladies, End Character H-Home University, O-Other than Home University, S-State LevelS",39768,83.3890161
04137,"Sir Shantilal Badjate Charitable Trust's S. B. Jain Institute of technology, Management & Research, Nagpur",,413724210,Computer Science and Engineering,State Level,Maharashtra State Seats - Cut Off Indicates State General Merit No. ; Figures in bracket Indicates MHT-CET PCM PercentileS,41666,82.4443082
04137,"Sir Shantilal Badjate Charitable Trust's S. B. Jain Institute of technology, Management & Research, Nagpur",,413724210,Computer Science and Engineering,State Level,DS,119013,32.3095051
04137,"Sir Shantilal Badjate Charitable Trust's S. B. Jain Institute of technology, Management & Research, Nagpur",,413729310,Electrical Engineering,State Level,GOPENS,64722,71.3590844
04137,"Sir Shantilal Badjate Charitable Trust's S. B. Jain Institute of technology, Management & Research, Nagpur",,413729310,Electrical Engineering,State Level,MH,78095,63.6910141
04137,"Sir Shantilal Badjate Charitable Trust's S. B. Jain Institute of technology, Management & Research, Nagpur",,413737210,Electronics and Telecommunication Engg,State Level,GOPENS,50539,78.4065273
04137,"Sir Shantilal Badjate Charitable Trust's S. B. Jain Institute of technology, Management & Research, Nagpur",,413737210,Electronics and Telecommunication Engg,State Level,MH,59338,74.1356658
04137,"Sir Shantilal Badjate Charitable Trust's S. B. Jain Institute of technology, Management & Research, Nagpur",,413761210,Mechanical Engineering,State Level,GOPENS,97227,50.6107355
04137,"Sir Shantilal Badjate Charitable Trust's S. B. Jain Institute of technology, Management & Research, Nagpur",,413761210,Mechanical Engineering,State Level,MH,100847,54.2481398
04137,"Sir Shantilal Badjate Charitable Trust's S. B. Jain Institute of technology, Management & Research, Nagpur",,413791110,Computer Science and Engineering(Artificial Intelligence and Machine Learning),State Level,"Legends:Start Character G-General, L-Ladies, End Character H-Home University, O-Other than Home University, S-State LevelS",42567,82.2034564
04137,"Sir Shantilal Badjate Charitable Trust's S. B. Jain Institute of technology, Management & Research, Nagpur",,413791110,Computer Science and Engineering(Artificial Intelligence and Machine Learning),State Level,Maharashtra State Seats - Cut Off Indicates State General Merit No. ; Figures in bracket Indicates MHT-CET PCM PercentileS,137284,9.9924981
04137,"Sir Shantilal Badjate Charitable Trust's S. B. Jain Institute of technology, Management & Research, Nagpur",,413791210,Computer Science and Engineering(Data Science),State Level,GOPENS,44118,81.2345291
04137,"Sir Shantilal Badjate Charitable Trust's S. B. Jain Institute of technology, Management & Research, Nagpur",,413791210,Computer Science and Engineering(Data Science),State Level,LOPENS,42846,82.1650299
04137,"Sir Shantilal Badjate Charitable Trust's S. B. Jain Institute of technology, Management & Research, Nagpur",,413791210,Computer Science and Engineering(Data Science),State Level,MI,138082,9.0956868
04137,"Sir Shantilal Badjate Charitable Trust's S. B. Jain Institute of technology, Management & Research, Nagpur",,413791210,Computer Science and Engineering(Data Science),State Level,MH,45108,81.0090469
04138,"Jaidev Education Society, J D College of Engineering and Management, Nagpur",,413819110,Civil Engineering,State Level,"Legends:Start Character G-General, L-Ladies, End Character H-Home University, O-Other than Home University, S-State LevelS",107004,43.1162283
04138,"Jaidev Education Society, J D College of Engineering and Management, Nagpur",,413819110,Civil Engineering,State Level,MH,120667,30.0860456
04138,"Jaidev Education Society, J D College of Engineering and Management, Nagpur",,413824210,Computer Science and Engineering,State Level,GOPENS,47617,79.7907966
04138,"Jaidev Education Society, J D College of Engineering and Management, Nagpur",,413824210,Computer Science and Engineering,State Level,LOPENS,45238,81.0090469
04138,"Jaidev Education Society, J D College of Engineering and Management, Nagpur",,413824210,Computer Science and Engineering,State Level,MI,110058,39.9699925
04138,"Jaidev Education Society, J D College of Engineering and Management, Nagpur",,413824210,Computer Science and Engineering,State Level,MH,56044,75.867353
04138,"Jaidev Education Society, J D College of Engineering and Management, Nagpur",,413824610,Information Technology,State Level,GOPENS,63972,71.6354089
04138,"Jaidev Education Society, J D College of Engineering and Management, Nagpur",,413824610,Information Technology,State Level,LOPENS,61455,73.1851907
04138,"Jaidev Education Society, J D College of Engineering and Management, Nagpur",,413824610,Information Technology,State Level,MI,46687,80.0793682
04138,"Jaidev Education Society, J D College of Engineering and Management, Nagpur",,413824610,Information Technology,State Level,MH,66902,69.7774101
04138,"Jaidev Education Society, J D College of Engineering and Management, Nagpur",,413829310,Electrical Engineering,State Level,GOPENS,98338,49.6143282
04138,"Jaidev Education Society, J D College of Engineering and Management, Nagpur",,413829310,Electrical Engineering,State Level,LOPENS,100972,47.6387427
04138,"Jaidev Education Society, J D College of Engineering and Management, Nagpur",,413829310,Electrical Engineering,State Level,MI,132128,17.0292573
04138,"Jaidev Education Society, J D College of Engineering and Management, Nagpur",,413829310,Electrical Engineering,State Level,MH,100949,47.6387427
04138,"Jaidev Education Society, J D College of Engineering and Management, Nagpur",,413837210,Electronics and Telecommunication Engg,State Level,"Legends:Start Character G-General, L-Ladies, End Character H-Home University, O-Other than Home University, S-State LevelS",82590,60.9799222
04138,"Jaidev Education Society, J D College of Engineering and Management, Nagpur",,413837210,Electronics and Telecommunication Engg,State Level,Maharashtra State Seats - Cut Off Indicates State General Merit No. ; Figures in bracket Indicates MHT-CET PCM PercentileS,79421,62.7344336
04138,"Jaidev Education Society, J D College of Engineering and Management, Nagpur",,413837210,Electronics and Telecommunication Engg,State Level,DS,76483,64.4805659
04138,"Jaidev Education Society, J D College of Engineering and Management, Nagpur",,413837210,Electronics and Telecommunication Engg,State Level,MH,85060,58.8704519
04138,"Jaidev Education Society, J D College of Engineering and Management, Nagpur",,413861210,Mechanical Engineering,State Level,GOPENS,99295,49.4761567
04138,"Jaidev Education Society, J D College of Engineering and Management, Nagpur",,413861210,Mechanical Engineering,State Level,MI,116868,34.1365462
04138,"Jaidev Education Society, J D College of Engineering and Management, Nagpur",,413861210,Mechanical Engineering,State Level,MH,100832,48.0589023
04138,"Jaidev Education Society, J D College of Engineering and Management, Nagpur",,413891210,Computer Science and Engineering(Data Science),State Level,GOPENS,66922,69.7774101
04138,"Jaidev Education Society, J D College of Engineering and Management, Nagpur",,413891210,Computer Science and Engineering(Data Science),State Level,LOPENS,56775,75.1725431
04138,"Jaidev Education Society, J D College of Engineering and Management, Nagpur",,413891210,Computer Science and Engineering(Data Science),State Level,MH,72584,66.9527897
04138,"Jaidev Education Society, J D College of Engineering and Management, Nagpur",,413899710,Artificial Intelligence,State Level,GOPENS,68548,69.2172491
04138,"Jaidev Education Society, J D College of Engineering and Management, Nagpur",,413899710,Artificial Intelligence,State Level,LOPENS,69190,68.9337823
04138,"Jaidev Education Society, J D College of Engineering and Management, Nagpur",,413899710,Artificial Intelligence,State Level,MH,69346,68.9337823
04139,"Samridhi Sarwajanik Charitable Trust, Jhulelal Institute of Technology, Nagpur",,413924210,Computer Science and Engineering,State Level,"Legends:Start Character G-General, L-Ladies, End Character H-Home University, O-Other than Home University, S-State LevelS",64852,71.2687819
04139,"Samridhi Sarwajanik Charitable Trust, Jhulelal Institute of Technology, Nagpur",,413924210,Computer Science and Engineering,State Level,Maharashtra State Seats - Cut Off Indicates State General Merit No. ; Figures in bracket Indicates MHT-CET PCM PercentileS,60758,73.3779089
04139,"Samridhi Sarwajanik Charitable Trust, Jhulelal Institute of Technology, Nagpur",,413924210,Computer Science and Engineering,State Level,DS,116130,35.1726957
04139,"Samridhi Sarwajanik Charitable Trust, Jhulelal Institute of Technology, Nagpur",,413924210,Computer Science and Engineering,State Level,State Common Entrance Test CellS,56211,75.3496766
04139,"Samridhi Sarwajanik Charitable Trust, Jhulelal Institute of Technology, Nagpur",,413924210,Computer Science and Engineering,State Level,MH,71606,7.6441136
04139,"Samridhi Sarwajanik Charitable Trust, Jhulelal Institute of Technology, Nagpur",,413929310,Electrical Engineering,State Level,GOPENS,95459,52.2466614
04139,"Samridhi Sarwajanik Charitable Trust, Jhulelal Institute of Technology, Nagpur",,413929310,Electrical Engineering,State Level,LOPENS,107480,42.9215913
04139,"Samridhi Sarwajanik Charitable Trust, Jhulelal Institute of Technology, Nagpur",,413929310,Electrical Engineering,State Level,MH,101240,47.387098
04139,"Samridhi Sarwajanik Charitable Trust, Jhulelal Institute of Technology, Nagpur",,413937210,Electronics and Telecommunication Engg,State Level,GOPENS,74770,65.4207881
04139,"Samridhi Sarwajanik Charitable Trust, Jhulelal Institute of Technology, Nagpur",,413937210,Electronics and Telecommunication Engg,State Level,MH,75961,65.0367935
04139,"Samridhi Sarwajanik Charitable Trust, Jhulelal Institute of Technology, Nagpur",,413961210,Mechanical Engineering,State Level,GOPENS,118448,32.4663078
04139,"Samridhi Sarwajanik Charitable Trust, Jhulelal Institute of Technology, Nagpur",,413961210,Mechanical Engineering,State Level,MH,124471,26.0539861
04139,"Samridhi Sarwajanik Charitable Trust, Jhulelal Institute of Technology, Nagpur",,413991110,Computer Science and Engineering(Artificial Intelligence and Machine Learning),State Level,"Legends:Start Character G-General, L-Ladies, End Character H-Home University, O-Other than Home University, S-State LevelS",72154,67.1534217
04139,"Samridhi Sarwajanik Charitable Trust, Jhulelal Institute of Technology, Nagpur",,413991110,Computer Science and Engineering(Artificial Intelligence and Machine Learning),State Level,Maharashtra State Seats - Cut Off Indicates State General Merit No. ; Figures in bracket Indicates MHT-CET PCM PercentileS,46532,80.2375547
04139,"Samridhi Sarwajanik Charitable Trust, Jhulelal Institute of Technology, Nagpur",,413991110,Computer Science and Engineering(Artificial Intelligence and Machine Learning),State Level,MH,75269,65.3263316
04139,"Samridhi Sarwajanik Charitable Trust, Jhulelal Institute of Technology, Nagpur",,413992810,Electronics and Communication(Advanced Communication Technology),State Level,GOPENS,81061,61.6397637
04139,"Samridhi Sarwajanik Charitable Trust, Jhulelal Institute of Technology, Nagpur",,413992810,Electronics and Communication(Advanced Communication Technology),State Level,MI,95427,52.2466614
04139,"Samridhi Sarwajanik Charitable Trust, Jhulelal Institute of Technology, Nagpur",,413992810,Electronics and Communication(Advanced Communication Technology),State Level,MH,86132,58.5474069
04141,"Shriram Gram Vikas Shikshan Sanstha, Vilasrao Deshmukh College of Engineering and Technology, Nagpur",,414124510,Computer Engineering,State Level,"Legends:Start Character G-General, L-Ladies, End Character H-Home University, O-Other than Home University, S-State LevelS",138772,7.7366255
04142,"Ankush Shikshan Sanstha's G. H. Raisoni Institute of Engineering & Technology, Nagpur",,414219110,Civil Engineering,State Level,"Legends:Start Character G-General, L-Ladies, End Character H-Home University, O-Other than Home University, S-State LevelS",93692,53.1660451
04142,"Ankush Shikshan Sanstha's G. H. Raisoni Institute of Engineering & Technology, Nagpur",,414219110,Civil Engineering,State Level,Maharashtra State Seats - Cut Off Indicates State General Merit No. ; Figures in bracket Indicates MHT-CET PCM PercentileS,82075,61.2935921
04142,"Ankush Shikshan Sanstha's G. H. Raisoni Institute of Engineering & Technology, Nagpur",,414219110,Civil Engineering,State Level,MH,110582,39.9066862
04142,"Ankush Shikshan Sanstha's G. H. Raisoni Institute of Engineering & Technology, Nagpur",,414224210,Computer Science and Engineering,State Level,GOPENS,34537,85.8062103
04142,"Ankush Shikshan Sanstha's G. H. Raisoni Institute of Engineering & Technology, Nagpur",,414224210,Computer Science and Engineering,State Level,LOPENS,32654,86.5566392
04142,"Ankush Shikshan Sanstha's G. H. Raisoni Institute of Engineering & Technology, Nagpur",,414224210,Computer Science and Engineering,State Level,MI,94537,52.7422372
04142,"Ankush Shikshan Sanstha's G. H. Raisoni Institute of Engineering & Technology, Nagpur",,414224610,Information Technology,State Level,GOPENS,35755,85.1907088
04142,"Ankush Shikshan Sanstha's G. H. Raisoni Institute of Engineering & Technology, Nagpur",,414224610,Information Technology,State Level,LOPENS,36823,84.5158411
04142,"Ankush Shikshan Sanstha's G. H. Raisoni Institute of Engineering & Technology, Nagpur",,414224610,Information Technology,State Level,MI,90788,55.4490884
04142,"Ankush Shikshan Sanstha's G. H. Raisoni Institute of Engineering & Technology, Nagpur",,414229310,Electrical Engineering,State Level,GOPENS,65855,70.6180504
04142,"Ankush Shikshan Sanstha's G. H. Raisoni Institute of Engineering & Technology, Nagpur",,414229310,Electrical Engineering,State Level,LOPENS,58127,75.0737739
04142,"Ankush Shikshan Sanstha's G. H. Raisoni Institute of Engineering & Technology, Nagpur",,414229310,Electrical Engineering,State Level,MH,75165,65.3263316
04142,"Ankush Shikshan Sanstha's G. H. Raisoni Institute of Engineering & Technology, Nagpur",,414237210,Electronics and Telecommunication Engg,State Level,"Legends:Start Character G-General, L-Ladies, End Character H-Home University, O-Other than Home University, S-State LevelS",44283,81.2344165
04142,"Ankush Shikshan Sanstha's G. H. Raisoni Institute of Engineering & Technology, Nagpur",,414237210,Electronics and Telecommunication Engg,State Level,Maharashtra State Seats - Cut Off Indicates State General Merit No. ; Figures in bracket Indicates MHT-CET PCM PercentileS,133810,15.1933187
04142,"Ankush Shikshan Sanstha's G. H. Raisoni Institute of Engineering & Technology, Nagpur",,414237210,Electronics and Telecommunication Engg,State Level,MH,47116,80.0408747
04142,"Ankush Shikshan Sanstha's G. H. Raisoni Institute of Engineering & Technology, Nagpur",,414261210,Mechanical Engineering,State Level,GOPENS,78096,63.6910141
04142,"Ankush Shikshan Sanstha's G. H. Raisoni Institute of Engineering & Technology, Nagpur",,414261210,Mechanical Engineering,State Level,LOPENS,85742,58.7429854
04142,"Ankush Shikshan Sanstha's G. H. Raisoni Institute of Engineering & Technology, Nagpur",,414261210,Mechanical Engineering,State Level,MH,94534,52.7422372
04142,"Ankush Shikshan Sanstha's G. H. Raisoni Institute of Engineering & Technology, Nagpur",,414291010,Computer Science and Engineering(Cyber Security),State Level,GOPENS,33988,86.0109616
04142,"Ankush Shikshan Sanstha's G. H. Raisoni Institute of Engineering & Technology, Nagpur",,414291010,Computer Science and Engineering(Cyber Security),State Level,LOPENS,30927,87.2543136
04142,"Ankush Shikshan Sanstha's G. H. Raisoni Institute of Engineering & Technology, Nagpur",,414291710,Data Science,State Level,GOPENS,38829,83.878077
04142,"Ankush Shikshan Sanstha's G. H. Raisoni Institute of Engineering & Technology, Nagpur",,414291710,Data Science,State Level,LOPENS,38793,83.878077
04142,"Ankush Shikshan Sanstha's G. H. Raisoni Institute of Engineering & Technology, Nagpur",,414291710,Data Science,State Level,MI,126445,24.0591998
04142,"Ankush Shikshan Sanstha's G. H. Raisoni Institute of Engineering & Technology, Nagpur",,414299710,Artificial Intelligence,State Level,"Legends:Start Character G-General, L-Ladies, End Character H-Home University, O-Other than Home University, S-State LevelS",40262,83.2892137
04142,"Ankush Shikshan Sanstha's G. H. Raisoni Institute of Engineering & Technology, Nagpur",,414299710,Artificial Intelligence,State Level,Maharashtra State Seats - Cut Off Indicates State General Merit No. ; Figures in bracket Indicates MHT-CET PCM PercentileS,35820,85.1907088
04142,"Ankush Shikshan Sanstha's G. H. Raisoni Institute of Engineering & Technology, Nagpur",,414299710,Artificial Intelligence,State Level,DS,131135,18.4453326
04142,"Ankush Shikshan Sanstha's G. H. Raisoni Institute of Engineering & Technology, Nagpur",,414299710,Artificial Intelligence,State Level,State Common Entrance Test CellS,27907,88.6173431
04143,"Sanmarg Shikshan Sanstha, Mandukarrao Pandav College of Engineering, Bhandara",,414324510,Computer Engineering,State Level,"Legends:Start Character G-General, L-Ladies, End Character H-Home University, O-Other than Home University, S-State LevelS",140591,4.9855138
04143,"Sanmarg Shikshan Sanstha, Mandukarrao Pandav College of Engineering, Bhandara",,414324510,Computer Engineering,State Level,Maharashtra State Seats - Cut Off Indicates State General Merit No. ; Figures in bracket Indicates MHT-CET PCM PercentileS,100188,48.9725355
04144,"Shri. Sai Shikshan Sanstha, Nagpur Institute of Technology, Nagpur",,414419110,Civil Engineering,State Level,"Legends:Start Character G-General, L-Ladies, End Character H-Home University, O-Other than Home University, S-State LevelS",136515,11.2906846
04144,"Shri. Sai Shikshan Sanstha, Nagpur Institute of Technology, Nagpur",,414419110,Civil Engineering,State Level,VIIS,142776,1.1001532
04144,"Shri. Sai Shikshan Sanstha, Nagpur Institute of Technology, Nagpur",,414424210,Computer Science and Engineering,State Level,"Legends:Start Character G-General, L-Ladies, End Character H-Home University, O-Other than Home University, S-State LevelS",60075,73.4246062
04144,"Shri. Sai Shikshan Sanstha, Nagpur Institute of Technology, Nagpur",,414424210,Computer Science and Engineering,State Level,Maharashtra State Seats - Cut Off Indicates State General Merit No. ; Figures in bracket Indicates MHT-CET PCM PercentileS,106264,43.5071268
04144,"Shri. Sai Shikshan Sanstha, Nagpur Institute of Technology, Nagpur",,414424210,Computer Science and Engineering,State Level,I-NonS,77677,63.973064
04144,"Shri. Sai Shikshan Sanstha, Nagpur Institute of Technology, Nagpur",,414424610,Information Technology,State Level,"Legends:Start Character G-General, L-Ladies, End Character H-Home University, O-Other than Home University, S-State LevelS",70041,68.401414
04144,"Shri. Sai Shikshan Sanstha, Nagpur Institute of Technology, Nagpur",,414424610,Information Technology,State Level,Maharashtra State Seats - Cut Off Indicates State General Merit No. ; Figures in bracket Indicates MHT-CET PCM PercentileS,118012,32.8844711
04144,"Shri. Sai Shikshan Sanstha, Nagpur Institute of Technology, Nagpur",,414424610,Information Technology,State Level,I-NonS,86521,58.1382561
04144,"Shri. Sai Shikshan Sanstha, Nagpur Institute of Technology, Nagpur",,414429310,Electrical Engineering,State Level,"Legends:Start Character G-General, L-Ladies, End Character H-Home University, O-Other than Home University, S-State LevelS",118631,32.4663078
04144,"Shri. Sai Shikshan Sanstha, Nagpur Institute of Technology, Nagpur",,414429310,Electrical Engineering,State Level,VIIS,114192,36.5842646
04144,"Shri. Sai Shikshan Sanstha, Nagpur Institute of Technology, Nagpur",,414461210,Mechanical Engineering,State Level,TFWS,58063,75.0737739
04144,"Shri. Sai Shikshan Sanstha, Nagpur Institute of Technology, Nagpur",,414461210,Mechanical Engineering,State Level,EWS,107475,42.9215913
04145,"Wainganga College of Engineering and Management, Dongargaon, Nagpur",,414519110,Civil Engineering,State Level,"Legends:Start Character G-General, L-Ladies, End Character H-Home University, O-Other than Home University, S-State LevelS",141694,2.9795687
04145,"Wainganga College of Engineering and Management, Dongargaon, Nagpur",,414524210,Computer Science and Engineering,State Level,"Legends:Start Character G-General, L-Ladies, End Character H-Home University, O-Other than Home University, S-State LevelS",86565,58.1382561
04145,"Wainganga College of Engineering and Management, Dongargaon, Nagpur",,414524210,Computer Science and Engineering,State Level,Maharashtra State Seats - Cut Off Indicates State General Merit No. ; Figures in bracket Indicates MHT-CET PCM PercentileS,133557,15.5443322
04145,"Wainganga College of Engineering and Management, Dongargaon, Nagpur",,414524210,Computer Science and Engineering,State Level,I-NonS,81225,61.6397637
04145,"Wainganga College of Engineering and Management, Dongargaon, Nagpur",,414524210,Computer Science and Engineering,State Level,VIIS,85129,58.8704519
04145,"Wainganga College of Engineering and Management, Dongargaon, Nagpur",,414529310,Electrical Engineering,State Level,"Legends:Start Character G-General, L-Ladies, End Character H-Home University, O-Other than Home University, S-State LevelS",138206,9.0861638
04145,"Wainganga College of Engineering and Management, Dongargaon, Nagpur",,414529310,Electrical Engineering,State Level,I-NonS,116382,35.1345873
04145,"Wainganga College of Engineering and Management, Dongargaon, Nagpur",,414529310,Electrical Engineering,State Level,VIIS,116665,34.1818319
04145,"Wainganga College of Engineering and Management, Dongargaon, Nagpur",,414537210,Electronics and Telecommunication Engg,State Level,"Legends:Start Character G-General, L-Ladies, End Character H-Home University, O-Other than Home University, S-State LevelS",122541,28.3793174
04145,"Wainganga College of Engineering and Management, Dongargaon, Nagpur",,414537210,Electronics and Telecommunication Engg,State Level,Maharashtra State Seats - Cut Off Indicates State General Merit No. ; Figures in bracket Indicates MHT-CET PCM PercentileS,142557,1.4878398
04145,"Wainganga College of Engineering and Management, Dongargaon, Nagpur",,414599510,Artificial Intelligence and Data Science,State Level,"Legends:Start Character G-General, L-Ladies, End Character H-Home University, O-Other than Home University, S-State LevelS",91918,54.6979992
04145,"Wainganga College of Engineering and Management, Dongargaon, Nagpur",,414599510,Artificial Intelligence and Data Science,State Level,I-NonS,77104,64.2666767
04147,"K.D.K. College of Engineering, Nagpur",,414719110,Civil Engineering,State Level,"Legends:Start Character G-General, L-Ladies, End Character H-Home University, O-Other than Home University, S-State LevelS",136817,11.119036
04147,"K.D.K. College of Engineering, Nagpur",,414719110,Civil Engineering,State Level,VIIS,96559,51.0567213
04147,"K.D.K. College of Engineering, Nagpur",,414724210,Computer Science and Engineering,State Level,"Legends:Start Character G-General, L-Ladies, End Character H-Home University, O-Other than Home University, S-State LevelS",85849,58.7124464
04147,"K.D.K. College of Engineering, Nagpur",,414724610,Information Technology,State Level,"Legends:Start Character G-General, L-Ladies, End Character H-Home University, O-Other than Home University, S-State LevelS",64808,71.2687819
04147,"K.D.K. College of Engineering, Nagpur",,414724610,Information Technology,State Level,Maharashtra State Seats - Cut Off Indicates State General Merit No. ; Figures in bracket Indicates MHT-CET PCM PercentileS,47150,79.8081214
04147,"K.D.K. College of Engineering, Nagpur",,414724610,Information Technology,State Level,DS,89557,55.9130075
04147,"K.D.K. College of Engineering, Nagpur",,414729310,Electrical Engineering,State Level,"Legends:Start Character G-General, L-Ladies, End Character H-Home University, O-Other than Home University, S-State LevelS",97619,50.2663166
04147,"K.D.K. College of Engineering, Nagpur",,414729310,Electrical Engineering,State Level,I-NonS,99159,49.4761567
04147,"K.D.K. College of Engineering, Nagpur",,414737210,Electronics and Telecommunication Engg,State Level,"Legends:Start Character G-General, L-Ladies, End Character H-Home University, O-Other than Home University, S-State LevelS",131450,18.2192293
04147,"K.D.K. College of Engineering, Nagpur",,414737210,Electronics and Telecommunication Engg,State Level,I-NonS,71503,67.5703113
04147,"K.D.K. College of Engineering, Nagpur",,414761210,Mechanical Engineering,State Level,"Legends:Start Character G-General, L-Ladies, End Character H-Home University, O-Other than Home University, S-State LevelS",108039,42.5530244
04147,"K.D.K. College of Engineering, Nagpur",,414761210,Mechanical Engineering,State Level,Maharashtra State Seats - Cut Off Indicates State General Merit No. ; Figures in bracket Indicates MHT-CET PCM PercentileS,113426,37.1297299
04147,"K.D.K. College of Engineering, Nagpur",,414761210,Mechanical Engineering,State Level,I-NonS,105043,44.476613
04147,"K.D.K. College of Engineering, Nagpur",,414799510,Artificial Intelligence and Data Science,State Level,"Legends:Start Character G-General, L-Ladies, End Character H-Home University, O-Other than Home University, S-State LevelS",90393,55.7163295
04147,"K.D.K. College of Engineering, Nagpur",,414799510,Artificial Intelligence and Data Science,State Level,I-NonS,55551,76.0463981
04151,"Vidarbha Bahu-Uddeshiya Shikshan Sanstha's Tulshiramji Gaikwad Patil College of Engineering & Technology, Nagpur",,415100210,Aeronautical Engineering,State Level,"Legends:Start Character G-General, L-Ladies, End Character H-Home University, O-Other than Home University, S-State LevelS",95726,52.2415622
04151,"Vidarbha Bahu-Uddeshiya Shikshan Sanstha's Tulshiramji Gaikwad Patil College of Engineering & Technology, Nagpur",,415100210,Aeronautical Engineering,State Level,Maharashtra State Seats - Cut Off Indicates State General Merit No. ; Figures in bracket Indicates MHT-CET PCM PercentileS,113072,37.7324111
04151,"Vidarbha Bahu-Uddeshiya Shikshan Sanstha's Tulshiramji Gaikwad Patil College of Engineering & Technology, Nagpur",,415100210,Aeronautical Engineering,State Level,DS,123519,27.145045
04151,"Vidarbha Bahu-Uddeshiya Shikshan Sanstha's Tulshiramji Gaikwad Patil College of Engineering & Technology, Nagpur",,415100210,Aeronautical Engineering,State Level,State Common Entrance Test CellS,105288,44.476613
04151,"Vidarbha Bahu-Uddeshiya Shikshan Sanstha's Tulshiramji Gaikwad Patil College of Engineering & Technology, Nagpur",,415100210,Aeronautical Engineering,State Level,Cut Off List for Maharashtra & Minority Seats of CAP Round - III for the Admission to the First Year Under Graduate Technical Courses in Engineering and Technology (4 Years) &S,102803,46.4499379
04151,"Vidarbha Bahu-Uddeshiya Shikshan Sanstha's Tulshiramji Gaikwad Patil College of Engineering & Technology, Nagpur",,415100210,Aeronautical Engineering,State Level,Master of Engineering and Technology (Integrated 5 Years) Admissions A.Y. 2023-24S,115485,35.624509
04151,"Vidarbha Bahu-Uddeshiya Shikshan Sanstha's Tulshiramji Gaikwad Patil College of Engineering & Technology, Nagpur",,415100210,Aeronautical Engineering,State Level,GOPENS,66612,70.2813361
04151,"Vidarbha Bahu-Uddeshiya Shikshan Sanstha's Tulshiramji Gaikwad Patil College of Engineering & Technology, Nagpur",,415100210,Aeronautical Engineering,State Level,GVJS,117430,33.3408586
04151,"Vidarbha Bahu-Uddeshiya Shikshan Sanstha's Tulshiramji Gaikwad Patil College of Engineering & Technology, Nagpur",,415100210,Aeronautical Engineering,State Level,I-NonS,92587,54.0043616
04151,"Vidarbha Bahu-Uddeshiya Shikshan Sanstha's Tulshiramji Gaikwad Patil College of Engineering & Technology, Nagpur",,415100210,Aeronautical Engineering,State Level,I-NonS,101868,47.3478734
04151,"Vidarbha Bahu-Uddeshiya Shikshan Sanstha's Tulshiramji Gaikwad Patil College of Engineering & Technology, Nagpur",,415100210,Aeronautical Engineering,State Level,VIIS,103820,45.9472716
04151,"Vidarbha Bahu-Uddeshiya Shikshan Sanstha's Tulshiramji Gaikwad Patil College of Engineering & Technology, Nagpur",,415108210,Bio Technology,State Level,GOPENS,120009,30.9520229
04151,"Vidarbha Bahu-Uddeshiya Shikshan Sanstha's Tulshiramji Gaikwad Patil College of Engineering & Technology, Nagpur",,415108210,Bio Technology,State Level,GSCS,124274,26.2033481
04151,"Vidarbha Bahu-Uddeshiya Shikshan Sanstha's Tulshiramji Gaikwad Patil College of Engineering & Technology, Nagpur",,415108210,Bio Technology,State Level,GOBCS,123243,27.3241113
04151,"Vidarbha Bahu-Uddeshiya Shikshan Sanstha's Tulshiramji Gaikwad Patil College of Engineering & Technology, Nagpur",,415108210,Bio Technology,State Level,LOPENS,118008,32.8844711
04151,"Vidarbha Bahu-Uddeshiya Shikshan Sanstha's Tulshiramji Gaikwad Patil College of Engineering & Technology, Nagpur",,415108210,Bio Technology,State Level,LSCS,101963,47.3478734
04151,"Vidarbha Bahu-Uddeshiya Shikshan Sanstha's Tulshiramji Gaikwad Patil College of Engineering & Technology, Nagpur",,415108210,Bio Technology,State Level,LSTS,49980,78.5775598
04151,"Vidarbha Bahu-Uddeshiya Shikshan Sanstha's Tulshiramji Gaikwad Patil College of Engineering & Technology, Nagpur",,415108210,Bio Technology,State Level,PWDOPENS,118652,32.4663078
04151,"Vidarbha Bahu-Uddeshiya Shikshan Sanstha's Tulshiramji Gaikwad Patil College of Engineering & Technology, Nagpur",,415108210,Bio Technology,State Level,I-NonS,117526,33.3408586
04151,"Vidarbha Bahu-Uddeshiya Shikshan Sanstha's Tulshiramji Gaikwad Patil College of Engineering & Technology, Nagpur",,415108210,Bio Technology,State Level,I-NonS,120138,30.5964599
04151,"Vidarbha Bahu-Uddeshiya Shikshan Sanstha's Tulshiramji Gaikwad Patil College of Engineering & Technology, Nagpur",,415108210,Bio Technology,State Level,VIIS,114018,36.5842646
04151,"Vidarbha Bahu-Uddeshiya Shikshan Sanstha's Tulshiramji Gaikwad Patil College of Engineering & Technology, Nagpur",,415119110,Civil Engineering,State Level,GOPENS,83772,59.9249812
04151,"Vidarbha Bahu-Uddeshiya Shikshan Sanstha's Tulshiramji Gaikwad Patil College of Engineering & Technology, Nagpur",,415119110,Civil Engineering,State Level,GVJS,118367,32.6609746
04151,"Vidarbha Bahu-Uddeshiya Shikshan Sanstha's Tulshiramji Gaikwad Patil College of Engineering & Technology, Nagpur",,415119110,Civil Engineering,State Level,GNT3S,121374,29.4111028
04151,"Vidarbha Bahu-Uddeshiya Shikshan Sanstha's Tulshiramji Gaikwad Patil College of Engineering & Technology, Nagpur",,415119110,Civil Engineering,State Level,GOBCS,129179,20.9244385
04151,"Vidarbha Bahu-Uddeshiya Shikshan Sanstha's Tulshiramji Gaikwad Patil College of Engineering & Technology, Nagpur",,415119110,Civil Engineering,State Level,I-NonS,119012,32.3095051
04151,"Vidarbha Bahu-Uddeshiya Shikshan Sanstha's Tulshiramji Gaikwad Patil College of Engineering & Technology, Nagpur",,415119110,Civil Engineering,State Level,I-NonS,122954,27.6545345
04151,"Vidarbha Bahu-Uddeshiya Shikshan Sanstha's Tulshiramji Gaikwad Patil College of Engineering & Technology, Nagpur",,415119110,Civil Engineering,State Level,VIIS,126012,24.5412844
04151,"Vidarbha Bahu-Uddeshiya Shikshan Sanstha's Tulshiramji Gaikwad Patil College of Engineering & Technology, Nagpur",,415124210,Computer Science and Engineering,State Level,"Legends:Start Character G-General, L-Ladies, End Character H-Home University, O-Other than Home University, S-State LevelS",65202,71.1698646
04151,"Vidarbha Bahu-Uddeshiya Shikshan Sanstha's Tulshiramji Gaikwad Patil College of Engineering & Technology, Nagpur",,415124210,Computer Science and Engineering,State Level,Maharashtra State Seats - Cut Off Indicates State General Merit No. ; Figures in bracket Indicates MHT-CET PCM PercentileS,74606,65.9622938
04151,"Vidarbha Bahu-Uddeshiya Shikshan Sanstha's Tulshiramji Gaikwad Patil College of Engineering & Technology, Nagpur",,415124210,Computer Science and Engineering,State Level,DS,91045,55.2985075
04151,"Vidarbha Bahu-Uddeshiya Shikshan Sanstha's Tulshiramji Gaikwad Patil College of Engineering & Technology, Nagpur",,415124210,Computer Science and Engineering,State Level,State Common Entrance Test CellS,92918,53.8156961
04151,"Vidarbha Bahu-Uddeshiya Shikshan Sanstha's Tulshiramji Gaikwad Patil College of Engineering & Technology, Nagpur",,415124210,Computer Science and Engineering,State Level,Cut Off List for Maharashtra & Minority Seats of CAP Round - III for the Admission to the First Year Under Graduate Technical Courses in Engineering and Technology (4 Years) &S,66130,70.6180504
04151,"Vidarbha Bahu-Uddeshiya Shikshan Sanstha's Tulshiramji Gaikwad Patil College of Engineering & Technology, Nagpur",,415124210,Computer Science and Engineering,State Level,Master of Engineering and Technology (Integrated 5 Years) Admissions A.Y. 2023-24S,68795,69.2172491
04151,"Vidarbha Bahu-Uddeshiya Shikshan Sanstha's Tulshiramji Gaikwad Patil College of Engineering & Technology, Nagpur",,415124210,Computer Science and Engineering,State Level,GOPENS,85224,58.8704519
04151,"Vidarbha Bahu-Uddeshiya Shikshan Sanstha's Tulshiramji Gaikwad Patil College of Engineering & Technology, Nagpur",,415124210,Computer Science and Engineering,State Level,GSCS,81059,61.6397637
04151,"Vidarbha Bahu-Uddeshiya Shikshan Sanstha's Tulshiramji Gaikwad Patil College of Engineering & Technology, Nagpur",,415124210,Computer Science and Engineering,State Level,GSTS,98990,49.5548073
04151,"Vidarbha Bahu-Uddeshiya Shikshan Sanstha's Tulshiramji Gaikwad Patil College of Engineering & Technology, Nagpur",,415124210,Computer Science and Engineering,State Level,GNT2S,78994,63.3857031
04151,"Vidarbha Bahu-Uddeshiya Shikshan Sanstha's Tulshiramji Gaikwad Patil College of Engineering & Technology, Nagpur",,415124210,Computer Science and Engineering,State Level,LOPENS,92081,54.6979992
04151,"Vidarbha Bahu-Uddeshiya Shikshan Sanstha's Tulshiramji Gaikwad Patil College of Engineering & Technology, Nagpur",,415124210,Computer Science and Engineering,State Level,I-NonS,61301,73.2522683
04151,"Vidarbha Bahu-Uddeshiya Shikshan Sanstha's Tulshiramji Gaikwad Patil College of Engineering & Technology, Nagpur",,415124610,Information Technology,State Level,GOPENS,69747,68.8122862
04151,"Vidarbha Bahu-Uddeshiya Shikshan Sanstha's Tulshiramji Gaikwad Patil College of Engineering & Technology, Nagpur",,415124610,Information Technology,State Level,GSCS,76540,64.4512569
04151,"Vidarbha Bahu-Uddeshiya Shikshan Sanstha's Tulshiramji Gaikwad Patil College of Engineering & Technology, Nagpur",,415124610,Information Technology,State Level,GSTS,83526,59.9249812
04151,"Vidarbha Bahu-Uddeshiya Shikshan Sanstha's Tulshiramji Gaikwad Patil College of Engineering & Technology, Nagpur",,415124610,Information Technology,State Level,GVJS,89270,56.656397
04151,"Vidarbha Bahu-Uddeshiya Shikshan Sanstha's Tulshiramji Gaikwad Patil College of Engineering & Technology, Nagpur",,415124610,Information Technology,State Level,GNT2S,82172,61.2935921
04151,"Vidarbha Bahu-Uddeshiya Shikshan Sanstha's Tulshiramji Gaikwad Patil College of Engineering & Technology, Nagpur",,415124610,Information Technology,State Level,GNT3S,72126,67.1534217
04151,"Vidarbha Bahu-Uddeshiya Shikshan Sanstha's Tulshiramji Gaikwad Patil College of Engineering & Technology, Nagpur",,415124610,Information Technology,State Level,GOBCS,64820,71.2687819
04151,"Vidarbha Bahu-Uddeshiya Shikshan Sanstha's Tulshiramji Gaikwad Patil College of Engineering & Technology, Nagpur",,415124610,Information Technology,State Level,LOPENS,66692,70.2813361
04151,"Vidarbha Bahu-Uddeshiya Shikshan Sanstha's Tulshiramji Gaikwad Patil College of Engineering & Technology, Nagpur",,415124610,Information Technology,State Level,LSTS,66276,70.5106049
04151,"Vidarbha Bahu-Uddeshiya Shikshan Sanstha's Tulshiramji Gaikwad Patil College of Engineering & Technology, Nagpur",,415124610,Information Technology,State Level,LNT3S,107668,42.5955447
04151,"Vidarbha Bahu-Uddeshiya Shikshan Sanstha's Tulshiramji Gaikwad Patil College of Engineering & Technology, Nagpur",,415124610,Information Technology,State Level,LOBCS,89073,56.7366842
04151,"Vidarbha Bahu-Uddeshiya Shikshan Sanstha's Tulshiramji Gaikwad Patil College of Engineering & Technology, Nagpur",,415124610,Information Technology,State Level,VIIS,71429,67.5703113
04151,"Vidarbha Bahu-Uddeshiya Shikshan Sanstha's Tulshiramji Gaikwad Patil College of Engineering & Technology, Nagpur",,415129310,Electrical Engineering,State Level,GOPENS,92617,54.0043616
04151,"Vidarbha Bahu-Uddeshiya Shikshan Sanstha's Tulshiramji Gaikwad Patil College of Engineering & Technology, Nagpur",,415129310,Electrical Engineering,State Level,GSCS,93854,53.1660451
04151,"Vidarbha Bahu-Uddeshiya Shikshan Sanstha's Tulshiramji Gaikwad Patil College of Engineering & Technology, Nagpur",,415129310,Electrical Engineering,State Level,GSTS,97706,50.2663166
04151,"Vidarbha Bahu-Uddeshiya Shikshan Sanstha's Tulshiramji Gaikwad Patil College of Engineering & Technology, Nagpur",,415129310,Electrical Engineering,State Level,GNT2S,93580,53.6496624
04151,"Vidarbha Bahu-Uddeshiya Shikshan Sanstha's Tulshiramji Gaikwad Patil College of Engineering & Technology, Nagpur",,415129310,Electrical Engineering,State Level,GOBCS,122810,28.1052376
04151,"Vidarbha Bahu-Uddeshiya Shikshan Sanstha's Tulshiramji Gaikwad Patil College of Engineering & Technology, Nagpur",,415129310,Electrical Engineering,State Level,LSCS,114799,36.1619626
04151,"Vidarbha Bahu-Uddeshiya Shikshan Sanstha's Tulshiramji Gaikwad Patil College of Engineering & Technology, Nagpur",,415129310,Electrical Engineering,State Level,VIIS,98295,49.6513702
04151,"Vidarbha Bahu-Uddeshiya Shikshan Sanstha's Tulshiramji Gaikwad Patil College of Engineering & Technology, Nagpur",,415137010,Electronics and Communication Engineering,State Level,GOPENS,85392,58.8704519
04151,"Vidarbha Bahu-Uddeshiya Shikshan Sanstha's Tulshiramji Gaikwad Patil College of Engineering & Technology, Nagpur",,415137010,Electronics and Communication Engineering,State Level,GSCS,91351,55.2709127
04151,"Vidarbha Bahu-Uddeshiya Shikshan Sanstha's Tulshiramji Gaikwad Patil College of Engineering & Technology, Nagpur",,415137010,Electronics and Communication Engineering,State Level,GVJS,88916,56.7366842
04151,"Vidarbha Bahu-Uddeshiya Shikshan Sanstha's Tulshiramji Gaikwad Patil College of Engineering & Technology, Nagpur",,415137010,Electronics and Communication Engineering,State Level,GOBCS,85913,58.7124464
04151,"Vidarbha Bahu-Uddeshiya Shikshan Sanstha's Tulshiramji Gaikwad Patil College of Engineering & Technology, Nagpur",,415137010,Electronics and Communication Engineering,State Level,LOPENS,81494,61.4332053
04151,"Vidarbha Bahu-Uddeshiya Shikshan Sanstha's Tulshiramji Gaikwad Patil College of Engineering & Technology, Nagpur",,415137010,Electronics and Communication Engineering,State Level,PWDOPENS,92635,54.0043616
04151,"Vidarbha Bahu-Uddeshiya Shikshan Sanstha's Tulshiramji Gaikwad Patil College of Engineering & Technology, Nagpur",,415137010,Electronics and Communication Engineering,State Level,I-NonS,89195,56.656397
04151,"Vidarbha Bahu-Uddeshiya Shikshan Sanstha's Tulshiramji Gaikwad Patil College of Engineering & Technology, Nagpur",,415137010,Electronics and Communication Engineering,State Level,I-NonS,89322,56.656397
04151,"Vidarbha Bahu-Uddeshiya Shikshan Sanstha's Tulshiramji Gaikwad Patil College of Engineering & Technology, Nagpur",,415137010,Electronics and Communication Engineering,State Level,VIIS,89995,55.8997381
04151,"Vidarbha Bahu-Uddeshiya Shikshan Sanstha's Tulshiramji Gaikwad Patil College of Engineering & Technology, Nagpur",,415161210,Mechanical Engineering,State Level,"Legends:Start Character G-General, L-Ladies, End Character H-Home University, O-Other than Home University, S-State LevelS",108030,42.5530244
04151,"Vidarbha Bahu-Uddeshiya Shikshan Sanstha's Tulshiramji Gaikwad Patil College of Engineering & Technology, Nagpur",,415161210,Mechanical Engineering,State Level,Maharashtra State Seats - Cut Off Indicates State General Merit No. ; Figures in bracket Indicates MHT-CET PCM PercentileS,113553,37.1297299
04151,"Vidarbha Bahu-Uddeshiya Shikshan Sanstha's Tulshiramji Gaikwad Patil College of Engineering & Technology, Nagpur",,415161210,Mechanical Engineering,State Level,DS,117705,33.2472877
04151,"Vidarbha Bahu-Uddeshiya Shikshan Sanstha's Tulshiramji Gaikwad Patil College of Engineering & Technology, Nagpur",,415161210,Mechanical Engineering,State Level,State Common Entrance Test CellS,128654,21.5370732
04151,"Vidarbha Bahu-Uddeshiya Shikshan Sanstha's Tulshiramji Gaikwad Patil College of Engineering & Technology, Nagpur",,415161210,Mechanical Engineering,State Level,Cut Off List for Maharashtra & Minority Seats of CAP Round - III for the Admission to the First Year Under Graduate Technical Courses in Engineering and Technology (4 Years) &S,130490,19.1048437
04151,"Vidarbha Bahu-Uddeshiya Shikshan Sanstha's Tulshiramji Gaikwad Patil College of Engineering & Technology, Nagpur",,415161210,Mechanical Engineering,State Level,Master of Engineering and Technology (Integrated 5 Years) Admissions A.Y. 2023-24S,129658,20.3198986
04151,"Vidarbha Bahu-Uddeshiya Shikshan Sanstha's Tulshiramji Gaikwad Patil College of Engineering & Technology, Nagpur",,415161210,Mechanical Engineering,State Level,I-NonS,108661,42.2969628
04151,"Vidarbha Bahu-Uddeshiya Shikshan Sanstha's Tulshiramji Gaikwad Patil College of Engineering & Technology, Nagpur",,415161210,Mechanical Engineering,State Level,VIIS,115084,36.029881
04151,"Vidarbha Bahu-Uddeshiya Shikshan Sanstha's Tulshiramji Gaikwad Patil College of Engineering & Technology, Nagpur",,415161210,Mechanical Engineering,State Level,Maharashtra State Seats Allotted to All India Candidature CandidatesS,96137,51.4762755
04151,"Vidarbha Bahu-Uddeshiya Shikshan Sanstha's Tulshiramji Gaikwad Patil College of Engineering & Technology, Nagpur",,415191210,Computer Science and Engineering(Data Science),State Level,GOPENS,69760,68.8122862
04151,"Vidarbha Bahu-Uddeshiya Shikshan Sanstha's Tulshiramji Gaikwad Patil College of Engineering & Technology, Nagpur",,415191210,Computer Science and Engineering(Data Science),State Level,GSCS,77995,63.973064
04151,"Vidarbha Bahu-Uddeshiya Shikshan Sanstha's Tulshiramji Gaikwad Patil College of Engineering & Technology, Nagpur",,415191210,Computer Science and Engineering(Data Science),State Level,LOPENS,77822,63.973064
04151,"Vidarbha Bahu-Uddeshiya Shikshan Sanstha's Tulshiramji Gaikwad Patil College of Engineering & Technology, Nagpur",,415191210,Computer Science and Engineering(Data Science),State Level,LSCS,79251,62.7898492
04151,"Vidarbha Bahu-Uddeshiya Shikshan Sanstha's Tulshiramji Gaikwad Patil College of Engineering & Technology, Nagpur",,415191210,Computer Science and Engineering(Data Science),State Level,LVJS,70010,68.401414
04151,"Vidarbha Bahu-Uddeshiya Shikshan Sanstha's Tulshiramji Gaikwad Patil College of Engineering & Technology, Nagpur",,415191210,Computer Science and Engineering(Data Science),State Level,PWDOPENS,127723,22.6551453
04151,"Vidarbha Bahu-Uddeshiya Shikshan Sanstha's Tulshiramji Gaikwad Patil College of Engineering & Technology, Nagpur",,415191210,Computer Science and Engineering(Data Science),State Level,TFWS,87024,58.1195238
04151,"Vidarbha Bahu-Uddeshiya Shikshan Sanstha's Tulshiramji Gaikwad Patil College of Engineering & Technology, Nagpur",,415191210,Computer Science and Engineering(Data Science),State Level,I-NonS,67951,69.597699
04163,Rajiv Gandhi College of Engineering Research & Technology  Chandrapur,,416319110,Civil Engineering,State Level,"Legends:Start Character G-General, L-Ladies, End Character H-Home University, O-Other than Home University, S-State LevelS",116217,35.1345873
04163,Rajiv Gandhi College of Engineering Research & Technology  Chandrapur,,416324210,Computer Science and Engineering,State Level,"Legends:Start Character G-General, L-Ladies, End Character H-Home University, O-Other than Home University, S-State LevelS",124125,26.2033481
04163,Rajiv Gandhi College of Engineering Research & Technology  Chandrapur,,416324210,Computer Science and Engineering,State Level,I-NonS,46229,80.4126032
04163,Rajiv Gandhi College of Engineering Research & Technology  Chandrapur,,416329310,Electrical Engineering,State Level,"Legends:Start Character G-General, L-Ladies, End Character H-Home University, O-Other than Home University, S-State LevelS",107018,43.1162283
04163,Rajiv Gandhi College of Engineering Research & Technology  Chandrapur,,416337010,Electronics and Communication Engineering,State Level,"Legends:Start Character G-General, L-Ladies, End Character H-Home University, O-Other than Home University, S-State LevelS",54452,76.7173434
04163,Rajiv Gandhi College of Engineering Research & Technology  Chandrapur,,416337010,Electronics and Communication Engineering,State Level,I-NonS,83755,59.9249812
04163,Rajiv Gandhi College of Engineering Research & Technology  Chandrapur,,416337010,Electronics and Communication Engineering,State Level,VIIS,88073,56.982253
04163,Rajiv Gandhi College of Engineering Research & Technology  Chandrapur,,416370110,Mining Engineering,State Level,"Legends:Start Character G-General, L-Ladies, End Character H-Home University, O-Other than Home University, S-State LevelS",101838,47.3478734
04167,"Yeshwantrao Chavan College of Engineering,Wanadongri, Nagpur",,416719110,Civil Engineering,State Level,"Legends:Start Character G-General, L-Ladies, End Character H-Home University, O-Other than Home University, S-State LevelS",64356,71.4000828
04167,"Yeshwantrao Chavan College of Engineering,Wanadongri, Nagpur",,416719110,Civil Engineering,State Level,Maharashtra State Seats - Cut Off Indicates State General Merit No. ; Figures in bracket Indicates MHT-CET PCM PercentileS,72855,66.8171727
04167,"Yeshwantrao Chavan College of Engineering,Wanadongri, Nagpur",,416719110,Civil Engineering,State Level,DS,76572,64.4512569
04167,"Yeshwantrao Chavan College of Engineering,Wanadongri, Nagpur",,416719110,Civil Engineering,State Level,State Common Entrance Test CellS,68356,69.3042857
04167,"Yeshwantrao Chavan College of Engineering,Wanadongri, Nagpur",,416719110,Civil Engineering,State Level,Cut Off List for Maharashtra & Minority Seats of CAP Round - III for the Admission to the First Year Under Graduate Technical Courses in Engineering and Technology (4 Years) &S,84886,59.6839864
04167,"Yeshwantrao Chavan College of Engineering,Wanadongri, Nagpur",,416719110,Civil Engineering,State Level,Master of Engineering and Technology (Integrated 5 Years) Admissions A.Y. 2023-24S,47131,80.0408747
04167,"Yeshwantrao Chavan College of Engineering,Wanadongri, Nagpur",,416719110,Civil Engineering,State Level,GOPENS,96646,51.0567213
04167,"Yeshwantrao Chavan College of Engineering,Wanadongri, Nagpur",,416719110,Civil Engineering,State Level,I-NonS,65736,71.0587355
04167,"Yeshwantrao Chavan College of Engineering,Wanadongri, Nagpur",,416719110,Civil Engineering,State Level,VIIS,64398,71.4000828
04167,"Yeshwantrao Chavan College of Engineering,Wanadongri, Nagpur",,416724210,Computer Science and Engineering,State Level,GOPENS,13536,94.6489662
04167,"Yeshwantrao Chavan College of Engineering,Wanadongri, Nagpur",,416724210,Computer Science and Engineering,State Level,GSCS,14456,94.2910587
04167,"Yeshwantrao Chavan College of Engineering,Wanadongri, Nagpur",,416724210,Computer Science and Engineering,State Level,GSTS,45150,81.0090469
04167,"Yeshwantrao Chavan College of Engineering,Wanadongri, Nagpur",,416724210,Computer Science and Engineering,State Level,GNT1S,22039,91.0376802
04167,"Yeshwantrao Chavan College of Engineering,Wanadongri, Nagpur",,416724210,Computer Science and Engineering,State Level,LOPENS,14253,94.3700831
04167,"Yeshwantrao Chavan College of Engineering,Wanadongri, Nagpur",,416724210,Computer Science and Engineering,State Level,LOBCS,17279,93.1024197
04167,"Yeshwantrao Chavan College of Engineering,Wanadongri, Nagpur",,416724210,Computer Science and Engineering,State Level,EWS,21038,91.4590348
04167,"Yeshwantrao Chavan College of Engineering,Wanadongri, Nagpur",,416724610,Information Technology,State Level,GOPENS,16242,93.5265773
04167,"Yeshwantrao Chavan College of Engineering,Wanadongri, Nagpur",,416724610,Information Technology,State Level,GNT1S,25572,89.5398277
04167,"Yeshwantrao Chavan College of Engineering,Wanadongri, Nagpur",,416724610,Information Technology,State Level,LOPENS,19021,92.3494201
04167,"Yeshwantrao Chavan College of Engineering,Wanadongri, Nagpur",,416724610,Information Technology,State Level,LOBCS,20658,91.7108778
04167,"Yeshwantrao Chavan College of Engineering,Wanadongri, Nagpur",,416724610,Information Technology,State Level,I-NonS,16612,93.3965459
04167,"Yeshwantrao Chavan College of Engineering,Wanadongri, Nagpur",,416725110,Computer Technology,State Level,GOPENS,16889,93.2464234
04167,"Yeshwantrao Chavan College of Engineering,Wanadongri, Nagpur",,416725110,Computer Technology,State Level,LOPENS,18899,92.4568642
04167,"Yeshwantrao Chavan College of Engineering,Wanadongri, Nagpur",,416725710,Computer Science and Design,State Level,"Legends:Start Character G-General, L-Ladies, End Character H-Home University, O-Other than Home University, S-State LevelS",22592,90.8627157
04167,"Yeshwantrao Chavan College of Engineering,Wanadongri, Nagpur",,416725710,Computer Science and Design,State Level,Maharashtra State Seats - Cut Off Indicates State General Merit No. ; Figures in bracket Indicates MHT-CET PCM PercentileS,23267,90.5702023
04167,"Yeshwantrao Chavan College of Engineering,Wanadongri, Nagpur",,416725710,Computer Science and Design,State Level,DS,21325,91.3483231
04167,"Yeshwantrao Chavan College of Engineering,Wanadongri, Nagpur",,416725710,Computer Science and Design,State Level,State Common Entrance Test CellS,31235,87.2113119
04167,"Yeshwantrao Chavan College of Engineering,Wanadongri, Nagpur",,416726710,Computer Science and Engineering (IoT),State Level,GOPENS,15203,93.9690179
04167,"Yeshwantrao Chavan College of Engineering,Wanadongri, Nagpur",,416726710,Computer Science and Engineering (IoT),State Level,LOPENS,23256,90.5963303
04167,"Yeshwantrao Chavan College of Engineering,Wanadongri, Nagpur",,416726710,Computer Science and Engineering (IoT),State Level,EWS,33420,86.1668982
04167,"Yeshwantrao Chavan College of Engineering,Wanadongri, Nagpur",,416735610,Electrical Engg[Electronics and Power],State Level,GOPENS,50960,78.3308876
04167,"Yeshwantrao Chavan College of Engineering,Wanadongri, Nagpur",,416735610,Electrical Engg[Electronics and Power],State Level,GNT3S,132906,16.2396627
04167,"Yeshwantrao Chavan College of Engineering,Wanadongri, Nagpur",,416735610,Electrical Engg[Electronics and Power],State Level,GOBCS,51132,78.1143775
04167,"Yeshwantrao Chavan College of Engineering,Wanadongri, Nagpur",,416735610,Electrical Engg[Electronics and Power],State Level,LOBCS,44923,81.0174211
04167,"Yeshwantrao Chavan College of Engineering,Wanadongri, Nagpur",,416735610,Electrical Engg[Electronics and Power],State Level,TFWS,41850,82.3346823
04167,"Yeshwantrao Chavan College of Engineering,Wanadongri, Nagpur",,416737210,Electronics and Telecommunication Engg,State Level,GOPENS,25334,89.6939217
04167,"Yeshwantrao Chavan College of Engineering,Wanadongri, Nagpur",,416737210,Electronics and Telecommunication Engg,State Level,LSCS,38291,84.2006246
04167,"Yeshwantrao Chavan College of Engineering,Wanadongri, Nagpur",,416737210,Electronics and Telecommunication Engg,State Level,DEFOPENS,65106,71.2687819
04167,"Yeshwantrao Chavan College of Engineering,Wanadongri, Nagpur",,416737210,Electronics and Telecommunication Engg,State Level,PWDROBCS,125771,24.8864926
04167,"Yeshwantrao Chavan College of Engineering,Wanadongri, Nagpur",,416737210,Electronics and Telecommunication Engg,State Level,S,28835,88.144407
04167,"Yeshwantrao Chavan College of Engineering,Wanadongri, Nagpur",,416737610,Electronics Engineering,State Level,"Legends:Start Character G-General, L-Ladies, End Character H-Home University, O-Other than Home University, S-State LevelS",28858,88.144407
04167,"Yeshwantrao Chavan College of Engineering,Wanadongri, Nagpur",,416737610,Electronics Engineering,State Level,Maharashtra State Seats - Cut Off Indicates State General Merit No. ; Figures in bracket Indicates MHT-CET PCM PercentileS,41853,82.3346823
04167,"Yeshwantrao Chavan College of Engineering,Wanadongri, Nagpur",,416737610,Electronics Engineering,State Level,DS,33735,86.0518493
04167,"Yeshwantrao Chavan College of Engineering,Wanadongri, Nagpur",,416737610,Electronics Engineering,State Level,State Common Entrance Test CellS,32968,86.3550668
04167,"Yeshwantrao Chavan College of Engineering,Wanadongri, Nagpur",,416737610,Electronics Engineering,State Level,Cut Off List for Maharashtra & Minority Seats of CAP Round - III for the Admission to the First Year Under Graduate Technical Courses in Engineering and Technology (4 Years) &S,25910,89.4065093
04167,"Yeshwantrao Chavan College of Engineering,Wanadongri, Nagpur",,416737610,Electronics Engineering,State Level,Master of Engineering and Technology (Integrated 5 Years) Admissions A.Y. 2023-24S,51572,78.067557
04167,"Yeshwantrao Chavan College of Engineering,Wanadongri, Nagpur",,416737610,Electronics Engineering,State Level,I-NonS,32437,86.6965956
04167,"Yeshwantrao Chavan College of Engineering,Wanadongri, Nagpur",,416737610,Electronics Engineering,State Level,I-NonS,29819,87.6993762
04167,"Yeshwantrao Chavan College of Engineering,Wanadongri, Nagpur",,416737810,Electronics Engineering ( VLSI Design and Technology),State Level,GOPENS,39338,83.4300164
04167,"Yeshwantrao Chavan College of Engineering,Wanadongri, Nagpur",,416737810,Electronics Engineering ( VLSI Design and Technology),State Level,GSCS,45442,80.9858625
04167,"Yeshwantrao Chavan College of Engineering,Wanadongri, Nagpur",,416737810,Electronics Engineering ( VLSI Design and Technology),State Level,GSTS,141415,3.3914874
04167,"Yeshwantrao Chavan College of Engineering,Wanadongri, Nagpur",,416737810,Electronics Engineering ( VLSI Design and Technology),State Level,GOBCS,41447,82.4643661
04167,"Yeshwantrao Chavan College of Engineering,Wanadongri, Nagpur",,416737810,Electronics Engineering ( VLSI Design and Technology),State Level,LOPENS,35464,85.3410413
04167,"Yeshwantrao Chavan College of Engineering,Wanadongri, Nagpur",,416737810,Electronics Engineering ( VLSI Design and Technology),State Level,PWDOPENS,34756,85.4752553
04167,"Yeshwantrao Chavan College of Engineering,Wanadongri, Nagpur",,416737810,Electronics Engineering ( VLSI Design and Technology),State Level,I-NonS,38042,84.216054
04167,"Yeshwantrao Chavan College of Engineering,Wanadongri, Nagpur",,416761210,Mechanical Engineering,State Level,GOPENS,50276,78.4161664
04167,"Yeshwantrao Chavan College of Engineering,Wanadongri, Nagpur",,416761210,Mechanical Engineering,State Level,GSTS,94146,52.7523799
04167,"Yeshwantrao Chavan College of Engineering,Wanadongri, Nagpur",,416761210,Mechanical Engineering,State Level,GNT2S,55631,75.8958975
04167,"Yeshwantrao Chavan College of Engineering,Wanadongri, Nagpur",,416761210,Mechanical Engineering,State Level,GOBCS,42928,82.1650299
04167,"Yeshwantrao Chavan College of Engineering,Wanadongri, Nagpur",,416761210,Mechanical Engineering,State Level,LOPENS,54734,76.6367377
04167,"Yeshwantrao Chavan College of Engineering,Wanadongri, Nagpur",,416761210,Mechanical Engineering,State Level,LOBCS,57809,75.1338688
04167,"Yeshwantrao Chavan College of Engineering,Wanadongri, Nagpur",,416761210,Mechanical Engineering,State Level,VIIS,56933,75.1725431
04167,"Yeshwantrao Chavan College of Engineering,Wanadongri, Nagpur",,416791110,Computer Science and Engineering(Artificial Intelligence and Machine Learning),State Level,LOPENS,21357,91.339765
04167,"Yeshwantrao Chavan College of Engineering,Wanadongri, Nagpur",,416791110,Computer Science and Engineering(Artificial Intelligence and Machine Learning),State Level,LOBCS,21552,91.2629338
04167,"Yeshwantrao Chavan College of Engineering,Wanadongri, Nagpur",,416791110,Computer Science and Engineering(Artificial Intelligence and Machine Learning),State Level,TFWS,14310,94.3626357
04167,"Yeshwantrao Chavan College of Engineering,Wanadongri, Nagpur",,416799510,Artificial Intelligence and Data Science,State Level,"Legends:Start Character G-General, L-Ladies, End Character H-Home University, O-Other than Home University, S-State LevelS",19042,92.3494201
04167,"Yeshwantrao Chavan College of Engineering,Wanadongri, Nagpur",,416799510,Artificial Intelligence and Data Science,State Level,Maharashtra State Seats - Cut Off Indicates State General Merit No. ; Figures in bracket Indicates MHT-CET PCM PercentileS,19564,92.1445405
04167,"Yeshwantrao Chavan College of Engineering,Wanadongri, Nagpur",,416799510,Artificial Intelligence and Data Science,State Level,DS,30188,87.6216398
04172,"Anjuman College of Engineering & Technology, Nagpur",,417219110,Civil Engineering,State Level,"Legends:Start Character G-General, L-Ladies, End Character H-Home University, O-Other than Home University, S-State LevelS",131982,17.5985227
04172,"Anjuman College of Engineering & Technology, Nagpur",,417224210,Computer Science and Engineering,State Level,"Legends:Start Character G-General, L-Ladies, End Character H-Home University, O-Other than Home University, S-State LevelS",47690,79.7807688
04172,"Anjuman College of Engineering & Technology, Nagpur",,417229310,Electrical Engineering,State Level,MI,117902,32.8844711
04172,"Anjuman College of Engineering & Technology, Nagpur",,417237210,Electronics and Telecommunication Engg,State Level,"Legends:Start Character G-General, L-Ladies, End Character H-Home University, O-Other than Home University, S-State LevelS",105418,44.0513989
04172,"Anjuman College of Engineering & Technology, Nagpur",,417261210,Mechanical Engineering,State Level,"Legends:Start Character G-General, L-Ladies, End Character H-Home University, O-Other than Home University, S-State LevelS",142949,0.6648986
04172,"Anjuman College of Engineering & Technology, Nagpur",,417261210,Mechanical Engineering,State Level,Minority Seats Allotted to Maharashtra State Candidature CandidatesS,142074,2.3386764
04174,"ST. Vincent Pallotti College of Engineering & Technology, Nagpur",,417419110,Civil Engineering,State Level,"Legends:Start Character G-General, L-Ladies, End Character H-Home University, O-Other than Home University, S-State LevelS",61194,73.2522683
04174,"ST. Vincent Pallotti College of Engineering & Technology, Nagpur",,417419110,Civil Engineering,State Level,Maharashtra State Seats - Cut Off Indicates State General Merit No. ; Figures in bracket Indicates MHT-CET PCM PercentileS,75217,65.3263316
04174,"ST. Vincent Pallotti College of Engineering & Technology, Nagpur",,417419110,Civil Engineering,State Level,MH,92839,56.7174352
04174,"ST. Vincent Pallotti College of Engineering & Technology, Nagpur",,417424510,Computer Engineering,State Level,GOPENS,20457,91.7414317
04174,"ST. Vincent Pallotti College of Engineering & Technology, Nagpur",,417424510,Computer Engineering,State Level,LOPENS,22136,91.0248095
04174,"ST. Vincent Pallotti College of Engineering & Technology, Nagpur",,417424510,Computer Engineering,State Level,MI,99073,49.5548073
04174,"ST. Vincent Pallotti College of Engineering & Technology, Nagpur",,417424510,Computer Engineering,State Level,MH,29502,88.0318823
04174,"ST. Vincent Pallotti College of Engineering & Technology, Nagpur",,417424610,Information Technology,State Level,GOPENS,19083,92.3146438
04174,"ST. Vincent Pallotti College of Engineering & Technology, Nagpur",,417424610,Information Technology,State Level,MH,25331,89.6939217
04174,"ST. Vincent Pallotti College of Engineering & Technology, Nagpur",,417426010,Computer Science and Engineering (Cyber Security),State Level,GOPENS,36693,84.5158411
04174,"ST. Vincent Pallotti College of Engineering & Technology, Nagpur",,417426010,Computer Science and Engineering (Cyber Security),State Level,LOPENS,33113,86.3437564
04174,"ST. Vincent Pallotti College of Engineering & Technology, Nagpur",,417426010,Computer Science and Engineering (Cyber Security),State Level,MH,39750,83.3890161
04174,"ST. Vincent Pallotti College of Engineering & Technology, Nagpur",,417426210,Computer Science and Business Systems,State Level,"Legends:Start Character G-General, L-Ladies, End Character H-Home University, O-Other than Home University, S-State LevelS",36054,85.1537884
04174,"ST. Vincent Pallotti College of Engineering & Technology, Nagpur",,417426210,Computer Science and Business Systems,State Level,Maharashtra State Seats - Cut Off Indicates State General Merit No. ; Figures in bracket Indicates MHT-CET PCM PercentileS,41359,82.4643661
04174,"ST. Vincent Pallotti College of Engineering & Technology, Nagpur",,417426210,Computer Science and Business Systems,State Level,MH,41606,82.4443082
04174,"ST. Vincent Pallotti College of Engineering & Technology, Nagpur",,417426510,Industrial IoT,State Level,LOPENS,45565,80.8641005
04174,"ST. Vincent Pallotti College of Engineering & Technology, Nagpur",,417426510,Industrial IoT,State Level,MH,48634,79.520817
04174,"ST. Vincent Pallotti College of Engineering & Technology, Nagpur",,417429310,Electrical Engineering,State Level,GOPENS,55937,75.867353
04174,"ST. Vincent Pallotti College of Engineering & Technology, Nagpur",,417429310,Electrical Engineering,State Level,MI,57982,75.0737739
04174,"ST. Vincent Pallotti College of Engineering & Technology, Nagpur",,417429310,Electrical Engineering,State Level,MH,70735,67.9544349
04174,"ST. Vincent Pallotti College of Engineering & Technology, Nagpur",,417437210,Electronics and Telecommunication Engg,State Level,GOPENS,43789,81.5104589
04174,"ST. Vincent Pallotti College of Engineering & Technology, Nagpur",,417437210,Electronics and Telecommunication Engg,State Level,LOPENS,43568,81.8534982
04174,"ST. Vincent Pallotti College of Engineering & Technology, Nagpur",,417437210,Electronics and Telecommunication Engg,State Level,MI,38267,84.2081516
04174,"ST. Vincent Pallotti College of Engineering & Technology, Nagpur",,417437210,Electronics and Telecommunication Engg,State Level,MH,46973,80.0408747
04174,"ST. Vincent Pallotti College of Engineering & Technology, Nagpur",,417461210,Mechanical Engineering,State Level,"Legends:Start Character G-General, L-Ladies, End Character H-Home University, O-Other than Home University, S-State LevelS",71171,67.711928
04174,"ST. Vincent Pallotti College of Engineering & Technology, Nagpur",,417461210,Mechanical Engineering,State Level,Maharashtra State Seats - Cut Off Indicates State General Merit No. ; Figures in bracket Indicates MHT-CET PCM PercentileS,55484,76.0463981
04174,"ST. Vincent Pallotti College of Engineering & Technology, Nagpur",,417461210,Mechanical Engineering,State Level,MH,76162,64.4805659
04174,"ST. Vincent Pallotti College of Engineering & Technology, Nagpur",,417491210,Computer Science and Engineering(Data Science),State Level,LOPENS,28837,88.144407
04174,"ST. Vincent Pallotti College of Engineering & Technology, Nagpur",,417491210,Computer Science and Engineering(Data Science),State Level,MH,33109,86.3437564
04174,"ST. Vincent Pallotti College of Engineering & Technology, Nagpur",,417499710,Artificial Intelligence,State Level,GOPENS,33367,86.1668982
04174,"ST. Vincent Pallotti College of Engineering & Technology, Nagpur",,417499710,Artificial Intelligence,State Level,LOPENS,36266,85.1488129
04174,"ST. Vincent Pallotti College of Engineering & Technology, Nagpur",,417499710,Artificial Intelligence,State Level,MH,36433,84.9532361
04175,"JMSS Shri Shankarprasad Agnihotri College of Engineering, Wardha",,417524210,Computer Science and Engineering,State Level,"Legends:Start Character G-General, L-Ladies, End Character H-Home University, O-Other than Home University, S-State LevelS",91171,55.2985075
04175,"JMSS Shri Shankarprasad Agnihotri College of Engineering, Wardha",,417524210,Computer Science and Engineering,State Level,I-NonS,96805,51.0567213
04175,"JMSS Shri Shankarprasad Agnihotri College of Engineering, Wardha",,417537210,Electronics and Telecommunication Engg,State Level,"Legends:Start Character G-General, L-Ladies, End Character H-Home University, O-Other than Home University, S-State LevelS",116981,34.1365462
04177,"Priyadarshini Bhagwati  College of Engineering, Harpur Nagar, Umred Road,Nagpur",,417719110,Civil Engineering,State Level,"Legends:Start Character G-General, L-Ladies, End Character H-Home University, O-Other than Home University, S-State LevelS",129552,20.5666554
04177,"Priyadarshini Bhagwati  College of Engineering, Harpur Nagar, Umred Road,Nagpur",,417719110,Civil Engineering,State Level,Minority Seats Allotted to Maharashtra State Candidature CandidatesS,136855,11.0960605
04177,"Priyadarshini Bhagwati  College of Engineering, Harpur Nagar, Umred Road,Nagpur",,417724210,Computer Science and Engineering,State Level,"Legends:Start Character G-General, L-Ladies, End Character H-Home University, O-Other than Home University, S-State LevelS",140261,5.2963241
04177,"Priyadarshini Bhagwati  College of Engineering, Harpur Nagar, Umred Road,Nagpur",,417724210,Computer Science and Engineering,State Level,Maharashtra State Seats - Cut Off Indicates State General Merit No. ; Figures in bracket Indicates MHT-CET PCM PercentileS,46900,80.0793682
04177,"Priyadarshini Bhagwati  College of Engineering, Harpur Nagar, Umred Road,Nagpur",,417724210,Computer Science and Engineering,State Level,Minority Seats Allotted to Maharashtra State Candidature CandidatesS,54873,76.6166542
04177,"Priyadarshini Bhagwati  College of Engineering, Harpur Nagar, Umred Road,Nagpur",,417724610,Information Technology,State Level,"Legends:Start Character G-General, L-Ladies, End Character H-Home University, O-Other than Home University, S-State LevelS",130940,18.7935787
04177,"Priyadarshini Bhagwati  College of Engineering, Harpur Nagar, Umred Road,Nagpur",,417724610,Information Technology,State Level,Maharashtra State Seats - Cut Off Indicates State General Merit No. ; Figures in bracket Indicates MHT-CET PCM PercentileS,54239,76.7173434
04177,"Priyadarshini Bhagwati  College of Engineering, Harpur Nagar, Umred Road,Nagpur",,417724610,Information Technology,State Level,Minority Seats Allotted to Maharashtra State Candidature CandidatesS,65405,71.1698646
04177,"Priyadarshini Bhagwati  College of Engineering, Harpur Nagar, Umred Road,Nagpur",,417761210,Mechanical Engineering,State Level,"Legends:Start Character G-General, L-Ladies, End Character H-Home University, O-Other than Home University, S-State LevelS",117845,32.8844711
04177,"Priyadarshini Bhagwati  College of Engineering, Harpur Nagar, Umred Road,Nagpur",,417761210,Mechanical Engineering,State Level,Minority Seats Allotted to Maharashtra State Candidature CandidatesS,111989,38.992574
04181,"Swaminarayan Siddhanta Institute Of Technology, Nagpur",,418124510,Computer Engineering,State Level,"Legends:Start Character G-General, L-Ladies, End Character H-Home University, O-Other than Home University, S-State LevelS",117980,32.8844711
04181,"Swaminarayan Siddhanta Institute Of Technology, Nagpur",,418124510,Computer Engineering,State Level,Maharashtra State Seats - Cut Off Indicates State General Merit No. ; Figures in bracket Indicates MHT-CET PCM PercentileS,120724,30.0860456
04181,"Swaminarayan Siddhanta Institute Of Technology, Nagpur",,418124510,Computer Engineering,State Level,I-NonS,118706,32.3660798
04181,"Swaminarayan Siddhanta Institute Of Technology, Nagpur",,418124510,Computer Engineering,State Level,VIIS,120953,29.9996237
04181,"Swaminarayan Siddhanta Institute Of Technology, Nagpur",,418137210,Electronics and Telecommunication Engg,State Level,"Legends:Start Character G-General, L-Ladies, End Character H-Home University, O-Other than Home University, S-State LevelS",122605,28.3793174
04181,"Swaminarayan Siddhanta Institute Of Technology, Nagpur",,418137210,Electronics and Telecommunication Engg,State Level,Maharashtra State Seats Allotted to All India Candidature CandidatesS,96137,51.4762755
04188,"Krushi Jivan Vikas Pratishthan, Ballarpur Institute of Technology, Mouza Bamni",,418829310,Electrical Engineering,State Level,"Legends:Start Character G-General, L-Ladies, End Character H-Home University, O-Other than Home University, S-State LevelS",129205,20.9244385
04188,"Krushi Jivan Vikas Pratishthan, Ballarpur Institute of Technology, Mouza Bamni",,418837210,Electronics and Telecommunication Engg,State Level,"Legends:Start Character G-General, L-Ladies, End Character H-Home University, O-Other than Home University, S-State LevelS",78757,63.3857031
04190,"M.D. Yergude Memorial Shikshan Prasarak Mandal's Shri Sai College of Engineering & Technology, Bhadrawati",,419024210,Computer Science and Engineering,State Level,TFWS,83769,59.9249812
04192,"Maitraya Education Society, Nagarjuna Institute of Engineering Technology & Management, Nagpur",,419224210,Computer Science and Engineering,State Level,DEFOPENS,106229,43.5071268
04192,"Maitraya Education Society, Nagarjuna Institute of Engineering Technology & Management, Nagpur",,419224210,Computer Science and Engineering,State Level,TFWS,37544,84.4304792
04192,"Maitraya Education Society, Nagarjuna Institute of Engineering Technology & Management, Nagpur",,419224210,Computer Science and Engineering,State Level,I-NonS,88161,56.982253
04192,"Maitraya Education Society, Nagarjuna Institute of Engineering Technology & Management, Nagpur",,419291110,Computer Science and Engineering(Artificial Intelligence and Machine Learning),State Level,"Legends:Start Character G-General, L-Ladies, End Character H-Home University, O-Other than Home University, S-State LevelS",115143,36.029881
04192,"Maitraya Education Society, Nagarjuna Institute of Engineering Technology & Management, Nagpur",,419291110,Computer Science and Engineering(Artificial Intelligence and Machine Learning),State Level,I-NonS,107038,43.1162283
04193,"K.D.M. Education Society, Vidharbha Institute of Technology,Umred Road ,Nagpur",,419324210,Computer Science and Engineering,State Level,"Legends:Start Character G-General, L-Ladies, End Character H-Home University, O-Other than Home University, S-State LevelS",82490,60.9799222
04193,"K.D.M. Education Society, Vidharbha Institute of Technology,Umred Road ,Nagpur",,419324210,Computer Science and Engineering,State Level,Minority Seats Allotted to Maharashtra State Candidature CandidatesS,109292,7.515463
04196,"Gurunanak Educational Society's Gurunanak Institute of Technology, Nagpur",,419624210,Computer Science and Engineering,State Level,DEFOPENS,70373,68.3823818
04196,"Gurunanak Educational Society's Gurunanak Institute of Technology, Nagpur",,419624210,Computer Science and Engineering,State Level,TFWS,102993,46.4499379
04196,"Gurunanak Educational Society's Gurunanak Institute of Technology, Nagpur",,419624210,Computer Science and Engineering,State Level,I-NonS,60370,73.4109953
04196,"Gurunanak Educational Society's Gurunanak Institute of Technology, Nagpur",,419637210,Electronics and Telecommunication Engg,State Level,"Legends:Start Character G-General, L-Ladies, End Character H-Home University, O-Other than Home University, S-State LevelS",119006,32.3095051
04196,"Gurunanak Educational Society's Gurunanak Institute of Technology, Nagpur",,419637210,Electronics and Telecommunication Engg,State Level,I-NonS,125101,25.3087578
04196,"Gurunanak Educational Society's Gurunanak Institute of Technology, Nagpur",,419637210,Electronics and Telecommunication Engg,State Level,VIIS,124682,26.0127532
04196,"Gurunanak Educational Society's Gurunanak Institute of Technology, Nagpur",,419691210,Computer Science and Engineering(Data Science),State Level,DEFOPENS,72370,66.9527897
04196,"Gurunanak Educational Society's Gurunanak Institute of Technology, Nagpur",,419691210,Computer Science and Engineering(Data Science),State Level,I-NonS,89024,56.7366842
04196,"Gurunanak Educational Society's Gurunanak Institute of Technology, Nagpur",,419692110,Artificial Intelligence and Machine Learning,State Level,"Legends:Start Character G-General, L-Ladies, End Character H-Home University, O-Other than Home University, S-State LevelS",83494,60.750409
04196,"Gurunanak Educational Society's Gurunanak Institute of Technology, Nagpur",,419692110,Artificial Intelligence and Machine Learning,State Level,VIIS,100929,47.6387427
04197,"Jai Mahakali Shikshan Sanstha, Agnihotri College of Engineering, Sindhi(Meghe)",,419724210,Computer Science and Engineering,State Level,"Legends:Start Character G-General, L-Ladies, End Character H-Home University, O-Other than Home University, S-State LevelS",84125,59.9156802
04197,"Jai Mahakali Shikshan Sanstha, Agnihotri College of Engineering, Sindhi(Meghe)",,419724210,Computer Science and Engineering,State Level,Maharashtra State Seats - Cut Off Indicates State General Merit No. ; Figures in bracket Indicates MHT-CET PCM PercentileS,105179,44.476613
04197,"Jai Mahakali Shikshan Sanstha, Agnihotri College of Engineering, Sindhi(Meghe)",,419724210,Computer Science and Engineering,State Level,I-NonS,87610,58.0840122
04285,"V M Institute of Engineering and Technology, Dongargaon, Nagpur",,428524610,Information Technology,State Level,"Legends:Start Character G-General, L-Ladies, End Character H-Home University, O-Other than Home University, S-State LevelS",108935,41.1609401
04285,"V M Institute of Engineering and Technology, Dongargaon, Nagpur",,428524610,Information Technology,State Level,I-NonS,99156,49.4761567
04285,"V M Institute of Engineering and Technology, Dongargaon, Nagpur",,428524610,Information Technology,State Level,VIIS,96605,51.0567213
04302,"Gondia Education Society's Manoharbhai Patel Institute Of Engineering & Technology, Shahapur, Bhandara",,430219110,Civil Engineering,State Level,"Legends:Start Character G-General, L-Ladies, End Character H-Home University, O-Other than Home University, S-State LevelS",131827,17.7025465
04304,"Cummins College of Engineering For Women, Sukhali (Gupchup), Tal. Hingna Hingna Nagpur",,,Mechanical Engineering,State Level,ORPHAN,82422,60.9799222
04304,"Cummins College of Engineering For Women, Sukhali (Gupchup), Tal. Hingna Hingna Nagpur",,,Mechanical Engineering,State Level,VIIS,37682,84.3950599
04304,"Cummins College of Engineering For Women, Sukhali (Gupchup), Tal. Hingna Hingna Nagpur",,,Mechanical Engineering,State Level,"Legends:Start Character G-General, L-Ladies, End Character H-Home University, O-Other than Home University, S-State LevelS",92992,53.8156961
04304,"Cummins College of Engineering For Women, Sukhali (Gupchup), Tal. Hingna Hingna Nagpur",,,Mechanical Engineering,State Level,"Legends:Start Character G-General, L-Ladies, End Character H-Home University, O-Other than Home University, S-State LevelS",137874,9.2629778
04613,"Suryodaya College of Engineering & Technology, Nagpur",,461319110,Civil Engineering,State Level,"Legends:Start Character G-General, L-Ladies, End Character H-Home University, O-Other than Home University, S-State LevelS",131324,18.2192293
04613,"Suryodaya College of Engineering & Technology, Nagpur",,461324510,Computer Engineering,State Level,"Legends:Start Character G-General, L-Ladies, End Character H-Home University, O-Other than Home University, S-State LevelS",142634,1.2961508
04613,"Suryodaya College of Engineering & Technology, Nagpur",,461324510,Computer Engineering,State Level,I-NonS,67010,69.7774101
04613,"Suryodaya College of Engineering & Technology, Nagpur",,461324510,Computer Engineering,State Level,VIIS,72872,66.8171727
04613,"Suryodaya College of Engineering & Technology, Nagpur",,461329310,Electrical Engineering,State Level,"Legends:Start Character G-General, L-Ladies, End Character H-Home University, O-Other than Home University, S-State LevelS",129266,20.9244385
04613,"Suryodaya College of Engineering & Technology, Nagpur",,461329310,Electrical Engineering,State Level,I-NonS,103824,45.9472716
04613,"Suryodaya College of Engineering & Technology, Nagpur",,461329310,Electrical Engineering,State Level,VIIS,110285,39.9251777
04613,"Suryodaya College of Engineering & Technology, Nagpur",,461337210,Electronics and Telecommunication Engg,State Level,"Legends:Start Character G-General, L-Ladies, End Character H-Home University, O-Other than Home University, S-State LevelS",103199,46.1690466
04613,"Suryodaya College of Engineering & Technology, Nagpur",,461337210,Electronics and Telecommunication Engg,State Level,I-NonS,86881,58.1195238
04613,"Suryodaya College of Engineering & Technology, Nagpur",,461361210,Mechanical Engineering,State Level,"Legends:Start Character G-General, L-Ladies, End Character H-Home University, O-Other than Home University, S-State LevelS",139631,6.3682812
04613,"Suryodaya College of Engineering & Technology, Nagpur",,461361210,Mechanical Engineering,State Level,VIIS,120925,29.9996237
04613,"Suryodaya College of Engineering & Technology, Nagpur",,461391210,Computer Science and Engineering(Data Science),State Level,"Legends:Start Character G-General, L-Ladies, End Character H-Home University, O-Other than Home University, S-State LevelS",92228,54.6296296
04648,"R.V. Parankar College of Engineering & Technology, Arvi, Dist Wardha",,464824610,Information Technology,State Level,"Legends:Start Character G-General, L-Ladies, End Character H-Home University, O-Other than Home University, S-State LevelS",137639,9.4916141
04648,"R.V. Parankar College of Engineering & Technology, Arvi, Dist Wardha",,464824610,Information Technology,State Level,I-NonS,103570,45.9664342
04649,"Bajaj Institute of Technology, Wardha",,464924510,Computer Engineering,State Level,MI,93447,53.6496624
04679,"Karanjekar College of Engineering & Management, Sakoli",,467924210,Computer Science and Engineering,State Level,"Legends:Start Character G-General, L-Ladies, End Character H-Home University, O-Other than Home University, S-State LevelS",142492,1.5528651
04679,"Karanjekar College of Engineering & Management, Sakoli",,467993610,Fire Engineering,State Level,TFWS,105800,43.6615489
04679,"Karanjekar College of Engineering & Management, Sakoli",,467999710,Artificial Intelligence,State Level,TFWS,118398,32.4663078
05003,"University Institute  of Chemical Technology, North Maharashtra University, Jalgaon",,500350310,Food Technology,State Level,"Legends:Start Character G-General, L-Ladies, End Character H-Home University, O-Other than Home University, S-State LevelS",78904,63.3857031
05003,"University Institute  of Chemical Technology, North Maharashtra University, Jalgaon",,500350710,Chemical Engineering,State Level,"Legends:Start Character G-General, L-Ladies, End Character H-Home University, O-Other than Home University, S-State LevelS",99521,49.2213366
05003,"University Institute  of Chemical Technology, North Maharashtra University, Jalgaon",,500350710,Chemical Engineering,State Level,VIIS,50831,78.3430016
05003,"University Institute  of Chemical Technology, North Maharashtra University, Jalgaon",,500352310,Paints Technology,State Level,DEFOPENS,75251,65.3263316
05003,"University Institute  of Chemical Technology, North Maharashtra University, Jalgaon",,500352310,Paints Technology,State Level,I-NonS,55942,75.867353
05004,"Government College of Engineering, Jalgaon",,500419110,Civil Engineering,State Level,"Legends:Start Character G-General, L-Ladies, End Character H-Home University, O-Other than Home University, S-State LevelS",90621,55.4490884
05004,"Government College of Engineering, Jalgaon",,500419110,Civil Engineering,State Level,Maharashtra State Seats - Cut Off Indicates State General Merit No. ; Figures in bracket Indicates MHT-CET PCM PercentileS,129515,20.5666554
05004,"Government College of Engineering, Jalgaon",,500419110,Civil Engineering,State Level,DS,105472,44.0513989
05004,"Government College of Engineering, Jalgaon",,500419110,Civil Engineering,State Level,State Common Entrance Test CellS,102241,46.8567142
05004,"Government College of Engineering, Jalgaon",,500419110,Civil Engineering,State Level,Cut Off List for Maharashtra & Minority Seats of CAP Round - III for the Admission to the First Year Under Graduate Technical Courses in Engineering and Technology (4 Years) &S,88524,56.7405028
05004,"Government College of Engineering, Jalgaon",,500419110,Civil Engineering,State Level,Master of Engineering and Technology (Integrated 5 Years) Admissions A.Y. 2023-24S,96220,51.4762755
05004,"Government College of Engineering, Jalgaon",,500419110,Civil Engineering,State Level,GOPENS,121678,29.2444305
05004,"Government College of Engineering, Jalgaon",,500419110,Civil Engineering,State Level,GSCS,95266,52.5521047
05004,"Government College of Engineering, Jalgaon",,500419110,Civil Engineering,State Level,GSTS,93638,53.1660451
05004,"Government College of Engineering, Jalgaon",,500419110,Civil Engineering,State Level,GVJS,106147,43.5071268
05004,"Government College of Engineering, Jalgaon",,500419110,Civil Engineering,State Level,I-NonS,101956,47.3478734
05004,"Government College of Engineering, Jalgaon",,500419110,Civil Engineering,State Level,I-NonS,107792,42.5955447
05004,"Government College of Engineering, Jalgaon",,500419110,Civil Engineering,State Level,VIIS,110726,39.9066862
05004,"Government College of Engineering, Jalgaon",,500424510,Computer Engineering,State Level,GOPENS,22127,91.0248095
05004,"Government College of Engineering, Jalgaon",,500424510,Computer Engineering,State Level,GSCS,31395,87.0556299
05004,"Government College of Engineering, Jalgaon",,500424510,Computer Engineering,State Level,GSTS,87720,57.7272051
05004,"Government College of Engineering, Jalgaon",,500424510,Computer Engineering,State Level,GVJS,25854,89.4065093
05004,"Government College of Engineering, Jalgaon",,500424510,Computer Engineering,State Level,GNT3S,31204,87.2113119
05004,"Government College of Engineering, Jalgaon",,500424510,Computer Engineering,State Level,LOPENS,12735,95.0262566
05004,"Government College of Engineering, Jalgaon",,500424510,Computer Engineering,State Level,PWDOPENS,30769,87.3774785
05004,"Government College of Engineering, Jalgaon",,500424510,Computer Engineering,State Level,DEFROBCS,115402,35.624509
05004,"Government College of Engineering, Jalgaon",,500424510,Computer Engineering,State Level,EWS,23560,90.4938272
05004,"Government College of Engineering, Jalgaon",,500429310,Electrical Engineering,State Level,GOPENS,61430,73.1851907
05004,"Government College of Engineering, Jalgaon",,500429310,Electrical Engineering,State Level,GSCS,67088,69.7774101
05004,"Government College of Engineering, Jalgaon",,500429310,Electrical Engineering,State Level,GSTS,106437,43.5071268
05004,"Government College of Engineering, Jalgaon",,500429310,Electrical Engineering,State Level,GVJS,72438,66.9527897
05004,"Government College of Engineering, Jalgaon",,500429310,Electrical Engineering,State Level,GNT2S,100273,48.9725355
05004,"Government College of Engineering, Jalgaon",,500429310,Electrical Engineering,State Level,GNT3S,70675,67.9544349
05004,"Government College of Engineering, Jalgaon",,500429310,Electrical Engineering,State Level,GOBCS,66114,70.6180504
05004,"Government College of Engineering, Jalgaon",,500429310,Electrical Engineering,State Level,LOPENS,66925,69.7774101
05004,"Government College of Engineering, Jalgaon",,500429310,Electrical Engineering,State Level,LSTS,61439,73.1851907
05004,"Government College of Engineering, Jalgaon",,500429310,Electrical Engineering,State Level,VIIS,70832,67.9544349
05004,"Government College of Engineering, Jalgaon",,500437210,Electronics and Telecommunication Engg,State Level,GOPENS,42089,82.3107244
05004,"Government College of Engineering, Jalgaon",,500437210,Electronics and Telecommunication Engg,State Level,GSCS,69774,68.8122862
05004,"Government College of Engineering, Jalgaon",,500437210,Electronics and Telecommunication Engg,State Level,GSTS,45091,81.0090469
05004,"Government College of Engineering, Jalgaon",,500437210,Electronics and Telecommunication Engg,State Level,GNT1S,51083,78.3308876
05004,"Government College of Engineering, Jalgaon",,500437210,Electronics and Telecommunication Engg,State Level,GOBCS,44103,81.2345291
05004,"Government College of Engineering, Jalgaon",,500437210,Electronics and Telecommunication Engg,State Level,LOPENS,54631,76.6367377
05004,"Government College of Engineering, Jalgaon",,500437210,Electronics and Telecommunication Engg,State Level,LSCS,49252,79.2648162
05004,"Government College of Engineering, Jalgaon",,500437210,Electronics and Telecommunication Engg,State Level,LOBCS,93642,53.1660451
05004,"Government College of Engineering, Jalgaon",,500437210,Electronics and Telecommunication Engg,State Level,PWDOPENS,39099,83.5642755
05004,"Government College of Engineering, Jalgaon",,500437210,Electronics and Telecommunication Engg,State Level,TFWS,85006,59.6839864
05004,"Government College of Engineering, Jalgaon",,500437210,Electronics and Telecommunication Engg,State Level,DEFROBCS,55803,75.8958975
05004,"Government College of Engineering, Jalgaon",,500437210,Electronics and Telecommunication Engg,State Level,I-NonS,49578,78.8754662
05004,"Government College of Engineering, Jalgaon",,500437210,Electronics and Telecommunication Engg,State Level,VIIS,51576,78.067557
05004,"Government College of Engineering, Jalgaon",,500446610,Instrumentation Engineering,State Level,"Legends:Start Character G-General, L-Ladies, End Character H-Home University, O-Other than Home University, S-State LevelS",115919,35.1726957
05004,"Government College of Engineering, Jalgaon",,500446610,Instrumentation Engineering,State Level,Maharashtra State Seats - Cut Off Indicates State General Merit No. ; Figures in bracket Indicates MHT-CET PCM PercentileS,120160,30.5964599
05004,"Government College of Engineering, Jalgaon",,500446610,Instrumentation Engineering,State Level,DS,136878,11.0960605
05004,"Government College of Engineering, Jalgaon",,500446610,Instrumentation Engineering,State Level,State Common Entrance Test CellS,122834,28.1052376
05004,"Government College of Engineering, Jalgaon",,500446610,Instrumentation Engineering,State Level,Cut Off List for Maharashtra & Minority Seats of CAP Round - III for the Admission to the First Year Under Graduate Technical Courses in Engineering and Technology (4 Years) &S,106796,43.224841
05004,"Government College of Engineering, Jalgaon",,500446610,Instrumentation Engineering,State Level,I-NonS,124988,25.5459544
05004,"Government College of Engineering, Jalgaon",,500446610,Instrumentation Engineering,State Level,I-NonS,139424,6.6691673
05004,"Government College of Engineering, Jalgaon",,500446610,Instrumentation Engineering,State Level,VIIS,126827,23.5805396
05004,"Government College of Engineering, Jalgaon",,500461210,Mechanical Engineering,State Level,GOPENS,75397,65.3263316
05004,"Government College of Engineering, Jalgaon",,500461210,Mechanical Engineering,State Level,GSCS,108479,42.4233825
05004,"Government College of Engineering, Jalgaon",,500461210,Mechanical Engineering,State Level,GSTS,107671,42.5955447
05004,"Government College of Engineering, Jalgaon",,500461210,Mechanical Engineering,State Level,GNT1S,83507,60.750409
05004,"Government College of Engineering, Jalgaon",,500461210,Mechanical Engineering,State Level,GNT3S,106063,43.6615489
05004,"Government College of Engineering, Jalgaon",,500461210,Mechanical Engineering,State Level,GOBCS,114909,36.1619626
05004,"Government College of Engineering, Jalgaon",,500461210,Mechanical Engineering,State Level,LOPENS,83088,60.8798115
05004,"Government College of Engineering, Jalgaon",,500461210,Mechanical Engineering,State Level,LOBCS,101855,47.3478734
05004,"Government College of Engineering, Jalgaon",,500461210,Mechanical Engineering,State Level,VIIS,93778,53.1660451
05103,"Shri Shivaji Vidya Prasarak Sanstha's Late Bapusaheb Shivaji Rao Deore College of Engineering,Dhule",,510337610,Electronics Engineering,State Level,"Legends:Start Character G-General, L-Ladies, End Character H-Home University, O-Other than Home University, S-State LevelS",98393,49.6143282
05103,"Shri Shivaji Vidya Prasarak Sanstha's Late Bapusaheb Shivaji Rao Deore College of Engineering,Dhule",,510361210,Mechanical Engineering,State Level,"Legends:Start Character G-General, L-Ladies, End Character H-Home University, O-Other than Home University, S-State LevelS",111775,39.0377062
05104,"Shramsadhana Bombay Trust, College of Engineering & Technology, Jalgaon",,510419110,Civil Engineering,State Level,"Legends:Start Character G-General, L-Ladies, End Character H-Home University, O-Other than Home University, S-State LevelS",128015,22.0314735
05104,"Shramsadhana Bombay Trust, College of Engineering & Technology, Jalgaon",,510424510,Computer Engineering,State Level,"Legends:Start Character G-General, L-Ladies, End Character H-Home University, O-Other than Home University, S-State LevelS",33391,86.1668982
05104,"Shramsadhana Bombay Trust, College of Engineering & Technology, Jalgaon",,510429310,Electrical Engineering,State Level,"Legends:Start Character G-General, L-Ladies, End Character H-Home University, O-Other than Home University, S-State LevelS",129218,20.9244385
05104,"Shramsadhana Bombay Trust, College of Engineering & Technology, Jalgaon",,510429310,Electrical Engineering,State Level,I-NonS,90375,55.7163295
05104,"Shramsadhana Bombay Trust, College of Engineering & Technology, Jalgaon",,510437210,Electronics and Telecommunication Engg,State Level,"Legends:Start Character G-General, L-Ladies, End Character H-Home University, O-Other than Home University, S-State LevelS",39700,83.3890161
05106,"Khandesh College Education Society's College Of Engineering And Management, Jalgaon",,510624510,Computer Engineering,State Level,DEFOPENS,122534,28.3793174
05106,"Khandesh College Education Society's College Of Engineering And Management, Jalgaon",,510624510,Computer Engineering,State Level,TFWS,60419,73.4109953
05106,"Khandesh College Education Society's College Of Engineering And Management, Jalgaon",,510624510,Computer Engineering,State Level,ORPHAN,88977,56.7366842
05106,"Khandesh College Education Society's College Of Engineering And Management, Jalgaon",,510624510,Computer Engineering,State Level,VIIS,84086,59.9156802
05106,"Khandesh College Education Society's College Of Engineering And Management, Jalgaon",,510629310,Electrical Engineering,State Level,TFWS,133244,15.9127414
05106,"Khandesh College Education Society's College Of Engineering And Management, Jalgaon",,510691210,Computer Science and Engineering(Data Science),State Level,"Legends:Start Character G-General, L-Ladies, End Character H-Home University, O-Other than Home University, S-State LevelS",114001,36.5842646
05108,"Maratha Vidya Prasarak Samaj's Karmaveer Adv. Baburao Ganpatrao Thakare College Of Engineering, Nashik",,510819110,Civil Engineering,State Level,"Legends:Start Character G-General, L-Ladies, End Character H-Home University, O-Other than Home University, S-State LevelS",102210,46.8567142
05108,"Maratha Vidya Prasarak Samaj's Karmaveer Adv. Baburao Ganpatrao Thakare College Of Engineering, Nashik",,510824510,Computer Engineering,State Level,"Legends:Start Character G-General, L-Ladies, End Character H-Home University, O-Other than Home University, S-State LevelS",113772,36.6068088
05108,"Maratha Vidya Prasarak Samaj's Karmaveer Adv. Baburao Ganpatrao Thakare College Of Engineering, Nashik",,510824610,Information Technology,State Level,"Legends:Start Character G-General, L-Ladies, End Character H-Home University, O-Other than Home University, S-State LevelS",32365,86.6965956
05108,"Maratha Vidya Prasarak Samaj's Karmaveer Adv. Baburao Ganpatrao Thakare College Of Engineering, Nashik",,510837210,Electronics and Telecommunication Engg,State Level,DEFOPENS,132462,16.9363708
05108,"Maratha Vidya Prasarak Samaj's Karmaveer Adv. Baburao Ganpatrao Thakare College Of Engineering, Nashik",,510837210,Electronics and Telecommunication Engg,State Level,EWS,54808,76.6166542
05108,"Maratha Vidya Prasarak Samaj's Karmaveer Adv. Baburao Ganpatrao Thakare College Of Engineering, Nashik",,510861210,Mechanical Engineering,State Level,DEFOPENS,22905,90.6949618
05108,"Maratha Vidya Prasarak Samaj's Karmaveer Adv. Baburao Ganpatrao Thakare College Of Engineering, Nashik",,510861210,Mechanical Engineering,State Level,TFWS,84785,59.6839864
05108,"Maratha Vidya Prasarak Samaj's Karmaveer Adv. Baburao Ganpatrao Thakare College Of Engineering, Nashik",,510861210,Mechanical Engineering,State Level,I-NonS,64886,71.2687819
05109,"Sandip Foundation, Sandip Institute of Technology and Research Centre, Mahiravani, Nashik",,510919110,Civil Engineering,State Level,"Legends:Start Character G-General, L-Ladies, End Character H-Home University, O-Other than Home University, S-State LevelS",136403,11.3993838
05109,"Sandip Foundation, Sandip Institute of Technology and Research Centre, Mahiravani, Nashik",,510919110,Civil Engineering,State Level,Maharashtra State Seats - Cut Off Indicates State General Merit No. ; Figures in bracket Indicates MHT-CET PCM PercentileS,141010,4.1911023
05109,"Sandip Foundation, Sandip Institute of Technology and Research Centre, Mahiravani, Nashik",,510919110,Civil Engineering,State Level,DS,141411,3.3914874
05109,"Sandip Foundation, Sandip Institute of Technology and Research Centre, Mahiravani, Nashik",,510919110,Civil Engineering,State Level,State Common Entrance Test CellS,109533,41.0926455
05109,"Sandip Foundation, Sandip Institute of Technology and Research Centre, Mahiravani, Nashik",,510919110,Civil Engineering,State Level,Cut Off List for Maharashtra & Minority Seats of CAP Round - III for the Admission to the First Year Under Graduate Technical Courses in Engineering and Technology (4 Years) &S,131853,17.7025465
05109,"Sandip Foundation, Sandip Institute of Technology and Research Centre, Mahiravani, Nashik",,510919110,Civil Engineering,State Level,Master of Engineering and Technology (Integrated 5 Years) Admissions A.Y. 2023-24S,138388,8.2783196
05109,"Sandip Foundation, Sandip Institute of Technology and Research Centre, Mahiravani, Nashik",,510919110,Civil Engineering,State Level,GOPENS,109835,40.6521983
05109,"Sandip Foundation, Sandip Institute of Technology and Research Centre, Mahiravani, Nashik",,510919110,Civil Engineering,State Level,GSCS,137369,9.7383065
05109,"Sandip Foundation, Sandip Institute of Technology and Research Centre, Mahiravani, Nashik",,510919110,Civil Engineering,State Level,I-NonS,134589,13.8442673
05109,"Sandip Foundation, Sandip Institute of Technology and Research Centre, Mahiravani, Nashik",,510919110,Civil Engineering,State Level,I-NonS,126022,24.5412844
05109,"Sandip Foundation, Sandip Institute of Technology and Research Centre, Mahiravani, Nashik",,510924510,Computer Engineering,State Level,GOPENS,40831,83.0041152
05109,"Sandip Foundation, Sandip Institute of Technology and Research Centre, Mahiravani, Nashik",,510924510,Computer Engineering,State Level,GSTS,87045,58.1195238
05109,"Sandip Foundation, Sandip Institute of Technology and Research Centre, Mahiravani, Nashik",,510924510,Computer Engineering,State Level,GNT2S,43198,81.855593
05109,"Sandip Foundation, Sandip Institute of Technology and Research Centre, Mahiravani, Nashik",,510924510,Computer Engineering,State Level,GNT3S,46175,80.6210251
05109,"Sandip Foundation, Sandip Institute of Technology and Research Centre, Mahiravani, Nashik",,510924510,Computer Engineering,State Level,GOBCS,43486,81.8534982
05109,"Sandip Foundation, Sandip Institute of Technology and Research Centre, Mahiravani, Nashik",,510924510,Computer Engineering,State Level,LOPENS,34957,85.4445126
05109,"Sandip Foundation, Sandip Institute of Technology and Research Centre, Mahiravani, Nashik",,510924510,Computer Engineering,State Level,LNT2S,39535,83.4053417
05109,"Sandip Foundation, Sandip Institute of Technology and Research Centre, Mahiravani, Nashik",,510924510,Computer Engineering,State Level,LOBCS,45519,80.9858625
05109,"Sandip Foundation, Sandip Institute of Technology and Research Centre, Mahiravani, Nashik",,510924510,Computer Engineering,State Level,EWS,42171,82.251586
05109,"Sandip Foundation, Sandip Institute of Technology and Research Centre, Mahiravani, Nashik",,510924610,Information Technology,State Level,GOPENS,44021,81.2345291
05109,"Sandip Foundation, Sandip Institute of Technology and Research Centre, Mahiravani, Nashik",,510924610,Information Technology,State Level,GSTS,117071,33.8201786
05109,"Sandip Foundation, Sandip Institute of Technology and Research Centre, Mahiravani, Nashik",,510924610,Information Technology,State Level,LOPENS,43144,82.0912919
05109,"Sandip Foundation, Sandip Institute of Technology and Research Centre, Mahiravani, Nashik",,510924610,Information Technology,State Level,LOBCS,45593,80.8641005
05109,"Sandip Foundation, Sandip Institute of Technology and Research Centre, Mahiravani, Nashik",,510924610,Information Technology,State Level,EWS,32243,86.8382436
05109,"Sandip Foundation, Sandip Institute of Technology and Research Centre, Mahiravani, Nashik",,510929310,Electrical Engineering,State Level,GOPENS,96017,52.2415622
05109,"Sandip Foundation, Sandip Institute of Technology and Research Centre, Mahiravani, Nashik",,510929310,Electrical Engineering,State Level,GSCS,133060,15.931529
05109,"Sandip Foundation, Sandip Institute of Technology and Research Centre, Mahiravani, Nashik",,510929310,Electrical Engineering,State Level,GNT1S,96261,51.4762755
05109,"Sandip Foundation, Sandip Institute of Technology and Research Centre, Mahiravani, Nashik",,510929310,Electrical Engineering,State Level,GOBCS,94120,52.7523799
05109,"Sandip Foundation, Sandip Institute of Technology and Research Centre, Mahiravani, Nashik",,510929310,Electrical Engineering,State Level,LOPENS,142954,0.6600919
05109,"Sandip Foundation, Sandip Institute of Technology and Research Centre, Mahiravani, Nashik",,510929310,Electrical Engineering,State Level,LSCS,102480,46.4534231
05109,"Sandip Foundation, Sandip Institute of Technology and Research Centre, Mahiravani, Nashik",,510929310,Electrical Engineering,State Level,LSTS,108708,42.2969628
05109,"Sandip Foundation, Sandip Institute of Technology and Research Centre, Mahiravani, Nashik",,510929310,Electrical Engineering,State Level,VIIS,103790,45.9472716
05109,"Sandip Foundation, Sandip Institute of Technology and Research Centre, Mahiravani, Nashik",,510937210,Electronics and Telecommunication Engg,State Level,"Legends:Start Character G-General, L-Ladies, End Character H-Home University, O-Other than Home University, S-State LevelS",62677,72.3082536
05109,"Sandip Foundation, Sandip Institute of Technology and Research Centre, Mahiravani, Nashik",,510937210,Electronics and Telecommunication Engg,State Level,Maharashtra State Seats - Cut Off Indicates State General Merit No. ; Figures in bracket Indicates MHT-CET PCM PercentileS,64210,71.4000828
05109,"Sandip Foundation, Sandip Institute of Technology and Research Centre, Mahiravani, Nashik",,510937210,Electronics and Telecommunication Engg,State Level,DS,58286,74.8671904
05109,"Sandip Foundation, Sandip Institute of Technology and Research Centre, Mahiravani, Nashik",,510937210,Electronics and Telecommunication Engg,State Level,State Common Entrance Test CellS,85502,58.7429854
05109,"Sandip Foundation, Sandip Institute of Technology and Research Centre, Mahiravani, Nashik",,510937210,Electronics and Telecommunication Engg,State Level,Cut Off List for Maharashtra & Minority Seats of CAP Round - III for the Admission to the First Year Under Graduate Technical Courses in Engineering and Technology (4 Years) &S,58943,74.1935484
05109,"Sandip Foundation, Sandip Institute of Technology and Research Centre, Mahiravani, Nashik",,510937210,Electronics and Telecommunication Engg,State Level,VIIS,64828,71.2687819
05109,"Sandip Foundation, Sandip Institute of Technology and Research Centre, Mahiravani, Nashik",,510961210,Mechanical Engineering,State Level,GOPENS,86167,58.5474069
05109,"Sandip Foundation, Sandip Institute of Technology and Research Centre, Mahiravani, Nashik",,510961210,Mechanical Engineering,State Level,GSCS,93936,52.7523799
05109,"Sandip Foundation, Sandip Institute of Technology and Research Centre, Mahiravani, Nashik",,510961210,Mechanical Engineering,State Level,GVJS,134992,13.3235504
05109,"Sandip Foundation, Sandip Institute of Technology and Research Centre, Mahiravani, Nashik",,510961210,Mechanical Engineering,State Level,GOBCS,90404,55.7163295
05109,"Sandip Foundation, Sandip Institute of Technology and Research Centre, Mahiravani, Nashik",,510961210,Mechanical Engineering,State Level,LOPENS,136146,11.6574699
05109,"Sandip Foundation, Sandip Institute of Technology and Research Centre, Mahiravani, Nashik",,510961210,Mechanical Engineering,State Level,LSCS,138603,7.9296955
05109,"Sandip Foundation, Sandip Institute of Technology and Research Centre, Mahiravani, Nashik",,510961210,Mechanical Engineering,State Level,LOBCS,88533,56.7405028
05109,"Sandip Foundation, Sandip Institute of Technology and Research Centre, Mahiravani, Nashik",,510961210,Mechanical Engineering,State Level,DEFOPENS,104563,45.6445719
05109,"Sandip Foundation, Sandip Institute of Technology and Research Centre, Mahiravani, Nashik",,510961210,Mechanical Engineering,State Level,ORPHAN,104520,45.6445719
05109,"Sandip Foundation, Sandip Institute of Technology and Research Centre, Mahiravani, Nashik",,510961210,Mechanical Engineering,State Level,I-NonS,101737,47.3478734
05109,"Sandip Foundation, Sandip Institute of Technology and Research Centre, Mahiravani, Nashik",,510961210,Mechanical Engineering,State Level,VIIS,93453,53.6496624
05109,"Sandip Foundation, Sandip Institute of Technology and Research Centre, Mahiravani, Nashik",,510991610,Automation and Robotics,State Level,GOPENS,80494,61.6881259
05109,"Sandip Foundation, Sandip Institute of Technology and Research Centre, Mahiravani, Nashik",,510991610,Automation and Robotics,State Level,GSCS,82382,61.2935921
05109,"Sandip Foundation, Sandip Institute of Technology and Research Centre, Mahiravani, Nashik",,510991610,Automation and Robotics,State Level,GNT1S,109921,39.9699925
05109,"Sandip Foundation, Sandip Institute of Technology and Research Centre, Mahiravani, Nashik",,510991610,Automation and Robotics,State Level,GOBCS,90647,55.4490884
05109,"Sandip Foundation, Sandip Institute of Technology and Research Centre, Mahiravani, Nashik",,510991610,Automation and Robotics,State Level,LOPENS,49027,79.3939394
05109,"Sandip Foundation, Sandip Institute of Technology and Research Centre, Mahiravani, Nashik",,510991610,Automation and Robotics,State Level,LSTS,93326,53.6496624
05109,"Sandip Foundation, Sandip Institute of Technology and Research Centre, Mahiravani, Nashik",,510991610,Automation and Robotics,State Level,LOBCS,120996,29.9996237
05109,"Sandip Foundation, Sandip Institute of Technology and Research Centre, Mahiravani, Nashik",,510991610,Automation and Robotics,State Level,I-NonS,69792,68.8122862
05109,"Sandip Foundation, Sandip Institute of Technology and Research Centre, Mahiravani, Nashik",,510991610,Automation and Robotics,State Level,I-NonS,68217,69.3042857
05109,"Sandip Foundation, Sandip Institute of Technology and Research Centre, Mahiravani, Nashik",,510991610,Automation and Robotics,State Level,VIIS,85273,58.8704519
05109,"Sandip Foundation, Sandip Institute of Technology and Research Centre, Mahiravani, Nashik",,510999510,Artificial Intelligence and Data Science,State Level,"Legends:Start Character G-General, L-Ladies, End Character H-Home University, O-Other than Home University, S-State LevelS",37123,84.4681938
05109,"Sandip Foundation, Sandip Institute of Technology and Research Centre, Mahiravani, Nashik",,510999510,Artificial Intelligence and Data Science,State Level,Maharashtra State Seats - Cut Off Indicates State General Merit No. ; Figures in bracket Indicates MHT-CET PCM PercentileS,61105,73.2522683
05109,"Sandip Foundation, Sandip Institute of Technology and Research Centre, Mahiravani, Nashik",,510999510,Artificial Intelligence and Data Science,State Level,DS,47728,79.7807688
05109,"Sandip Foundation, Sandip Institute of Technology and Research Centre, Mahiravani, Nashik",,510999510,Artificial Intelligence and Data Science,State Level,State Common Entrance Test CellS,54565,76.6367377
05121,"K. K. Wagh Institute of Engineering Education and Research, Nashik",,512119110,Civil Engineering,State Level,"Legends:Start Character G-General, L-Ladies, End Character H-Home University, O-Other than Home University, S-State LevelS",77257,64.2666767
05121,"K. K. Wagh Institute of Engineering Education and Research, Nashik",,512119110,Civil Engineering,State Level,Maharashtra State Seats - Cut Off Indicates State General Merit No. ; Figures in bracket Indicates MHT-CET PCM PercentileS,124781,26.0127532
05121,"K. K. Wagh Institute of Engineering Education and Research, Nashik",,512119110,Civil Engineering,State Level,DS,98971,49.5548073
05121,"K. K. Wagh Institute of Engineering Education and Research, Nashik",,512119110,Civil Engineering,State Level,State Common Entrance Test CellS,98561,49.6143282
05121,"K. K. Wagh Institute of Engineering Education and Research, Nashik",,512119110,Civil Engineering,State Level,Cut Off List for Maharashtra & Minority Seats of CAP Round - III for the Admission to the First Year Under Graduate Technical Courses in Engineering and Technology (4 Years) &S,87010,58.1195238
05121,"K. K. Wagh Institute of Engineering Education and Research, Nashik",,512119110,Civil Engineering,State Level,Master of Engineering and Technology (Integrated 5 Years) Admissions A.Y. 2023-24S,112711,38.8357386
05121,"K. K. Wagh Institute of Engineering Education and Research, Nashik",,512119110,Civil Engineering,State Level,GOPENS,93136,53.8156961
05121,"K. K. Wagh Institute of Engineering Education and Research, Nashik",,512119110,Civil Engineering,State Level,GSCS,59419,74.0797795
05121,"K. K. Wagh Institute of Engineering Education and Research, Nashik",,512119110,Civil Engineering,State Level,I-NonS,82577,60.9799222
05121,"K. K. Wagh Institute of Engineering Education and Research, Nashik",,512119110,Civil Engineering,State Level,I-NonS,96966,50.8083922
05121,"K. K. Wagh Institute of Engineering Education and Research, Nashik",,512119110,Civil Engineering,State Level,VIIS,93058,53.8156961
05121,"K. K. Wagh Institute of Engineering Education and Research, Nashik",,512124510,Computer Engineering,State Level,GOPENS,10421,95.9255039
05121,"K. K. Wagh Institute of Engineering Education and Research, Nashik",,512124510,Computer Engineering,State Level,GOBCS,14334,94.3626357
05121,"K. K. Wagh Institute of Engineering Education and Research, Nashik",,512124610,Information Technology,State Level,GOPENS,11968,95.3102907
05121,"K. K. Wagh Institute of Engineering Education and Research, Nashik",,512124610,Information Technology,State Level,GNT1S,14492,94.2910587
05121,"K. K. Wagh Institute of Engineering Education and Research, Nashik",,512124610,Information Technology,State Level,LOPENS,16068,93.6017282
05121,"K. K. Wagh Institute of Engineering Education and Research, Nashik",,512124610,Information Technology,State Level,EWS,17387,93.0638884
05121,"K. K. Wagh Institute of Engineering Education and Research, Nashik",,512125710,Computer Science and Design,State Level,GOPENS,14559,94.2244022
05121,"K. K. Wagh Institute of Engineering Education and Research, Nashik",,512125710,Computer Science and Design,State Level,EWS,26611,89.1792071
05121,"K. K. Wagh Institute of Engineering Education and Research, Nashik",,512129310,Electrical Engineering,State Level,"Legends:Start Character G-General, L-Ladies, End Character H-Home University, O-Other than Home University, S-State LevelS",43674,81.5104589
05121,"K. K. Wagh Institute of Engineering Education and Research, Nashik",,512129310,Electrical Engineering,State Level,Maharashtra State Seats - Cut Off Indicates State General Merit No. ; Figures in bracket Indicates MHT-CET PCM PercentileS,61837,73.0265619
05121,"K. K. Wagh Institute of Engineering Education and Research, Nashik",,512129310,Electrical Engineering,State Level,DS,55276,76.2843676
05121,"K. K. Wagh Institute of Engineering Education and Research, Nashik",,512129310,Electrical Engineering,State Level,I-NonS,33322,86.2561357
05121,"K. K. Wagh Institute of Engineering Education and Research, Nashik",,512129310,Electrical Engineering,State Level,VIIS,49524,78.8754662
05121,"K. K. Wagh Institute of Engineering Education and Research, Nashik",,512137210,Electronics and Telecommunication Engg,State Level,GOPENS,29142,88.0771545
05121,"K. K. Wagh Institute of Engineering Education and Research, Nashik",,512137210,Electronics and Telecommunication Engg,State Level,GOBCS,33057,86.3437564
05121,"K. K. Wagh Institute of Engineering Education and Research, Nashik",,512137210,Electronics and Telecommunication Engg,State Level,LOPENS,29899,87.6993762
05121,"K. K. Wagh Institute of Engineering Education and Research, Nashik",,512137210,Electronics and Telecommunication Engg,State Level,LSCS,53715,76.839044
05121,"K. K. Wagh Institute of Engineering Education and Research, Nashik",,512137210,Electronics and Telecommunication Engg,State Level,LSTS,37648,84.3950599
05121,"K. K. Wagh Institute of Engineering Education and Research, Nashik",,512137210,Electronics and Telecommunication Engg,State Level,LOBCS,22842,90.6949618
05121,"K. K. Wagh Institute of Engineering Education and Research, Nashik",,512137210,Electronics and Telecommunication Engg,State Level,PWDOPENS,109512,41.0926455
05121,"K. K. Wagh Institute of Engineering Education and Research, Nashik",,512137210,Electronics and Telecommunication Engg,State Level,I-NonS,28439,88.2803409
05121,"K. K. Wagh Institute of Engineering Education and Research, Nashik",,512150710,Chemical Engineering,State Level,GOPENS,81740,61.432847
05121,"K. K. Wagh Institute of Engineering Education and Research, Nashik",,512150710,Chemical Engineering,State Level,GSCS,89028,56.7366842
05121,"K. K. Wagh Institute of Engineering Education and Research, Nashik",,512150710,Chemical Engineering,State Level,GNT2S,113207,37.6936381
05121,"K. K. Wagh Institute of Engineering Education and Research, Nashik",,512150710,Chemical Engineering,State Level,LOPENS,63202,71.9809302
05121,"K. K. Wagh Institute of Engineering Education and Research, Nashik",,512150710,Chemical Engineering,State Level,LSTS,81529,61.4332053
05121,"K. K. Wagh Institute of Engineering Education and Research, Nashik",,512150710,Chemical Engineering,State Level,PWDOPENS,138677,7.7808076
05121,"K. K. Wagh Institute of Engineering Education and Research, Nashik",,512150710,Chemical Engineering,State Level,I-NonS,94834,52.5567137
05121,"K. K. Wagh Institute of Engineering Education and Research, Nashik",,512150710,Chemical Engineering,State Level,I-NonS,86665,58.1382561
05121,"K. K. Wagh Institute of Engineering Education and Research, Nashik",,512150710,Chemical Engineering,State Level,VIIS,91464,55.2709127
05121,"K. K. Wagh Institute of Engineering Education and Research, Nashik",,512161210,Mechanical Engineering,State Level,"Legends:Start Character G-General, L-Ladies, End Character H-Home University, O-Other than Home University, S-State LevelS",50659,78.3430016
05121,"K. K. Wagh Institute of Engineering Education and Research, Nashik",,512161210,Mechanical Engineering,State Level,Maharashtra State Seats - Cut Off Indicates State General Merit No. ; Figures in bracket Indicates MHT-CET PCM PercentileS,93496,53.6496624
05121,"K. K. Wagh Institute of Engineering Education and Research, Nashik",,512161210,Mechanical Engineering,State Level,DS,62827,72.3082536
05121,"K. K. Wagh Institute of Engineering Education and Research, Nashik",,512161210,Mechanical Engineering,State Level,State Common Entrance Test CellS,63867,71.6671025
05121,"K. K. Wagh Institute of Engineering Education and Research, Nashik",,512161210,Mechanical Engineering,State Level,VIIS,55071,76.2843676
05121,"K. K. Wagh Institute of Engineering Education and Research, Nashik",,512191910,Robotics and Automation,State Level,GSCS,74525,65.9622938
05121,"K. K. Wagh Institute of Engineering Education and Research, Nashik",,512191910,Robotics and Automation,State Level,GNT2S,46546,80.2375547
05121,"K. K. Wagh Institute of Engineering Education and Research, Nashik",,512191910,Robotics and Automation,State Level,LOPENS,21018,91.4590348
05121,"K. K. Wagh Institute of Engineering Education and Research, Nashik",,512199510,Artificial Intelligence and Data Science,State Level,GOPENS,18793,92.4624424
05121,"K. K. Wagh Institute of Engineering Education and Research, Nashik",,512199510,Artificial Intelligence and Data Science,State Level,LOPENS,18915,92.4274364
05121,"K. K. Wagh Institute of Engineering Education and Research, Nashik",,512199510,Artificial Intelligence and Data Science,State Level,LSTS,88199,56.982253
05121,"K. K. Wagh Institute of Engineering Education and Research, Nashik",,512199510,Artificial Intelligence and Data Science,State Level,PWDOPENS,58110,75.0737739
05121,"K. K. Wagh Institute of Engineering Education and Research, Nashik",,512199510,Artificial Intelligence and Data Science,State Level,DEFOPENS,23932,90.2424513
05121,"K. K. Wagh Institute of Engineering Education and Research, Nashik",,512199510,Artificial Intelligence and Data Science,State Level,I-NonS,15179,93.9947487
05124,"Jagadamba Education Soc. Nashik's S.N.D. College of Engineering & Reserch, Babulgaon",,512419110,Civil Engineering,State Level,"Legends:Start Character G-General, L-Ladies, End Character H-Home University, O-Other than Home University, S-State LevelS",110674,39.9066862
05124,"Jagadamba Education Soc. Nashik's S.N.D. College of Engineering & Reserch, Babulgaon",,512424510,Computer Engineering,State Level,TFWS,30705,87.3774785
05124,"Jagadamba Education Soc. Nashik's S.N.D. College of Engineering & Reserch, Babulgaon",,512424510,Computer Engineering,State Level,EWS,67281,69.6924231
05124,"Jagadamba Education Soc. Nashik's S.N.D. College of Engineering & Reserch, Babulgaon",,512429310,Electrical Engineering,State Level,"Legends:Start Character G-General, L-Ladies, End Character H-Home University, O-Other than Home University, S-State LevelS",75983,65.0367935
05124,"Jagadamba Education Soc. Nashik's S.N.D. College of Engineering & Reserch, Babulgaon",,512429310,Electrical Engineering,State Level,Maharashtra State Seats - Cut Off Indicates State General Merit No. ; Figures in bracket Indicates MHT-CET PCM PercentileS,93067,53.8156961
05124,"Jagadamba Education Soc. Nashik's S.N.D. College of Engineering & Reserch, Babulgaon",,512429310,Electrical Engineering,State Level,I-NonS,110052,39.9699925
05124,"Jagadamba Education Soc. Nashik's S.N.D. College of Engineering & Reserch, Babulgaon",,512429310,Electrical Engineering,State Level,VIIS,132225,17.0292573
05124,"Jagadamba Education Soc. Nashik's S.N.D. College of Engineering & Reserch, Babulgaon",,512461210,Mechanical Engineering,State Level,"Legends:Start Character G-General, L-Ladies, End Character H-Home University, O-Other than Home University, S-State LevelS",98506,49.6143282
05124,"Jagadamba Education Soc. Nashik's S.N.D. College of Engineering & Reserch, Babulgaon",,512462410,Mechatronics Engineering,State Level,"Legends:Start Character G-General, L-Ladies, End Character H-Home University, O-Other than Home University, S-State LevelS",89763,55.9130075
05124,"Jagadamba Education Soc. Nashik's S.N.D. College of Engineering & Reserch, Babulgaon",,512462410,Mechatronics Engineering,State Level,Maharashtra State Seats - Cut Off Indicates State General Merit No. ; Figures in bracket Indicates MHT-CET PCM PercentileS,114618,36.3578395
05124,"Jagadamba Education Soc. Nashik's S.N.D. College of Engineering & Reserch, Babulgaon",,512462410,Mechatronics Engineering,State Level,I-NonS,97404,50.6107355
05124,"Jagadamba Education Soc. Nashik's S.N.D. College of Engineering & Reserch, Babulgaon",,512462410,Mechatronics Engineering,State Level,VIIS,124050,26.775031
05124,"Jagadamba Education Soc. Nashik's S.N.D. College of Engineering & Reserch, Babulgaon",,512484410,Electronics and Computer Engineering,State Level,"Legends:Start Character G-General, L-Ladies, End Character H-Home University, O-Other than Home University, S-State LevelS",71840,67.3938217
05124,"Jagadamba Education Soc. Nashik's S.N.D. College of Engineering & Reserch, Babulgaon",,512484410,Electronics and Computer Engineering,State Level,VIIS,80229,62.3996115
05125,"Pravara Rural Education Society's Sir Visvesvaraya Institute of Technology, Chincholi Dist. Nashik",,512524510,Computer Engineering,State Level,"Legends:Start Character G-General, L-Ladies, End Character H-Home University, O-Other than Home University, S-State LevelS",42712,82.2034564
05125,"Pravara Rural Education Society's Sir Visvesvaraya Institute of Technology, Chincholi Dist. Nashik",,512524610,Information Technology,State Level,"Legends:Start Character G-General, L-Ladies, End Character H-Home University, O-Other than Home University, S-State LevelS",58324,74.8671904
05125,"Pravara Rural Education Society's Sir Visvesvaraya Institute of Technology, Chincholi Dist. Nashik",,512524610,Information Technology,State Level,Maharashtra State Seats - Cut Off Indicates State General Merit No. ; Figures in bracket Indicates MHT-CET PCM PercentileS,62503,72.394012
05125,"Pravara Rural Education Society's Sir Visvesvaraya Institute of Technology, Chincholi Dist. Nashik",,512524610,Information Technology,State Level,I-NonS,68168,69.597699
05125,"Pravara Rural Education Society's Sir Visvesvaraya Institute of Technology, Chincholi Dist. Nashik",,512550710,Chemical Engineering,State Level,"Legends:Start Character G-General, L-Ladies, End Character H-Home University, O-Other than Home University, S-State LevelS",127927,22.0314735
05125,"Pravara Rural Education Society's Sir Visvesvaraya Institute of Technology, Chincholi Dist. Nashik",,512550710,Chemical Engineering,State Level,I-NonS,95413,52.2466614
05125,"Pravara Rural Education Society's Sir Visvesvaraya Institute of Technology, Chincholi Dist. Nashik",,512550710,Chemical Engineering,State Level,VIIS,111127,39.7875296
05125,"Pravara Rural Education Society's Sir Visvesvaraya Institute of Technology, Chincholi Dist. Nashik",,512584410,Electronics and Computer Engineering,State Level,"Legends:Start Character G-General, L-Ladies, End Character H-Home University, O-Other than Home University, S-State LevelS",76855,64.2666767
05125,"Pravara Rural Education Society's Sir Visvesvaraya Institute of Technology, Chincholi Dist. Nashik",,512584410,Electronics and Computer Engineering,State Level,Maharashtra State Seats - Cut Off Indicates State General Merit No. ; Figures in bracket Indicates MHT-CET PCM PercentileS,89710,55.9130075
05125,"Pravara Rural Education Society's Sir Visvesvaraya Institute of Technology, Chincholi Dist. Nashik",,512584410,Electronics and Computer Engineering,State Level,I-NonS,90454,55.7163295
05125,"Pravara Rural Education Society's Sir Visvesvaraya Institute of Technology, Chincholi Dist. Nashik",,512584410,Electronics and Computer Engineering,State Level,VIIS,86074,58.7124464
05130,"Brahma Valley College of Engineering & Research, Trimbakeshwar, Nashik",,513024510,Computer Engineering,State Level,"Legends:Start Character G-General, L-Ladies, End Character H-Home University, O-Other than Home University, S-State LevelS",70641,67.9544349
05130,"Brahma Valley College of Engineering & Research, Trimbakeshwar, Nashik",,513024510,Computer Engineering,State Level,Maharashtra State Seats - Cut Off Indicates State General Merit No. ; Figures in bracket Indicates MHT-CET PCM PercentileS,87095,58.1195238
05130,"Brahma Valley College of Engineering & Research, Trimbakeshwar, Nashik",,513024510,Computer Engineering,State Level,I-NonS,75022,65.4207881
05130,"Brahma Valley College of Engineering & Research, Trimbakeshwar, Nashik",,513024510,Computer Engineering,State Level,VIIS,74933,65.4207881
05130,"Brahma Valley College of Engineering & Research, Trimbakeshwar, Nashik",,513061210,Mechanical Engineering,State Level,"Legends:Start Character G-General, L-Ladies, End Character H-Home University, O-Other than Home University, S-State LevelS",137524,9.6791335
05139,"Pravara Rural College of Engineering, Loni, Pravaranagar, Ahmednagar.",,513919110,Civil Engineering,State Level,"Legends:Start Character G-General, L-Ladies, End Character H-Home University, O-Other than Home University, S-State LevelS",132750,16.2430441
05139,"Pravara Rural College of Engineering, Loni, Pravaranagar, Ahmednagar.",,513919110,Civil Engineering,State Level,I-NonS,133680,15.5096512
05139,"Pravara Rural College of Engineering, Loni, Pravaranagar, Ahmednagar.",,513937210,Electronics and Telecommunication Engg,State Level,"Legends:Start Character G-General, L-Ladies, End Character H-Home University, O-Other than Home University, S-State LevelS",24334,90.1268014
05139,"Pravara Rural College of Engineering, Loni, Pravaranagar, Ahmednagar.",,513950710,Chemical Engineering,State Level,DEFOPENS,98055,49.6513702
05139,"Pravara Rural College of Engineering, Loni, Pravaranagar, Ahmednagar.",,513961210,Mechanical Engineering,State Level,"Legends:Start Character G-General, L-Ladies, End Character H-Home University, O-Other than Home University, S-State LevelS",87259,58.0840122
05139,"Pravara Rural College of Engineering, Loni, Pravaranagar, Ahmednagar.",,513991610,Automation and Robotics,State Level,EWS,82352,61.2935921
05151,"MET Bhujbal Knowledge City MET League's Engineering College, Adgaon, Nashik.",,515119110,Civil Engineering,State Level,"Legends:Start Character G-General, L-Ladies, End Character H-Home University, O-Other than Home University, S-State LevelS",122737,28.1052376
05151,"MET Bhujbal Knowledge City MET League's Engineering College, Adgaon, Nashik.",,515119110,Civil Engineering,State Level,I-NonS,121115,29.4111028
05151,"MET Bhujbal Knowledge City MET League's Engineering College, Adgaon, Nashik.",,515119110,Civil Engineering,State Level,VIIS,137131,10.6046914
05151,"MET Bhujbal Knowledge City MET League's Engineering College, Adgaon, Nashik.",,515124510,Computer Engineering,State Level,"Legends:Start Character G-General, L-Ladies, End Character H-Home University, O-Other than Home University, S-State LevelS",40752,83.1704016
05151,"MET Bhujbal Knowledge City MET League's Engineering College, Adgaon, Nashik.",,515129310,Electrical Engineering,State Level,EWS,102966,46.4499379
05151,"MET Bhujbal Knowledge City MET League's Engineering College, Adgaon, Nashik.",,515137210,Electronics and Telecommunication Engg,State Level,"Legends:Start Character G-General, L-Ladies, End Character H-Home University, O-Other than Home University, S-State LevelS",54810,76.6166542
05151,"MET Bhujbal Knowledge City MET League's Engineering College, Adgaon, Nashik.",,515161210,Mechanical Engineering,State Level,"Legends:Start Character G-General, L-Ladies, End Character H-Home University, O-Other than Home University, S-State LevelS",124987,25.5459544
05151,"MET Bhujbal Knowledge City MET League's Engineering College, Adgaon, Nashik.",,515161210,Mechanical Engineering,State Level,I-NonS,69247,68.9337823
05151,"MET Bhujbal Knowledge City MET League's Engineering College, Adgaon, Nashik.",,515199510,Artificial Intelligence and Data Science,State Level,"Legends:Start Character G-General, L-Ladies, End Character H-Home University, O-Other than Home University, S-State LevelS",50638,78.3430016
05152,"G H Raisoni Institute of Engineering and Business Management, Jalgaon",,515219110,Civil Engineering,State Level,"Legends:Start Character G-General, L-Ladies, End Character H-Home University, O-Other than Home University, S-State LevelS",142485,1.5920361
05152,"G H Raisoni Institute of Engineering and Business Management, Jalgaon",,515219110,Civil Engineering,State Level,Maharashtra State Seats - Cut Off Indicates State General Merit No. ; Figures in bracket Indicates MHT-CET PCM PercentileS,134041,15.0249499
05152,"G H Raisoni Institute of Engineering and Business Management, Jalgaon",,515224210,Computer Science and Engineering,State Level,GOPENS,58037,75.0737739
05152,"G H Raisoni Institute of Engineering and Business Management, Jalgaon",,515224210,Computer Science and Engineering,State Level,LOPENS,39703,83.3890161
05152,"G H Raisoni Institute of Engineering and Business Management, Jalgaon",,515224210,Computer Science and Engineering,State Level,MH,70508,68.3823818
05152,"G H Raisoni Institute of Engineering and Business Management, Jalgaon",,515224610,Information Technology,State Level,GOPENS,61130,73.2522683
05152,"G H Raisoni Institute of Engineering and Business Management, Jalgaon",,515224610,Information Technology,State Level,LOPENS,59794,73.642653
05152,"G H Raisoni Institute of Engineering and Business Management, Jalgaon",,515224610,Information Technology,State Level,MH,73728,66.3914919
05152,"G H Raisoni Institute of Engineering and Business Management, Jalgaon",,515229310,Electrical Engineering,State Level,GOPENS,108676,42.2969628
05152,"G H Raisoni Institute of Engineering and Business Management, Jalgaon",,515229310,Electrical Engineering,State Level,LOPENS,104968,44.6898706
05152,"G H Raisoni Institute of Engineering and Business Management, Jalgaon",,515229310,Electrical Engineering,State Level,MH,123047,43.7172634
05152,"G H Raisoni Institute of Engineering and Business Management, Jalgaon",,515237210,Electronics and Telecommunication Engg,State Level,"Legends:Start Character G-General, L-Ladies, End Character H-Home University, O-Other than Home University, S-State LevelS",82181,61.2935921
05152,"G H Raisoni Institute of Engineering and Business Management, Jalgaon",,515237210,Electronics and Telecommunication Engg,State Level,Maharashtra State Seats - Cut Off Indicates State General Merit No. ; Figures in bracket Indicates MHT-CET PCM PercentileS,81461,61.4332053
05152,"G H Raisoni Institute of Engineering and Business Management, Jalgaon",,515237210,Electronics and Telecommunication Engg,State Level,MH,90180,55.8997381
05152,"G H Raisoni Institute of Engineering and Business Management, Jalgaon",,515261210,Mechanical Engineering,State Level,GOPENS,93715,53.1660451
05152,"G H Raisoni Institute of Engineering and Business Management, Jalgaon",,515261210,Mechanical Engineering,State Level,LOPENS,116612,34.1818319
05152,"G H Raisoni Institute of Engineering and Business Management, Jalgaon",,515261210,Mechanical Engineering,State Level,MH,142329,1.9167292
05152,"G H Raisoni Institute of Engineering and Business Management, Jalgaon",,515291110,Computer Science and Engineering(Artificial Intelligence and Machine Learning),State Level,GOPENS,63181,71.9809302
05152,"G H Raisoni Institute of Engineering and Business Management, Jalgaon",,515291110,Computer Science and Engineering(Artificial Intelligence and Machine Learning),State Level,MH,78845,63.3857031
05152,"G H Raisoni Institute of Engineering and Business Management, Jalgaon",,515291210,Computer Science and Engineering(Data Science),State Level,GOPENS,59532,74.0797795
05152,"G H Raisoni Institute of Engineering and Business Management, Jalgaon",,515291210,Computer Science and Engineering(Data Science),State Level,MH,77389,64.0952985
05152,"G H Raisoni Institute of Engineering and Business Management, Jalgaon",,515291310,Computer Science and Engineering (Artificial Intelligence),State Level,"Legends:Start Character G-General, L-Ladies, End Character H-Home University, O-Other than Home University, S-State LevelS",68096,69.597699
05152,"G H Raisoni Institute of Engineering and Business Management, Jalgaon",,515291310,Computer Science and Engineering (Artificial Intelligence),State Level,Maharashtra State Seats - Cut Off Indicates State General Merit No. ; Figures in bracket Indicates MHT-CET PCM PercentileS,78559,63.6508999
05152,"G H Raisoni Institute of Engineering and Business Management, Jalgaon",,515291310,Computer Science and Engineering (Artificial Intelligence),State Level,DS,58984,74.1935484
05152,"G H Raisoni Institute of Engineering and Business Management, Jalgaon",,515291310,Computer Science and Engineering (Artificial Intelligence),State Level,MH,82278,61.2935921
05160,"Sanjivani Rural Education Society's Sanjivani College of Engineering, Kopargaon",,516019110,Civil Engineering,State Level,"Legends:Start Character G-General, L-Ladies, End Character H-Home University, O-Other than Home University, S-State LevelS",102827,46.4499379
05160,"Sanjivani Rural Education Society's Sanjivani College of Engineering, Kopargaon",,516019110,Civil Engineering,State Level,Maharashtra State Seats - Cut Off Indicates State General Merit No. ; Figures in bracket Indicates MHT-CET PCM PercentileS,141746,2.9730846
05160,"Sanjivani Rural Education Society's Sanjivani College of Engineering, Kopargaon",,516019110,Civil Engineering,State Level,DS,125191,25.3087578
05160,"Sanjivani Rural Education Society's Sanjivani College of Engineering, Kopargaon",,516019110,Civil Engineering,State Level,State Common Entrance Test CellS,102903,46.4499379
05160,"Sanjivani Rural Education Society's Sanjivani College of Engineering, Kopargaon",,516019110,Civil Engineering,State Level,Cut Off List for Maharashtra & Minority Seats of CAP Round - III for the Admission to the First Year Under Graduate Technical Courses in Engineering and Technology (4 Years) &S,110349,39.9251777
05160,"Sanjivani Rural Education Society's Sanjivani College of Engineering, Kopargaon",,516019110,Civil Engineering,State Level,Master of Engineering and Technology (Integrated 5 Years) Admissions A.Y. 2023-24S,76810,64.4512569
05160,"Sanjivani Rural Education Society's Sanjivani College of Engineering, Kopargaon",,516019110,Civil Engineering,State Level,GOPENS,128236,21.9114832
05160,"Sanjivani Rural Education Society's Sanjivani College of Engineering, Kopargaon",,516019110,Civil Engineering,State Level,GSCS,79611,62.7344336
05160,"Sanjivani Rural Education Society's Sanjivani College of Engineering, Kopargaon",,516019110,Civil Engineering,State Level,GSTS,88978,56.7366842
05160,"Sanjivani Rural Education Society's Sanjivani College of Engineering, Kopargaon",,516019110,Civil Engineering,State Level,I-NonS,101366,47.387098
05160,"Sanjivani Rural Education Society's Sanjivani College of Engineering, Kopargaon",,516019110,Civil Engineering,State Level,VIIS,105469,44.0513989
05160,"Sanjivani Rural Education Society's Sanjivani College of Engineering, Kopargaon",,516024510,Computer Engineering,State Level,GOPENS,12483,95.1011675
05160,"Sanjivani Rural Education Society's Sanjivani College of Engineering, Kopargaon",,516024510,Computer Engineering,State Level,GVJS,35583,85.2500884
05160,"Sanjivani Rural Education Society's Sanjivani College of Engineering, Kopargaon",,516024510,Computer Engineering,State Level,GOBCS,13384,94.7209994
05160,"Sanjivani Rural Education Society's Sanjivani College of Engineering, Kopargaon",,516024510,Computer Engineering,State Level,EWS,21577,91.2629338
05160,"Sanjivani Rural Education Society's Sanjivani College of Engineering, Kopargaon",,516024610,Information Technology,State Level,GOPENS,25367,89.6939217
05160,"Sanjivani Rural Education Society's Sanjivani College of Engineering, Kopargaon",,516024610,Information Technology,State Level,GSTS,137201,10.581304
05160,"Sanjivani Rural Education Society's Sanjivani College of Engineering, Kopargaon",,516024610,Information Technology,State Level,GOBCS,25729,89.5231349
05160,"Sanjivani Rural Education Society's Sanjivani College of Engineering, Kopargaon",,516024610,Information Technology,State Level,EWS,24066,90.1850615
05160,"Sanjivani Rural Education Society's Sanjivani College of Engineering, Kopargaon",,516029310,Electrical Engineering,State Level,GOPENS,42861,82.1650299
05160,"Sanjivani Rural Education Society's Sanjivani College of Engineering, Kopargaon",,516029310,Electrical Engineering,State Level,GOBCS,63174,71.9809302
05160,"Sanjivani Rural Education Society's Sanjivani College of Engineering, Kopargaon",,516029310,Electrical Engineering,State Level,LOPENS,57705,75.1338688
05160,"Sanjivani Rural Education Society's Sanjivani College of Engineering, Kopargaon",,516029310,Electrical Engineering,State Level,LNT1S,87473,58.0840122
05160,"Sanjivani Rural Education Society's Sanjivani College of Engineering, Kopargaon",,516029310,Electrical Engineering,State Level,LOBCS,71765,67.3938217
05160,"Sanjivani Rural Education Society's Sanjivani College of Engineering, Kopargaon",,516029310,Electrical Engineering,State Level,I-NonS,44851,81.0174211
05160,"Sanjivani Rural Education Society's Sanjivani College of Engineering, Kopargaon",,516029310,Electrical Engineering,State Level,I-NonS,67289,69.6924231
05160,"Sanjivani Rural Education Society's Sanjivani College of Engineering, Kopargaon",,516029310,Electrical Engineering,State Level,VIIS,58204,74.8671904
05160,"Sanjivani Rural Education Society's Sanjivani College of Engineering, Kopargaon",,516061210,Mechanical Engineering,State Level,"Legends:Start Character G-General, L-Ladies, End Character H-Home University, O-Other than Home University, S-State LevelS",44856,81.0174211
05160,"Sanjivani Rural Education Society's Sanjivani College of Engineering, Kopargaon",,516061210,Mechanical Engineering,State Level,Maharashtra State Seats - Cut Off Indicates State General Merit No. ; Figures in bracket Indicates MHT-CET PCM PercentileS,60422,73.4109953
05160,"Sanjivani Rural Education Society's Sanjivani College of Engineering, Kopargaon",,516061210,Mechanical Engineering,State Level,DS,60716,73.3779089
05160,"Sanjivani Rural Education Society's Sanjivani College of Engineering, Kopargaon",,516061210,Mechanical Engineering,State Level,State Common Entrance Test CellS,61724,73.1851907
05160,"Sanjivani Rural Education Society's Sanjivani College of Engineering, Kopargaon",,516061210,Mechanical Engineering,State Level,Cut Off List for Maharashtra & Minority Seats of CAP Round - III for the Admission to the First Year Under Graduate Technical Courses in Engineering and Technology (4 Years) &S,81800,61.432847
05160,"Sanjivani Rural Education Society's Sanjivani College of Engineering, Kopargaon",,516061210,Mechanical Engineering,State Level,Master of Engineering and Technology (Integrated 5 Years) Admissions A.Y. 2023-24S,50460,78.4065273
05160,"Sanjivani Rural Education Society's Sanjivani College of Engineering, Kopargaon",,516061210,Mechanical Engineering,State Level,I-NonS,62793,72.3082536
05160,"Sanjivani Rural Education Society's Sanjivani College of Engineering, Kopargaon",,516084410,Electronics and Computer Engineering,State Level,GOPENS,34246,85.9227307
05160,"Sanjivani Rural Education Society's Sanjivani College of Engineering, Kopargaon",,516084410,Electronics and Computer Engineering,State Level,VIIS,34247,85.9227307
05160,"Sanjivani Rural Education Society's Sanjivani College of Engineering, Kopargaon",,516091510,Structural Engineering,State Level,GOPENS,88293,56.982253
05160,"Sanjivani Rural Education Society's Sanjivani College of Engineering, Kopargaon",,516091510,Structural Engineering,State Level,GOBCS,106445,43.5071268
05160,"Sanjivani Rural Education Society's Sanjivani College of Engineering, Kopargaon",,516091510,Structural Engineering,State Level,LOPENS,89757,55.9130075
05160,"Sanjivani Rural Education Society's Sanjivani College of Engineering, Kopargaon",,516091510,Structural Engineering,State Level,I-NonS,105843,43.6615489
05160,"Sanjivani Rural Education Society's Sanjivani College of Engineering, Kopargaon",,516091510,Structural Engineering,State Level,I-NonS,89764,55.9130075
05160,"Sanjivani Rural Education Society's Sanjivani College of Engineering, Kopargaon",,516091510,Structural Engineering,State Level,VIIS,102516,46.4534231
05161,"Dr. Vithalrao Vikhe Patil College of Engineering, Ahmednagar",,516119110,Civil Engineering,State Level,"Legends:Start Character G-General, L-Ladies, End Character H-Home University, O-Other than Home University, S-State LevelS",114066,36.5842646
05161,"Dr. Vithalrao Vikhe Patil College of Engineering, Ahmednagar",,516124510,Computer Engineering,State Level,"Legends:Start Character G-General, L-Ladies, End Character H-Home University, O-Other than Home University, S-State LevelS",30733,87.3774785
05161,"Dr. Vithalrao Vikhe Patil College of Engineering, Ahmednagar",,516124610,Information Technology,State Level,EWS,36936,84.5084815
05161,"Dr. Vithalrao Vikhe Patil College of Engineering, Ahmednagar",,516125710,Computer Science and Design,State Level,"Legends:Start Character G-General, L-Ladies, End Character H-Home University, O-Other than Home University, S-State LevelS",55955,75.867353
05161,"Dr. Vithalrao Vikhe Patil College of Engineering, Ahmednagar",,516129310,Electrical Engineering,State Level,EWS,105292,44.476613
05161,"Dr. Vithalrao Vikhe Patil College of Engineering, Ahmednagar",,516137210,Electronics and Telecommunication Engg,State Level,"Legends:Start Character G-General, L-Ladies, End Character H-Home University, O-Other than Home University, S-State LevelS",54846,76.6166542
05161,"Dr. Vithalrao Vikhe Patil College of Engineering, Ahmednagar",,516137810,Electronics Engineering ( VLSI Design and Technology),State Level,"Legends:Start Character G-General, L-Ladies, End Character H-Home University, O-Other than Home University, S-State LevelS",87444,58.0840122
05161,"Dr. Vithalrao Vikhe Patil College of Engineering, Ahmednagar",,516161210,Mechanical Engineering,State Level,"Legends:Start Character G-General, L-Ladies, End Character H-Home University, O-Other than Home University, S-State LevelS",110611,39.9066862
05162,"Amrutvahini Sheti & Shikshan Vikas Sanstha's Amrutvahini College of Engineering, Sangamner",,516219110,Civil Engineering,State Level,"Legends:Start Character G-General, L-Ladies, End Character H-Home University, O-Other than Home University, S-State LevelS",122630,28.3793174
05162,"Amrutvahini Sheti & Shikshan Vikas Sanstha's Amrutvahini College of Engineering, Sangamner",,516219110,Civil Engineering,State Level,I-NonS,93813,53.1660451
05162,"Amrutvahini Sheti & Shikshan Vikas Sanstha's Amrutvahini College of Engineering, Sangamner",,516219110,Civil Engineering,State Level,VIIS,124489,26.0539861
05162,"Amrutvahini Sheti & Shikshan Vikas Sanstha's Amrutvahini College of Engineering, Sangamner",,516224610,Information Technology,State Level,"Legends:Start Character G-General, L-Ladies, End Character H-Home University, O-Other than Home University, S-State LevelS",28247,88.4658665
05162,"Amrutvahini Sheti & Shikshan Vikas Sanstha's Amrutvahini College of Engineering, Sangamner",,516229310,Electrical Engineering,State Level,"Legends:Start Character G-General, L-Ladies, End Character H-Home University, O-Other than Home University, S-State LevelS",85134,58.8704519
05162,"Amrutvahini Sheti & Shikshan Vikas Sanstha's Amrutvahini College of Engineering, Sangamner",,516261210,Mechanical Engineering,State Level,"Legends:Start Character G-General, L-Ladies, End Character H-Home University, O-Other than Home University, S-State LevelS",84703,59.6839864
05162,"Amrutvahini Sheti & Shikshan Vikas Sanstha's Amrutvahini College of Engineering, Sangamner",,516261210,Mechanical Engineering,State Level,I-NonS,63042,71.9809302
05162,"Amrutvahini Sheti & Shikshan Vikas Sanstha's Amrutvahini College of Engineering, Sangamner",,516284410,Electronics and Computer Engineering,State Level,"Legends:Start Character G-General, L-Ladies, End Character H-Home University, O-Other than Home University, S-State LevelS",49141,79.2648162
05164,"P.S.G.V.P. Mandal's D.N. Patel College of Engineering, Shahada, Dist. Nandurbar",,516424510,Computer Engineering,State Level,MI,104555,45.6445719
05164,"P.S.G.V.P. Mandal's D.N. Patel College of Engineering, Shahada, Dist. Nandurbar",,516424510,Computer Engineering,State Level,TFWS,27221,88.8621945
05164,"P.S.G.V.P. Mandal's D.N. Patel College of Engineering, Shahada, Dist. Nandurbar",,516429310,Electrical Engineering,State Level,"Legends:Start Character G-General, L-Ladies, End Character H-Home University, O-Other than Home University, S-State LevelS",70578,68.3823818
05168,"T.M.E. Society's J.T.Mahajan College of Engineering, Faizpur",,516824510,Computer Engineering,State Level,TFWS,76953,64.2666767
05168,"T.M.E. Society's J.T.Mahajan College of Engineering, Faizpur",,516824510,Computer Engineering,State Level,EWS,107708,42.5955447
05169,"Nagaon  Education Society's Gangamai College of Engineering, Nagaon, Tal Dist Dhule",,516924510,Computer Engineering,State Level,DEFOPENS,106846,43.1162283
05169,"Nagaon  Education Society's Gangamai College of Engineering, Nagaon, Tal Dist Dhule",,516924510,Computer Engineering,State Level,I-NonS,68894,69.0354573
05169,"Nagaon  Education Society's Gangamai College of Engineering, Nagaon, Tal Dist Dhule",,516929310,Electrical Engineering,State Level,"Legends:Start Character G-General, L-Ladies, End Character H-Home University, O-Other than Home University, S-State LevelS",138917,7.6246225
05169,"Nagaon  Education Society's Gangamai College of Engineering, Nagaon, Tal Dist Dhule",,516937210,Electronics and Telecommunication Engg,State Level,"Legends:Start Character G-General, L-Ladies, End Character H-Home University, O-Other than Home University, S-State LevelS",102580,46.4534231
05171,"Godavari Foundation's Godavari College Of Engineering,  Jalgaon",,517124510,Computer Engineering,State Level,ORPHAN,94639,52.5567137
05171,"Godavari Foundation's Godavari College Of Engineering,  Jalgaon",,517124510,Computer Engineering,State Level,VIIS,75344,65.3263316
05171,"Godavari Foundation's Godavari College Of Engineering,  Jalgaon",,517126310,Artificial Intelligence (AI) and Data Science,State Level,"Legends:Start Character G-General, L-Ladies, End Character H-Home University, O-Other than Home University, S-State LevelS",70758,67.9544349
05171,"Godavari Foundation's Godavari College Of Engineering,  Jalgaon",,517126310,Artificial Intelligence (AI) and Data Science,State Level,Maharashtra State Seats - Cut Off Indicates State General Merit No. ; Figures in bracket Indicates MHT-CET PCM PercentileS,96572,51.0567213
05171,"Godavari Foundation's Godavari College Of Engineering,  Jalgaon",,517137210,Electronics and Telecommunication Engg,State Level,"Legends:Start Character G-General, L-Ladies, End Character H-Home University, O-Other than Home University, S-State LevelS",98634,49.6143282
05171,"Godavari Foundation's Godavari College Of Engineering,  Jalgaon",,517137210,Electronics and Telecommunication Engg,State Level,Maharashtra State Seats - Cut Off Indicates State General Merit No. ; Figures in bracket Indicates MHT-CET PCM PercentileS,134068,15.0249499
05171,"Godavari Foundation's Godavari College Of Engineering,  Jalgaon",,517137210,Electronics and Telecommunication Engg,State Level,I-NonS,112169,38.9045575
05171,"Godavari Foundation's Godavari College Of Engineering,  Jalgaon",,517137210,Electronics and Telecommunication Engg,State Level,VIIS,125140,25.3087578
05172,"R. C. Patel Institute of Technology, Shirpur",,517219110,Civil Engineering,State Level,"Legends:Start Character G-General, L-Ladies, End Character H-Home University, O-Other than Home University, S-State LevelS",104135,45.8483896
05172,"R. C. Patel Institute of Technology, Shirpur",,517219110,Civil Engineering,State Level,Maharashtra State Seats - Cut Off Indicates State General Merit No. ; Figures in bracket Indicates MHT-CET PCM PercentileS,101412,47.387098
05172,"R. C. Patel Institute of Technology, Shirpur",,517219110,Civil Engineering,State Level,MH,119043,32.3095051
05172,"R. C. Patel Institute of Technology, Shirpur",,517224510,Computer Engineering,State Level,GOPENS,18314,92.6711629
05172,"R. C. Patel Institute of Technology, Shirpur",,517224510,Computer Engineering,State Level,LOPENS,17793,92.8619655
05172,"R. C. Patel Institute of Technology, Shirpur",,517224510,Computer Engineering,State Level,MI,115158,36.029881
05172,"R. C. Patel Institute of Technology, Shirpur",,517224510,Computer Engineering,State Level,MH,30150,87.6216398
05172,"R. C. Patel Institute of Technology, Shirpur",,517229310,Electrical Engineering,State Level,GOPENS,68650,69.2172491
05172,"R. C. Patel Institute of Technology, Shirpur",,517229310,Electrical Engineering,State Level,MH,75198,65.3263316
05172,"R. C. Patel Institute of Technology, Shirpur",,517237210,Electronics and Telecommunication Engg,State Level,GOPENS,48455,79.520817
05172,"R. C. Patel Institute of Technology, Shirpur",,517237210,Electronics and Telecommunication Engg,State Level,MI,33525,86.1075077
05172,"R. C. Patel Institute of Technology, Shirpur",,517237210,Electronics and Telecommunication Engg,State Level,MH,61303,73.2522683
05172,"R. C. Patel Institute of Technology, Shirpur",,517261210,Mechanical Engineering,State Level,"Legends:Start Character G-General, L-Ladies, End Character H-Home University, O-Other than Home University, S-State LevelS",89216,56.656397
05172,"R. C. Patel Institute of Technology, Shirpur",,517261210,Mechanical Engineering,State Level,Maharashtra State Seats - Cut Off Indicates State General Merit No. ; Figures in bracket Indicates MHT-CET PCM PercentileS,88577,56.7405028
05172,"R. C. Patel Institute of Technology, Shirpur",,517261210,Mechanical Engineering,State Level,DS,65957,70.6180504
05172,"R. C. Patel Institute of Technology, Shirpur",,517261210,Mechanical Engineering,State Level,MH,102539,46.4534231
05172,"R. C. Patel Institute of Technology, Shirpur",,517291210,Computer Science and Engineering(Data Science),State Level,MI,51103,78.3308876
05172,"R. C. Patel Institute of Technology, Shirpur",,517291210,Computer Science and Engineering(Data Science),State Level,MH,31799,86.9095112
05172,"R. C. Patel Institute of Technology, Shirpur",,517292110,Artificial Intelligence and Machine Learning,State Level,GOPENS,23474,90.4938272
05172,"R. C. Patel Institute of Technology, Shirpur",,517292110,Artificial Intelligence and Machine Learning,State Level,MH,46921,80.0408747
05173,"SNJB's Late Sau. Kantabai Bhavarlalji Jain College of Engineering,  (Jain Gurukul), Neminagar,Chandwad,(Nashik)",,517324510,Computer Engineering,State Level,"Legends:Start Character G-General, L-Ladies, End Character H-Home University, O-Other than Home University, S-State LevelS",137879,9.2629778
05173,"SNJB's Late Sau. Kantabai Bhavarlalji Jain College of Engineering,  (Jain Gurukul), Neminagar,Chandwad,(Nashik)",,517324510,Computer Engineering,State Level,Minority Seats Allotted to Maharashtra State Candidature CandidatesS,36064,85.1537884
05173,"SNJB's Late Sau. Kantabai Bhavarlalji Jain College of Engineering,  (Jain Gurukul), Neminagar,Chandwad,(Nashik)",,517361210,Mechanical Engineering,State Level,"Legends:Start Character G-General, L-Ladies, End Character H-Home University, O-Other than Home University, S-State LevelS",82945,60.8798115
05173,"SNJB's Late Sau. Kantabai Bhavarlalji Jain College of Engineering,  (Jain Gurukul), Neminagar,Chandwad,(Nashik)",,517361210,Mechanical Engineering,State Level,Minority Seats Allotted to Maharashtra State Candidature CandidatesS,98753,49.5548073
05173,"SNJB's Late Sau. Kantabai Bhavarlalji Jain College of Engineering,  (Jain Gurukul), Neminagar,Chandwad,(Nashik)",,517399510,Artificial Intelligence and Data Science,State Level,"Legends:Start Character G-General, L-Ladies, End Character H-Home University, O-Other than Home University, S-State LevelS",93697,53.1660451
05173,"SNJB's Late Sau. Kantabai Bhavarlalji Jain College of Engineering,  (Jain Gurukul), Neminagar,Chandwad,(Nashik)",,517399510,Artificial Intelligence and Data Science,State Level,Minority Seats Allotted to Maharashtra State Candidature CandidatesS,52594,77.4241933
05177,"Matoshri College of Engineering and Research Centre, Eklahare, Nashik",,517719110,Civil Engineering,State Level,"Legends:Start Character G-General, L-Ladies, End Character H-Home University, O-Other than Home University, S-State LevelS",125855,24.5412844
05177,"Matoshri College of Engineering and Research Centre, Eklahare, Nashik",,517724510,Computer Engineering,State Level,DEFOPENS,117383,33.3408586
05177,"Matoshri College of Engineering and Research Centre, Eklahare, Nashik",,517724510,Computer Engineering,State Level,TFWS,50895,78.3308876
05177,"Matoshri College of Engineering and Research Centre, Eklahare, Nashik",,517724510,Computer Engineering,State Level,ORPHAN,60266,73.4109953
05177,"Matoshri College of Engineering and Research Centre, Eklahare, Nashik",,517724510,Computer Engineering,State Level,I-NonS,63348,71.8303504
05177,"Matoshri College of Engineering and Research Centre, Eklahare, Nashik",,517724510,Computer Engineering,State Level,VIIS,66142,70.6180504
05177,"Matoshri College of Engineering and Research Centre, Eklahare, Nashik",,517724610,Information Technology,State Level,"Legends:Start Character G-General, L-Ladies, End Character H-Home University, O-Other than Home University, S-State LevelS",57793,75.1338688
05177,"Matoshri College of Engineering and Research Centre, Eklahare, Nashik",,517724610,Information Technology,State Level,Maharashtra State Seats - Cut Off Indicates State General Merit No. ; Figures in bracket Indicates MHT-CET PCM PercentileS,84413,59.8623853
05177,"Matoshri College of Engineering and Research Centre, Eklahare, Nashik",,517724610,Information Technology,State Level,I-NonS,64225,71.4000828
05177,"Matoshri College of Engineering and Research Centre, Eklahare, Nashik",,517729310,Electrical Engineering,State Level,"Legends:Start Character G-General, L-Ladies, End Character H-Home University, O-Other than Home University, S-State LevelS",88026,56.982253
05177,"Matoshri College of Engineering and Research Centre, Eklahare, Nashik",,517729310,Electrical Engineering,State Level,Maharashtra State Seats - Cut Off Indicates State General Merit No. ; Figures in bracket Indicates MHT-CET PCM PercentileS,143211,0.0525131
05177,"Matoshri College of Engineering and Research Centre, Eklahare, Nashik",,517729310,Electrical Engineering,State Level,I-NonS,117700,33.2472877
05177,"Matoshri College of Engineering and Research Centre, Eklahare, Nashik",,517737210,Electronics and Telecommunication Engg,State Level,"Legends:Start Character G-General, L-Ladies, End Character H-Home University, O-Other than Home University, S-State LevelS",66218,70.5106049
05177,"Matoshri College of Engineering and Research Centre, Eklahare, Nashik",,517737210,Electronics and Telecommunication Engg,State Level,Maharashtra State Seats - Cut Off Indicates State General Merit No. ; Figures in bracket Indicates MHT-CET PCM PercentileS,91937,54.6979992
05177,"Matoshri College of Engineering and Research Centre, Eklahare, Nashik",,517737210,Electronics and Telecommunication Engg,State Level,I-NonS,82295,61.2935921
05177,"Matoshri College of Engineering and Research Centre, Eklahare, Nashik",,517761210,Mechanical Engineering,State Level,"Legends:Start Character G-General, L-Ladies, End Character H-Home University, O-Other than Home University, S-State LevelS",107259,42.9215913
05177,"Matoshri College of Engineering and Research Centre, Eklahare, Nashik",,517761210,Mechanical Engineering,State Level,I-NonS,124977,25.5459544
05177,"Matoshri College of Engineering and Research Centre, Eklahare, Nashik",,517761210,Mechanical Engineering,State Level,Maharashtra State Seats Allotted to All India Candidature CandidatesS,107227,42.9215913
05177,"Matoshri College of Engineering and Research Centre, Eklahare, Nashik",,517784410,Electronics and Computer Engineering,State Level,"Legends:Start Character G-General, L-Ladies, End Character H-Home University, O-Other than Home University, S-State LevelS",100788,48.0589023
05177,"Matoshri College of Engineering and Research Centre, Eklahare, Nashik",,517799510,Artificial Intelligence and Data Science,State Level,"Legends:Start Character G-General, L-Ladies, End Character H-Home University, O-Other than Home University, S-State LevelS",68958,69.0354573
05179,"Vishwabharati Academy's College of Engineering, Ahmednagar",,517924510,Computer Engineering,State Level,"Legends:Start Character G-General, L-Ladies, End Character H-Home University, O-Other than Home University, S-State LevelS",66229,70.5106049
05179,"Vishwabharati Academy's College of Engineering, Ahmednagar",,517924510,Computer Engineering,State Level,I-NonS,70970,67.711928
05179,"Vishwabharati Academy's College of Engineering, Ahmednagar",,517924510,Computer Engineering,State Level,VIIS,68000,69.597699
05179,"Vishwabharati Academy's College of Engineering, Ahmednagar",,517926310,Artificial Intelligence (AI) and Data Science,State Level,"Legends:Start Character G-General, L-Ladies, End Character H-Home University, O-Other than Home University, S-State LevelS",80765,61.6881259
05179,"Vishwabharati Academy's College of Engineering, Ahmednagar",,517926310,Artificial Intelligence (AI) and Data Science,State Level,Maharashtra State Seats - Cut Off Indicates State General Merit No. ; Figures in bracket Indicates MHT-CET PCM PercentileS,105895,43.6615489
05179,"Vishwabharati Academy's College of Engineering, Ahmednagar",,517984410,Electronics and Computer Engineering,State Level,"Legends:Start Character G-General, L-Ladies, End Character H-Home University, O-Other than Home University, S-State LevelS",78469,63.6508999
05179,"Vishwabharati Academy's College of Engineering, Ahmednagar",,517984410,Electronics and Computer Engineering,State Level,Maharashtra State Seats - Cut Off Indicates State General Merit No. ; Figures in bracket Indicates MHT-CET PCM PercentileS,125313,25.3087578
05179,"Vishwabharati Academy's College of Engineering, Ahmednagar",,517984410,Electronics and Computer Engineering,State Level,I-NonS,86246,58.5474069
05181,"Gokhale Education Society's, R.H. Sapat College of Engineering, Management Studies and Research, Nashik",,518124510,Computer Engineering,State Level,"Legends:Start Character G-General, L-Ladies, End Character H-Home University, O-Other than Home University, S-State LevelS",55102,76.2843676
05181,"Gokhale Education Society's, R.H. Sapat College of Engineering, Management Studies and Research, Nashik",,518129310,Electrical Engineering,State Level,"Legends:Start Character G-General, L-Ladies, End Character H-Home University, O-Other than Home University, S-State LevelS",84763,59.6839864
05181,"Gokhale Education Society's, R.H. Sapat College of Engineering, Management Studies and Research, Nashik",,518129310,Electrical Engineering,State Level,Maharashtra State Seats - Cut Off Indicates State General Merit No. ; Figures in bracket Indicates MHT-CET PCM PercentileS,105514,44.0513989
05181,"Gokhale Education Society's, R.H. Sapat College of Engineering, Management Studies and Research, Nashik",,518137210,Electronics and Telecommunication Engg,State Level,"Legends:Start Character G-General, L-Ladies, End Character H-Home University, O-Other than Home University, S-State LevelS",76700,64.4512569
05181,"Gokhale Education Society's, R.H. Sapat College of Engineering, Management Studies and Research, Nashik",,518161210,Mechanical Engineering,State Level,"Legends:Start Character G-General, L-Ladies, End Character H-Home University, O-Other than Home University, S-State LevelS",137535,9.6791335
05181,"Gokhale Education Society's, R.H. Sapat College of Engineering, Management Studies and Research, Nashik",,518161210,Mechanical Engineering,State Level,I-NonS,89939,55.8997381
05182,"Kalyani Charitable Trust, Late Gambhirrao Natuba Sapkal College of Engineering, Anjaneri, Trimbakeshwar Road, Nashik",,518224510,Computer Engineering,State Level,"Legends:Start Character G-General, L-Ladies, End Character H-Home University, O-Other than Home University, S-State LevelS",68381,69.3042857
05182,"Kalyani Charitable Trust, Late Gambhirrao Natuba Sapkal College of Engineering, Anjaneri, Trimbakeshwar Road, Nashik",,518224510,Computer Engineering,State Level,Maharashtra State Seats - Cut Off Indicates State General Merit No. ; Figures in bracket Indicates MHT-CET PCM PercentileS,73176,66.6716379
05182,"Kalyani Charitable Trust, Late Gambhirrao Natuba Sapkal College of Engineering, Anjaneri, Trimbakeshwar Road, Nashik",,518224510,Computer Engineering,State Level,I-NonS,58373,74.8671904
05182,"Kalyani Charitable Trust, Late Gambhirrao Natuba Sapkal College of Engineering, Anjaneri, Trimbakeshwar Road, Nashik",,518224510,Computer Engineering,State Level,VIIS,60780,73.2701208
05182,"Kalyani Charitable Trust, Late Gambhirrao Natuba Sapkal College of Engineering, Anjaneri, Trimbakeshwar Road, Nashik",,518226310,Artificial Intelligence (AI) and Data Science,State Level,"Legends:Start Character G-General, L-Ladies, End Character H-Home University, O-Other than Home University, S-State LevelS",77612,64.0952985
05182,"Kalyani Charitable Trust, Late Gambhirrao Natuba Sapkal College of Engineering, Anjaneri, Trimbakeshwar Road, Nashik",,518226310,Artificial Intelligence (AI) and Data Science,State Level,I-NonS,65529,71.0587355
05182,"Kalyani Charitable Trust, Late Gambhirrao Natuba Sapkal College of Engineering, Anjaneri, Trimbakeshwar Road, Nashik",,518229310,Electrical Engineering,State Level,"Legends:Start Character G-General, L-Ladies, End Character H-Home University, O-Other than Home University, S-State LevelS",97896,50.2663166
05182,"Kalyani Charitable Trust, Late Gambhirrao Natuba Sapkal College of Engineering, Anjaneri, Trimbakeshwar Road, Nashik",,518229310,Electrical Engineering,State Level,I-NonS,132296,17.0292573
05182,"Kalyani Charitable Trust, Late Gambhirrao Natuba Sapkal College of Engineering, Anjaneri, Trimbakeshwar Road, Nashik",,518237210,Electronics and Telecommunication Engg,State Level,"Legends:Start Character G-General, L-Ladies, End Character H-Home University, O-Other than Home University, S-State LevelS",73018,66.6716379
05182,"Kalyani Charitable Trust, Late Gambhirrao Natuba Sapkal College of Engineering, Anjaneri, Trimbakeshwar Road, Nashik",,518237210,Electronics and Telecommunication Engg,State Level,Maharashtra State Seats - Cut Off Indicates State General Merit No. ; Figures in bracket Indicates MHT-CET PCM PercentileS,108022,42.5530244
05182,"Kalyani Charitable Trust, Late Gambhirrao Natuba Sapkal College of Engineering, Anjaneri, Trimbakeshwar Road, Nashik",,518261210,Mechanical Engineering,State Level,"Legends:Start Character G-General, L-Ladies, End Character H-Home University, O-Other than Home University, S-State LevelS",115122,36.029881
05184,"Amruta Vaishnavi Education & Welfare Trust's Shatabdi Institute of Engineering & Research, Agaskhind Tal. Sinnar",,518424510,Computer Engineering,State Level,"Legends:Start Character G-General, L-Ladies, End Character H-Home University, O-Other than Home University, S-State LevelS",37931,84.216054
05184,"Amruta Vaishnavi Education & Welfare Trust's Shatabdi Institute of Engineering & Research, Agaskhind Tal. Sinnar",,518424510,Computer Engineering,State Level,Minority Seats Allotted to Maharashtra State Candidature CandidatesS,92688,54.0043616
05244,"MET's Institute of Technology Polytechnic, Bhujbal Knowledge City, Adgaon Nashik",,524425710,Computer Science and Design,State Level,"Legends:Start Character G-General, L-Ladies, End Character H-Home University, O-Other than Home University, S-State LevelS",51263,78.1143775
05244,"MET's Institute of Technology Polytechnic, Bhujbal Knowledge City, Adgaon Nashik",,524491610,Automation and Robotics,State Level,"Legends:Start Character G-General, L-Ladies, End Character H-Home University, O-Other than Home University, S-State LevelS",64864,71.2687819
05244,"MET's Institute of Technology Polytechnic, Bhujbal Knowledge City, Adgaon Nashik",,524492210,Civil and Environmental Engineering,State Level,"Legends:Start Character G-General, L-Ladies, End Character H-Home University, O-Other than Home University, S-State LevelS",135360,13.224841
05303,"Hon. Shri. Babanrao Pachpute Vichardhara Trust, Group of Institutions (Integrated Campus)-Parikrama, Kashti Shrigondha,",,530324510,Computer Engineering,State Level,"Legends:Start Character G-General, L-Ladies, End Character H-Home University, O-Other than Home University, S-State LevelS",52834,77.4193548
05303,"Hon. Shri. Babanrao Pachpute Vichardhara Trust, Group of Institutions (Integrated Campus)-Parikrama, Kashti Shrigondha,",,530324510,Computer Engineering,State Level,I-NonS,72491,66.9527897
05303,"Hon. Shri. Babanrao Pachpute Vichardhara Trust, Group of Institutions (Integrated Campus)-Parikrama, Kashti Shrigondha,",,530329310,Electrical Engineering,State Level,"Legends:Start Character G-General, L-Ladies, End Character H-Home University, O-Other than Home University, S-State LevelS",110286,39.9251777
05303,"Hon. Shri. Babanrao Pachpute Vichardhara Trust, Group of Institutions (Integrated Campus)-Parikrama, Kashti Shrigondha,",,530329310,Electrical Engineering,State Level,Maharashtra State Seats - Cut Off Indicates State General Merit No. ; Figures in bracket Indicates MHT-CET PCM PercentileS,139046,7.5928328
05303,"Hon. Shri. Babanrao Pachpute Vichardhara Trust, Group of Institutions (Integrated Campus)-Parikrama, Kashti Shrigondha,",,530384410,Electronics and Computer Engineering,State Level,ORPHAN,102073,46.8567142
05330,"PUNE VIDYARTHI GRIHA’S COLLEGE OF ENGINEERING & SHRIKRUSHNA S. DHAMANKAR INSTITUTE OF MANAGEMENT, NASHIK",,533024510,Computer Engineering,State Level,"Legends:Start Character G-General, L-Ladies, End Character H-Home University, O-Other than Home University, S-State LevelS",27513,88.7549097
05330,"PUNE VIDYARTHI GRIHA’S COLLEGE OF ENGINEERING & SHRIKRUSHNA S. DHAMANKAR INSTITUTE OF MANAGEMENT, NASHIK",,533024510,Computer Engineering,State Level,Maharashtra State Seats - Cut Off Indicates State General Merit No. ; Figures in bracket Indicates MHT-CET PCM PercentileS,36974,84.5084815
05330,"PUNE VIDYARTHI GRIHA’S COLLEGE OF ENGINEERING & SHRIKRUSHNA S. DHAMANKAR INSTITUTE OF MANAGEMENT, NASHIK",,533024510,Computer Engineering,State Level,DS,54754,76.6367377
05330,"PUNE VIDYARTHI GRIHA’S COLLEGE OF ENGINEERING & SHRIKRUSHNA S. DHAMANKAR INSTITUTE OF MANAGEMENT, NASHIK",,533024610,Information Technology,State Level,"Legends:Start Character G-General, L-Ladies, End Character H-Home University, O-Other than Home University, S-State LevelS",53996,76.7693871
05330,"PUNE VIDYARTHI GRIHA’S COLLEGE OF ENGINEERING & SHRIKRUSHNA S. DHAMANKAR INSTITUTE OF MANAGEMENT, NASHIK",,533024610,Information Technology,State Level,Maharashtra State Seats - Cut Off Indicates State General Merit No. ; Figures in bracket Indicates MHT-CET PCM PercentileS,62331,72.6119403
05330,"PUNE VIDYARTHI GRIHA’S COLLEGE OF ENGINEERING & SHRIKRUSHNA S. DHAMANKAR INSTITUTE OF MANAGEMENT, NASHIK",,533037210,Electronics and Telecommunication Engg,State Level,"Legends:Start Character G-General, L-Ladies, End Character H-Home University, O-Other than Home University, S-State LevelS",85339,58.8704519
05330,"PUNE VIDYARTHI GRIHA’S COLLEGE OF ENGINEERING & SHRIKRUSHNA S. DHAMANKAR INSTITUTE OF MANAGEMENT, NASHIK",,533037210,Electronics and Telecommunication Engg,State Level,I-NonS,68509,69.3042857
05330,"PUNE VIDYARTHI GRIHA’S COLLEGE OF ENGINEERING & SHRIKRUSHNA S. DHAMANKAR INSTITUTE OF MANAGEMENT, NASHIK",,533061210,Mechanical Engineering,State Level,"Legends:Start Character G-General, L-Ladies, End Character H-Home University, O-Other than Home University, S-State LevelS",109753,40.6521983
05330,"PUNE VIDYARTHI GRIHA’S COLLEGE OF ENGINEERING & SHRIKRUSHNA S. DHAMANKAR INSTITUTE OF MANAGEMENT, NASHIK",,533099510,Artificial Intelligence and Data Science,State Level,"Legends:Start Character G-General, L-Ladies, End Character H-Home University, O-Other than Home University, S-State LevelS",42511,82.2266135
05330,"PUNE VIDYARTHI GRIHA’S COLLEGE OF ENGINEERING & SHRIKRUSHNA S. DHAMANKAR INSTITUTE OF MANAGEMENT, NASHIK",,533099510,Artificial Intelligence and Data Science,State Level,Maharashtra State Seats - Cut Off Indicates State General Merit No. ; Figures in bracket Indicates MHT-CET PCM PercentileS,48364,79.5863208
05331,"Sandip Foundation's, Sandip Institute of Engineering & Management, Nashik",,533124510,Computer Engineering,State Level,"Legends:Start Character G-General, L-Ladies, End Character H-Home University, O-Other than Home University, S-State LevelS",134627,13.6087239
05331,"Sandip Foundation's, Sandip Institute of Engineering & Management, Nashik",,533124510,Computer Engineering,State Level,Maharashtra State Seats - Cut Off Indicates State General Merit No. ; Figures in bracket Indicates MHT-CET PCM PercentileS,46917,80.0408747
05331,"Sandip Foundation's, Sandip Institute of Engineering & Management, Nashik",,533129310,Electrical Engineering,State Level,"Legends:Start Character G-General, L-Ladies, End Character H-Home University, O-Other than Home University, S-State LevelS",101944,47.3478734
05331,"Sandip Foundation's, Sandip Institute of Engineering & Management, Nashik",,533137210,Electronics and Telecommunication Engg,State Level,"Legends:Start Character G-General, L-Ladies, End Character H-Home University, O-Other than Home University, S-State LevelS",47528,79.7907966
05331,"Sandip Foundation's, Sandip Institute of Engineering & Management, Nashik",,533137210,Electronics and Telecommunication Engg,State Level,Maharashtra State Seats - Cut Off Indicates State General Merit No. ; Figures in bracket Indicates MHT-CET PCM PercentileS,83898,59.9249812
05331,"Sandip Foundation's, Sandip Institute of Engineering & Management, Nashik",,533137210,Electronics and Telecommunication Engg,State Level,I-NonS,72431,66.9527897
05331,"Sandip Foundation's, Sandip Institute of Engineering & Management, Nashik",,533161210,Mechanical Engineering,State Level,"Legends:Start Character G-General, L-Ladies, End Character H-Home University, O-Other than Home University, S-State LevelS",57789,75.1338688
05331,"Sandip Foundation's, Sandip Institute of Engineering & Management, Nashik",,533161210,Mechanical Engineering,State Level,Maharashtra State Seats - Cut Off Indicates State General Merit No. ; Figures in bracket Indicates MHT-CET PCM PercentileS,141408,3.3914874
05331,"Sandip Foundation's, Sandip Institute of Engineering & Management, Nashik",,533161210,Mechanical Engineering,State Level,I-NonS,87799,57.7272051
05331,"Sandip Foundation's, Sandip Institute of Engineering & Management, Nashik",,533161210,Mechanical Engineering,State Level,VIIS,118346,32.6609746
05365,"Vardhaman Education & Welfare Society, Ahinsa Institute of Technology, Post. Dondaicha,  Dhule",,536525110,Computer Technology,State Level,"Legends:Start Character G-General, L-Ladies, End Character H-Home University, O-Other than Home University, S-State LevelS",119039,32.3095051
05365,"Vardhaman Education & Welfare Society, Ahinsa Institute of Technology, Post. Dondaicha,  Dhule",,536525110,Computer Technology,State Level,Maharashtra State Seats Allotted to All India Candidature CandidatesS,96137,51.4762755
05380,"Adsul's Technical Campus, Chas Dist. Ahmednagar",,538024510,Computer Engineering,State Level,"Legends:Start Character G-General, L-Ladies, End Character H-Home University, O-Other than Home University, S-State LevelS",64073,71.6354089
05380,"Adsul's Technical Campus, Chas Dist. Ahmednagar",,538024510,Computer Engineering,State Level,Maharashtra State Seats - Cut Off Indicates State General Merit No. ; Figures in bracket Indicates MHT-CET PCM PercentileS,97244,50.6107355
05380,"Adsul's Technical Campus, Chas Dist. Ahmednagar",,538024510,Computer Engineering,State Level,I-NonS,107192,42.9215913
05380,"Adsul's Technical Campus, Chas Dist. Ahmednagar",,538024510,Computer Engineering,State Level,VIIS,99961,49.0455617
05380,"Adsul's Technical Campus, Chas Dist. Ahmednagar",,538061210,Mechanical Engineering,State Level,TFWS,123901,26.775031
05381,"Shri. Jaykumar Rawal Institute of Technology, Dondaicha.",,538124210,Computer Science and Engineering,State Level,"Legends:Start Character G-General, L-Ladies, End Character H-Home University, O-Other than Home University, S-State LevelS",109850,40.6521983
05382,"Ahmednagar Jilha Maratha Vidya Prasarak Samajache, Shri. Chhatrapati Shivaji Maharaj College of Engineering, Nepti",,538224510,Computer Engineering,State Level,DEFOPENS,49817,78.5775598
05382,"Ahmednagar Jilha Maratha Vidya Prasarak Samajache, Shri. Chhatrapati Shivaji Maharaj College of Engineering, Nepti",,538226310,Artificial Intelligence (AI) and Data Science,State Level,"Legends:Start Character G-General, L-Ladies, End Character H-Home University, O-Other than Home University, S-State LevelS",76784,64.4512569
05382,"Ahmednagar Jilha Maratha Vidya Prasarak Samajache, Shri. Chhatrapati Shivaji Maharaj College of Engineering, Nepti",,538237210,Electronics and Telecommunication Engg,State Level,"Legends:Start Character G-General, L-Ladies, End Character H-Home University, O-Other than Home University, S-State LevelS",75867,65.0367935
05382,"Ahmednagar Jilha Maratha Vidya Prasarak Samajache, Shri. Chhatrapati Shivaji Maharaj College of Engineering, Nepti",,538237210,Electronics and Telecommunication Engg,State Level,Maharashtra State Seats - Cut Off Indicates State General Merit No. ; Figures in bracket Indicates MHT-CET PCM PercentileS,86688,58.1382561
05382,"Ahmednagar Jilha Maratha Vidya Prasarak Samajache, Shri. Chhatrapati Shivaji Maharaj College of Engineering, Nepti",,538237210,Electronics and Telecommunication Engg,State Level,I-NonS,80928,61.6397637
05382,"Ahmednagar Jilha Maratha Vidya Prasarak Samajache, Shri. Chhatrapati Shivaji Maharaj College of Engineering, Nepti",,538237210,Electronics and Telecommunication Engg,State Level,VIIS,86141,58.5474069
05382,"Ahmednagar Jilha Maratha Vidya Prasarak Samajache, Shri. Chhatrapati Shivaji Maharaj College of Engineering, Nepti",,538261210,Mechanical Engineering,State Level,"Legends:Start Character G-General, L-Ladies, End Character H-Home University, O-Other than Home University, S-State LevelS",85345,58.8704519
05382,"Ahmednagar Jilha Maratha Vidya Prasarak Samajache, Shri. Chhatrapati Shivaji Maharaj College of Engineering, Nepti",,538261210,Mechanical Engineering,State Level,I-NonS,87222,58.0840122
05390,"K.V.N. Naik S. P. Sansth's Loknete Gopinathji Munde Institute of Engineering Education & Research, Nashik.",,539024510,Computer Engineering,State Level,"Legends:Start Character G-General, L-Ladies, End Character H-Home University, O-Other than Home University, S-State LevelS",40035,83.375844
05390,"K.V.N. Naik S. P. Sansth's Loknete Gopinathji Munde Institute of Engineering Education & Research, Nashik.",,539024510,Computer Engineering,State Level,Maharashtra State Seats - Cut Off Indicates State General Merit No. ; Figures in bracket Indicates MHT-CET PCM PercentileS,76602,64.4512569
05390,"K.V.N. Naik S. P. Sansth's Loknete Gopinathji Munde Institute of Engineering Education & Research, Nashik.",,539029310,Electrical Engineering,State Level,"Legends:Start Character G-General, L-Ladies, End Character H-Home University, O-Other than Home University, S-State LevelS",111137,39.7875296
05390,"K.V.N. Naik S. P. Sansth's Loknete Gopinathji Munde Institute of Engineering Education & Research, Nashik.",,539029310,Electrical Engineering,State Level,Maharashtra State Seats - Cut Off Indicates State General Merit No. ; Figures in bracket Indicates MHT-CET PCM PercentileS,127906,22.0314735
05390,"K.V.N. Naik S. P. Sansth's Loknete Gopinathji Munde Institute of Engineering Education & Research, Nashik.",,539029310,Electrical Engineering,State Level,I-NonS,128312,21.9114832
05390,"K.V.N. Naik S. P. Sansth's Loknete Gopinathji Munde Institute of Engineering Education & Research, Nashik.",,539029310,Electrical Engineering,State Level,VIIS,123501,27.145045
05390,"K.V.N. Naik S. P. Sansth's Loknete Gopinathji Munde Institute of Engineering Education & Research, Nashik.",,539061210,Mechanical Engineering,State Level,"Legends:Start Character G-General, L-Ladies, End Character H-Home University, O-Other than Home University, S-State LevelS",141953,2.5710198
05390,"K.V.N. Naik S. P. Sansth's Loknete Gopinathji Munde Institute of Engineering Education & Research, Nashik.",,539092110,Artificial Intelligence and Machine Learning,State Level,DEFOPENS,69299,68.9337823
05396,"College of Engineering and Technology ,North Maharashtra Knowledge City, Jalgaon",,539619110,Civil Engineering,State Level,"Legends:Start Character G-General, L-Ladies, End Character H-Home University, O-Other than Home University, S-State LevelS",134449,13.9344262
05396,"College of Engineering and Technology ,North Maharashtra Knowledge City, Jalgaon",,539624510,Computer Engineering,State Level,DEFOPENS,116422,34.1818319
05396,"College of Engineering and Technology ,North Maharashtra Knowledge City, Jalgaon",,539624510,Computer Engineering,State Level,I-NonS,70006,68.401414
05399,"Sanghavi College of Engineering, Varvandi, Nashik.",,539924510,Computer Engineering,State Level,"Legends:Start Character G-General, L-Ladies, End Character H-Home University, O-Other than Home University, S-State LevelS",41175,82.540133
05399,"Sanghavi College of Engineering, Varvandi, Nashik.",,539924510,Computer Engineering,State Level,Maharashtra State Seats - Cut Off Indicates State General Merit No. ; Figures in bracket Indicates MHT-CET PCM PercentileS,87794,57.7272051
05401,"Jawahar Education Society's Institute of Technology, Management & Research, Nashik.",,540119110,Civil Engineering,State Level,EWS,128443,21.7123399
05401,"Jawahar Education Society's Institute of Technology, Management & Research, Nashik.",,540124510,Computer Engineering,State Level,"Legends:Start Character G-General, L-Ladies, End Character H-Home University, O-Other than Home University, S-State LevelS",57142,75.1687111
05401,"Jawahar Education Society's Institute of Technology, Management & Research, Nashik.",,540124510,Computer Engineering,State Level,Maharashtra State Seats - Cut Off Indicates State General Merit No. ; Figures in bracket Indicates MHT-CET PCM PercentileS,74714,65.9622938
05401,"Jawahar Education Society's Institute of Technology, Management & Research, Nashik.",,540124510,Computer Engineering,State Level,I-NonS,66575,70.2813361
05401,"Jawahar Education Society's Institute of Technology, Management & Research, Nashik.",,540124510,Computer Engineering,State Level,VIIS,75885,65.0367935
05401,"Jawahar Education Society's Institute of Technology, Management & Research, Nashik.",,540124610,Information Technology,State Level,"Legends:Start Character G-General, L-Ladies, End Character H-Home University, O-Other than Home University, S-State LevelS",102096,46.8567142
05401,"Jawahar Education Society's Institute of Technology, Management & Research, Nashik.",,540126310,Artificial Intelligence (AI) and Data Science,State Level,"Legends:Start Character G-General, L-Ladies, End Character H-Home University, O-Other than Home University, S-State LevelS",80973,61.6397637
05401,"Jawahar Education Society's Institute of Technology, Management & Research, Nashik.",,540126310,Artificial Intelligence (AI) and Data Science,State Level,Maharashtra State Seats - Cut Off Indicates State General Merit No. ; Figures in bracket Indicates MHT-CET PCM PercentileS,86451,58.5474069
05401,"Jawahar Education Society's Institute of Technology, Management & Research, Nashik.",,540126310,Artificial Intelligence (AI) and Data Science,State Level,I-NonS,67420,69.6924231
05401,"Jawahar Education Society's Institute of Technology, Management & Research, Nashik.",,540129310,Electrical Engineering,State Level,"Legends:Start Character G-General, L-Ladies, End Character H-Home University, O-Other than Home University, S-State LevelS",139074,7.5928328
05408,"Vidya Niketan College of Engineering, Bota Sangamner",,540824510,Computer Engineering,State Level,"Legends:Start Character G-General, L-Ladies, End Character H-Home University, O-Other than Home University, S-State LevelS",109098,41.1609401
05408,"Vidya Niketan College of Engineering, Bota Sangamner",,540824510,Computer Engineering,State Level,Maharashtra State Seats - Cut Off Indicates State General Merit No. ; Figures in bracket Indicates MHT-CET PCM PercentileS,87362,58.0840122
05408,"Vidya Niketan College of Engineering, Bota Sangamner",,540824510,Computer Engineering,State Level,DS,97275,50.6107355
05408,"Vidya Niketan College of Engineering, Bota Sangamner",,540837210,Electronics and Telecommunication Engg,State Level,EWS,118076,32.8844711
05409,"Rajiv Gandhi College of Engineering, At Post Karjule Hariya Tal.Parner, Dist.Ahmednagar",,540924510,Computer Engineering,State Level,"Legends:Start Character G-General, L-Ladies, End Character H-Home University, O-Other than Home University, S-State LevelS",95987,52.2415622
05409,"Rajiv Gandhi College of Engineering, At Post Karjule Hariya Tal.Parner, Dist.Ahmednagar",,540924510,Computer Engineering,State Level,Maharashtra State Seats - Cut Off Indicates State General Merit No. ; Figures in bracket Indicates MHT-CET PCM PercentileS,108602,42.2969628
05409,"Rajiv Gandhi College of Engineering, At Post Karjule Hariya Tal.Parner, Dist.Ahmednagar",,540924510,Computer Engineering,State Level,I-NonS,116891,34.1365462
05409,"Rajiv Gandhi College of Engineering, At Post Karjule Hariya Tal.Parner, Dist.Ahmednagar",,540924510,Computer Engineering,State Level,VIIS,113967,36.6068088
05409,"Rajiv Gandhi College of Engineering, At Post Karjule Hariya Tal.Parner, Dist.Ahmednagar",,540929310,Electrical Engineering,State Level,"Legends:Start Character G-General, L-Ladies, End Character H-Home University, O-Other than Home University, S-State LevelS",115767,35.6213901
05409,"Rajiv Gandhi College of Engineering, At Post Karjule Hariya Tal.Parner, Dist.Ahmednagar",,540961210,Mechanical Engineering,State Level,TFWS,125322,25.3087578
05409,"Rajiv Gandhi College of Engineering, At Post Karjule Hariya Tal.Parner, Dist.Ahmednagar",,540961210,Mechanical Engineering,State Level,Maharashtra State Seats Allotted to All India Candidature CandidatesS,143725,60.88
05411,"Maulana Mukhtar Ahmad Nadvi Technical Campus, Malegaon.",,541124510,Computer Engineering,State Level,"Legends:Start Character G-General, L-Ladies, End Character H-Home University, O-Other than Home University, S-State LevelS",120729,30.0860456
05411,"Maulana Mukhtar Ahmad Nadvi Technical Campus, Malegaon.",,541124510,Computer Engineering,State Level,Maharashtra State Seats - Cut Off Indicates State General Merit No. ; Figures in bracket Indicates MHT-CET PCM PercentileS,91642,55.2709127
05411,"Maulana Mukhtar Ahmad Nadvi Technical Campus, Malegaon.",,541124510,Computer Engineering,State Level,Minority Seats Allotted to Maharashtra State Candidature CandidatesS,132714,16.2430441
05418,"Guru Gobind Singh College of Engineering & Research Centre, Nashik.",,541819110,Civil Engineering,State Level,"Legends:Start Character G-General, L-Ladies, End Character H-Home University, O-Other than Home University, S-State LevelS",47185,79.8081214
05418,"Guru Gobind Singh College of Engineering & Research Centre, Nashik.",,541824510,Computer Engineering,State Level,"Legends:Start Character G-General, L-Ladies, End Character H-Home University, O-Other than Home University, S-State LevelS",17022,93.2108027
05418,"Guru Gobind Singh College of Engineering & Research Centre, Nashik.",,541824510,Computer Engineering,State Level,Maharashtra State Seats - Cut Off Indicates State General Merit No. ; Figures in bracket Indicates MHT-CET PCM PercentileS,55626,75.8958975
05418,"Guru Gobind Singh College of Engineering & Research Centre, Nashik.",,541824510,Computer Engineering,State Level,VIIS,45754,80.8641005
05418,"Guru Gobind Singh College of Engineering & Research Centre, Nashik.",,541826310,Artificial Intelligence (AI) and Data Science,State Level,"Legends:Start Character G-General, L-Ladies, End Character H-Home University, O-Other than Home University, S-State LevelS",59769,73.642653
05418,"Guru Gobind Singh College of Engineering & Research Centre, Nashik.",,541829310,Electrical Engineering,State Level,"Legends:Start Character G-General, L-Ladies, End Character H-Home University, O-Other than Home University, S-State LevelS",66196,70.5106049
05418,"Guru Gobind Singh College of Engineering & Research Centre, Nashik.",,541829310,Electrical Engineering,State Level,I-NonS,91947,54.6979992
05418,"Guru Gobind Singh College of Engineering & Research Centre, Nashik.",,541861210,Mechanical Engineering,State Level,"Legends:Start Character G-General, L-Ladies, End Character H-Home University, O-Other than Home University, S-State LevelS",130187,19.6543598
05418,"Guru Gobind Singh College of Engineering & Research Centre, Nashik.",,541861210,Mechanical Engineering,State Level,I-NonS,96787,51.0567213
05418,"Guru Gobind Singh College of Engineering & Research Centre, Nashik.",,541891610,Automation and Robotics,State Level,"Legends:Start Character G-General, L-Ladies, End Character H-Home University, O-Other than Home University, S-State LevelS",121830,29.2444305
05418,"Guru Gobind Singh College of Engineering & Research Centre, Nashik.",,541891610,Automation and Robotics,State Level,I-NonS,78817,63.3857031
05449,"Shri Vile Parle Kelavani Mandal's Institute of Technology, Dhule",,544924510,Computer Engineering,State Level,"Legends:Start Character G-General, L-Ladies, End Character H-Home University, O-Other than Home University, S-State LevelS",24933,89.9583318
05449,"Shri Vile Parle Kelavani Mandal's Institute of Technology, Dhule",,544924510,Computer Engineering,State Level,Minority Seats Allotted to Maharashtra State Candidature CandidatesS,30981,87.2266503
05497,"P.G. College of Engineering & Technology, Nandurbar",,549724510,Computer Engineering,State Level,"Legends:Start Character G-General, L-Ladies, End Character H-Home University, O-Other than Home University, S-State LevelS",115961,35.1726957
05497,"P.G. College of Engineering & Technology, Nandurbar",,549724510,Computer Engineering,State Level,I-NonS,138700,7.7808076
05497,"P.G. College of Engineering & Technology, Nandurbar",,549791710,Data Science,State Level,"Legends:Start Character G-General, L-Ladies, End Character H-Home University, O-Other than Home University, S-State LevelS",142456,1.6809234
06004,"Government College of Engineering & Research, Avasari Khurd",,600419110,Civil Engineering,State Level,"Legends:Start Character G-General, L-Ladies, End Character H-Home University, O-Other than Home University, S-State LevelS",44026,81.2345291
06004,"Government College of Engineering & Research, Avasari Khurd",,600419110,Civil Engineering,State Level,Maharashtra State Seats - Cut Off Indicates State General Merit No. ; Figures in bracket Indicates MHT-CET PCM PercentileS,49672,78.7120349
06004,"Government College of Engineering & Research, Avasari Khurd",,600424510,Computer Engineering,State Level,"Legends:Start Character G-General, L-Ladies, End Character H-Home University, O-Other than Home University, S-State LevelS",5548,97.8636143
06004,"Government College of Engineering & Research, Avasari Khurd",,600424510,Computer Engineering,State Level,Maharashtra State Seats - Cut Off Indicates State General Merit No. ; Figures in bracket Indicates MHT-CET PCM PercentileS,11035,95.6795422
06004,"Government College of Engineering & Research, Avasari Khurd",,600424510,Computer Engineering,State Level,VIIS,12999,94.8759338
06004,"Government College of Engineering & Research, Avasari Khurd",,600437210,Electronics and Telecommunication Engg,State Level,"Legends:Start Character G-General, L-Ladies, End Character H-Home University, O-Other than Home University, S-State LevelS",53133,77.0079706
06004,"Government College of Engineering & Research, Avasari Khurd",,600437210,Electronics and Telecommunication Engg,State Level,Maharashtra State Seats - Cut Off Indicates State General Merit No. ; Figures in bracket Indicates MHT-CET PCM PercentileS,23881,90.2424513
06004,"Government College of Engineering & Research, Avasari Khurd",,600437210,Electronics and Telecommunication Engg,State Level,DS,16823,93.2909032
06004,"Government College of Engineering & Research, Avasari Khurd",,600437210,Electronics and Telecommunication Engg,State Level,VIIS,24148,90.1850615
06004,"Government College of Engineering & Research, Avasari Khurd",,600446410,Instrumentation and Control Engineering,State Level,"Legends:Start Character G-General, L-Ladies, End Character H-Home University, O-Other than Home University, S-State LevelS",37114,84.4681938
06004,"Government College of Engineering & Research, Avasari Khurd",,600446410,Instrumentation and Control Engineering,State Level,I-NonS,63331,71.8303504
06004,"Government College of Engineering & Research, Avasari Khurd",,600460210,Automobile Engineering,State Level,"Legends:Start Character G-General, L-Ladies, End Character H-Home University, O-Other than Home University, S-State LevelS",13201,94.8273066
06004,"Government College of Engineering & Research, Avasari Khurd",,600460210,Automobile Engineering,State Level,Maharashtra State Seats - Cut Off Indicates State General Merit No. ; Figures in bracket Indicates MHT-CET PCM PercentileS,18277,92.6711629
06004,"Government College of Engineering & Research, Avasari Khurd",,600460210,Automobile Engineering,State Level,I-NonS,68752,69.2172491
06004,"Government College of Engineering & Research, Avasari Khurd",,600461210,Mechanical Engineering,State Level,"Legends:Start Character G-General, L-Ladies, End Character H-Home University, O-Other than Home University, S-State LevelS",31073,87.2266503
06004,"Government College of Engineering & Research, Avasari Khurd",,600461210,Mechanical Engineering,State Level,Maharashtra State Seats - Cut Off Indicates State General Merit No. ; Figures in bracket Indicates MHT-CET PCM PercentileS,32492,86.6370673
06005,"Government College of Engineering, Karad",,600519110,Civil Engineering,State Level,"Legends:Start Character G-General, L-Ladies, End Character H-Home University, O-Other than Home University, S-State LevelS",26469,89.2735528
06005,"Government College of Engineering, Karad",,600519110,Civil Engineering,State Level,Maharashtra State Seats - Cut Off Indicates State General Merit No. ; Figures in bracket Indicates MHT-CET PCM PercentileS,47606,79.7907966
06005,"Government College of Engineering, Karad",,600519110,Civil Engineering,State Level,DS,33832,86.039254
06005,"Government College of Engineering, Karad",,600519110,Civil Engineering,State Level,State Common Entrance Test CellS,69847,68.8122862
06005,"Government College of Engineering, Karad",,600519110,Civil Engineering,State Level,Cut Off List for Maharashtra & Minority Seats of CAP Round - III for the Admission to the First Year Under Graduate Technical Courses in Engineering and Technology (4 Years) &S,27079,88.9154021
06005,"Government College of Engineering, Karad",,600519110,Civil Engineering,State Level,I-NonS,36268,85.1488129
06005,"Government College of Engineering, Karad",,600519110,Civil Engineering,State Level,VIIS,37126,84.4681938
06005,"Government College of Engineering, Karad",,600524610,Information Technology,State Level,GOPENS,7354,97.1679761
06005,"Government College of Engineering, Karad",,600524610,Information Technology,State Level,GSCS,22189,91.0138421
06005,"Government College of Engineering, Karad",,600524610,Information Technology,State Level,GOBCS,10750,95.8405342
06005,"Government College of Engineering, Karad",,600524610,Information Technology,State Level,LSCS,24035,90.1978271
06005,"Government College of Engineering, Karad",,600524610,Information Technology,State Level,LSTS,113068,37.7324111
06005,"Government College of Engineering, Karad",,600524610,Information Technology,State Level,PWDOPENS,36239,85.1488129
06005,"Government College of Engineering, Karad",,600524610,Information Technology,State Level,DEFROBCS,54880,76.6166542
06005,"Government College of Engineering, Karad",,600529310,Electrical Engineering,State Level,GOPENS,19207,92.2858954
06005,"Government College of Engineering, Karad",,600529310,Electrical Engineering,State Level,GSCS,50034,78.5775598
06005,"Government College of Engineering, Karad",,600529310,Electrical Engineering,State Level,GSTS,26975,88.9904805
06005,"Government College of Engineering, Karad",,600529310,Electrical Engineering,State Level,GOBCS,43358,81.855593
06005,"Government College of Engineering, Karad",,600529310,Electrical Engineering,State Level,LSCS,15258,93.9690179
06005,"Government College of Engineering, Karad",,600529310,Electrical Engineering,State Level,VIIS,20139,91.804929
06005,"Government College of Engineering, Karad",,600537210,Electronics and Telecommunication Engg,State Level,GOPENS,13408,94.7209994
06005,"Government College of Engineering, Karad",,600537210,Electronics and Telecommunication Engg,State Level,GNT3S,38517,84.0516274
06005,"Government College of Engineering, Karad",,600537210,Electronics and Telecommunication Engg,State Level,GOBCS,17661,92.9051391
06005,"Government College of Engineering, Karad",,600537210,Electronics and Telecommunication Engg,State Level,LOPENS,12707,95.0262566
06005,"Government College of Engineering, Karad",,600537210,Electronics and Telecommunication Engg,State Level,LOBCS,17498,93.0452675
06005,"Government College of Engineering, Karad",,600537210,Electronics and Telecommunication Engg,State Level,TFWS,9449,96.3249371
06005,"Government College of Engineering, Karad",,600537210,Electronics and Telecommunication Engg,State Level,ORPHAN,9807,96.2027386
06005,"Government College of Engineering, Karad",,600537210,Electronics and Telecommunication Engg,State Level,VIIS,14039,94.4089337
06005,"Government College of Engineering, Karad",,600561210,Mechanical Engineering,State Level,"Legends:Start Character G-General, L-Ladies, End Character H-Home University, O-Other than Home University, S-State LevelS",14389,94.3327388
06005,"Government College of Engineering, Karad",,600561210,Mechanical Engineering,State Level,Maharashtra State Seats - Cut Off Indicates State General Merit No. ; Figures in bracket Indicates MHT-CET PCM PercentileS,77606,64.0952985
06005,"Government College of Engineering, Karad",,600561210,Mechanical Engineering,State Level,DS,27903,88.6173431
06006,COEP Technological University,,600619110,Civil Engineering,State Level,"Legends:Start Character G-General, L-Ladies, End Character H-Home University, O-Other than Home University, S-State LevelS",2774,98.8972243
06006,COEP Technological University,,600619110,Civil Engineering,State Level,Maharashtra State Seats - Cut Off Indicates State General Merit No. ; Figures in bracket Indicates MHT-CET PCM PercentileS,6678,97.4548594
06006,COEP Technological University,,600619110,Civil Engineering,State Level,DS,4959,98.0761344
06006,COEP Technological University,,600619110,Civil Engineering,State Level,State Common Entrance Test CellS,6944,97.3366305
06006,COEP Technological University,,600619110,Civil Engineering,State Level,Cut Off List for Maharashtra & Minority Seats of CAP Round - III for the Admission to the First Year Under Graduate Technical Courses in Engineering and Technology (4 Years) &S,9411,96.3390848
06006,COEP Technological University,,600619110,Civil Engineering,State Level,Master of Engineering and Technology (Integrated 5 Years) Admissions A.Y. 2023-24S,4738,98.1595589
06006,COEP Technological University,,600624510,Computer Engineering,State Level,GOPENS,322,99.8428732
06006,COEP Technological University,,600624510,Computer Engineering,State Level,GNT3S,981,99.5723931
06006,COEP Technological University,,600624510,Computer Engineering,State Level,GOBCS,421,99.8044819
06006,COEP Technological University,,600624510,Computer Engineering,State Level,LOPENS,501,99.7684061
06006,COEP Technological University,,600624510,Computer Engineering,State Level,TFWS,399,99.8118674
06006,COEP Technological University,,600624510,Computer Engineering,State Level,EWS,473,99.7755331
06006,COEP Technological University,,600626610,Robotics and Artificial Intelligence,State Level,GOPENS,732,99.6675507
06006,COEP Technological University,,600626610,Robotics and Artificial Intelligence,State Level,GSTS,15802,93.708846
06006,COEP Technological University,,600626610,Robotics and Artificial Intelligence,State Level,LOPENS,1558,99.3612491
06006,COEP Technological University,,600626610,Robotics and Artificial Intelligence,State Level,TFWS,477,99.7721111
06006,COEP Technological University,,600626610,Robotics and Artificial Intelligence,State Level,EWS,1028,99.5532865
06006,COEP Technological University,,600629310,Electrical Engineering,State Level,GOPENS,1435,99.4059257
06006,COEP Technological University,,600629310,Electrical Engineering,State Level,GNT2S,4146,98.3895792
06006,COEP Technological University,,600629310,Electrical Engineering,State Level,GOBCS,2313,99.0652003
06006,COEP Technological University,,600629310,Electrical Engineering,State Level,PWDOPENS,15263,93.9473684
06006,COEP Technological University,,600629310,Electrical Engineering,State Level,EWS,3290,98.7028125
06006,COEP Technological University,,600637210,Electronics and Telecommunication Engg,State Level,"Legends:Start Character G-General, L-Ladies, End Character H-Home University, O-Other than Home University, S-State LevelS",649,99.7029629
06006,COEP Technological University,,600637210,Electronics and Telecommunication Engg,State Level,Maharashtra State Seats - Cut Off Indicates State General Merit No. ; Figures in bracket Indicates MHT-CET PCM PercentileS,14293,94.3700831
06006,COEP Technological University,,600637210,Electronics and Telecommunication Engg,State Level,DS,1268,99.4673668
06006,COEP Technological University,,600637210,Electronics and Telecommunication Engg,State Level,State Common Entrance Test CellS,871,99.6189907
06006,COEP Technological University,,600637210,Electronics and Telecommunication Engg,State Level,Cut Off List for Maharashtra & Minority Seats of CAP Round - III for the Admission to the First Year Under Graduate Technical Courses in Engineering and Technology (4 Years) &S,945,99.5922185
06006,COEP Technological University,,600646410,Instrumentation and Control Engineering,State Level,GOPENS,2015,99.1827433
06006,COEP Technological University,,600661210,Mechanical Engineering,State Level,GOPENS,2106,99.1558828
06006,COEP Technological University,,600661210,Mechanical Engineering,State Level,GSCS,11041,95.6795422
06006,COEP Technological University,,600661210,Mechanical Engineering,State Level,GSTS,45325,80.9858625
06006,COEP Technological University,,600661210,Mechanical Engineering,State Level,GVJS,15494,93.8565297
06006,COEP Technological University,,600661210,Mechanical Engineering,State Level,GOBCS,2927,98.8532367
06006,COEP Technological University,,600661210,Mechanical Engineering,State Level,LOPENS,2770,98.903844
06006,COEP Technological University,,600661210,Mechanical Engineering,State Level,LSCS,11630,95.4434895
06006,COEP Technological University,,600661210,Mechanical Engineering,State Level,LSTS,123276,27.3241113
06006,COEP Technological University,,600661210,Mechanical Engineering,State Level,ORPHAN,61382,73.2522683
06006,COEP Technological University,,600661210,Mechanical Engineering,State Level,EWS,3988,98.4546548
06006,COEP Technological University,,600662710,Manufacturing Science and Engineering,State Level,GOPENS,3152,98.7654321
06006,COEP Technological University,,600662710,Manufacturing Science and Engineering,State Level,GSTS,86677,58.1382561
06006,COEP Technological University,,600662710,Manufacturing Science and Engineering,State Level,GOBCS,4105,98.3975197
06006,COEP Technological University,,600662710,Manufacturing Science and Engineering,State Level,LSTS,127280,22.9499823
06006,COEP Technological University,,600662710,Manufacturing Science and Engineering,State Level,TFWS,6576,97.4823503
06006,COEP Technological University,,600669410,Metallurgy and Material Technology,State Level,"Legends:Start Character G-General, L-Ladies, End Character H-Home University, O-Other than Home University, S-State LevelS",6545,97.4862048
06006,COEP Technological University,,600669410,Metallurgy and Material Technology,State Level,Maharashtra State Seats - Cut Off Indicates State General Merit No. ; Figures in bracket Indicates MHT-CET PCM PercentileS,14186,94.3894513
06006,COEP Technological University,,600669410,Metallurgy and Material Technology,State Level,DS,25103,89.8061335
06006,COEP Technological University,,600669410,Metallurgy and Material Technology,State Level,State Common Entrance Test CellS,103434,45.9664342
06006,COEP Technological University,,600669410,Metallurgy and Material Technology,State Level,Cut Off List for Maharashtra & Minority Seats of CAP Round - III for the Admission to the First Year Under Graduate Technical Courses in Engineering and Technology (4 Years) &S,30478,87.4817577
06006,COEP Technological University,,600669410,Metallurgy and Material Technology,State Level,Master of Engineering and Technology (Integrated 5 Years) Admissions A.Y. 2023-24S,7374,97.1523959
06007,"Walchand College of Engineering, Sangli",,600719110,Civil Engineering,State Level,"Legends:Start Character G-General, L-Ladies, End Character H-Home University, O-Other than Home University, S-State LevelS",11059,95.6795422
06007,"Walchand College of Engineering, Sangli",,600719110,Civil Engineering,State Level,Maharashtra State Seats - Cut Off Indicates State General Merit No. ; Figures in bracket Indicates MHT-CET PCM PercentileS,121639,29.3464077
06007,"Walchand College of Engineering, Sangli",,600719110,Civil Engineering,State Level,DS,14747,94.1664477
06007,"Walchand College of Engineering, Sangli",,600724210,Computer Science and Engineering,State Level,GOPENS,1549,99.3623544
06007,"Walchand College of Engineering, Sangli",,600724210,Computer Science and Engineering,State Level,GSCS,6647,97.4666143
06007,"Walchand College of Engineering, Sangli",,600724210,Computer Science and Engineering,State Level,GOBCS,2268,99.1007562
06007,"Walchand College of Engineering, Sangli",,600724210,Computer Science and Engineering,State Level,LOPENS,1433,99.4059257
06007,"Walchand College of Engineering, Sangli",,600724210,Computer Science and Engineering,State Level,LSTS,29735,87.7770341
06007,"Walchand College of Engineering, Sangli",,600724210,Computer Science and Engineering,State Level,EWS,1744,99.2878714
06007,"Walchand College of Engineering, Sangli",,600724610,Information Technology,State Level,GOPENS,2252,99.1035075
06007,"Walchand College of Engineering, Sangli",,600724610,Information Technology,State Level,GSCS,9867,96.1447502
06007,"Walchand College of Engineering, Sangli",,600724610,Information Technology,State Level,GSTS,29523,88.0318823
06007,"Walchand College of Engineering, Sangli",,600724610,Information Technology,State Level,GOBCS,2499,99.0182954
06007,"Walchand College of Engineering, Sangli",,600724610,Information Technology,State Level,LOPENS,2145,99.1283202
06007,"Walchand College of Engineering, Sangli",,600724610,Information Technology,State Level,LNT2S,4621,98.2042649
06007,"Walchand College of Engineering, Sangli",,600724610,Information Technology,State Level,TFWS,1902,99.2265358
06007,"Walchand College of Engineering, Sangli",,600724610,Information Technology,State Level,EWS,2070,99.1666354
06007,"Walchand College of Engineering, Sangli",,600729310,Electrical Engineering,State Level,GOPENS,7057,97.2727273
06007,"Walchand College of Engineering, Sangli",,600729310,Electrical Engineering,State Level,GNT1S,17840,92.8593873
06007,"Walchand College of Engineering, Sangli",,600729310,Electrical Engineering,State Level,GOBCS,8582,96.6666667
06007,"Walchand College of Engineering, Sangli",,600729310,Electrical Engineering,State Level,TFWS,5078,98.0400628
06007,"Walchand College of Engineering, Sangli",,600729310,Electrical Engineering,State Level,ORPHAN,7556,97.1120978
06007,"Walchand College of Engineering, Sangli",,600729310,Electrical Engineering,State Level,VIIS,7475,97.1224198
06007,"Walchand College of Engineering, Sangli",,600737610,Electronics Engineering,State Level,"Legends:Start Character G-General, L-Ladies, End Character H-Home University, O-Other than Home University, S-State LevelS",3807,98.5069349
06007,"Walchand College of Engineering, Sangli",,600737610,Electronics Engineering,State Level,Maharashtra State Seats - Cut Off Indicates State General Merit No. ; Figures in bracket Indicates MHT-CET PCM PercentileS,5099,98.0400628
06007,"Walchand College of Engineering, Sangli",,600737610,Electronics Engineering,State Level,DS,4720,98.1729598
06007,"Walchand College of Engineering, Sangli",,600737610,Electronics Engineering,State Level,State Common Entrance Test CellS,3400,98.6673674
06007,"Walchand College of Engineering, Sangli",,600737610,Electronics Engineering,State Level,Cut Off List for Maharashtra & Minority Seats of CAP Round - III for the Admission to the First Year Under Graduate Technical Courses in Engineering and Technology (4 Years) &S,4154,98.3895792
06007,"Walchand College of Engineering, Sangli",,600737610,Electronics Engineering,State Level,VIIS,3972,98.4661429
06007,"Walchand College of Engineering, Sangli",,600761210,Mechanical Engineering,State Level,GOPENS,7244,97.2171379
06007,"Walchand College of Engineering, Sangli",,600761210,Mechanical Engineering,State Level,GSCS,20875,91.6480738
06007,"Walchand College of Engineering, Sangli",,600761210,Mechanical Engineering,State Level,GNT2S,10073,96.0633178
06007,"Walchand College of Engineering, Sangli",,600761210,Mechanical Engineering,State Level,GOBCS,9759,96.2137182
06007,"Walchand College of Engineering, Sangli",,600761210,Mechanical Engineering,State Level,LOPENS,9708,96.221474
06007,"Walchand College of Engineering, Sangli",,600761210,Mechanical Engineering,State Level,LSCS,49712,78.7120349
06007,"Walchand College of Engineering, Sangli",,600761210,Mechanical Engineering,State Level,PWDOPENS,7593,97.0565164
06007,"Walchand College of Engineering, Sangli",,600761210,Mechanical Engineering,State Level,I-NonS,7309,97.1775847
06007,"Walchand College of Engineering, Sangli",,600761210,Mechanical Engineering,State Level,VIIS,7709,97.0296285
06028,"Department of Technology, Shivaji University, Kolhapur",,602819110,Civil Engineering,State Level,"Legends:Start Character G-General, L-Ladies, End Character H-Home University, O-Other than Home University, S-State LevelS",111444,39.4392454
06028,"Department of Technology, Shivaji University, Kolhapur",,602825410,Computer Science and Technology,State Level,"Legends:Start Character G-General, L-Ladies, End Character H-Home University, O-Other than Home University, S-State LevelS",39852,83.3890161
06028,"Department of Technology, Shivaji University, Kolhapur",,602825410,Computer Science and Technology,State Level,VIIS,45655,80.8641005
06028,"Department of Technology, Shivaji University, Kolhapur",,602837210,Electronics and Telecommunication Engg,State Level,"Legends:Start Character G-General, L-Ladies, End Character H-Home University, O-Other than Home University, S-State LevelS",62160,72.6119403
06028,"Department of Technology, Shivaji University, Kolhapur",,602850310,Food Technology,State Level,"Legends:Start Character G-General, L-Ladies, End Character H-Home University, O-Other than Home University, S-State LevelS",74940,65.4207881
06028,"Department of Technology, Shivaji University, Kolhapur",,602850710,Chemical Engineering,State Level,"Legends:Start Character G-General, L-Ladies, End Character H-Home University, O-Other than Home University, S-State LevelS",128697,21.5370732
06028,"Department of Technology, Shivaji University, Kolhapur",,602861210,Mechanical Engineering,State Level,"Legends:Start Character G-General, L-Ladies, End Character H-Home University, O-Other than Home University, S-State LevelS",109712,40.6521983
06036,"Government College of Engineering, Kolhapur",,603624210,Computer Science and Engineering,State Level,"Legends:Start Character G-General, L-Ladies, End Character H-Home University, O-Other than Home University, S-State LevelS",45390,80.9858625
06036,"Government College of Engineering, Kolhapur",,603624210,Computer Science and Engineering,State Level,Maharashtra State Seats - Cut Off Indicates State General Merit No. ; Figures in bracket Indicates MHT-CET PCM PercentileS,116623,34.1818319
06036,"Government College of Engineering, Kolhapur",,603624210,Computer Science and Engineering,State Level,DS,22397,90.934727
06036,"Government College of Engineering, Kolhapur",,603624210,Computer Science and Engineering,State Level,VIIS,17829,92.8593873
06036,"Government College of Engineering, Kolhapur",,603626310,Artificial Intelligence (AI) and Data Science,State Level,"Legends:Start Character G-General, L-Ladies, End Character H-Home University, O-Other than Home University, S-State LevelS",33169,86.3437564
06036,"Government College of Engineering, Kolhapur",,603629310,Electrical Engineering,State Level,"Legends:Start Character G-General, L-Ladies, End Character H-Home University, O-Other than Home University, S-State LevelS",50984,78.3308876
06036,"Government College of Engineering, Kolhapur",,603629310,Electrical Engineering,State Level,I-NonS,61443,73.1851907
06036,"Government College of Engineering, Kolhapur",,603629310,Electrical Engineering,State Level,VIIS,61983,73.0265619
06036,"Government College of Engineering, Kolhapur",,603637210,Electronics and Telecommunication Engg,State Level,"Legends:Start Character G-General, L-Ladies, End Character H-Home University, O-Other than Home University, S-State LevelS",31693,86.9739855
06036,"Government College of Engineering, Kolhapur",,603637210,Electronics and Telecommunication Engg,State Level,VIIS,45214,81.0090469
06036,"Government College of Engineering, Kolhapur",,603661510,Mechanical & Automation Engineering,State Level,"Legends:Start Character G-General, L-Ladies, End Character H-Home University, O-Other than Home University, S-State LevelS",60625,73.3779089
06036,"Government College of Engineering, Kolhapur",,603661510,Mechanical & Automation Engineering,State Level,VIIS,142139,2.2427337
06122,"TSSMS's Pd. Vasantdada Patil Institute of Technology, Bavdhan, Pune",,612219110,Civil Engineering,State Level,"Legends:Start Character G-General, L-Ladies, End Character H-Home University, O-Other than Home University, S-State LevelS",113847,36.6068088
06122,"TSSMS's Pd. Vasantdada Patil Institute of Technology, Bavdhan, Pune",,612224510,Computer Engineering,State Level,"Legends:Start Character G-General, L-Ladies, End Character H-Home University, O-Other than Home University, S-State LevelS",20243,91.765679
06122,"TSSMS's Pd. Vasantdada Patil Institute of Technology, Bavdhan, Pune",,612224510,Computer Engineering,State Level,Maharashtra State Seats - Cut Off Indicates State General Merit No. ; Figures in bracket Indicates MHT-CET PCM PercentileS,28417,88.2803409
06122,"TSSMS's Pd. Vasantdada Patil Institute of Technology, Bavdhan, Pune",,612237210,Electronics and Telecommunication Engg,State Level,"Legends:Start Character G-General, L-Ladies, End Character H-Home University, O-Other than Home University, S-State LevelS",46127,80.6210251
06122,"TSSMS's Pd. Vasantdada Patil Institute of Technology, Bavdhan, Pune",,612237210,Electronics and Telecommunication Engg,State Level,I-NonS,41225,82.540133
06122,"TSSMS's Pd. Vasantdada Patil Institute of Technology, Bavdhan, Pune",,612237210,Electronics and Telecommunication Engg,State Level,VIIS,49049,79.3939394
06122,"TSSMS's Pd. Vasantdada Patil Institute of Technology, Bavdhan, Pune",,612261210,Mechanical Engineering,State Level,"Legends:Start Character G-General, L-Ladies, End Character H-Home University, O-Other than Home University, S-State LevelS",92021,54.6979992
06122,"TSSMS's Pd. Vasantdada Patil Institute of Technology, Bavdhan, Pune",,612261210,Mechanical Engineering,State Level,I-NonS,100131,49.0455617
06138,"Genba Sopanrao Moze Trust Parvatibai Genba Moze College of Engineering,Wagholi, Pune",,613819110,Civil Engineering,State Level,"Legends:Start Character G-General, L-Ladies, End Character H-Home University, O-Other than Home University, S-State LevelS",78698,63.6508999
06138,"Genba Sopanrao Moze Trust Parvatibai Genba Moze College of Engineering,Wagholi, Pune",,613824510,Computer Engineering,State Level,"Legends:Start Character G-General, L-Ladies, End Character H-Home University, O-Other than Home University, S-State LevelS",56077,75.867353
06138,"Genba Sopanrao Moze Trust Parvatibai Genba Moze College of Engineering,Wagholi, Pune",,613824510,Computer Engineering,State Level,Maharashtra State Seats - Cut Off Indicates State General Merit No. ; Figures in bracket Indicates MHT-CET PCM PercentileS,105314,44.476613
06138,"Genba Sopanrao Moze Trust Parvatibai Genba Moze College of Engineering,Wagholi, Pune",,613824510,Computer Engineering,State Level,DS,45162,81.0090469
06138,"Genba Sopanrao Moze Trust Parvatibai Genba Moze College of Engineering,Wagholi, Pune",,613824510,Computer Engineering,State Level,VIIS,40501,83.2373857
06138,"Genba Sopanrao Moze Trust Parvatibai Genba Moze College of Engineering,Wagholi, Pune",,613824610,Information Technology,State Level,"Legends:Start Character G-General, L-Ladies, End Character H-Home University, O-Other than Home University, S-State LevelS",11284,95.5993871
06138,"Genba Sopanrao Moze Trust Parvatibai Genba Moze College of Engineering,Wagholi, Pune",,613824610,Information Technology,State Level,Maharashtra State Seats - Cut Off Indicates State General Merit No. ; Figures in bracket Indicates MHT-CET PCM PercentileS,47846,79.7807688
06138,"Genba Sopanrao Moze Trust Parvatibai Genba Moze College of Engineering,Wagholi, Pune",,613826310,Artificial Intelligence (AI) and Data Science,State Level,"Legends:Start Character G-General, L-Ladies, End Character H-Home University, O-Other than Home University, S-State LevelS",60395,73.4109953
06138,"Genba Sopanrao Moze Trust Parvatibai Genba Moze College of Engineering,Wagholi, Pune",,613826310,Artificial Intelligence (AI) and Data Science,State Level,Maharashtra State Seats - Cut Off Indicates State General Merit No. ; Figures in bracket Indicates MHT-CET PCM PercentileS,54757,76.6367377
06138,"Genba Sopanrao Moze Trust Parvatibai Genba Moze College of Engineering,Wagholi, Pune",,613837210,Electronics and Telecommunication Engg,State Level,"Legends:Start Character G-General, L-Ladies, End Character H-Home University, O-Other than Home University, S-State LevelS",56671,75.340282
06138,"Genba Sopanrao Moze Trust Parvatibai Genba Moze College of Engineering,Wagholi, Pune",,613861210,Mechanical Engineering,State Level,"Legends:Start Character G-General, L-Ladies, End Character H-Home University, O-Other than Home University, S-State LevelS",99569,49.2213366
06139,"Progressive Education Society's Modern College of Engineering, Pune",,613924510,Computer Engineering,State Level,"Legends:Start Character G-General, L-Ladies, End Character H-Home University, O-Other than Home University, S-State LevelS",7898,96.9510039
06139,"Progressive Education Society's Modern College of Engineering, Pune",,613924510,Computer Engineering,State Level,Maharashtra State Seats - Cut Off Indicates State General Merit No. ; Figures in bracket Indicates MHT-CET PCM PercentileS,13447,94.6808113
06139,"Progressive Education Society's Modern College of Engineering, Pune",,613924610,Information Technology,State Level,"Legends:Start Character G-General, L-Ladies, End Character H-Home University, O-Other than Home University, S-State LevelS",14819,94.1219394
06139,"Progressive Education Society's Modern College of Engineering, Pune",,613929310,Electrical Engineering,State Level,"Legends:Start Character G-General, L-Ladies, End Character H-Home University, O-Other than Home University, S-State LevelS",53975,76.839044
06139,"Progressive Education Society's Modern College of Engineering, Pune",,613937210,Electronics and Telecommunication Engg,State Level,"Legends:Start Character G-General, L-Ladies, End Character H-Home University, O-Other than Home University, S-State LevelS",54078,76.7693871
06139,"Progressive Education Society's Modern College of Engineering, Pune",,613937210,Electronics and Telecommunication Engg,State Level,Maharashtra State Seats - Cut Off Indicates State General Merit No. ; Figures in bracket Indicates MHT-CET PCM PercentileS,21640,91.2518343
06139,"Progressive Education Society's Modern College of Engineering, Pune",,613937210,Electronics and Telecommunication Engg,State Level,DS,21592,91.2518343
06139,"Progressive Education Society's Modern College of Engineering, Pune",,613961210,Mechanical Engineering,State Level,"Legends:Start Character G-General, L-Ladies, End Character H-Home University, O-Other than Home University, S-State LevelS",122883,28.1052376
06139,"Progressive Education Society's Modern College of Engineering, Pune",,613961210,Mechanical Engineering,State Level,Maharashtra State Seats - Cut Off Indicates State General Merit No. ; Figures in bracket Indicates MHT-CET PCM PercentileS,60927,73.2701208
06139,"Progressive Education Society's Modern College of Engineering, Pune",,613961210,Mechanical Engineering,State Level,I-NonS,67737,69.6572694
06139,"Progressive Education Society's Modern College of Engineering, Pune",,613961210,Mechanical Engineering,State Level,DefenceS,72611,66.9527897
06139,"Progressive Education Society's Modern College of Engineering, Pune",,613984410,Electronics and Computer Engineering,State Level,"Legends:Start Character G-General, L-Ladies, End Character H-Home University, O-Other than Home University, S-State LevelS",15031,94.0399594
06139,"Progressive Education Society's Modern College of Engineering, Pune",,613984410,Electronics and Computer Engineering,State Level,Maharashtra State Seats - Cut Off Indicates State General Merit No. ; Figures in bracket Indicates MHT-CET PCM PercentileS,18689,92.4862529
06139,"Progressive Education Society's Modern College of Engineering, Pune",,613992110,Artificial Intelligence and Machine Learning,State Level,"Legends:Start Character G-General, L-Ladies, End Character H-Home University, O-Other than Home University, S-State LevelS",17691,92.9051391
06139,"Progressive Education Society's Modern College of Engineering, Pune",,613999510,Artificial Intelligence and Data Science,State Level,EWS,16573,93.4050233
06141,"Jaywant Shikshan Prasarak Mandal's,Rajarshi Shahu College of Engineering, Tathawade, Pune",,614119110,Civil Engineering,State Level,"Legends:Start Character G-General, L-Ladies, End Character H-Home University, O-Other than Home University, S-State LevelS",83749,59.9249812
06141,"Jaywant Shikshan Prasarak Mandal's,Rajarshi Shahu College of Engineering, Tathawade, Pune",,614119110,Civil Engineering,State Level,Maharashtra State Seats - Cut Off Indicates State General Merit No. ; Figures in bracket Indicates MHT-CET PCM PercentileS,91326,55.2709127
06141,"Jaywant Shikshan Prasarak Mandal's,Rajarshi Shahu College of Engineering, Tathawade, Pune",,614119110,Civil Engineering,State Level,DS,110113,39.9699925
06141,"Jaywant Shikshan Prasarak Mandal's,Rajarshi Shahu College of Engineering, Tathawade, Pune",,614119110,Civil Engineering,State Level,State Common Entrance Test CellS,86335,58.5474069
06141,"Jaywant Shikshan Prasarak Mandal's,Rajarshi Shahu College of Engineering, Tathawade, Pune",,614119110,Civil Engineering,State Level,Cut Off List for Maharashtra & Minority Seats of CAP Round - III for the Admission to the First Year Under Graduate Technical Courses in Engineering and Technology (4 Years) &S,102478,46.4534231
06141,"Jaywant Shikshan Prasarak Mandal's,Rajarshi Shahu College of Engineering, Tathawade, Pune",,614119110,Civil Engineering,State Level,Master of Engineering and Technology (Integrated 5 Years) Admissions A.Y. 2023-24S,94614,52.7422372
06141,"Jaywant Shikshan Prasarak Mandal's,Rajarshi Shahu College of Engineering, Tathawade, Pune",,614119110,Civil Engineering,State Level,GOPENS,124614,26.0127532
06141,"Jaywant Shikshan Prasarak Mandal's,Rajarshi Shahu College of Engineering, Tathawade, Pune",,614119110,Civil Engineering,State Level,GSTS,52739,77.4193548
06141,"Jaywant Shikshan Prasarak Mandal's,Rajarshi Shahu College of Engineering, Tathawade, Pune",,614119110,Civil Engineering,State Level,GVJS,80511,61.6881259
06141,"Jaywant Shikshan Prasarak Mandal's,Rajarshi Shahu College of Engineering, Tathawade, Pune",,614119110,Civil Engineering,State Level,GNT2S,114684,36.1619626
06141,"Jaywant Shikshan Prasarak Mandal's,Rajarshi Shahu College of Engineering, Tathawade, Pune",,614119110,Civil Engineering,State Level,I-NonS,100534,48.0589023
06141,"Jaywant Shikshan Prasarak Mandal's,Rajarshi Shahu College of Engineering, Tathawade, Pune",,614119110,Civil Engineering,State Level,I-NonS,97958,50.2663166
06141,"Jaywant Shikshan Prasarak Mandal's,Rajarshi Shahu College of Engineering, Tathawade, Pune",,614119110,Civil Engineering,State Level,VIIS,99345,49.4761567
06141,"Jaywant Shikshan Prasarak Mandal's,Rajarshi Shahu College of Engineering, Tathawade, Pune",,614124510,Computer Engineering,State Level,GOPENS,8491,96.6912318
06141,"Jaywant Shikshan Prasarak Mandal's,Rajarshi Shahu College of Engineering, Tathawade, Pune",,614124510,Computer Engineering,State Level,GSCS,20392,91.7514817
06141,"Jaywant Shikshan Prasarak Mandal's,Rajarshi Shahu College of Engineering, Tathawade, Pune",,614124510,Computer Engineering,State Level,GSTS,55010,76.2843676
06141,"Jaywant Shikshan Prasarak Mandal's,Rajarshi Shahu College of Engineering, Tathawade, Pune",,614124510,Computer Engineering,State Level,GOBCS,8764,96.5951359
06141,"Jaywant Shikshan Prasarak Mandal's,Rajarshi Shahu College of Engineering, Tathawade, Pune",,614124510,Computer Engineering,State Level,LOPENS,7375,97.1523959
06141,"Jaywant Shikshan Prasarak Mandal's,Rajarshi Shahu College of Engineering, Tathawade, Pune",,614124510,Computer Engineering,State Level,LSTS,65105,71.2687819
06141,"Jaywant Shikshan Prasarak Mandal's,Rajarshi Shahu College of Engineering, Tathawade, Pune",,614124510,Computer Engineering,State Level,ORPHAN,7671,97.0463182
06141,"Jaywant Shikshan Prasarak Mandal's,Rajarshi Shahu College of Engineering, Tathawade, Pune",,614124510,Computer Engineering,State Level,VIIS,8497,96.6904656
06141,"Jaywant Shikshan Prasarak Mandal's,Rajarshi Shahu College of Engineering, Tathawade, Pune",,614124610,Information Technology,State Level,GSCS,22562,90.8627157
06141,"Jaywant Shikshan Prasarak Mandal's,Rajarshi Shahu College of Engineering, Tathawade, Pune",,614124610,Information Technology,State Level,GSTS,80681,61.6881259
06141,"Jaywant Shikshan Prasarak Mandal's,Rajarshi Shahu College of Engineering, Tathawade, Pune",,614124610,Information Technology,State Level,LOPENS,12265,95.1695672
06141,"Jaywant Shikshan Prasarak Mandal's,Rajarshi Shahu College of Engineering, Tathawade, Pune",,614124610,Information Technology,State Level,LNT2S,22079,91.0376802
06141,"Jaywant Shikshan Prasarak Mandal's,Rajarshi Shahu College of Engineering, Tathawade, Pune",,614124610,Information Technology,State Level,LOBCS,13146,94.8416105
06141,"Jaywant Shikshan Prasarak Mandal's,Rajarshi Shahu College of Engineering, Tathawade, Pune",,614124610,Information Technology,State Level,TFWS,6280,97.572663
06141,"Jaywant Shikshan Prasarak Mandal's,Rajarshi Shahu College of Engineering, Tathawade, Pune",,614126210,Computer Science and Business Systems,State Level,LOPENS,14219,94.3894513
06141,"Jaywant Shikshan Prasarak Mandal's,Rajarshi Shahu College of Engineering, Tathawade, Pune",,614126210,Computer Science and Business Systems,State Level,LNT2S,38207,84.2081516
06141,"Jaywant Shikshan Prasarak Mandal's,Rajarshi Shahu College of Engineering, Tathawade, Pune",,614126210,Computer Science and Business Systems,State Level,LOBCS,14708,94.1946157
06141,"Jaywant Shikshan Prasarak Mandal's,Rajarshi Shahu College of Engineering, Tathawade, Pune",,614129310,Electrical Engineering,State Level,"Legends:Start Character G-General, L-Ladies, End Character H-Home University, O-Other than Home University, S-State LevelS",42627,82.2034564
06141,"Jaywant Shikshan Prasarak Mandal's,Rajarshi Shahu College of Engineering, Tathawade, Pune",,614129310,Electrical Engineering,State Level,Maharashtra State Seats - Cut Off Indicates State General Merit No. ; Figures in bracket Indicates MHT-CET PCM PercentileS,54035,76.7693871
06141,"Jaywant Shikshan Prasarak Mandal's,Rajarshi Shahu College of Engineering, Tathawade, Pune",,614129310,Electrical Engineering,State Level,DS,31344,87.0718315
06141,"Jaywant Shikshan Prasarak Mandal's,Rajarshi Shahu College of Engineering, Tathawade, Pune",,614129310,Electrical Engineering,State Level,State Common Entrance Test CellS,46053,80.6210251
06141,"Jaywant Shikshan Prasarak Mandal's,Rajarshi Shahu College of Engineering, Tathawade, Pune",,614129310,Electrical Engineering,State Level,I-NonS,36311,85.1488129
06141,"Jaywant Shikshan Prasarak Mandal's,Rajarshi Shahu College of Engineering, Tathawade, Pune",,614129310,Electrical Engineering,State Level,VIIS,48079,79.7413145
06141,"Jaywant Shikshan Prasarak Mandal's,Rajarshi Shahu College of Engineering, Tathawade, Pune",,614137210,Electronics and Telecommunication Engg,State Level,GOPENS,18008,92.7710843
06141,"Jaywant Shikshan Prasarak Mandal's,Rajarshi Shahu College of Engineering, Tathawade, Pune",,614137210,Electronics and Telecommunication Engg,State Level,GSCS,30606,87.4150328
06141,"Jaywant Shikshan Prasarak Mandal's,Rajarshi Shahu College of Engineering, Tathawade, Pune",,614137210,Electronics and Telecommunication Engg,State Level,GSTS,39094,83.5642755
06141,"Jaywant Shikshan Prasarak Mandal's,Rajarshi Shahu College of Engineering, Tathawade, Pune",,614137210,Electronics and Telecommunication Engg,State Level,GVJS,23980,90.1978271
06141,"Jaywant Shikshan Prasarak Mandal's,Rajarshi Shahu College of Engineering, Tathawade, Pune",,614137210,Electronics and Telecommunication Engg,State Level,GNT2S,18141,92.733306
06141,"Jaywant Shikshan Prasarak Mandal's,Rajarshi Shahu College of Engineering, Tathawade, Pune",,614137210,Electronics and Telecommunication Engg,State Level,LOPENS,33806,86.0518493
06141,"Jaywant Shikshan Prasarak Mandal's,Rajarshi Shahu College of Engineering, Tathawade, Pune",,614137210,Electronics and Telecommunication Engg,State Level,PWDOPENS,13982,94.4442262
06141,"Jaywant Shikshan Prasarak Mandal's,Rajarshi Shahu College of Engineering, Tathawade, Pune",,614137210,Electronics and Telecommunication Engg,State Level,DEFOPENS,17000,93.2108027
06141,"Jaywant Shikshan Prasarak Mandal's,Rajarshi Shahu College of Engineering, Tathawade, Pune",,614137210,Electronics and Telecommunication Engg,State Level,I-NonS,18496,92.5560269
06141,"Jaywant Shikshan Prasarak Mandal's,Rajarshi Shahu College of Engineering, Tathawade, Pune",,614137210,Electronics and Telecommunication Engg,State Level,VIIS,18630,92.4956109
06141,"Jaywant Shikshan Prasarak Mandal's,Rajarshi Shahu College of Engineering, Tathawade, Pune",,614161210,Mechanical Engineering,State Level,GOPENS,46686,80.0793682
06141,"Jaywant Shikshan Prasarak Mandal's,Rajarshi Shahu College of Engineering, Tathawade, Pune",,614161210,Mechanical Engineering,State Level,GSCS,75833,65.0367935
06141,"Jaywant Shikshan Prasarak Mandal's,Rajarshi Shahu College of Engineering, Tathawade, Pune",,614161210,Mechanical Engineering,State Level,GSTS,121868,29.2444305
06141,"Jaywant Shikshan Prasarak Mandal's,Rajarshi Shahu College of Engineering, Tathawade, Pune",,614161210,Mechanical Engineering,State Level,GVJS,57224,75.1687111
06141,"Jaywant Shikshan Prasarak Mandal's,Rajarshi Shahu College of Engineering, Tathawade, Pune",,614161210,Mechanical Engineering,State Level,GNT3S,67304,69.6924231
06141,"Jaywant Shikshan Prasarak Mandal's,Rajarshi Shahu College of Engineering, Tathawade, Pune",,614161210,Mechanical Engineering,State Level,LOPENS,29439,88.0318823
06141,"Jaywant Shikshan Prasarak Mandal's,Rajarshi Shahu College of Engineering, Tathawade, Pune",,614161210,Mechanical Engineering,State Level,TFWS,21725,91.2278745
06141,"Jaywant Shikshan Prasarak Mandal's,Rajarshi Shahu College of Engineering, Tathawade, Pune",,614161210,Mechanical Engineering,State Level,DEFROBCS,75545,65.107535
06141,"Jaywant Shikshan Prasarak Mandal's,Rajarshi Shahu College of Engineering, Tathawade, Pune",,614161210,Mechanical Engineering,State Level,ORPHAN,50947,78.3308876
06141,"Jaywant Shikshan Prasarak Mandal's,Rajarshi Shahu College of Engineering, Tathawade, Pune",,614161210,Mechanical Engineering,State Level,VIIS,48234,79.5863208
06141,"Jaywant Shikshan Prasarak Mandal's,Rajarshi Shahu College of Engineering, Tathawade, Pune",,614191610,Automation and Robotics,State Level,GOPENS,26555,89.1792071
06141,"Jaywant Shikshan Prasarak Mandal's,Rajarshi Shahu College of Engineering, Tathawade, Pune",,614191610,Automation and Robotics,State Level,GSTS,40966,83.0041152
06141,"Jaywant Shikshan Prasarak Mandal's,Rajarshi Shahu College of Engineering, Tathawade, Pune",,614191610,Automation and Robotics,State Level,GNT2S,27857,88.6173431
06141,"Jaywant Shikshan Prasarak Mandal's,Rajarshi Shahu College of Engineering, Tathawade, Pune",,614191610,Automation and Robotics,State Level,GOBCS,118779,32.3660798
06141,"Jaywant Shikshan Prasarak Mandal's,Rajarshi Shahu College of Engineering, Tathawade, Pune",,614191610,Automation and Robotics,State Level,LNT1S,117631,33.2472877
06141,"Jaywant Shikshan Prasarak Mandal's,Rajarshi Shahu College of Engineering, Tathawade, Pune",,614191610,Automation and Robotics,State Level,VIIS,29984,87.6984872
06144,"Genba Sopanrao Moze College of Engineering, Baner-Balewadi, Pune",,614419110,Civil Engineering,State Level,"Legends:Start Character G-General, L-Ladies, End Character H-Home University, O-Other than Home University, S-State LevelS",140448,5.0725526
06144,"Genba Sopanrao Moze College of Engineering, Baner-Balewadi, Pune",,614424510,Computer Engineering,State Level,"Legends:Start Character G-General, L-Ladies, End Character H-Home University, O-Other than Home University, S-State LevelS",38973,83.6387222
06144,"Genba Sopanrao Moze College of Engineering, Baner-Balewadi, Pune",,614424510,Computer Engineering,State Level,Maharashtra State Seats - Cut Off Indicates State General Merit No. ; Figures in bracket Indicates MHT-CET PCM PercentileS,43566,81.8534982
06144,"Genba Sopanrao Moze College of Engineering, Baner-Balewadi, Pune",,614424510,Computer Engineering,State Level,VIIS,42870,82.1650299
06144,"Genba Sopanrao Moze College of Engineering, Baner-Balewadi, Pune",,614424610,Information Technology,State Level,"Legends:Start Character G-General, L-Ladies, End Character H-Home University, O-Other than Home University, S-State LevelS",105479,44.0513989
06144,"Genba Sopanrao Moze College of Engineering, Baner-Balewadi, Pune",,614424610,Information Technology,State Level,Maharashtra State Seats - Cut Off Indicates State General Merit No. ; Figures in bracket Indicates MHT-CET PCM PercentileS,48771,79.4628516
06144,"Genba Sopanrao Moze College of Engineering, Baner-Balewadi, Pune",,614437210,Electronics and Telecommunication Engg,State Level,TFWS,51411,78.067557
06144,"Genba Sopanrao Moze College of Engineering, Baner-Balewadi, Pune",,614437210,Electronics and Telecommunication Engg,State Level,EWS,57836,75.1338688
06144,"Genba Sopanrao Moze College of Engineering, Baner-Balewadi, Pune",,614461210,Mechanical Engineering,State Level,"Legends:Start Character G-General, L-Ladies, End Character H-Home University, O-Other than Home University, S-State LevelS",82537,60.9799222
06144,"Genba Sopanrao Moze College of Engineering, Baner-Balewadi, Pune",,614492110,Artificial Intelligence and Machine Learning,State Level,"Legends:Start Character G-General, L-Ladies, End Character H-Home University, O-Other than Home University, S-State LevelS",53795,76.839044
06144,"Genba Sopanrao Moze College of Engineering, Baner-Balewadi, Pune",,614499510,Artificial Intelligence and Data Science,State Level,"Legends:Start Character G-General, L-Ladies, End Character H-Home University, O-Other than Home University, S-State LevelS",117942,32.8844711
06144,"Genba Sopanrao Moze College of Engineering, Baner-Balewadi, Pune",,614499510,Artificial Intelligence and Data Science,State Level,Maharashtra State Seats - Cut Off Indicates State General Merit No. ; Figures in bracket Indicates MHT-CET PCM PercentileS,53291,76.9213416
06144,"Genba Sopanrao Moze College of Engineering, Baner-Balewadi, Pune",,614499510,Artificial Intelligence and Data Science,State Level,VIIS,50443,78.4065273
06145,"JSPM'S Jaywantrao Sawant College of Engineering,Pune",,614524510,Computer Engineering,State Level,"Legends:Start Character G-General, L-Ladies, End Character H-Home University, O-Other than Home University, S-State LevelS",26276,89.3527871
06145,"JSPM'S Jaywantrao Sawant College of Engineering,Pune",,614524510,Computer Engineering,State Level,Maharashtra State Seats - Cut Off Indicates State General Merit No. ; Figures in bracket Indicates MHT-CET PCM PercentileS,12616,95.0628437
06145,"JSPM'S Jaywantrao Sawant College of Engineering,Pune",,614524510,Computer Engineering,State Level,DS,19337,92.1792751
06145,"JSPM'S Jaywantrao Sawant College of Engineering,Pune",,614524510,Computer Engineering,State Level,VIIS,16312,93.521357
06145,"JSPM'S Jaywantrao Sawant College of Engineering,Pune",,614524610,Information Technology,State Level,"Legends:Start Character G-General, L-Ladies, End Character H-Home University, O-Other than Home University, S-State LevelS",35087,85.415737
06145,"JSPM'S Jaywantrao Sawant College of Engineering,Pune",,614524610,Information Technology,State Level,Maharashtra State Seats - Cut Off Indicates State General Merit No. ; Figures in bracket Indicates MHT-CET PCM PercentileS,23122,90.6234798
06145,"JSPM'S Jaywantrao Sawant College of Engineering,Pune",,614524610,Information Technology,State Level,VIIS,19881,92.0788066
06145,"JSPM'S Jaywantrao Sawant College of Engineering,Pune",,614526310,Artificial Intelligence (AI) and Data Science,State Level,"Legends:Start Character G-General, L-Ladies, End Character H-Home University, O-Other than Home University, S-State LevelS",20070,91.889263
06145,"JSPM'S Jaywantrao Sawant College of Engineering,Pune",,614529310,Electrical Engineering,State Level,"Legends:Start Character G-General, L-Ladies, End Character H-Home University, O-Other than Home University, S-State LevelS",65798,71.0587355
06145,"JSPM'S Jaywantrao Sawant College of Engineering,Pune",,614537210,Electronics and Telecommunication Engg,State Level,"Legends:Start Character G-General, L-Ladies, End Character H-Home University, O-Other than Home University, S-State LevelS",79822,62.4868401
06145,"JSPM'S Jaywantrao Sawant College of Engineering,Pune",,614537210,Electronics and Telecommunication Engg,State Level,Maharashtra State Seats - Cut Off Indicates State General Merit No. ; Figures in bracket Indicates MHT-CET PCM PercentileS,93337,53.6496624
06145,"JSPM'S Jaywantrao Sawant College of Engineering,Pune",,614537210,Electronics and Telecommunication Engg,State Level,DS,42538,82.2266135
06145,"JSPM'S Jaywantrao Sawant College of Engineering,Pune",,614537210,Electronics and Telecommunication Engg,State Level,VIIS,35628,85.2500884
06145,"JSPM'S Jaywantrao Sawant College of Engineering,Pune",,614561210,Mechanical Engineering,State Level,"Legends:Start Character G-General, L-Ladies, End Character H-Home University, O-Other than Home University, S-State LevelS",85278,58.8704519
06145,"JSPM'S Jaywantrao Sawant College of Engineering,Pune",,614561210,Mechanical Engineering,State Level,Maharashtra State Seats - Cut Off Indicates State General Merit No. ; Figures in bracket Indicates MHT-CET PCM PercentileS,112765,38.8357386
06145,"JSPM'S Jaywantrao Sawant College of Engineering,Pune",,614561210,Mechanical Engineering,State Level,I-NonS,87428,58.0840122
06145,"JSPM'S Jaywantrao Sawant College of Engineering,Pune",,614561210,Mechanical Engineering,State Level,VIIS,90356,55.7163295
06146,"MIT Academy of Engineering,Alandi, Pune",,614619110,Civil Engineering,State Level,"Legends:Start Character G-General, L-Ladies, End Character H-Home University, O-Other than Home University, S-State LevelS",64066,71.6354089
06146,"MIT Academy of Engineering,Alandi, Pune",,614619110,Civil Engineering,State Level,Maharashtra State Seats - Cut Off Indicates State General Merit No. ; Figures in bracket Indicates MHT-CET PCM PercentileS,75623,65.107535
06146,"MIT Academy of Engineering,Alandi, Pune",,614619110,Civil Engineering,State Level,DS,77605,64.0952985
06146,"MIT Academy of Engineering,Alandi, Pune",,614619110,Civil Engineering,State Level,State Common Entrance Test CellS,71250,67.711928
06146,"MIT Academy of Engineering,Alandi, Pune",,614619110,Civil Engineering,State Level,Cut Off List for Maharashtra & Minority Seats of CAP Round - III for the Admission to the First Year Under Graduate Technical Courses in Engineering and Technology (4 Years) &S,67018,69.7774101
06146,"MIT Academy of Engineering,Alandi, Pune",,614619110,Civil Engineering,State Level,Master of Engineering and Technology (Integrated 5 Years) Admissions A.Y. 2023-24S,103558,45.9664342
06146,"MIT Academy of Engineering,Alandi, Pune",,614619110,Civil Engineering,State Level,GOPENS,116705,34.1365462
06146,"MIT Academy of Engineering,Alandi, Pune",,614619110,Civil Engineering,State Level,GSCS,79819,62.4868401
06146,"MIT Academy of Engineering,Alandi, Pune",,614619110,Civil Engineering,State Level,GSTS,50874,78.3308876
06146,"MIT Academy of Engineering,Alandi, Pune",,614619110,Civil Engineering,State Level,I-NonS,68796,69.2172491
06146,"MIT Academy of Engineering,Alandi, Pune",,614619110,Civil Engineering,State Level,VIIS,71913,67.1534217
06146,"MIT Academy of Engineering,Alandi, Pune",,614624510,Computer Engineering,State Level,GOPENS,11546,95.4956977
06146,"MIT Academy of Engineering,Alandi, Pune",,614624510,Computer Engineering,State Level,GSCS,21051,91.4590348
06146,"MIT Academy of Engineering,Alandi, Pune",,614624510,Computer Engineering,State Level,GSTS,59707,73.642653
06146,"MIT Academy of Engineering,Alandi, Pune",,614624510,Computer Engineering,State Level,GNT2S,14194,94.3894513
06146,"MIT Academy of Engineering,Alandi, Pune",,614624510,Computer Engineering,State Level,GOBCS,11709,95.3975994
06146,"MIT Academy of Engineering,Alandi, Pune",,614624510,Computer Engineering,State Level,LOPENS,12583,95.0744473
06146,"MIT Academy of Engineering,Alandi, Pune",,614624510,Computer Engineering,State Level,LSCS,29036,88.0989788
06146,"MIT Academy of Engineering,Alandi, Pune",,614624510,Computer Engineering,State Level,LVJS,39410,83.4300164
06146,"MIT Academy of Engineering,Alandi, Pune",,614624510,Computer Engineering,State Level,LOBCS,14598,94.2244022
06146,"MIT Academy of Engineering,Alandi, Pune",,614624510,Computer Engineering,State Level,PWDOPENS,85524,58.7429854
06146,"MIT Academy of Engineering,Alandi, Pune",,614624510,Computer Engineering,State Level,DEFOPENS,21530,91.2629338
06146,"MIT Academy of Engineering,Alandi, Pune",,614624510,Computer Engineering,State Level,TFWS,6129,97.6333538
06146,"MIT Academy of Engineering,Alandi, Pune",,614624510,Computer Engineering,State Level,ORPHAN,11177,95.6557469
06146,"MIT Academy of Engineering,Alandi, Pune",,614624510,Computer Engineering,State Level,VIIS,12024,95.2774853
06146,"MIT Academy of Engineering,Alandi, Pune",,614637210,Electronics and Telecommunication Engg,State Level,GOPENS,25030,89.8061335
06146,"MIT Academy of Engineering,Alandi, Pune",,614637210,Electronics and Telecommunication Engg,State Level,GSTS,116471,34.1818319
06146,"MIT Academy of Engineering,Alandi, Pune",,614637210,Electronics and Telecommunication Engg,State Level,GNT2S,35044,85.4445126
06146,"MIT Academy of Engineering,Alandi, Pune",,614637210,Electronics and Telecommunication Engg,State Level,GOBCS,25345,89.6939217
06146,"MIT Academy of Engineering,Alandi, Pune",,614637210,Electronics and Telecommunication Engg,State Level,LOPENS,24903,89.9662416
06146,"MIT Academy of Engineering,Alandi, Pune",,614637210,Electronics and Telecommunication Engg,State Level,LSCS,31218,87.2113119
06146,"MIT Academy of Engineering,Alandi, Pune",,614637210,Electronics and Telecommunication Engg,State Level,LSTS,112186,38.9045575
06146,"MIT Academy of Engineering,Alandi, Pune",,614637210,Electronics and Telecommunication Engg,State Level,LNT2S,25341,89.6939217
06146,"MIT Academy of Engineering,Alandi, Pune",,614637210,Electronics and Telecommunication Engg,State Level,PWDOPENS,21631,91.2518343
06146,"MIT Academy of Engineering,Alandi, Pune",,614637210,Electronics and Telecommunication Engg,State Level,I-NonS,21862,91.2254517
06146,"MIT Academy of Engineering,Alandi, Pune",,614637610,Electronics Engineering,State Level,GOBCS,35333,85.3534944
06146,"MIT Academy of Engineering,Alandi, Pune",,614637610,Electronics Engineering,State Level,LOPENS,33485,86.1668982
06146,"MIT Academy of Engineering,Alandi, Pune",,614650710,Chemical Engineering,State Level,"Legends:Start Character G-General, L-Ladies, End Character H-Home University, O-Other than Home University, S-State LevelS",39951,83.375844
06146,"MIT Academy of Engineering,Alandi, Pune",,614650710,Chemical Engineering,State Level,Maharashtra State Seats - Cut Off Indicates State General Merit No. ; Figures in bracket Indicates MHT-CET PCM PercentileS,43503,81.8534982
06146,"MIT Academy of Engineering,Alandi, Pune",,614650710,Chemical Engineering,State Level,DS,55428,76.0463981
06146,"MIT Academy of Engineering,Alandi, Pune",,614650710,Chemical Engineering,State Level,State Common Entrance Test CellS,83704,59.9249812
06146,"MIT Academy of Engineering,Alandi, Pune",,614650710,Chemical Engineering,State Level,Cut Off List for Maharashtra & Minority Seats of CAP Round - III for the Admission to the First Year Under Graduate Technical Courses in Engineering and Technology (4 Years) &S,58612,74.4658288
06146,"MIT Academy of Engineering,Alandi, Pune",,614650710,Chemical Engineering,State Level,Master of Engineering and Technology (Integrated 5 Years) Admissions A.Y. 2023-24S,33498,86.1668982
06146,"MIT Academy of Engineering,Alandi, Pune",,614650710,Chemical Engineering,State Level,GOPENS,63458,71.8303504
06146,"MIT Academy of Engineering,Alandi, Pune",,614650710,Chemical Engineering,State Level,VIIS,50775,78.3430016
06146,"MIT Academy of Engineering,Alandi, Pune",,614661210,Mechanical Engineering,State Level,GOPENS,51436,78.067557
06146,"MIT Academy of Engineering,Alandi, Pune",,614661210,Mechanical Engineering,State Level,GSCS,70200,68.401414
06146,"MIT Academy of Engineering,Alandi, Pune",,614661210,Mechanical Engineering,State Level,GSTS,57863,75.1338688
06146,"MIT Academy of Engineering,Alandi, Pune",,614661210,Mechanical Engineering,State Level,GNT2S,54767,76.6367377
06146,"MIT Academy of Engineering,Alandi, Pune",,614661210,Mechanical Engineering,State Level,GOBCS,50934,78.3308876
06146,"MIT Academy of Engineering,Alandi, Pune",,614661210,Mechanical Engineering,State Level,LOPENS,52008,77.9969992
06146,"MIT Academy of Engineering,Alandi, Pune",,614661210,Mechanical Engineering,State Level,LSCS,69779,68.8122862
06146,"MIT Academy of Engineering,Alandi, Pune",,614661210,Mechanical Engineering,State Level,LSTS,25486,89.690179
06146,"MIT Academy of Engineering,Alandi, Pune",,614661210,Mechanical Engineering,State Level,LVJS,47715,79.7807688
06146,"MIT Academy of Engineering,Alandi, Pune",,614661210,Mechanical Engineering,State Level,LOBCS,97273,50.6107355
06146,"MIT Academy of Engineering,Alandi, Pune",,614661210,Mechanical Engineering,State Level,I-NonS,51441,78.067557
06146,"MIT Academy of Engineering,Alandi, Pune",,614661210,Mechanical Engineering,State Level,VIIS,52869,77.4193548
06146,"MIT Academy of Engineering,Alandi, Pune",,614692710,Computer Engineering (Software Engineering),State Level,GOPENS,13737,94.5948987
06146,"MIT Academy of Engineering,Alandi, Pune",,614692710,Computer Engineering (Software Engineering),State Level,GOBCS,13954,94.520817
06146,"MIT Academy of Engineering,Alandi, Pune",,614692710,Computer Engineering (Software Engineering),State Level,LOPENS,15085,94.0399594
06146,"MIT Academy of Engineering,Alandi, Pune",,614692710,Computer Engineering (Software Engineering),State Level,LSCS,26285,89.3527871
06146,"MIT Academy of Engineering,Alandi, Pune",,614692710,Computer Engineering (Software Engineering),State Level,EWS,12847,94.9011991
06149,"Siddhant College of Engineering, A/p Sudumbare, Tal.Maval, Dist-Pune",,614924510,Computer Engineering,State Level,"Legends:Start Character G-General, L-Ladies, End Character H-Home University, O-Other than Home University, S-State LevelS",129871,20.1485207
06149,"Siddhant College of Engineering, A/p Sudumbare, Tal.Maval, Dist-Pune",,614924510,Computer Engineering,State Level,Maharashtra State Seats - Cut Off Indicates State General Merit No. ; Figures in bracket Indicates MHT-CET PCM PercentileS,48764,79.4628516
06149,"Siddhant College of Engineering, A/p Sudumbare, Tal.Maval, Dist-Pune",,614924510,Computer Engineering,State Level,Minority Seats Allotted to Maharashtra State Candidature CandidatesS,65240,71.1698646
06149,"Siddhant College of Engineering, A/p Sudumbare, Tal.Maval, Dist-Pune",,614924610,Information Technology,State Level,"Legends:Start Character G-General, L-Ladies, End Character H-Home University, O-Other than Home University, S-State LevelS",56570,75.340282
06149,"Siddhant College of Engineering, A/p Sudumbare, Tal.Maval, Dist-Pune",,614924610,Information Technology,State Level,Minority Seats Allotted to Maharashtra State Candidature CandidatesS,70016,68.401414
06149,"Siddhant College of Engineering, A/p Sudumbare, Tal.Maval, Dist-Pune",,614937210,Electronics and Telecommunication Engg,State Level,"Legends:Start Character G-General, L-Ladies, End Character H-Home University, O-Other than Home University, S-State LevelS",77494,64.0952985
06149,"Siddhant College of Engineering, A/p Sudumbare, Tal.Maval, Dist-Pune",,614937210,Electronics and Telecommunication Engg,State Level,Minority Seats Allotted to Maharashtra State Candidature CandidatesS,88768,56.7366842
06155,"G.H.Raisoni College of Engineering & Management, Wagholi, Pune",,615519110,Civil Engineering,State Level,GOPENS,112580,38.8357386
06155,"G.H.Raisoni College of Engineering & Management, Wagholi, Pune",,615519110,Civil Engineering,State Level,LOPENS,142659,1.2602066
06155,"G.H.Raisoni College of Engineering & Management, Wagholi, Pune",,615519110,Civil Engineering,State Level,MI,122390,28.6046774
06155,"G.H.Raisoni College of Engineering & Management, Wagholi, Pune",,615519110,Civil Engineering,State Level,MH,135971,11.7198075
06155,"G.H.Raisoni College of Engineering & Management, Wagholi, Pune",,615524510,Computer Engineering,State Level,GOPENS,18869,92.4568642
06155,"G.H.Raisoni College of Engineering & Management, Wagholi, Pune",,615524510,Computer Engineering,State Level,LOPENS,18143,92.733306
06155,"G.H.Raisoni College of Engineering & Management, Wagholi, Pune",,615524510,Computer Engineering,State Level,MI,71600,67.3938217
06155,"G.H.Raisoni College of Engineering & Management, Wagholi, Pune",,615524510,Computer Engineering,State Level,TFWS,15590,93.8108199
06155,"G.H.Raisoni College of Engineering & Management, Wagholi, Pune",,615524610,Information Technology,State Level,GOPENS,20911,91.6480738
06155,"G.H.Raisoni College of Engineering & Management, Wagholi, Pune",,615524610,Information Technology,State Level,LOPENS,23755,90.420105
06155,"G.H.Raisoni College of Engineering & Management, Wagholi, Pune",,615524610,Information Technology,State Level,MI,139842,6.1929085
06155,"G.H.Raisoni College of Engineering & Management, Wagholi, Pune",,615524610,Information Technology,State Level,MH,23209,90.5963303
06155,"G.H.Raisoni College of Engineering & Management, Wagholi, Pune",,615526010,Computer Science and Engineering (Cyber Security),State Level,GOPENS,28314,88.2852988
06155,"G.H.Raisoni College of Engineering & Management, Wagholi, Pune",,615526010,Computer Science and Engineering (Cyber Security),State Level,LOPENS,34828,85.4752553
06155,"G.H.Raisoni College of Engineering & Management, Wagholi, Pune",,615526010,Computer Science and Engineering (Cyber Security),State Level,MH,31093,87.2266503
06155,"G.H.Raisoni College of Engineering & Management, Wagholi, Pune",,615529310,Electrical Engineering,State Level,"Legends:Start Character G-General, L-Ladies, End Character H-Home University, O-Other than Home University, S-State LevelS",65898,70.6180504
06155,"G.H.Raisoni College of Engineering & Management, Wagholi, Pune",,615529310,Electrical Engineering,State Level,Maharashtra State Seats - Cut Off Indicates State General Merit No. ; Figures in bracket Indicates MHT-CET PCM PercentileS,74504,65.9622938
06155,"G.H.Raisoni College of Engineering & Management, Wagholi, Pune",,615529310,Electrical Engineering,State Level,MH,78975,63.3857031
06155,"G.H.Raisoni College of Engineering & Management, Wagholi, Pune",,615537210,Electronics and Telecommunication Engg,State Level,GOPENS,39640,83.4053417
06155,"G.H.Raisoni College of Engineering & Management, Wagholi, Pune",,615537210,Electronics and Telecommunication Engg,State Level,LOPENS,41803,82.3346823
06155,"G.H.Raisoni College of Engineering & Management, Wagholi, Pune",,615537210,Electronics and Telecommunication Engg,State Level,MI,30214,87.5456222
06155,"G.H.Raisoni College of Engineering & Management, Wagholi, Pune",,615537210,Electronics and Telecommunication Engg,State Level,MH,46285,80.4126032
06155,"G.H.Raisoni College of Engineering & Management, Wagholi, Pune",,615561210,Mechanical Engineering,State Level,GOPENS,80786,61.6881259
06155,"G.H.Raisoni College of Engineering & Management, Wagholi, Pune",,615561210,Mechanical Engineering,State Level,LOPENS,108406,42.4233825
06155,"G.H.Raisoni College of Engineering & Management, Wagholi, Pune",,615561210,Mechanical Engineering,State Level,MI,76033,65.0367935
06155,"G.H.Raisoni College of Engineering & Management, Wagholi, Pune",,615561210,Mechanical Engineering,State Level,MH,96705,51.0567213
06155,"G.H.Raisoni College of Engineering & Management, Wagholi, Pune",,615591110,Computer Science and Engineering(Artificial Intelligence and Machine Learning),State Level,GOPENS,15833,93.708846
06155,"G.H.Raisoni College of Engineering & Management, Wagholi, Pune",,615591110,Computer Science and Engineering(Artificial Intelligence and Machine Learning),State Level,LOPENS,27742,88.6736154
06155,"G.H.Raisoni College of Engineering & Management, Wagholi, Pune",,615591110,Computer Science and Engineering(Artificial Intelligence and Machine Learning),State Level,MI,134650,13.6087239
06155,"G.H.Raisoni College of Engineering & Management, Wagholi, Pune",,615591110,Computer Science and Engineering(Artificial Intelligence and Machine Learning),State Level,TFWS,20739,91.6954239
06155,"G.H.Raisoni College of Engineering & Management, Wagholi, Pune",,615591110,Computer Science and Engineering(Artificial Intelligence and Machine Learning),State Level,MH,24906,89.9662416
06155,"G.H.Raisoni College of Engineering & Management, Wagholi, Pune",,615591210,Computer Science and Engineering(Data Science),State Level,"Legends:Start Character G-General, L-Ladies, End Character H-Home University, O-Other than Home University, S-State LevelS",29729,87.7770341
06155,"G.H.Raisoni College of Engineering & Management, Wagholi, Pune",,615591210,Computer Science and Engineering(Data Science),State Level,Maharashtra State Seats - Cut Off Indicates State General Merit No. ; Figures in bracket Indicates MHT-CET PCM PercentileS,24864,89.9662416
06155,"G.H.Raisoni College of Engineering & Management, Wagholi, Pune",,615591210,Computer Science and Engineering(Data Science),State Level,DS,119193,32.3095051
06155,"G.H.Raisoni College of Engineering & Management, Wagholi, Pune",,615591210,Computer Science and Engineering(Data Science),State Level,MH,30768,87.3774785
06155,"G.H.Raisoni College of Engineering & Management, Wagholi, Pune",,615591310,Computer Science and Engineering (Artificial Intelligence),State Level,GOPENS,28138,88.5133125
06155,"G.H.Raisoni College of Engineering & Management, Wagholi, Pune",,615591310,Computer Science and Engineering (Artificial Intelligence),State Level,LOPENS,30895,87.2543136
06155,"G.H.Raisoni College of Engineering & Management, Wagholi, Pune",,615591310,Computer Science and Engineering (Artificial Intelligence),State Level,MI,134484,13.9344262
06155,"G.H.Raisoni College of Engineering & Management, Wagholi, Pune",,615591310,Computer Science and Engineering (Artificial Intelligence),State Level,MH,29826,87.6993762
06156,"Marathwada Mitra Mandal's College of Engineering, Karvenagar, Pune",,615624510,Computer Engineering,State Level,"Legends:Start Character G-General, L-Ladies, End Character H-Home University, O-Other than Home University, S-State LevelS",12747,94.9975677
06156,"Marathwada Mitra Mandal's College of Engineering, Karvenagar, Pune",,615624610,Information Technology,State Level,"Legends:Start Character G-General, L-Ladies, End Character H-Home University, O-Other than Home University, S-State LevelS",26584,89.1792071
06156,"Marathwada Mitra Mandal's College of Engineering, Karvenagar, Pune",,615624610,Information Technology,State Level,Maharashtra State Seats - Cut Off Indicates State General Merit No. ; Figures in bracket Indicates MHT-CET PCM PercentileS,15137,94.0316823
06156,"Marathwada Mitra Mandal's College of Engineering, Karvenagar, Pune",,615629310,Electrical Engineering,State Level,"Legends:Start Character G-General, L-Ladies, End Character H-Home University, O-Other than Home University, S-State LevelS",62015,73.0265619
06156,"Marathwada Mitra Mandal's College of Engineering, Karvenagar, Pune",,615629310,Electrical Engineering,State Level,Maharashtra State Seats - Cut Off Indicates State General Merit No. ; Figures in bracket Indicates MHT-CET PCM PercentileS,58935,74.1935484
06156,"Marathwada Mitra Mandal's College of Engineering, Karvenagar, Pune",,615637210,Electronics and Telecommunication Engg,State Level,"Legends:Start Character G-General, L-Ladies, End Character H-Home University, O-Other than Home University, S-State LevelS",30490,87.4817577
06156,"Marathwada Mitra Mandal's College of Engineering, Karvenagar, Pune",,615661210,Mechanical Engineering,State Level,"Legends:Start Character G-General, L-Ladies, End Character H-Home University, O-Other than Home University, S-State LevelS",140686,4.9294633
06156,"Marathwada Mitra Mandal's College of Engineering, Karvenagar, Pune",,615661210,Mechanical Engineering,State Level,Maharashtra State Seats - Cut Off Indicates State General Merit No. ; Figures in bracket Indicates MHT-CET PCM PercentileS,53154,76.9213416
06156,"Marathwada Mitra Mandal's College of Engineering, Karvenagar, Pune",,615661210,Mechanical Engineering,State Level,DS,75516,65.107535
06156,"Marathwada Mitra Mandal's College of Engineering, Karvenagar, Pune",,615699510,Artificial Intelligence and Data Science,State Level,"Legends:Start Character G-General, L-Ladies, End Character H-Home University, O-Other than Home University, S-State LevelS",16446,93.4566198
06175,"Pimpri Chinchwad Education Trust, Pimpri Chinchwad College of Engineering, Pune",,617519110,Civil Engineering,State Level,"Legends:Start Character G-General, L-Ladies, End Character H-Home University, O-Other than Home University, S-State LevelS",22305,90.9958615
06175,"Pimpri Chinchwad Education Trust, Pimpri Chinchwad College of Engineering, Pune",,617519110,Civil Engineering,State Level,Maharashtra State Seats - Cut Off Indicates State General Merit No. ; Figures in bracket Indicates MHT-CET PCM PercentileS,35228,85.3534944
06175,"Pimpri Chinchwad Education Trust, Pimpri Chinchwad College of Engineering, Pune",,617519110,Civil Engineering,State Level,DS,10312,95.9738402
06175,"Pimpri Chinchwad Education Trust, Pimpri Chinchwad College of Engineering, Pune",,617519110,Civil Engineering,State Level,State Common Entrance Test CellS,79364,62.7898492
06175,"Pimpri Chinchwad Education Trust, Pimpri Chinchwad College of Engineering, Pune",,617519110,Civil Engineering,State Level,I-NonS,19686,92.1314889
06175,"Pimpri Chinchwad Education Trust, Pimpri Chinchwad College of Engineering, Pune",,617524510,Computer Engineering,State Level,GOPENS,2790,98.8963079
06175,"Pimpri Chinchwad Education Trust, Pimpri Chinchwad College of Engineering, Pune",,617524510,Computer Engineering,State Level,GSCS,11135,95.6557469
06175,"Pimpri Chinchwad Education Trust, Pimpri Chinchwad College of Engineering, Pune",,617524510,Computer Engineering,State Level,GOBCS,3199,98.7470542
06175,"Pimpri Chinchwad Education Trust, Pimpri Chinchwad College of Engineering, Pune",,617524510,Computer Engineering,State Level,LOPENS,801,99.6445941
06175,"Pimpri Chinchwad Education Trust, Pimpri Chinchwad College of Engineering, Pune",,617524510,Computer Engineering,State Level,LSTS,35933,85.1782223
06175,"Pimpri Chinchwad Education Trust, Pimpri Chinchwad College of Engineering, Pune",,617524510,Computer Engineering,State Level,LOBCS,5241,97.9686456
06175,"Pimpri Chinchwad Education Trust, Pimpri Chinchwad College of Engineering, Pune",,617524510,Computer Engineering,State Level,DEFOPENS,9744,96.2137182
06175,"Pimpri Chinchwad Education Trust, Pimpri Chinchwad College of Engineering, Pune",,617524510,Computer Engineering,State Level,TFWS,1010,99.5563178
06175,"Pimpri Chinchwad Education Trust, Pimpri Chinchwad College of Engineering, Pune",,617524510,Computer Engineering,State Level,EWS,1639,99.3269665
06175,"Pimpri Chinchwad Education Trust, Pimpri Chinchwad College of Engineering, Pune",,617524510,Computer Engineering,State Level,617524590L - Computer EngineeringS,5534,97.8657164
06175,"Pimpri Chinchwad Education Trust, Pimpri Chinchwad College of Engineering, Pune",,617524510,Computer Engineering,State Level,GOPENS,11887,95.3636399
06175,"Pimpri Chinchwad Education Trust, Pimpri Chinchwad College of Engineering, Pune",,617524510,Computer Engineering,State Level,GSCS,69766,68.8122862
06175,"Pimpri Chinchwad Education Trust, Pimpri Chinchwad College of Engineering, Pune",,617524510,Computer Engineering,State Level,GSTS,6698,97.3893473
06175,"Pimpri Chinchwad Education Trust, Pimpri Chinchwad College of Engineering, Pune",,617524510,Computer Engineering,State Level,GNT2S,6623,97.4666143
06175,"Pimpri Chinchwad Education Trust, Pimpri Chinchwad College of Engineering, Pune",,617524510,Computer Engineering,State Level,LOPENS,12849,94.9011991
06175,"Pimpri Chinchwad Education Trust, Pimpri Chinchwad College of Engineering, Pune",,617524510,Computer Engineering,State Level,LSCS,8663,96.6535742
06175,"Pimpri Chinchwad Education Trust, Pimpri Chinchwad College of Engineering, Pune",,617524510,Computer Engineering,State Level,LOBCS,14617,94.208479
06175,"Pimpri Chinchwad Education Trust, Pimpri Chinchwad College of Engineering, Pune",,617524510,Computer Engineering,State Level,DEFOPENS,5643,97.818535
06175,"Pimpri Chinchwad Education Trust, Pimpri Chinchwad College of Engineering, Pune",,617524610,Information Technology,State Level,GOPENS,57,99.9700711
06175,"Pimpri Chinchwad Education Trust, Pimpri Chinchwad College of Engineering, Pune",,617524610,Information Technology,State Level,GSCS,14036,94.4089337
06175,"Pimpri Chinchwad Education Trust, Pimpri Chinchwad College of Engineering, Pune",,617524610,Information Technology,State Level,LOPENS,5085,98.0400628
06175,"Pimpri Chinchwad Education Trust, Pimpri Chinchwad College of Engineering, Pune",,617524610,Information Technology,State Level,DEFOPENS,10314,95.9738402
06175,"Pimpri Chinchwad Education Trust, Pimpri Chinchwad College of Engineering, Pune",,617524610,Information Technology,State Level,TFWS,3007,98.8105457
06175,"Pimpri Chinchwad Education Trust, Pimpri Chinchwad College of Engineering, Pune",,617537210,Electronics and Telecommunication Engg,State Level,"Legends:Start Character G-General, L-Ladies, End Character H-Home University, O-Other than Home University, S-State LevelS",7944,96.9303086
06175,"Pimpri Chinchwad Education Trust, Pimpri Chinchwad College of Engineering, Pune",,617537210,Electronics and Telecommunication Engg,State Level,Maharashtra State Seats - Cut Off Indicates State General Merit No. ; Figures in bracket Indicates MHT-CET PCM PercentileS,19703,92.1314889
06175,"Pimpri Chinchwad Education Trust, Pimpri Chinchwad College of Engineering, Pune",,617537210,Electronics and Telecommunication Engg,State Level,DS,102042,46.8567142
06175,"Pimpri Chinchwad Education Trust, Pimpri Chinchwad College of Engineering, Pune",,617537210,Electronics and Telecommunication Engg,State Level,State Common Entrance Test CellS,25470,89.690179
06175,"Pimpri Chinchwad Education Trust, Pimpri Chinchwad College of Engineering, Pune",,617537210,Electronics and Telecommunication Engg,State Level,Cut Off List for Maharashtra & Minority Seats of CAP Round - III for the Admission to the First Year Under Graduate Technical Courses in Engineering and Technology (4 Years) &S,12471,95.1011675
06175,"Pimpri Chinchwad Education Trust, Pimpri Chinchwad College of Engineering, Pune",,617537210,Electronics and Telecommunication Engg,State Level,Master of Engineering and Technology (Integrated 5 Years) Admissions A.Y. 2023-24S,8817,96.5922225
06175,"Pimpri Chinchwad Education Trust, Pimpri Chinchwad College of Engineering, Pune",,617537210,Electronics and Telecommunication Engg,State Level,GOPENS,6167,97.6324522
06175,"Pimpri Chinchwad Education Trust, Pimpri Chinchwad College of Engineering, Pune",,617537210,Electronics and Telecommunication Engg,State Level,GSCS,24228,90.1789743
06175,"Pimpri Chinchwad Education Trust, Pimpri Chinchwad College of Engineering, Pune",,617537210,Electronics and Telecommunication Engg,State Level,GSTS,31803,86.9095112
06175,"Pimpri Chinchwad Education Trust, Pimpri Chinchwad College of Engineering, Pune",,617537210,Electronics and Telecommunication Engg,State Level,GVJS,9859,96.1447502
06175,"Pimpri Chinchwad Education Trust, Pimpri Chinchwad College of Engineering, Pune",,617537210,Electronics and Telecommunication Engg,State Level,GNT3S,108703,42.2969628
06175,"Pimpri Chinchwad Education Trust, Pimpri Chinchwad College of Engineering, Pune",,617537210,Electronics and Telecommunication Engg,State Level,GOBCS,18041,92.7710843
06175,"Pimpri Chinchwad Education Trust, Pimpri Chinchwad College of Engineering, Pune",,617537210,Electronics and Telecommunication Engg,State Level,LOPENS,5677,97.8134761
06175,"Pimpri Chinchwad Education Trust, Pimpri Chinchwad College of Engineering, Pune",,617537210,Electronics and Telecommunication Engg,State Level,LSCS,7928,96.9303086
06175,"Pimpri Chinchwad Education Trust, Pimpri Chinchwad College of Engineering, Pune",,617537210,Electronics and Telecommunication Engg,State Level,LSTS,109615,40.6521983
06175,"Pimpri Chinchwad Education Trust, Pimpri Chinchwad College of Engineering, Pune",,617537210,Electronics and Telecommunication Engg,State Level,VIIS,7959,96.9173214
06175,"Pimpri Chinchwad Education Trust, Pimpri Chinchwad College of Engineering, Pune",,617561210,Mechanical Engineering,State Level,GOPENS,17401,93.0638884
06175,"Pimpri Chinchwad Education Trust, Pimpri Chinchwad College of Engineering, Pune",,617561210,Mechanical Engineering,State Level,GSCS,31275,87.0718315
06175,"Pimpri Chinchwad Education Trust, Pimpri Chinchwad College of Engineering, Pune",,617561210,Mechanical Engineering,State Level,GSTS,18948,92.4274364
06175,"Pimpri Chinchwad Education Trust, Pimpri Chinchwad College of Engineering, Pune",,617561210,Mechanical Engineering,State Level,GOBCS,23689,90.420105
06175,"Pimpri Chinchwad Education Trust, Pimpri Chinchwad College of Engineering, Pune",,617561210,Mechanical Engineering,State Level,LOPENS,84598,59.8623853
06175,"Pimpri Chinchwad Education Trust, Pimpri Chinchwad College of Engineering, Pune",,617561210,Mechanical Engineering,State Level,LNT3S,13918,94.520817
06175,"Pimpri Chinchwad Education Trust, Pimpri Chinchwad College of Engineering, Pune",,617561210,Mechanical Engineering,State Level,PWDOPENS,20278,91.765679
06175,"Pimpri Chinchwad Education Trust, Pimpri Chinchwad College of Engineering, Pune",,617561210,Mechanical Engineering,State Level,I-NonS,11874,95.3636399
06175,"Pimpri Chinchwad Education Trust, Pimpri Chinchwad College of Engineering, Pune",,617561210,Mechanical Engineering,State Level,VIIS,19594,92.1445405
06175,"Pimpri Chinchwad Education Trust, Pimpri Chinchwad College of Engineering, Pune",,617591110,Computer Science and Engineering(Artificial Intelligence and Machine Learning),State Level,GOPENS,4542,98.2403771
06175,"Pimpri Chinchwad Education Trust, Pimpri Chinchwad College of Engineering, Pune",,617591110,Computer Science and Engineering(Artificial Intelligence and Machine Learning),State Level,GSCS,6049,97.6631658
06175,"Pimpri Chinchwad Education Trust, Pimpri Chinchwad College of Engineering, Pune",,617591110,Computer Science and Engineering(Artificial Intelligence and Machine Learning),State Level,LOPENS,4617,98.2042649
06175,"Pimpri Chinchwad Education Trust, Pimpri Chinchwad College of Engineering, Pune",,617591110,Computer Science and Engineering(Artificial Intelligence and Machine Learning),State Level,LSTS,4325,98.3202394
06175,"Pimpri Chinchwad Education Trust, Pimpri Chinchwad College of Engineering, Pune",,617591110,Computer Science and Engineering(Artificial Intelligence and Machine Learning),State Level,EWS,46527,80.2375547
06177,"Sinhgad College of Engineering, Vadgaon (BK), Pune",,617708210,Bio Technology,State Level,"Legends:Start Character G-General, L-Ladies, End Character H-Home University, O-Other than Home University, S-State LevelS",77573,64.0952985
06177,"Sinhgad College of Engineering, Vadgaon (BK), Pune",,617708210,Bio Technology,State Level,I-NonS,70825,67.9544349
06177,"Sinhgad College of Engineering, Vadgaon (BK), Pune",,617708210,Bio Technology,State Level,VIIS,76635,64.4512569
06177,"Sinhgad College of Engineering, Vadgaon (BK), Pune",,617719110,Civil Engineering,State Level,"Legends:Start Character G-General, L-Ladies, End Character H-Home University, O-Other than Home University, S-State LevelS",128926,21.2207239
06177,"Sinhgad College of Engineering, Vadgaon (BK), Pune",,617719110,Civil Engineering,State Level,Maharashtra State Seats - Cut Off Indicates State General Merit No. ; Figures in bracket Indicates MHT-CET PCM PercentileS,116611,34.1818319
06177,"Sinhgad College of Engineering, Vadgaon (BK), Pune",,617719110,Civil Engineering,State Level,I-NonS,106636,43.224841
06177,"Sinhgad College of Engineering, Vadgaon (BK), Pune",,617719110,Civil Engineering,State Level,DefenceS,121327,29.4111028
06177,"Sinhgad College of Engineering, Vadgaon (BK), Pune",,617719110,Civil Engineering,State Level,VIIS,138009,9.188396
06177,"Sinhgad College of Engineering, Vadgaon (BK), Pune",,617724510,Computer Engineering,State Level,"Legends:Start Character G-General, L-Ladies, End Character H-Home University, O-Other than Home University, S-State LevelS",21446,91.2940735
06177,"Sinhgad College of Engineering, Vadgaon (BK), Pune",,617724510,Computer Engineering,State Level,Maharashtra State Seats - Cut Off Indicates State General Merit No. ; Figures in bracket Indicates MHT-CET PCM PercentileS,8714,96.6445326
06177,"Sinhgad College of Engineering, Vadgaon (BK), Pune",,617724510,Computer Engineering,State Level,VIIS,10268,96.024006
06177,"Sinhgad College of Engineering, Vadgaon (BK), Pune",,617724610,Information Technology,State Level,"Legends:Start Character G-General, L-Ladies, End Character H-Home University, O-Other than Home University, S-State LevelS",12485,95.1011675
06177,"Sinhgad College of Engineering, Vadgaon (BK), Pune",,617737210,Electronics and Telecommunication Engg,State Level,"Legends:Start Character G-General, L-Ladies, End Character H-Home University, O-Other than Home University, S-State LevelS",37048,84.5084815
06177,"Sinhgad College of Engineering, Vadgaon (BK), Pune",,617737210,Electronics and Telecommunication Engg,State Level,Maharashtra State Seats - Cut Off Indicates State General Merit No. ; Figures in bracket Indicates MHT-CET PCM PercentileS,22122,91.0248095
06177,"Sinhgad College of Engineering, Vadgaon (BK), Pune",,617750710,Chemical Engineering,State Level,"Legends:Start Character G-General, L-Ladies, End Character H-Home University, O-Other than Home University, S-State LevelS",73621,66.4309764
06177,"Sinhgad College of Engineering, Vadgaon (BK), Pune",,617761210,Mechanical Engineering,State Level,"Legends:Start Character G-General, L-Ladies, End Character H-Home University, O-Other than Home University, S-State LevelS",63949,71.6354089
06177,"Sinhgad College of Engineering, Vadgaon (BK), Pune",,617761210,Mechanical Engineering,State Level,Maharashtra State Seats - Cut Off Indicates State General Merit No. ; Figures in bracket Indicates MHT-CET PCM PercentileS,56084,75.867353
06177,"Sinhgad College of Engineering, Vadgaon (BK), Pune",,617761210,Mechanical Engineering,State Level,I-NonS,67897,69.597699
06177,"Sinhgad College of Engineering, Vadgaon (BK), Pune",,617761210,Mechanical Engineering,State Level,VIIS,66983,69.7774101
06178,"Sinhgad Technical Education Society's Smt. Kashibai Navale College of Engineering,Vadgaon,Pune",,617824510,Computer Engineering,State Level,"Legends:Start Character G-General, L-Ladies, End Character H-Home University, O-Other than Home University, S-State LevelS",34937,85.4445126
06178,"Sinhgad Technical Education Society's Smt. Kashibai Navale College of Engineering,Vadgaon,Pune",,617824510,Computer Engineering,State Level,Maharashtra State Seats - Cut Off Indicates State General Merit No. ; Figures in bracket Indicates MHT-CET PCM PercentileS,14154,94.3936486
06178,"Sinhgad Technical Education Society's Smt. Kashibai Navale College of Engineering,Vadgaon,Pune",,617824510,Computer Engineering,State Level,DS,16907,93.2464234
06178,"Sinhgad Technical Education Society's Smt. Kashibai Navale College of Engineering,Vadgaon,Pune",,617824610,Information Technology,State Level,"Legends:Start Character G-General, L-Ladies, End Character H-Home University, O-Other than Home University, S-State LevelS",18361,92.6604063
06178,"Sinhgad Technical Education Society's Smt. Kashibai Navale College of Engineering,Vadgaon,Pune",,617837210,Electronics and Telecommunication Engg,State Level,"Legends:Start Character G-General, L-Ladies, End Character H-Home University, O-Other than Home University, S-State LevelS",32708,86.5566392
06178,"Sinhgad Technical Education Society's Smt. Kashibai Navale College of Engineering,Vadgaon,Pune",,617837210,Electronics and Telecommunication Engg,State Level,Maharashtra State Seats - Cut Off Indicates State General Merit No. ; Figures in bracket Indicates MHT-CET PCM PercentileS,110339,39.9251777
06178,"Sinhgad Technical Education Society's Smt. Kashibai Navale College of Engineering,Vadgaon,Pune",,617837210,Electronics and Telecommunication Engg,State Level,DS,33189,86.3437564
06178,"Sinhgad Technical Education Society's Smt. Kashibai Navale College of Engineering,Vadgaon,Pune",,617861210,Mechanical Engineering,State Level,"Legends:Start Character G-General, L-Ladies, End Character H-Home University, O-Other than Home University, S-State LevelS",92385,54.6296296
06178,"Sinhgad Technical Education Society's Smt. Kashibai Navale College of Engineering,Vadgaon,Pune",,617861210,Mechanical Engineering,State Level,I-NonS,84541,59.8623853
06178,"Sinhgad Technical Education Society's Smt. Kashibai Navale College of Engineering,Vadgaon,Pune",,617861210,Mechanical Engineering,State Level,DefenceS,103779,45.9472716
06178,"Sinhgad Technical Education Society's Smt. Kashibai Navale College of Engineering,Vadgaon,Pune",,617861210,Mechanical Engineering,State Level,VIIS,102603,46.4534231
06179,"Indira College of Engineering & Management, Pune",,617924510,Computer Engineering,State Level,"Legends:Start Character G-General, L-Ladies, End Character H-Home University, O-Other than Home University, S-State LevelS",50859,78.3308876
06179,"Indira College of Engineering & Management, Pune",,617924510,Computer Engineering,State Level,Maharashtra State Seats - Cut Off Indicates State General Merit No. ; Figures in bracket Indicates MHT-CET PCM PercentileS,20291,91.765679
06179,"Indira College of Engineering & Management, Pune",,617924510,Computer Engineering,State Level,DS,123770,26.9098391
06179,"Indira College of Engineering & Management, Pune",,617924510,Computer Engineering,State Level,State Common Entrance Test CellS,29956,87.6984872
06179,"Indira College of Engineering & Management, Pune",,617937210,Electronics and Telecommunication Engg,State Level,"Legends:Start Character G-General, L-Ladies, End Character H-Home University, O-Other than Home University, S-State LevelS",78438,63.6508999
06179,"Indira College of Engineering & Management, Pune",,617937210,Electronics and Telecommunication Engg,State Level,Maharashtra State Seats - Cut Off Indicates State General Merit No. ; Figures in bracket Indicates MHT-CET PCM PercentileS,42565,82.2034564
06179,"Indira College of Engineering & Management, Pune",,617937210,Electronics and Telecommunication Engg,State Level,DS,43170,82.0912919
06179,"Indira College of Engineering & Management, Pune",,617961210,Mechanical Engineering,State Level,"Legends:Start Character G-General, L-Ladies, End Character H-Home University, O-Other than Home University, S-State LevelS",97025,50.8083922
06179,"Indira College of Engineering & Management, Pune",,617961210,Mechanical Engineering,State Level,I-NonS,122540,28.3793174
06179,"Indira College of Engineering & Management, Pune",,617999510,Artificial Intelligence and Data Science,State Level,"Legends:Start Character G-General, L-Ladies, End Character H-Home University, O-Other than Home University, S-State LevelS",25410,89.6939217
06179,"Indira College of Engineering & Management, Pune",,617999510,Artificial Intelligence and Data Science,State Level,Maharashtra State Seats - Cut Off Indicates State General Merit No. ; Figures in bracket Indicates MHT-CET PCM PercentileS,34436,85.8062103
06182,"Sinhgad Technical Education Society, Sinhgad Institute of Technology and Science, Narhe (Ambegaon)",,618219110,Civil Engineering,State Level,"Legends:Start Character G-General, L-Ladies, End Character H-Home University, O-Other than Home University, S-State LevelS",110842,39.9066862
06182,"Sinhgad Technical Education Society, Sinhgad Institute of Technology and Science, Narhe (Ambegaon)",,618224510,Computer Engineering,State Level,"Legends:Start Character G-General, L-Ladies, End Character H-Home University, O-Other than Home University, S-State LevelS",14285,94.3700831
06182,"Sinhgad Technical Education Society, Sinhgad Institute of Technology and Science, Narhe (Ambegaon)",,618224510,Computer Engineering,State Level,Maharashtra State Seats - Cut Off Indicates State General Merit No. ; Figures in bracket Indicates MHT-CET PCM PercentileS,25224,89.7218504
06182,"Sinhgad Technical Education Society, Sinhgad Institute of Technology and Science, Narhe (Ambegaon)",,618224610,Information Technology,State Level,"Legends:Start Character G-General, L-Ladies, End Character H-Home University, O-Other than Home University, S-State LevelS",29064,88.0989788
06182,"Sinhgad Technical Education Society, Sinhgad Institute of Technology and Science, Narhe (Ambegaon)",,618237210,Electronics and Telecommunication Engg,State Level,"Legends:Start Character G-General, L-Ladies, End Character H-Home University, O-Other than Home University, S-State LevelS",37257,84.4681938
06182,"Sinhgad Technical Education Society, Sinhgad Institute of Technology and Science, Narhe (Ambegaon)",,618237210,Electronics and Telecommunication Engg,State Level,Maharashtra State Seats - Cut Off Indicates State General Merit No. ; Figures in bracket Indicates MHT-CET PCM PercentileS,43100,82.0912919
06182,"Sinhgad Technical Education Society, Sinhgad Institute of Technology and Science, Narhe (Ambegaon)",,618261210,Mechanical Engineering,State Level,"Legends:Start Character G-General, L-Ladies, End Character H-Home University, O-Other than Home University, S-State LevelS",100274,48.9725355
06183,"Al-Ameen Educational and Medical Foundation, College of Engineering, Koregaon, Bhima",,618324510,Computer Engineering,State Level,"Legends:Start Character G-General, L-Ladies, End Character H-Home University, O-Other than Home University, S-State LevelS",134138,14.5915161
06183,"Al-Ameen Educational and Medical Foundation, College of Engineering, Koregaon, Bhima",,618324510,Computer Engineering,State Level,Minority Seats Allotted to Maharashtra State Candidature CandidatesS,88385,56.7405028
06184,"K. J.'s Educational Institut Trinity College of Engineering and Research, Pisoli, Haveli",,618424510,Computer Engineering,State Level,"Legends:Start Character G-General, L-Ladies, End Character H-Home University, O-Other than Home University, S-State LevelS",36401,84.9532361
06184,"K. J.'s Educational Institut Trinity College of Engineering and Research, Pisoli, Haveli",,618424510,Computer Engineering,State Level,VIIS,30028,87.6984872
06184,"K. J.'s Educational Institut Trinity College of Engineering and Research, Pisoli, Haveli",,618424610,Information Technology,State Level,"Legends:Start Character G-General, L-Ladies, End Character H-Home University, O-Other than Home University, S-State LevelS",55772,75.8958975
06184,"K. J.'s Educational Institut Trinity College of Engineering and Research, Pisoli, Haveli",,618424610,Information Technology,State Level,Maharashtra State Seats - Cut Off Indicates State General Merit No. ; Figures in bracket Indicates MHT-CET PCM PercentileS,43057,82.0912919
06184,"K. J.'s Educational Institut Trinity College of Engineering and Research, Pisoli, Haveli",,618429310,Electrical Engineering,State Level,"Legends:Start Character G-General, L-Ladies, End Character H-Home University, O-Other than Home University, S-State LevelS",108940,41.1609401
06184,"K. J.'s Educational Institut Trinity College of Engineering and Research, Pisoli, Haveli",,618429310,Electrical Engineering,State Level,Maharashtra State Seats - Cut Off Indicates State General Merit No. ; Figures in bracket Indicates MHT-CET PCM PercentileS,89137,56.656397
06184,"K. J.'s Educational Institut Trinity College of Engineering and Research, Pisoli, Haveli",,618429310,Electrical Engineering,State Level,I-NonS,91489,55.2709127
06184,"K. J.'s Educational Institut Trinity College of Engineering and Research, Pisoli, Haveli",,618429310,Electrical Engineering,State Level,VIIS,98345,49.6143282
06184,"K. J.'s Educational Institut Trinity College of Engineering and Research, Pisoli, Haveli",,618437210,Electronics and Telecommunication Engg,State Level,"Legends:Start Character G-General, L-Ladies, End Character H-Home University, O-Other than Home University, S-State LevelS",58950,74.1935484
06184,"K. J.'s Educational Institut Trinity College of Engineering and Research, Pisoli, Haveli",,618437210,Electronics and Telecommunication Engg,State Level,Maharashtra State Seats - Cut Off Indicates State General Merit No. ; Figures in bracket Indicates MHT-CET PCM PercentileS,63060,71.9809302
06184,"K. J.'s Educational Institut Trinity College of Engineering and Research, Pisoli, Haveli",,618437210,Electronics and Telecommunication Engg,State Level,VIIS,63140,71.9809302
06185,Sinhgad Institute of Technology,,618524510,Computer Engineering,State Level,DEFOPENS,54556,76.6367377
06185,Sinhgad Institute of Technology,,618524510,Computer Engineering,State Level,DEFOBCS,56834,75.1725431
06185,Sinhgad Institute of Technology,,618524510,Computer Engineering,State Level,TFWS,23830,90.2917336
06185,Sinhgad Institute of Technology,,618524510,Computer Engineering,State Level,EWS,32842,86.3770498
06185,Sinhgad Institute of Technology,,618524610,Information Technology,State Level,"Legends:Start Character G-General, L-Ladies, End Character H-Home University, O-Other than Home University, S-State LevelS",56432,75.340282
06185,Sinhgad Institute of Technology,,618524610,Information Technology,State Level,Maharashtra State Seats - Cut Off Indicates State General Merit No. ; Figures in bracket Indicates MHT-CET PCM PercentileS,29106,88.0771545
06185,Sinhgad Institute of Technology,,618524610,Information Technology,State Level,DS,42566,82.2034564
06185,Sinhgad Institute of Technology,,618529310,Electrical Engineering,State Level,"Legends:Start Character G-General, L-Ladies, End Character H-Home University, O-Other than Home University, S-State LevelS",60464,73.4109953
06185,Sinhgad Institute of Technology,,618529310,Electrical Engineering,State Level,Maharashtra State Seats - Cut Off Indicates State General Merit No. ; Figures in bracket Indicates MHT-CET PCM PercentileS,69989,68.401414
06185,Sinhgad Institute of Technology,,618529310,Electrical Engineering,State Level,VIIS,74057,66.3914919
06185,Sinhgad Institute of Technology,,618537210,Electronics and Telecommunication Engg,State Level,"Legends:Start Character G-General, L-Ladies, End Character H-Home University, O-Other than Home University, S-State LevelS",84909,59.6839864
06185,Sinhgad Institute of Technology,,618537210,Electronics and Telecommunication Engg,State Level,Maharashtra State Seats - Cut Off Indicates State General Merit No. ; Figures in bracket Indicates MHT-CET PCM PercentileS,39110,83.5642755
06185,Sinhgad Institute of Technology,,618537210,Electronics and Telecommunication Engg,State Level,DS,51022,78.3308876
06185,Sinhgad Institute of Technology,,618561210,Mechanical Engineering,State Level,"Legends:Start Character G-General, L-Ladies, End Character H-Home University, O-Other than Home University, S-State LevelS",134354,14.4711178
06187,"Sinhgad Academy of Engineering, Kondhwa (BK)  Kondhwa-Saswad Road, Pune",,618719110,Civil Engineering,State Level,"Legends:Start Character G-General, L-Ladies, End Character H-Home University, O-Other than Home University, S-State LevelS",92570,54.0043616
06187,"Sinhgad Academy of Engineering, Kondhwa (BK)  Kondhwa-Saswad Road, Pune",,618724510,Computer Engineering,State Level,TFWS,18515,92.5560269
06187,"Sinhgad Academy of Engineering, Kondhwa (BK)  Kondhwa-Saswad Road, Pune",,618724510,Computer Engineering,State Level,ORPHAN,26973,88.9904805
06187,"Sinhgad Academy of Engineering, Kondhwa (BK)  Kondhwa-Saswad Road, Pune",,618724510,Computer Engineering,State Level,VIIS,23246,90.5963303
06187,"Sinhgad Academy of Engineering, Kondhwa (BK)  Kondhwa-Saswad Road, Pune",,618724610,Information Technology,State Level,"Legends:Start Character G-General, L-Ladies, End Character H-Home University, O-Other than Home University, S-State LevelS",31467,87.0556299
06187,"Sinhgad Academy of Engineering, Kondhwa (BK)  Kondhwa-Saswad Road, Pune",,618737210,Electronics and Telecommunication Engg,State Level,DEFROBCS,89394,56.656397
06187,"Sinhgad Academy of Engineering, Kondhwa (BK)  Kondhwa-Saswad Road, Pune",,618737210,Electronics and Telecommunication Engg,State Level,ORPHAN,44378,81.2344165
06187,"Sinhgad Academy of Engineering, Kondhwa (BK)  Kondhwa-Saswad Road, Pune",,618737210,Electronics and Telecommunication Engg,State Level,VIIS,33403,86.1668982
06187,"Sinhgad Academy of Engineering, Kondhwa (BK)  Kondhwa-Saswad Road, Pune",,618761210,Mechanical Engineering,State Level,"Legends:Start Character G-General, L-Ladies, End Character H-Home University, O-Other than Home University, S-State LevelS",102124,46.8567142
06203,"Marathwada Mitra Mandal's Institute of Technology, Lohgaon, Pune",,620319110,Civil Engineering,State Level,"Legends:Start Character G-General, L-Ladies, End Character H-Home University, O-Other than Home University, S-State LevelS",100902,47.6387427
06203,"Marathwada Mitra Mandal's Institute of Technology, Lohgaon, Pune",,620324510,Computer Engineering,State Level,"Legends:Start Character G-General, L-Ladies, End Character H-Home University, O-Other than Home University, S-State LevelS",49148,79.2648162
06203,"Marathwada Mitra Mandal's Institute of Technology, Lohgaon, Pune",,620324510,Computer Engineering,State Level,Maharashtra State Seats - Cut Off Indicates State General Merit No. ; Figures in bracket Indicates MHT-CET PCM PercentileS,20713,91.6954239
06203,"Marathwada Mitra Mandal's Institute of Technology, Lohgaon, Pune",,620324510,Computer Engineering,State Level,DS,51057,78.3308876
06203,"Marathwada Mitra Mandal's Institute of Technology, Lohgaon, Pune",,620324510,Computer Engineering,State Level,State Common Entrance Test CellS,31402,87.0556299
06203,"Marathwada Mitra Mandal's Institute of Technology, Lohgaon, Pune",,620324510,Computer Engineering,State Level,VIIS,24700,89.96633
06203,"Marathwada Mitra Mandal's Institute of Technology, Lohgaon, Pune",,620361210,Mechanical Engineering,State Level,"Legends:Start Character G-General, L-Ladies, End Character H-Home University, O-Other than Home University, S-State LevelS",99306,49.4761567
06203,"Marathwada Mitra Mandal's Institute of Technology, Lohgaon, Pune",,620361210,Mechanical Engineering,State Level,I-NonS,106887,43.1162283
06203,"Marathwada Mitra Mandal's Institute of Technology, Lohgaon, Pune",,620362410,Mechatronics Engineering,State Level,"Legends:Start Character G-General, L-Ladies, End Character H-Home University, O-Other than Home University, S-State LevelS",44337,81.2344165
06203,"Marathwada Mitra Mandal's Institute of Technology, Lohgaon, Pune",,620362410,Mechatronics Engineering,State Level,I-NonS,77453,64.0952985
06203,"Marathwada Mitra Mandal's Institute of Technology, Lohgaon, Pune",,620399510,Artificial Intelligence and Data Science,State Level,"Legends:Start Character G-General, L-Ladies, End Character H-Home University, O-Other than Home University, S-State LevelS",57932,75.0737739
06203,"Marathwada Mitra Mandal's Institute of Technology, Lohgaon, Pune",,620399510,Artificial Intelligence and Data Science,State Level,Maharashtra State Seats - Cut Off Indicates State General Merit No. ; Figures in bracket Indicates MHT-CET PCM PercentileS,26102,89.3951296
06203,"Marathwada Mitra Mandal's Institute of Technology, Lohgaon, Pune",,620399510,Artificial Intelligence and Data Science,State Level,DS,25914,89.4065093
06206,"Pune District Education  Association's College of Engineering, Pune",,620624510,Computer Engineering,State Level,"Legends:Start Character G-General, L-Ladies, End Character H-Home University, O-Other than Home University, S-State LevelS",86857,58.1382561
06206,"Pune District Education  Association's College of Engineering, Pune",,620624510,Computer Engineering,State Level,Maharashtra State Seats - Cut Off Indicates State General Merit No. ; Figures in bracket Indicates MHT-CET PCM PercentileS,95920,52.2415622
06206,"Pune District Education  Association's College of Engineering, Pune",,620624510,Computer Engineering,State Level,DS,35743,85.1907088
06206,"Pune District Education  Association's College of Engineering, Pune",,620624510,Computer Engineering,State Level,State Common Entrance Test CellS,122087,28.923802
06206,"Pune District Education  Association's College of Engineering, Pune",,620624510,Computer Engineering,State Level,Cut Off List for Maharashtra & Minority Seats of CAP Round - III for the Admission to the First Year Under Graduate Technical Courses in Engineering and Technology (4 Years) &S,41486,82.4643661
06206,"Pune District Education  Association's College of Engineering, Pune",,620624510,Computer Engineering,State Level,VIIS,40359,83.2892137
06206,"Pune District Education  Association's College of Engineering, Pune",,620624610,Information Technology,State Level,"Legends:Start Character G-General, L-Ladies, End Character H-Home University, O-Other than Home University, S-State LevelS",64184,71.6354089
06206,"Pune District Education  Association's College of Engineering, Pune",,620624610,Information Technology,State Level,Maharashtra State Seats - Cut Off Indicates State General Merit No. ; Figures in bracket Indicates MHT-CET PCM PercentileS,40605,83.1704016
06206,"Pune District Education  Association's College of Engineering, Pune",,620624610,Information Technology,State Level,DS,143033,0.4713805
06206,"Pune District Education  Association's College of Engineering, Pune",,620624610,Information Technology,State Level,State Common Entrance Test CellS,42783,82.2034564
06206,"Pune District Education  Association's College of Engineering, Pune",,620637210,Electronics and Telecommunication Engg,State Level,"Legends:Start Character G-General, L-Ladies, End Character H-Home University, O-Other than Home University, S-State LevelS",50747,78.3430016
06206,"Pune District Education  Association's College of Engineering, Pune",,620637210,Electronics and Telecommunication Engg,State Level,Maharashtra State Seats - Cut Off Indicates State General Merit No. ; Figures in bracket Indicates MHT-CET PCM PercentileS,53129,77.0079706
06206,"Pune District Education  Association's College of Engineering, Pune",,620637210,Electronics and Telecommunication Engg,State Level,VIIS,53798,76.839044
06206,"Pune District Education  Association's College of Engineering, Pune",,620661210,Mechanical Engineering,State Level,"Legends:Start Character G-General, L-Ladies, End Character H-Home University, O-Other than Home University, S-State LevelS",130309,19.6543598
06207,"Dr. D. Y. Patil Unitech Society's Dr. D. Y. Patil  Institute of Technology, Pimpri, Pune",,620719110,Civil Engineering,State Level,"Legends:Start Character G-General, L-Ladies, End Character H-Home University, O-Other than Home University, S-State LevelS",41516,82.4443082
06207,"Dr. D. Y. Patil Unitech Society's Dr. D. Y. Patil  Institute of Technology, Pimpri, Pune",,620719110,Civil Engineering,State Level,Maharashtra State Seats - Cut Off Indicates State General Merit No. ; Figures in bracket Indicates MHT-CET PCM PercentileS,59133,74.1356658
06207,"Dr. D. Y. Patil Unitech Society's Dr. D. Y. Patil  Institute of Technology, Pimpri, Pune",,620719110,Civil Engineering,State Level,I-NonS,81261,61.4332053
06207,"Dr. D. Y. Patil Unitech Society's Dr. D. Y. Patil  Institute of Technology, Pimpri, Pune",,620724510,Computer Engineering,State Level,"Legends:Start Character G-General, L-Ladies, End Character H-Home University, O-Other than Home University, S-State LevelS",6374,97.5243811
06207,"Dr. D. Y. Patil Unitech Society's Dr. D. Y. Patil  Institute of Technology, Pimpri, Pune",,620729310,Electrical Engineering,State Level,EWS,31499,87.0556299
06207,"Dr. D. Y. Patil Unitech Society's Dr. D. Y. Patil  Institute of Technology, Pimpri, Pune",,620737210,Electronics and Telecommunication Engg,State Level,"Legends:Start Character G-General, L-Ladies, End Character H-Home University, O-Other than Home University, S-State LevelS",27670,88.6736154
06207,"Dr. D. Y. Patil Unitech Society's Dr. D. Y. Patil  Institute of Technology, Pimpri, Pune",,620737210,Electronics and Telecommunication Engg,State Level,Maharashtra State Seats - Cut Off Indicates State General Merit No. ; Figures in bracket Indicates MHT-CET PCM PercentileS,14514,94.2498036
06207,"Dr. D. Y. Patil Unitech Society's Dr. D. Y. Patil  Institute of Technology, Pimpri, Pune",,620737210,Electronics and Telecommunication Engg,State Level,DS,53787,76.839044
06207,"Dr. D. Y. Patil Unitech Society's Dr. D. Y. Patil  Institute of Technology, Pimpri, Pune",,620737210,Electronics and Telecommunication Engg,State Level,State Common Entrance Test CellS,8015,96.8958948
06207,"Dr. D. Y. Patil Unitech Society's Dr. D. Y. Patil  Institute of Technology, Pimpri, Pune",,620746610,Instrumentation Engineering,State Level,"Legends:Start Character G-General, L-Ladies, End Character H-Home University, O-Other than Home University, S-State LevelS",37779,84.2884307
06207,"Dr. D. Y. Patil Unitech Society's Dr. D. Y. Patil  Institute of Technology, Pimpri, Pune",,620761210,Mechanical Engineering,State Level,"Legends:Start Character G-General, L-Ladies, End Character H-Home University, O-Other than Home University, S-State LevelS",47920,79.7413145
06207,"Dr. D. Y. Patil Unitech Society's Dr. D. Y. Patil  Institute of Technology, Pimpri, Pune",,620761210,Mechanical Engineering,State Level,Maharashtra State Seats - Cut Off Indicates State General Merit No. ; Figures in bracket Indicates MHT-CET PCM PercentileS,33609,86.1075077
06207,"Dr. D. Y. Patil Unitech Society's Dr. D. Y. Patil  Institute of Technology, Pimpri, Pune",,620799510,Artificial Intelligence and Data Science,State Level,EWS,11897,95.3636399
06214,"K. E. Society's Rajarambapu Institute of Technology, Walwa, Sangli",,621419110,Civil Engineering,State Level,"Legends:Start Character G-General, L-Ladies, End Character H-Home University, O-Other than Home University, S-State LevelS",74747,65.9622938
06214,"K. E. Society's Rajarambapu Institute of Technology, Walwa, Sangli",,621419110,Civil Engineering,State Level,Maharashtra State Seats - Cut Off Indicates State General Merit No. ; Figures in bracket Indicates MHT-CET PCM PercentileS,120143,30.5964599
06214,"K. E. Society's Rajarambapu Institute of Technology, Walwa, Sangli",,621419110,Civil Engineering,State Level,DS,45370,80.9858625
06214,"K. E. Society's Rajarambapu Institute of Technology, Walwa, Sangli",,621419110,Civil Engineering,State Level,I-NonS,61039,73.2701208
06214,"K. E. Society's Rajarambapu Institute of Technology, Walwa, Sangli",,621419110,Civil Engineering,State Level,VIIS,77525,64.0952985
06214,"K. E. Society's Rajarambapu Institute of Technology, Walwa, Sangli",,621424510,Computer Engineering,State Level,GOPENS,15815,93.708846
06214,"K. E. Society's Rajarambapu Institute of Technology, Walwa, Sangli",,621424510,Computer Engineering,State Level,GSCS,38955,83.6387222
06214,"K. E. Society's Rajarambapu Institute of Technology, Walwa, Sangli",,621424510,Computer Engineering,State Level,GSTS,20707,91.6954239
06214,"K. E. Society's Rajarambapu Institute of Technology, Walwa, Sangli",,621424510,Computer Engineering,State Level,GOBCS,17841,92.8593873
06214,"K. E. Society's Rajarambapu Institute of Technology, Walwa, Sangli",,621424510,Computer Engineering,State Level,LOBCS,8166,96.8581856
06214,"K. E. Society's Rajarambapu Institute of Technology, Walwa, Sangli",,621424510,Computer Engineering,State Level,PWDOPENS,13235,94.8273066
06214,"K. E. Society's Rajarambapu Institute of Technology, Walwa, Sangli",,621424510,Computer Engineering,State Level,I-NonS,12013,95.2774853
06214,"K. E. Society's Rajarambapu Institute of Technology, Walwa, Sangli",,621424510,Computer Engineering,State Level,VIIS,15941,93.641901
06214,"K. E. Society's Rajarambapu Institute of Technology, Walwa, Sangli",,621429310,Electrical Engineering,State Level,GOPENS,25795,89.4673668
06214,"K. E. Society's Rajarambapu Institute of Technology, Walwa, Sangli",,621429310,Electrical Engineering,State Level,GSCS,135233,13.3162279
06214,"K. E. Society's Rajarambapu Institute of Technology, Walwa, Sangli",,621429310,Electrical Engineering,State Level,GSTS,64211,71.4000828
06214,"K. E. Society's Rajarambapu Institute of Technology, Walwa, Sangli",,621429310,Electrical Engineering,State Level,GNT2S,44061,81.2345291
06214,"K. E. Society's Rajarambapu Institute of Technology, Walwa, Sangli",,621429310,Electrical Engineering,State Level,LOPENS,66184,70.5106049
06214,"K. E. Society's Rajarambapu Institute of Technology, Walwa, Sangli",,621429310,Electrical Engineering,State Level,VIIS,45471,80.9858625
06214,"K. E. Society's Rajarambapu Institute of Technology, Walwa, Sangli",,621437210,Electronics and Telecommunication Engg,State Level,GOPENS,35465,85.3410413
06214,"K. E. Society's Rajarambapu Institute of Technology, Walwa, Sangli",,621437210,Electronics and Telecommunication Engg,State Level,GSTS,39696,83.3890161
06214,"K. E. Society's Rajarambapu Institute of Technology, Walwa, Sangli",,621437210,Electronics and Telecommunication Engg,State Level,GOBCS,33248,86.2561357
06214,"K. E. Society's Rajarambapu Institute of Technology, Walwa, Sangli",,621437210,Electronics and Telecommunication Engg,State Level,LOPENS,43160,82.0912919
06214,"K. E. Society's Rajarambapu Institute of Technology, Walwa, Sangli",,621437210,Electronics and Telecommunication Engg,State Level,LOBCS,31843,86.9095112
06214,"K. E. Society's Rajarambapu Institute of Technology, Walwa, Sangli",,621437210,Electronics and Telecommunication Engg,State Level,VIIS,36822,84.5158411
06214,"K. E. Society's Rajarambapu Institute of Technology, Walwa, Sangli",,621456810,Computer Science and Information Technology,State Level,"Legends:Start Character G-General, L-Ladies, End Character H-Home University, O-Other than Home University, S-State LevelS",17228,93.1206307
06214,"K. E. Society's Rajarambapu Institute of Technology, Walwa, Sangli",,621456810,Computer Science and Information Technology,State Level,Maharashtra State Seats - Cut Off Indicates State General Merit No. ; Figures in bracket Indicates MHT-CET PCM PercentileS,40714,83.1704016
06214,"K. E. Society's Rajarambapu Institute of Technology, Walwa, Sangli",,621456810,Computer Science and Information Technology,State Level,DS,17220,93.1206307
06214,"K. E. Society's Rajarambapu Institute of Technology, Walwa, Sangli",,621456810,Computer Science and Information Technology,State Level,State Common Entrance Test CellS,16986,93.2167123
06214,"K. E. Society's Rajarambapu Institute of Technology, Walwa, Sangli",,621456810,Computer Science and Information Technology,State Level,VIIS,17249,93.1024197
06214,"K. E. Society's Rajarambapu Institute of Technology, Walwa, Sangli",,621461210,Mechanical Engineering,State Level,GOPENS,46482,80.2375547
06214,"K. E. Society's Rajarambapu Institute of Technology, Walwa, Sangli",,621461210,Mechanical Engineering,State Level,GVJS,65420,71.1698646
06214,"K. E. Society's Rajarambapu Institute of Technology, Walwa, Sangli",,621461210,Mechanical Engineering,State Level,GOBCS,49501,78.8754662
06214,"K. E. Society's Rajarambapu Institute of Technology, Walwa, Sangli",,621461210,Mechanical Engineering,State Level,LOPENS,44304,81.2344165
06214,"K. E. Society's Rajarambapu Institute of Technology, Walwa, Sangli",,621461210,Mechanical Engineering,State Level,VIIS,55769,75.8958975
06214,"K. E. Society's Rajarambapu Institute of Technology, Walwa, Sangli",,621462410,Mechatronics Engineering,State Level,GOPENS,85390,58.8704519
06214,"K. E. Society's Rajarambapu Institute of Technology, Walwa, Sangli",,621462410,Mechatronics Engineering,State Level,EWS,52504,77.4241933
06214,"K. E. Society's Rajarambapu Institute of Technology, Walwa, Sangli",,621491110,Computer Science and Engineering(Artificial Intelligence and Machine Learning),State Level,GOPENS,23198,90.5963303
06214,"K. E. Society's Rajarambapu Institute of Technology, Walwa, Sangli",,621491110,Computer Science and Engineering(Artificial Intelligence and Machine Learning),State Level,GSCS,41605,82.4443082
06214,"K. E. Society's Rajarambapu Institute of Technology, Walwa, Sangli",,621491110,Computer Science and Engineering(Artificial Intelligence and Machine Learning),State Level,GVJS,47125,80.0408747
06214,"K. E. Society's Rajarambapu Institute of Technology, Walwa, Sangli",,621491110,Computer Science and Engineering(Artificial Intelligence and Machine Learning),State Level,GNT2S,34106,86.0109616
06214,"K. E. Society's Rajarambapu Institute of Technology, Walwa, Sangli",,621491910,Robotics and Automation,State Level,"Legends:Start Character G-General, L-Ladies, End Character H-Home University, O-Other than Home University, S-State LevelS",47105,80.0408747
06217,"Shri. Balasaheb Mane Shikshan  Prasarak Mandal's, Ashokrao Mane Group of Institutions",,621719110,Civil Engineering,State Level,"Legends:Start Character G-General, L-Ladies, End Character H-Home University, O-Other than Home University, S-State LevelS",134293,14.4711178
06217,"Shri. Balasaheb Mane Shikshan  Prasarak Mandal's, Ashokrao Mane Group of Institutions",,621724210,Computer Science and Engineering,State Level,"Legends:Start Character G-General, L-Ladies, End Character H-Home University, O-Other than Home University, S-State LevelS",80603,61.6881259
06217,"Shri. Balasaheb Mane Shikshan  Prasarak Mandal's, Ashokrao Mane Group of Institutions",,621724210,Computer Science and Engineering,State Level,I-NonS,94715,52.5567137
06217,"Shri. Balasaheb Mane Shikshan  Prasarak Mandal's, Ashokrao Mane Group of Institutions",,621724210,Computer Science and Engineering,State Level,DefenceS,116714,34.1365462
06217,"Shri. Balasaheb Mane Shikshan  Prasarak Mandal's, Ashokrao Mane Group of Institutions",,621726310,Artificial Intelligence (AI) and Data Science,State Level,"Legends:Start Character G-General, L-Ladies, End Character H-Home University, O-Other than Home University, S-State LevelS",103118,46.1690466
06217,"Shri. Balasaheb Mane Shikshan  Prasarak Mandal's, Ashokrao Mane Group of Institutions",,621726310,Artificial Intelligence (AI) and Data Science,State Level,I-NonS,128159,21.9114832
06217,"Shri. Balasaheb Mane Shikshan  Prasarak Mandal's, Ashokrao Mane Group of Institutions",,621729310,Electrical Engineering,State Level,"Legends:Start Character G-General, L-Ladies, End Character H-Home University, O-Other than Home University, S-State LevelS",108511,42.4233825
06217,"Shri. Balasaheb Mane Shikshan  Prasarak Mandal's, Ashokrao Mane Group of Institutions",,621737210,Electronics and Telecommunication Engg,State Level,DEFOPENS,113132,37.6936381
06217,"Shri. Balasaheb Mane Shikshan  Prasarak Mandal's, Ashokrao Mane Group of Institutions",,621737210,Electronics and Telecommunication Engg,State Level,I-NonS,130664,18.9046135
06219,"KSGBS's Bharat- Ratna Indira Gandhi College of Engineering, Kegaon, Solapur",,621924210,Computer Science and Engineering,State Level,"Legends:Start Character G-General, L-Ladies, End Character H-Home University, O-Other than Home University, S-State LevelS",73733,66.3914919
06219,"KSGBS's Bharat- Ratna Indira Gandhi College of Engineering, Kegaon, Solapur",,621924210,Computer Science and Engineering,State Level,Maharashtra State Seats - Cut Off Indicates State General Merit No. ; Figures in bracket Indicates MHT-CET PCM PercentileS,140412,5.1178451
06219,"KSGBS's Bharat- Ratna Indira Gandhi College of Engineering, Kegaon, Solapur",,621924210,Computer Science and Engineering,State Level,I-NonS,111586,39.0377062
06220,"Shri Vithal Education and Research Institute's College of Engineering, Pandharpur",,622019110,Civil Engineering,State Level,"Legends:Start Character G-General, L-Ladies, End Character H-Home University, O-Other than Home University, S-State LevelS",61871,73.0265619
06220,"Shri Vithal Education and Research Institute's College of Engineering, Pandharpur",,622019110,Civil Engineering,State Level,Maharashtra State Seats - Cut Off Indicates State General Merit No. ; Figures in bracket Indicates MHT-CET PCM PercentileS,82703,60.9799222
06220,"Shri Vithal Education and Research Institute's College of Engineering, Pandharpur",,622024210,Computer Science and Engineering,State Level,"Legends:Start Character G-General, L-Ladies, End Character H-Home University, O-Other than Home University, S-State LevelS",26267,89.3527871
06220,"Shri Vithal Education and Research Institute's College of Engineering, Pandharpur",,622029310,Electrical Engineering,State Level,"Legends:Start Character G-General, L-Ladies, End Character H-Home University, O-Other than Home University, S-State LevelS",62762,72.3082536
06220,"Shri Vithal Education and Research Institute's College of Engineering, Pandharpur",,622037210,Electronics and Telecommunication Engg,State Level,"Legends:Start Character G-General, L-Ladies, End Character H-Home University, O-Other than Home University, S-State LevelS",46153,80.6210251
06220,"Shri Vithal Education and Research Institute's College of Engineering, Pandharpur",,622061210,Mechanical Engineering,State Level,"Legends:Start Character G-General, L-Ladies, End Character H-Home University, O-Other than Home University, S-State LevelS",68463,69.3042857
06220,"Shri Vithal Education and Research Institute's College of Engineering, Pandharpur",,622061210,Mechanical Engineering,State Level,I-NonS,81730,61.432847
06222,"Dattajirao Kadam Technical Education Society's Textile & Engineering Institute, Ichalkaranji.",,622219110,Civil Engineering,State Level,"Legends:Start Character G-General, L-Ladies, End Character H-Home University, O-Other than Home University, S-State LevelS",126748,23.8907594
06222,"Dattajirao Kadam Technical Education Society's Textile & Engineering Institute, Ichalkaranji.",,622219110,Civil Engineering,State Level,Maharashtra State Seats - Cut Off Indicates State General Merit No. ; Figures in bracket Indicates MHT-CET PCM PercentileS,27754,88.6695314
06222,"Dattajirao Kadam Technical Education Society's Textile & Engineering Institute, Ichalkaranji.",,622219110,Civil Engineering,State Level,DS,128046,22.0314735
06222,"Dattajirao Kadam Technical Education Society's Textile & Engineering Institute, Ichalkaranji.",,622224210,Computer Science and Engineering,State Level,GOPENS,16275,93.521357
06222,"Dattajirao Kadam Technical Education Society's Textile & Engineering Institute, Ichalkaranji.",,622224210,Computer Science and Engineering,State Level,GSCS,50203,78.4161664
06222,"Dattajirao Kadam Technical Education Society's Textile & Engineering Institute, Ichalkaranji.",,622224210,Computer Science and Engineering,State Level,GVJS,65261,71.1698646
06222,"Dattajirao Kadam Technical Education Society's Textile & Engineering Institute, Ichalkaranji.",,622224210,Computer Science and Engineering,State Level,GOBCS,27455,88.7938441
06222,"Dattajirao Kadam Technical Education Society's Textile & Engineering Institute, Ichalkaranji.",,622224210,Computer Science and Engineering,State Level,EWS,12942,94.8869552
06222,"Dattajirao Kadam Technical Education Society's Textile & Engineering Institute, Ichalkaranji.",,622226310,Artificial Intelligence (AI) and Data Science,State Level,GSCS,72454,66.9527897
06222,"Dattajirao Kadam Technical Education Society's Textile & Engineering Institute, Ichalkaranji.",,622226310,Artificial Intelligence (AI) and Data Science,State Level,EWS,18788,92.4624424
06222,"Dattajirao Kadam Technical Education Society's Textile & Engineering Institute, Ichalkaranji.",,622229310,Electrical Engineering,State Level,GOPENS,61286,73.2522683
06222,"Dattajirao Kadam Technical Education Society's Textile & Engineering Institute, Ichalkaranji.",,622229310,Electrical Engineering,State Level,GSCS,80722,61.6881259
06222,"Dattajirao Kadam Technical Education Society's Textile & Engineering Institute, Ichalkaranji.",,622229310,Electrical Engineering,State Level,GSTS,75900,65.0367935
06222,"Dattajirao Kadam Technical Education Society's Textile & Engineering Institute, Ichalkaranji.",,622229310,Electrical Engineering,State Level,GOBCS,33210,86.2561357
06222,"Dattajirao Kadam Technical Education Society's Textile & Engineering Institute, Ichalkaranji.",,622229310,Electrical Engineering,State Level,LOPENS,60969,73.2701208
06222,"Dattajirao Kadam Technical Education Society's Textile & Engineering Institute, Ichalkaranji.",,622229310,Electrical Engineering,State Level,LSTS,109631,40.6521983
06222,"Dattajirao Kadam Technical Education Society's Textile & Engineering Institute, Ichalkaranji.",,622229310,Electrical Engineering,State Level,I-NonS,79726,62.7344336
06222,"Dattajirao Kadam Technical Education Society's Textile & Engineering Institute, Ichalkaranji.",,622229310,Electrical Engineering,State Level,VIIS,86806,58.1382561
06222,"Dattajirao Kadam Technical Education Society's Textile & Engineering Institute, Ichalkaranji.",,622237210,Electronics and Telecommunication Engg,State Level,"Legends:Start Character G-General, L-Ladies, End Character H-Home University, O-Other than Home University, S-State LevelS",21780,91.2278745
06222,"Dattajirao Kadam Technical Education Society's Textile & Engineering Institute, Ichalkaranji.",,622237210,Electronics and Telecommunication Engg,State Level,Maharashtra State Seats - Cut Off Indicates State General Merit No. ; Figures in bracket Indicates MHT-CET PCM PercentileS,116985,34.1365462
06222,"Dattajirao Kadam Technical Education Society's Textile & Engineering Institute, Ichalkaranji.",,622237210,Electronics and Telecommunication Engg,State Level,DS,52021,77.9969992
06222,"Dattajirao Kadam Technical Education Society's Textile & Engineering Institute, Ichalkaranji.",,622237210,Electronics and Telecommunication Engg,State Level,State Common Entrance Test CellS,26134,89.3951296
06222,"Dattajirao Kadam Technical Education Society's Textile & Engineering Institute, Ichalkaranji.",,622237210,Electronics and Telecommunication Engg,State Level,Cut Off List for Maharashtra & Minority Seats of CAP Round - III for the Admission to the First Year Under Graduate Technical Courses in Engineering and Technology (4 Years) &S,40483,83.2373857
06222,"Dattajirao Kadam Technical Education Society's Textile & Engineering Institute, Ichalkaranji.",,622237210,Electronics and Telecommunication Engg,State Level,VIIS,29545,88.0318823
06222,"Dattajirao Kadam Technical Education Society's Textile & Engineering Institute, Ichalkaranji.",,622257010,Fashion Technology,State Level,GSTS,59323,74.1356658
06222,"Dattajirao Kadam Technical Education Society's Textile & Engineering Institute, Ichalkaranji.",,622257010,Fashion Technology,State Level,GOBCS,104853,44.6898706
06222,"Dattajirao Kadam Technical Education Society's Textile & Engineering Institute, Ichalkaranji.",,622257010,Fashion Technology,State Level,VIIS,60778,73.2701208
06222,"Dattajirao Kadam Technical Education Society's Textile & Engineering Institute, Ichalkaranji.",,622261210,Mechanical Engineering,State Level,GOPENS,126750,23.8907594
06222,"Dattajirao Kadam Technical Education Society's Textile & Engineering Institute, Ichalkaranji.",,622261210,Mechanical Engineering,State Level,GSCS,109678,40.6521983
06222,"Dattajirao Kadam Technical Education Society's Textile & Engineering Institute, Ichalkaranji.",,622261210,Mechanical Engineering,State Level,GOBCS,99842,49.0455617
06222,"Dattajirao Kadam Technical Education Society's Textile & Engineering Institute, Ichalkaranji.",,622261210,Mechanical Engineering,State Level,I-NonS,113399,37.6936381
06222,"Dattajirao Kadam Technical Education Society's Textile & Engineering Institute, Ichalkaranji.",,622261210,Mechanical Engineering,State Level,VIIS,133994,15.0249499
06222,"Dattajirao Kadam Technical Education Society's Textile & Engineering Institute, Ichalkaranji.",,622288610,Man Made Textile Technology,State Level,LOPENS,129527,20.5666554
06222,"Dattajirao Kadam Technical Education Society's Textile & Engineering Institute, Ichalkaranji.",,622289010,Textile Chemistry,State Level,"Legends:Start Character G-General, L-Ladies, End Character H-Home University, O-Other than Home University, S-State LevelS",121286,29.4111028
06222,"Dattajirao Kadam Technical Education Society's Textile & Engineering Institute, Ichalkaranji.",,622289010,Textile Chemistry,State Level,Maharashtra State Seats - Cut Off Indicates State General Merit No. ; Figures in bracket Indicates MHT-CET PCM PercentileS,45113,81.0090469
06222,"Dattajirao Kadam Technical Education Society's Textile & Engineering Institute, Ichalkaranji.",,622289010,Textile Chemistry,State Level,DS,117335,33.3408586
06222,"Dattajirao Kadam Technical Education Society's Textile & Engineering Institute, Ichalkaranji.",,622289510,Textile Plant Engineering,State Level,GOPENS,35678,85.1907088
06222,"Dattajirao Kadam Technical Education Society's Textile & Engineering Institute, Ichalkaranji.",,622289510,Textile Plant Engineering,State Level,EWS,109952,39.9699925
06222,"Dattajirao Kadam Technical Education Society's Textile & Engineering Institute, Ichalkaranji.",,622289610,Textile Technology,State Level,GOPENS,55468,76.0463981
06222,"Dattajirao Kadam Technical Education Society's Textile & Engineering Institute, Ichalkaranji.",,622289610,Textile Technology,State Level,GNT1S,89451,56.656397
06222,"Dattajirao Kadam Technical Education Society's Textile & Engineering Institute, Ichalkaranji.",,622289610,Textile Technology,State Level,GOBCS,128547,21.7123399
06222,"Dattajirao Kadam Technical Education Society's Textile & Engineering Institute, Ichalkaranji.",,622289610,Textile Technology,State Level,LOPENS,97992,49.6513702
06222,"Dattajirao Kadam Technical Education Society's Textile & Engineering Institute, Ichalkaranji.",,622289610,Textile Technology,State Level,I-NonS,66161,70.6180504
06222,"Dattajirao Kadam Technical Education Society's Textile & Engineering Institute, Ichalkaranji.",,622289610,Textile Technology,State Level,VIIS,60185,73.4246062
06222,"Dattajirao Kadam Technical Education Society's Textile & Engineering Institute, Ichalkaranji.",,622291110,Computer Science and Engineering(Artificial Intelligence and Machine Learning),State Level,GSCS,74541,65.9622938
06222,"Dattajirao Kadam Technical Education Society's Textile & Engineering Institute, Ichalkaranji.",,622291110,Computer Science and Engineering(Artificial Intelligence and Machine Learning),State Level,GOBCS,22833,90.6949618
06222,"Dattajirao Kadam Technical Education Society's Textile & Engineering Institute, Ichalkaranji.",,622291110,Computer Science and Engineering(Artificial Intelligence and Machine Learning),State Level,LSCS,106664,43.224841
06223,"Pradnya Niketan Education Society's Nagesh Karajagi Orchid College of Engineering & Technology, Solapur",,622319110,Civil Engineering,State Level,"Legends:Start Character G-General, L-Ladies, End Character H-Home University, O-Other than Home University, S-State LevelS",138543,8.1440818
06223,"Pradnya Niketan Education Society's Nagesh Karajagi Orchid College of Engineering & Technology, Solapur",,622324210,Computer Science and Engineering,State Level,"Legends:Start Character G-General, L-Ladies, End Character H-Home University, O-Other than Home University, S-State LevelS",96255,51.4762755
06223,"Pradnya Niketan Education Society's Nagesh Karajagi Orchid College of Engineering & Technology, Solapur",,622324210,Computer Science and Engineering,State Level,Maharashtra State Seats - Cut Off Indicates State General Merit No. ; Figures in bracket Indicates MHT-CET PCM PercentileS,32323,86.6965956
06223,"Pradnya Niketan Education Society's Nagesh Karajagi Orchid College of Engineering & Technology, Solapur",,622329310,Electrical Engineering,State Level,"Legends:Start Character G-General, L-Ladies, End Character H-Home University, O-Other than Home University, S-State LevelS",100999,47.6387427
06223,"Pradnya Niketan Education Society's Nagesh Karajagi Orchid College of Engineering & Technology, Solapur",,622361210,Mechanical Engineering,State Level,EWS,125952,24.5412844
06223,"Pradnya Niketan Education Society's Nagesh Karajagi Orchid College of Engineering & Technology, Solapur",,622399510,Artificial Intelligence and Data Science,State Level,"Legends:Start Character G-General, L-Ladies, End Character H-Home University, O-Other than Home University, S-State LevelS",41859,82.3346823
06250,"D.Y. Patil College of Engineering and Technology, Kolhapur",,625019110,Civil Engineering,State Level,"Legends:Start Character G-General, L-Ladies, End Character H-Home University, O-Other than Home University, S-State LevelS",128526,21.7123399
06250,"D.Y. Patil College of Engineering and Technology, Kolhapur",,625019110,Civil Engineering,State Level,Maharashtra State Seats - Cut Off Indicates State General Merit No. ; Figures in bracket Indicates MHT-CET PCM PercentileS,140773,4.7604085
06250,"D.Y. Patil College of Engineering and Technology, Kolhapur",,625019110,Civil Engineering,State Level,DS,133726,15.5096512
06250,"D.Y. Patil College of Engineering and Technology, Kolhapur",,625019110,Civil Engineering,State Level,State Common Entrance Test CellS,113977,36.6068088
06250,"D.Y. Patil College of Engineering and Technology, Kolhapur",,625019110,Civil Engineering,State Level,VIIS,128748,21.5370732
06250,"D.Y. Patil College of Engineering and Technology, Kolhapur",,625024210,Computer Science and Engineering,State Level,GOPENS,28299,88.2852988
06250,"D.Y. Patil College of Engineering and Technology, Kolhapur",,625024210,Computer Science and Engineering,State Level,GVJS,55737,75.8958975
06250,"D.Y. Patil College of Engineering and Technology, Kolhapur",,625024210,Computer Science and Engineering,State Level,GOBCS,40019,83.375844
06250,"D.Y. Patil College of Engineering and Technology, Kolhapur",,625024210,Computer Science and Engineering,State Level,LOPENS,30590,87.4150328
06250,"D.Y. Patil College of Engineering and Technology, Kolhapur",,625024210,Computer Science and Engineering,State Level,DEFOBCS,17833,92.8593873
06250,"D.Y. Patil College of Engineering and Technology, Kolhapur",,625024210,Computer Science and Engineering,State Level,I-NonS,37535,84.4304792
06250,"D.Y. Patil College of Engineering and Technology, Kolhapur",,625037210,Electronics and Telecommunication Engg,State Level,GOPENS,47967,79.7413145
06250,"D.Y. Patil College of Engineering and Technology, Kolhapur",,625037210,Electronics and Telecommunication Engg,State Level,GSTS,87891,57.7272051
06250,"D.Y. Patil College of Engineering and Technology, Kolhapur",,625037210,Electronics and Telecommunication Engg,State Level,GNT3S,50461,78.4065273
06250,"D.Y. Patil College of Engineering and Technology, Kolhapur",,625037210,Electronics and Telecommunication Engg,State Level,GOBCS,60294,73.4109953
06250,"D.Y. Patil College of Engineering and Technology, Kolhapur",,625037210,Electronics and Telecommunication Engg,State Level,LOBCS,45940,80.7328826
06250,"D.Y. Patil College of Engineering and Technology, Kolhapur",,625037210,Electronics and Telecommunication Engg,State Level,VIIS,48185,79.5863208
06250,"D.Y. Patil College of Engineering and Technology, Kolhapur",,625050710,Chemical Engineering,State Level,GOPENS,84923,59.6839864
06250,"D.Y. Patil College of Engineering and Technology, Kolhapur",,625050710,Chemical Engineering,State Level,GSTS,126041,24.5412844
06250,"D.Y. Patil College of Engineering and Technology, Kolhapur",,625050710,Chemical Engineering,State Level,GOBCS,69176,69.0354573
06250,"D.Y. Patil College of Engineering and Technology, Kolhapur",,625050710,Chemical Engineering,State Level,LOPENS,102978,46.4499379
06250,"D.Y. Patil College of Engineering and Technology, Kolhapur",,625050710,Chemical Engineering,State Level,I-NonS,103885,45.9472716
06250,"D.Y. Patil College of Engineering and Technology, Kolhapur",,625050710,Chemical Engineering,State Level,VIIS,102292,46.8567142
06250,"D.Y. Patil College of Engineering and Technology, Kolhapur",,625061210,Mechanical Engineering,State Level,"Legends:Start Character G-General, L-Ladies, End Character H-Home University, O-Other than Home University, S-State LevelS",64313,71.4000828
06250,"D.Y. Patil College of Engineering and Technology, Kolhapur",,625061210,Mechanical Engineering,State Level,Maharashtra State Seats - Cut Off Indicates State General Merit No. ; Figures in bracket Indicates MHT-CET PCM PercentileS,137747,9.3640105
06250,"D.Y. Patil College of Engineering and Technology, Kolhapur",,625061210,Mechanical Engineering,State Level,DS,127686,22.6551453
06250,"D.Y. Patil College of Engineering and Technology, Kolhapur",,625061210,Mechanical Engineering,State Level,State Common Entrance Test CellS,114153,36.5842646
06250,"D.Y. Patil College of Engineering and Technology, Kolhapur",,625061210,Mechanical Engineering,State Level,Cut Off List for Maharashtra & Minority Seats of CAP Round - III for the Admission to the First Year Under Graduate Technical Courses in Engineering and Technology (4 Years) &S,112430,38.9045575
06250,"D.Y. Patil College of Engineering and Technology, Kolhapur",,625061210,Mechanical Engineering,State Level,Master of Engineering and Technology (Integrated 5 Years) Admissions A.Y. 2023-24S,50463,78.4065273
06250,"D.Y. Patil College of Engineering and Technology, Kolhapur",,625061210,Mechanical Engineering,State Level,GOPENS,114586,36.3578395
06250,"D.Y. Patil College of Engineering and Technology, Kolhapur",,625061210,Mechanical Engineering,State Level,VIIS,89977,55.8997381
06250,"D.Y. Patil College of Engineering and Technology, Kolhapur",,625091110,Computer Science and Engineering(Artificial Intelligence and Machine Learning),State Level,GOPENS,33088,86.3437564
06250,"D.Y. Patil College of Engineering and Technology, Kolhapur",,625091110,Computer Science and Engineering(Artificial Intelligence and Machine Learning),State Level,LOPENS,31393,87.0556299
06250,"D.Y. Patil College of Engineering and Technology, Kolhapur",,625091110,Computer Science and Engineering(Artificial Intelligence and Machine Learning),State Level,LSCS,89885,55.8997381
06250,"D.Y. Patil College of Engineering and Technology, Kolhapur",,625091110,Computer Science and Engineering(Artificial Intelligence and Machine Learning),State Level,EWS,23294,90.5702023
06250,"D.Y. Patil College of Engineering and Technology, Kolhapur",,625091210,Computer Science and Engineering(Data Science),State Level,GOPENS,40977,83.0041152
06250,"D.Y. Patil College of Engineering and Technology, Kolhapur",,625091210,Computer Science and Engineering(Data Science),State Level,GSCS,61799,73.0265619
06250,"D.Y. Patil College of Engineering and Technology, Kolhapur",,625091210,Computer Science and Engineering(Data Science),State Level,GSTS,48357,79.5863208
06250,"D.Y. Patil College of Engineering and Technology, Kolhapur",,625091210,Computer Science and Engineering(Data Science),State Level,GOBCS,24858,89.9662416
06250,"D.Y. Patil College of Engineering and Technology, Kolhapur",,625091210,Computer Science and Engineering(Data Science),State Level,LOPENS,58445,74.8671904
06250,"D.Y. Patil College of Engineering and Technology, Kolhapur",,625091210,Computer Science and Engineering(Data Science),State Level,VIIS,41288,82.540133
06265,"Walchand Institute of Technology, Solapur",,626519110,Civil Engineering,State Level,"Legends:Start Character G-General, L-Ladies, End Character H-Home University, O-Other than Home University, S-State LevelS",88403,56.7405028
06265,"Walchand Institute of Technology, Solapur",,626519110,Civil Engineering,State Level,Maharashtra State Seats - Cut Off Indicates State General Merit No. ; Figures in bracket Indicates MHT-CET PCM PercentileS,108687,42.2969628
06265,"Walchand Institute of Technology, Solapur",,626519110,Civil Engineering,State Level,DS,80391,62.3996115
06265,"Walchand Institute of Technology, Solapur",,626519110,Civil Engineering,State Level,MH,127983,22.0314735
06265,"Walchand Institute of Technology, Solapur",,626524210,Computer Science and Engineering,State Level,GOPENS,7494,97.1224198
06265,"Walchand Institute of Technology, Solapur",,626524210,Computer Science and Engineering,State Level,MI,27922,88.6173431
06265,"Walchand Institute of Technology, Solapur",,626524610,Information Technology,State Level,GOPENS,31310,87.0718315
06265,"Walchand Institute of Technology, Solapur",,626524610,Information Technology,State Level,LOPENS,29444,88.0318823
06265,"Walchand Institute of Technology, Solapur",,626537210,Electronics and Telecommunication Engg,State Level,GOPENS,49155,79.2648162
06265,"Walchand Institute of Technology, Solapur",,626537210,Electronics and Telecommunication Engg,State Level,LOPENS,41714,82.3346823
06265,"Walchand Institute of Technology, Solapur",,626537210,Electronics and Telecommunication Engg,State Level,MI,44553,81.1192722
06265,"Walchand Institute of Technology, Solapur",,626561510,Mechanical & Automation Engineering,State Level,"Legends:Start Character G-General, L-Ladies, End Character H-Home University, O-Other than Home University, S-State LevelS",61922,73.0265619
06265,"Walchand Institute of Technology, Solapur",,626561510,Mechanical & Automation Engineering,State Level,Maharashtra State Seats - Cut Off Indicates State General Merit No. ; Figures in bracket Indicates MHT-CET PCM PercentileS,142005,2.4494864
06265,"Walchand Institute of Technology, Solapur",,626561510,Mechanical & Automation Engineering,State Level,MH,56835,75.1725431
06265,"Walchand Institute of Technology, Solapur",,626584410,Electronics and Computer Engineering,State Level,GOPENS,37547,84.4304792
06265,"Walchand Institute of Technology, Solapur",,626584410,Electronics and Computer Engineering,State Level,LOPENS,26302,89.3527871
06265,"Walchand Institute of Technology, Solapur",,626584410,Electronics and Computer Engineering,State Level,TFWS,35404,85.3410413
06267,"Kolhapur Institute of Technology's College of Engineering(Autonomous), Kolhapur",,626708210,Bio Technology,State Level,"Legends:Start Character G-General, L-Ladies, End Character H-Home University, O-Other than Home University, S-State LevelS",109758,40.6521983
06267,"Kolhapur Institute of Technology's College of Engineering(Autonomous), Kolhapur",,626719110,Civil Engineering,State Level,GOPENS,93500,53.6496624
06267,"Kolhapur Institute of Technology's College of Engineering(Autonomous), Kolhapur",,626719110,Civil Engineering,State Level,GSCS,119813,30.9520229
06267,"Kolhapur Institute of Technology's College of Engineering(Autonomous), Kolhapur",,626719110,Civil Engineering,State Level,GNT3S,47458,79.7907966
06267,"Kolhapur Institute of Technology's College of Engineering(Autonomous), Kolhapur",,626719110,Civil Engineering,State Level,VIIS,103572,45.9664342
06267,"Kolhapur Institute of Technology's College of Engineering(Autonomous), Kolhapur",,626724210,Computer Science and Engineering,State Level,GOPENS,11237,95.6228329
06267,"Kolhapur Institute of Technology's College of Engineering(Autonomous), Kolhapur",,626724210,Computer Science and Engineering,State Level,GSCS,16467,93.4566198
06267,"Kolhapur Institute of Technology's College of Engineering(Autonomous), Kolhapur",,626724210,Computer Science and Engineering,State Level,GSTS,98649,49.6143282
06267,"Kolhapur Institute of Technology's College of Engineering(Autonomous), Kolhapur",,626724210,Computer Science and Engineering,State Level,GNT3S,14440,94.3248312
06267,"Kolhapur Institute of Technology's College of Engineering(Autonomous), Kolhapur",,626724210,Computer Science and Engineering,State Level,LSCS,40713,83.1704016
06267,"Kolhapur Institute of Technology's College of Engineering(Autonomous), Kolhapur",,626724210,Computer Science and Engineering,State Level,EWS,10667,95.8529269
06267,"Kolhapur Institute of Technology's College of Engineering(Autonomous), Kolhapur",,626726210,Computer Science and Business Systems,State Level,GOPENS,20019,91.889263
06267,"Kolhapur Institute of Technology's College of Engineering(Autonomous), Kolhapur",,626726210,Computer Science and Business Systems,State Level,GSCS,27757,88.6695314
06267,"Kolhapur Institute of Technology's College of Engineering(Autonomous), Kolhapur",,626726210,Computer Science and Business Systems,State Level,GSTS,24517,90.0488423
06267,"Kolhapur Institute of Technology's College of Engineering(Autonomous), Kolhapur",,626726210,Computer Science and Business Systems,State Level,GOBCS,21204,91.3774931
06267,"Kolhapur Institute of Technology's College of Engineering(Autonomous), Kolhapur",,626726210,Computer Science and Business Systems,State Level,LOPENS,70459,68.3823818
06267,"Kolhapur Institute of Technology's College of Engineering(Autonomous), Kolhapur",,626726210,Computer Science and Business Systems,State Level,LSCS,17303,93.09626
06267,"Kolhapur Institute of Technology's College of Engineering(Autonomous), Kolhapur",,626726210,Computer Science and Business Systems,State Level,VIIS,21113,91.4358152
06267,"Kolhapur Institute of Technology's College of Engineering(Autonomous), Kolhapur",,626729310,Electrical Engineering,State Level,"Legends:Start Character G-General, L-Ladies, End Character H-Home University, O-Other than Home University, S-State LevelS",33691,86.0518493
06267,"Kolhapur Institute of Technology's College of Engineering(Autonomous), Kolhapur",,626729310,Electrical Engineering,State Level,Maharashtra State Seats - Cut Off Indicates State General Merit No. ; Figures in bracket Indicates MHT-CET PCM PercentileS,73656,66.4309764
06267,"Kolhapur Institute of Technology's College of Engineering(Autonomous), Kolhapur",,626737210,Electronics and Telecommunication Engg,State Level,GOPENS,25504,89.690179
06267,"Kolhapur Institute of Technology's College of Engineering(Autonomous), Kolhapur",,626737210,Electronics and Telecommunication Engg,State Level,GOBCS,34235,85.9227307
06267,"Kolhapur Institute of Technology's College of Engineering(Autonomous), Kolhapur",,626737210,Electronics and Telecommunication Engg,State Level,LOBCS,52828,77.4193548
06267,"Kolhapur Institute of Technology's College of Engineering(Autonomous), Kolhapur",,626737210,Electronics and Telecommunication Engg,State Level,EWS,24204,90.1789743
06267,"Kolhapur Institute of Technology's College of Engineering(Autonomous), Kolhapur",,626761210,Mechanical Engineering,State Level,GOPENS,61510,73.1851907
06267,"Kolhapur Institute of Technology's College of Engineering(Autonomous), Kolhapur",,626761210,Mechanical Engineering,State Level,GSCS,113424,37.1297299
06267,"Kolhapur Institute of Technology's College of Engineering(Autonomous), Kolhapur",,626761210,Mechanical Engineering,State Level,GNT2S,70531,68.3823818
06267,"Kolhapur Institute of Technology's College of Engineering(Autonomous), Kolhapur",,626761210,Mechanical Engineering,State Level,GOBCS,75127,65.3263316
06267,"Kolhapur Institute of Technology's College of Engineering(Autonomous), Kolhapur",,626761210,Mechanical Engineering,State Level,LOPENS,79349,62.7898492
06267,"Kolhapur Institute of Technology's College of Engineering(Autonomous), Kolhapur",,626761210,Mechanical Engineering,State Level,LOBCS,122633,28.3793174
06267,"Kolhapur Institute of Technology's College of Engineering(Autonomous), Kolhapur",,626761210,Mechanical Engineering,State Level,PWDOPENS,60919,73.2701208
06267,"Kolhapur Institute of Technology's College of Engineering(Autonomous), Kolhapur",,626761210,Mechanical Engineering,State Level,I-NonS,60334,73.4109953
06267,"Kolhapur Institute of Technology's College of Engineering(Autonomous), Kolhapur",,626761210,Mechanical Engineering,State Level,VIIS,66458,70.5106049
06267,"Kolhapur Institute of Technology's College of Engineering(Autonomous), Kolhapur",,626791110,Computer Science and Engineering(Artificial Intelligence and Machine Learning),State Level,LOBCS,24478,90.0942655
06267,"Kolhapur Institute of Technology's College of Engineering(Autonomous), Kolhapur",,626791110,Computer Science and Engineering(Artificial Intelligence and Machine Learning),State Level,TFWS,8443,96.7141785
06267,"Kolhapur Institute of Technology's College of Engineering(Autonomous), Kolhapur",,626791210,Computer Science and Engineering(Data Science),State Level,"Legends:Start Character G-General, L-Ladies, End Character H-Home University, O-Other than Home University, S-State LevelS",13002,94.8759338
06267,"Kolhapur Institute of Technology's College of Engineering(Autonomous), Kolhapur",,626791210,Computer Science and Engineering(Data Science),State Level,VIIS,13902,94.5454545
06267,"Kolhapur Institute of Technology's College of Engineering(Autonomous), Kolhapur",,626792210,Civil and Environmental Engineering,State Level,GOPENS,133879,15.1933187
06267,"Kolhapur Institute of Technology's College of Engineering(Autonomous), Kolhapur",,626792210,Civil and Environmental Engineering,State Level,LOPENS,95079,52.5521047
06268,"Tatyasaheb Kore Institute of Engineering and Technology, Warananagar",,626819110,Civil Engineering,State Level,"Legends:Start Character G-General, L-Ladies, End Character H-Home University, O-Other than Home University, S-State LevelS",104259,45.8483896
06268,"Tatyasaheb Kore Institute of Engineering and Technology, Warananagar",,626819110,Civil Engineering,State Level,Maharashtra State Seats - Cut Off Indicates State General Merit No. ; Figures in bracket Indicates MHT-CET PCM PercentileS,132264,17.0292573
06268,"Tatyasaheb Kore Institute of Engineering and Technology, Warananagar",,626824210,Computer Science and Engineering,State Level,GOPENS,37606,84.3950599
06268,"Tatyasaheb Kore Institute of Engineering and Technology, Warananagar",,626824210,Computer Science and Engineering,State Level,GSCS,68023,69.597699
06268,"Tatyasaheb Kore Institute of Engineering and Technology, Warananagar",,626824210,Computer Science and Engineering,State Level,GOBCS,50712,78.3430016
06268,"Tatyasaheb Kore Institute of Engineering and Technology, Warananagar",,626824210,Computer Science and Engineering,State Level,LOPENS,37350,84.4494892
06268,"Tatyasaheb Kore Institute of Engineering and Technology, Warananagar",,626824210,Computer Science and Engineering,State Level,LNT2S,66686,70.2813361
06268,"Tatyasaheb Kore Institute of Engineering and Technology, Warananagar",,626824210,Computer Science and Engineering,State Level,LOBCS,52654,77.4193548
06268,"Tatyasaheb Kore Institute of Engineering and Technology, Warananagar",,626824210,Computer Science and Engineering,State Level,TFWS,27264,88.8621945
06268,"Tatyasaheb Kore Institute of Engineering and Technology, Warananagar",,626824210,Computer Science and Engineering,State Level,EWS,27976,88.5960295
06268,"Tatyasaheb Kore Institute of Engineering and Technology, Warananagar",,626837210,Electronics and Telecommunication Engg,State Level,GOPENS,47638,79.7907966
06268,"Tatyasaheb Kore Institute of Engineering and Technology, Warananagar",,626837210,Electronics and Telecommunication Engg,State Level,GSCS,96718,51.0567213
06268,"Tatyasaheb Kore Institute of Engineering and Technology, Warananagar",,626837210,Electronics and Telecommunication Engg,State Level,GOBCS,70809,67.9544349
06268,"Tatyasaheb Kore Institute of Engineering and Technology, Warananagar",,626837210,Electronics and Telecommunication Engg,State Level,LVJS,106597,43.224841
06268,"Tatyasaheb Kore Institute of Engineering and Technology, Warananagar",,626837210,Electronics and Telecommunication Engg,State Level,DEFOPENS,24103,90.1850615
06268,"Tatyasaheb Kore Institute of Engineering and Technology, Warananagar",,626837210,Electronics and Telecommunication Engg,State Level,TFWS,46301,80.4126032
06268,"Tatyasaheb Kore Institute of Engineering and Technology, Warananagar",,626837210,Electronics and Telecommunication Engg,State Level,VIIS,50177,78.4161664
06268,"Tatyasaheb Kore Institute of Engineering and Technology, Warananagar",,626850710,Chemical Engineering,State Level,GOPENS,55660,75.8958975
06268,"Tatyasaheb Kore Institute of Engineering and Technology, Warananagar",,626850710,Chemical Engineering,State Level,GSCS,130437,19.1048437
06268,"Tatyasaheb Kore Institute of Engineering and Technology, Warananagar",,626850710,Chemical Engineering,State Level,GOBCS,120034,30.5964599
06268,"Tatyasaheb Kore Institute of Engineering and Technology, Warananagar",,626850710,Chemical Engineering,State Level,LSTS,93867,53.1660451
06268,"Tatyasaheb Kore Institute of Engineering and Technology, Warananagar",,626850710,Chemical Engineering,State Level,VIIS,86088,58.7124464
06268,"Tatyasaheb Kore Institute of Engineering and Technology, Warananagar",,626861210,Mechanical Engineering,State Level,"Legends:Start Character G-General, L-Ladies, End Character H-Home University, O-Other than Home University, S-State LevelS",128024,22.0314735
06268,"Tatyasaheb Kore Institute of Engineering and Technology, Warananagar",,626861210,Mechanical Engineering,State Level,Maharashtra State Seats - Cut Off Indicates State General Merit No. ; Figures in bracket Indicates MHT-CET PCM PercentileS,132518,16.3662375
06268,"Tatyasaheb Kore Institute of Engineering and Technology, Warananagar",,626861210,Mechanical Engineering,State Level,DS,106885,43.1162283
06268,"Tatyasaheb Kore Institute of Engineering and Technology, Warananagar",,626861210,Mechanical Engineering,State Level,State Common Entrance Test CellS,112346,38.9045575
06268,"Tatyasaheb Kore Institute of Engineering and Technology, Warananagar",,626861210,Mechanical Engineering,State Level,VIIS,134577,13.8442673
06269,"Shetkari Shikshan Mandal's Pad. Vasantraodada Patil Institute of Technology, Budhgaon, Sangli",,626919110,Civil Engineering,State Level,"Legends:Start Character G-General, L-Ladies, End Character H-Home University, O-Other than Home University, S-State LevelS",100616,48.0589023
06269,"Shetkari Shikshan Mandal's Pad. Vasantraodada Patil Institute of Technology, Budhgaon, Sangli",,626924210,Computer Science and Engineering,State Level,"Legends:Start Character G-General, L-Ladies, End Character H-Home University, O-Other than Home University, S-State LevelS",40882,83.0041152
06269,"Shetkari Shikshan Mandal's Pad. Vasantraodada Patil Institute of Technology, Budhgaon, Sangli",,626937210,Electronics and Telecommunication Engg,State Level,"Legends:Start Character G-General, L-Ladies, End Character H-Home University, O-Other than Home University, S-State LevelS",63402,71.8303504
06269,"Shetkari Shikshan Mandal's Pad. Vasantraodada Patil Institute of Technology, Budhgaon, Sangli",,626937210,Electronics and Telecommunication Engg,State Level,Maharashtra State Seats - Cut Off Indicates State General Merit No. ; Figures in bracket Indicates MHT-CET PCM PercentileS,78620,63.6508999
06269,"Shetkari Shikshan Mandal's Pad. Vasantraodada Patil Institute of Technology, Budhgaon, Sangli",,626961210,Mechanical Engineering,State Level,EWS,96764,51.0567213
06269,"Shetkari Shikshan Mandal's Pad. Vasantraodada Patil Institute of Technology, Budhgaon, Sangli",,626990010,Electronics and Computer Science,State Level,"Legends:Start Character G-General, L-Ladies, End Character H-Home University, O-Other than Home University, S-State LevelS",68451,69.3042857
06269,"Shetkari Shikshan Mandal's Pad. Vasantraodada Patil Institute of Technology, Budhgaon, Sangli",,626992510,Computer Science and Engineering (Artificial Intelligence and Data Science),State Level,"Legends:Start Character G-General, L-Ladies, End Character H-Home University, O-Other than Home University, S-State LevelS",58736,74.4658288
06269,"Shetkari Shikshan Mandal's Pad. Vasantraodada Patil Institute of Technology, Budhgaon, Sangli",,626992610,Electrical and Computer Engineering,State Level,"Legends:Start Character G-General, L-Ladies, End Character H-Home University, O-Other than Home University, S-State LevelS",80662,61.6881259
06270,"Rayat Shikshan Sanstha's Karmaveer Bhaurao Patil College of Engineering, Satara",,627024210,Computer Science and Engineering,State Level,"Legends:Start Character G-General, L-Ladies, End Character H-Home University, O-Other than Home University, S-State LevelS",38327,84.2006246
06270,"Rayat Shikshan Sanstha's Karmaveer Bhaurao Patil College of Engineering, Satara",,627037210,Electronics and Telecommunication Engg,State Level,"Legends:Start Character G-General, L-Ladies, End Character H-Home University, O-Other than Home University, S-State LevelS",53764,76.839044
06270,"Rayat Shikshan Sanstha's Karmaveer Bhaurao Patil College of Engineering, Satara",,627037210,Electronics and Telecommunication Engg,State Level,VIIS,67355,69.6924231
06270,"Rayat Shikshan Sanstha's Karmaveer Bhaurao Patil College of Engineering, Satara",,627061210,Mechanical Engineering,State Level,"Legends:Start Character G-General, L-Ladies, End Character H-Home University, O-Other than Home University, S-State LevelS",71989,67.1534217
06271,"Pune Institute of Computer Technology, Dhankavdi, Pune",,627124510,Computer Engineering,State Level,"Legends:Start Character G-General, L-Ladies, End Character H-Home University, O-Other than Home University, S-State LevelS",633,99.708193
06271,"Pune Institute of Computer Technology, Dhankavdi, Pune",,627124510,Computer Engineering,State Level,Maharashtra State Seats - Cut Off Indicates State General Merit No. ; Figures in bracket Indicates MHT-CET PCM PercentileS,1068,99.5463335
06271,"Pune Institute of Computer Technology, Dhankavdi, Pune",,627124610,Information Technology,State Level,"Legends:Start Character G-General, L-Ladies, End Character H-Home University, O-Other than Home University, S-State LevelS",1229,99.4854674
06271,"Pune Institute of Computer Technology, Dhankavdi, Pune",,627124610,Information Technology,State Level,Maharashtra State Seats - Cut Off Indicates State General Merit No. ; Figures in bracket Indicates MHT-CET PCM PercentileS,1518,99.3716556
06271,"Pune Institute of Computer Technology, Dhankavdi, Pune",,627126310,Artificial Intelligence (AI) and Data Science,State Level,"Legends:Start Character G-General, L-Ladies, End Character H-Home University, O-Other than Home University, S-State LevelS",1331,99.4396922
06271,"Pune Institute of Computer Technology, Dhankavdi, Pune",,627126310,Artificial Intelligence (AI) and Data Science,State Level,Maharashtra State Seats - Cut Off Indicates State General Merit No. ; Figures in bracket Indicates MHT-CET PCM PercentileS,1709,99.2971888
06271,"Pune Institute of Computer Technology, Dhankavdi, Pune",,627137210,Electronics and Telecommunication Engg,State Level,"Legends:Start Character G-General, L-Ladies, End Character H-Home University, O-Other than Home University, S-State LevelS",2202,99.1122102
06271,"Pune Institute of Computer Technology, Dhankavdi, Pune",,627137210,Electronics and Telecommunication Engg,State Level,Maharashtra State Seats - Cut Off Indicates State General Merit No. ; Figures in bracket Indicates MHT-CET PCM PercentileS,4095,98.3975197
06271,"Pune Institute of Computer Technology, Dhankavdi, Pune",,627184410,Electronics and Computer Engineering,State Level,"Legends:Start Character G-General, L-Ladies, End Character H-Home University, O-Other than Home University, S-State LevelS",1945,99.2098431
06271,"Pune Institute of Computer Technology, Dhankavdi, Pune",,627184410,Electronics and Computer Engineering,State Level,Maharashtra State Seats - Cut Off Indicates State General Merit No. ; Figures in bracket Indicates MHT-CET PCM PercentileS,2425,99.0336893
06272,"Dr. D. Y. Patil Pratishthan's D.Y.Patil College of Engineering Akurdi, Pune",,627219110,Civil Engineering,State Level,"Legends:Start Character G-General, L-Ladies, End Character H-Home University, O-Other than Home University, S-State LevelS",49428,78.8754662
06272,"Dr. D. Y. Patil Pratishthan's D.Y.Patil College of Engineering Akurdi, Pune",,627219110,Civil Engineering,State Level,I-NonS,56387,75.3496766
06272,"Dr. D. Y. Patil Pratishthan's D.Y.Patil College of Engineering Akurdi, Pune",,627221910,Robotics and Automation,State Level,"Legends:Start Character G-General, L-Ladies, End Character H-Home University, O-Other than Home University, S-State LevelS",73805,66.3914919
06272,"Dr. D. Y. Patil Pratishthan's D.Y.Patil College of Engineering Akurdi, Pune",,627221910,Robotics and Automation,State Level,Maharashtra State Seats - Cut Off Indicates State General Merit No. ; Figures in bracket Indicates MHT-CET PCM PercentileS,11530,95.4956977
06272,"Dr. D. Y. Patil Pratishthan's D.Y.Patil College of Engineering Akurdi, Pune",,627221910,Robotics and Automation,State Level,DS,27100,88.9154021
06272,"Dr. D. Y. Patil Pratishthan's D.Y.Patil College of Engineering Akurdi, Pune",,627224510,Computer Engineering,State Level,"Legends:Start Character G-General, L-Ladies, End Character H-Home University, O-Other than Home University, S-State LevelS",6253,97.5903614
06272,"Dr. D. Y. Patil Pratishthan's D.Y.Patil College of Engineering Akurdi, Pune",,627224510,Computer Engineering,State Level,VIIS,6783,97.3792778
06272,"Dr. D. Y. Patil Pratishthan's D.Y.Patil College of Engineering Akurdi, Pune",,627224610,Information Technology,State Level,"Legends:Start Character G-General, L-Ladies, End Character H-Home University, O-Other than Home University, S-State LevelS",17410,93.0638884
06272,"Dr. D. Y. Patil Pratishthan's D.Y.Patil College of Engineering Akurdi, Pune",,627224610,Information Technology,State Level,Maharashtra State Seats - Cut Off Indicates State General Merit No. ; Figures in bracket Indicates MHT-CET PCM PercentileS,8630,96.6552799
06272,"Dr. D. Y. Patil Pratishthan's D.Y.Patil College of Engineering Akurdi, Pune",,627237210,Electronics and Telecommunication Engg,State Level,"Legends:Start Character G-General, L-Ladies, End Character H-Home University, O-Other than Home University, S-State LevelS",33730,86.0518493
06272,"Dr. D. Y. Patil Pratishthan's D.Y.Patil College of Engineering Akurdi, Pune",,627237210,Electronics and Telecommunication Engg,State Level,Maharashtra State Seats - Cut Off Indicates State General Merit No. ; Figures in bracket Indicates MHT-CET PCM PercentileS,10802,95.7719768
06272,"Dr. D. Y. Patil Pratishthan's D.Y.Patil College of Engineering Akurdi, Pune",,627237210,Electronics and Telecommunication Engg,State Level,DS,14703,94.1946157
06272,"Dr. D. Y. Patil Pratishthan's D.Y.Patil College of Engineering Akurdi, Pune",,627246610,Instrumentation Engineering,State Level,"Legends:Start Character G-General, L-Ladies, End Character H-Home University, O-Other than Home University, S-State LevelS",32564,86.6370673
06272,"Dr. D. Y. Patil Pratishthan's D.Y.Patil College of Engineering Akurdi, Pune",,627246610,Instrumentation Engineering,State Level,I-NonS,27482,88.7938441
06272,"Dr. D. Y. Patil Pratishthan's D.Y.Patil College of Engineering Akurdi, Pune",,627261210,Mechanical Engineering,State Level,"Legends:Start Character G-General, L-Ladies, End Character H-Home University, O-Other than Home University, S-State LevelS",79652,62.7344336
06272,"Dr. D. Y. Patil Pratishthan's D.Y.Patil College of Engineering Akurdi, Pune",,627261210,Mechanical Engineering,State Level,Maharashtra State Seats - Cut Off Indicates State General Merit No. ; Figures in bracket Indicates MHT-CET PCM PercentileS,20611,91.7108778
06272,"Dr. D. Y. Patil Pratishthan's D.Y.Patil College of Engineering Akurdi, Pune",,627261210,Mechanical Engineering,State Level,DS,36949,84.5084815
06272,"Dr. D. Y. Patil Pratishthan's D.Y.Patil College of Engineering Akurdi, Pune",,627299510,Artificial Intelligence and Data Science,State Level,"Legends:Start Character G-General, L-Ladies, End Character H-Home University, O-Other than Home University, S-State LevelS",7599,97.0565164
06272,"Dr. D. Y. Patil Pratishthan's D.Y.Patil College of Engineering Akurdi, Pune",,627299510,Artificial Intelligence and Data Science,State Level,Maharashtra State Seats - Cut Off Indicates State General Merit No. ; Figures in bracket Indicates MHT-CET PCM PercentileS,10902,95.740678
06273,"Bansilal Ramnath Agarawal Charitable Trust's Vishwakarma Institute of Technology, Bibwewadi, Pune",,627324510,Computer Engineering,State Level,"Legends:Start Character G-General, L-Ladies, End Character H-Home University, O-Other than Home University, S-State LevelS",2092,99.1633936
06273,"Bansilal Ramnath Agarawal Charitable Trust's Vishwakarma Institute of Technology, Bibwewadi, Pune",,627324510,Computer Engineering,State Level,Maharashtra State Seats - Cut Off Indicates State General Merit No. ; Figures in bracket Indicates MHT-CET PCM PercentileS,7520,97.118102
06273,"Bansilal Ramnath Agarawal Charitable Trust's Vishwakarma Institute of Technology, Bibwewadi, Pune",,627324510,Computer Engineering,State Level,DS,19591,92.1445405
06273,"Bansilal Ramnath Agarawal Charitable Trust's Vishwakarma Institute of Technology, Bibwewadi, Pune",,627324510,Computer Engineering,State Level,State Common Entrance Test CellS,2406,99.045524
06273,"Bansilal Ramnath Agarawal Charitable Trust's Vishwakarma Institute of Technology, Bibwewadi, Pune",,627324510,Computer Engineering,State Level,Cut Off List for Maharashtra & Minority Seats of CAP Round - III for the Admission to the First Year Under Graduate Technical Courses in Engineering and Technology (4 Years) &S,2724,98.9364867
06273,"Bansilal Ramnath Agarawal Charitable Trust's Vishwakarma Institute of Technology, Bibwewadi, Pune",,627324510,Computer Engineering,State Level,Master of Engineering and Technology (Integrated 5 Years) Admissions A.Y. 2023-24S,5219,97.9903627
06273,"Bansilal Ramnath Agarawal Charitable Trust's Vishwakarma Institute of Technology, Bibwewadi, Pune",,627324510,Computer Engineering,State Level,GOPENS,3622,98.5811578
06273,"Bansilal Ramnath Agarawal Charitable Trust's Vishwakarma Institute of Technology, Bibwewadi, Pune",,627324510,Computer Engineering,State Level,GSCS,2090,99.1633936
06273,"Bansilal Ramnath Agarawal Charitable Trust's Vishwakarma Institute of Technology, Bibwewadi, Pune",,627324610,Information Technology,State Level,GOPENS,2735,98.9338939
06273,"Bansilal Ramnath Agarawal Charitable Trust's Vishwakarma Institute of Technology, Bibwewadi, Pune",,627324610,Information Technology,State Level,GSCS,10217,96.0251375
06273,"Bansilal Ramnath Agarawal Charitable Trust's Vishwakarma Institute of Technology, Bibwewadi, Pune",,627324610,Information Technology,State Level,GSTS,27273,88.8028432
06273,"Bansilal Ramnath Agarawal Charitable Trust's Vishwakarma Institute of Technology, Bibwewadi, Pune",,627324610,Information Technology,State Level,GNT3S,3250,98.7205387
06273,"Bansilal Ramnath Agarawal Charitable Trust's Vishwakarma Institute of Technology, Bibwewadi, Pune",,627324610,Information Technology,State Level,GOBCS,3065,98.7987537
06273,"Bansilal Ramnath Agarawal Charitable Trust's Vishwakarma Institute of Technology, Bibwewadi, Pune",,627324610,Information Technology,State Level,LOPENS,3886,98.497446
06273,"Bansilal Ramnath Agarawal Charitable Trust's Vishwakarma Institute of Technology, Bibwewadi, Pune",,627324610,Information Technology,State Level,DEFOPENS,6635,97.4666143
06273,"Bansilal Ramnath Agarawal Charitable Trust's Vishwakarma Institute of Technology, Bibwewadi, Pune",,627324610,Information Technology,State Level,ORPHAN,3041,98.8026179
06273,"Bansilal Ramnath Agarawal Charitable Trust's Vishwakarma Institute of Technology, Bibwewadi, Pune",,627324610,Information Technology,State Level,VIIS,2756,98.9058505
06273,"Bansilal Ramnath Agarawal Charitable Trust's Vishwakarma Institute of Technology, Bibwewadi, Pune",,627337210,Electronics and Telecommunication Engg,State Level,GOPENS,5478,97.8868814
06273,"Bansilal Ramnath Agarawal Charitable Trust's Vishwakarma Institute of Technology, Bibwewadi, Pune",,627337210,Electronics and Telecommunication Engg,State Level,GSCS,19037,92.3494201
06273,"Bansilal Ramnath Agarawal Charitable Trust's Vishwakarma Institute of Technology, Bibwewadi, Pune",,627337210,Electronics and Telecommunication Engg,State Level,GSTS,77232,64.2666767
06273,"Bansilal Ramnath Agarawal Charitable Trust's Vishwakarma Institute of Technology, Bibwewadi, Pune",,627337210,Electronics and Telecommunication Engg,State Level,GNT2S,7647,97.0463182
06273,"Bansilal Ramnath Agarawal Charitable Trust's Vishwakarma Institute of Technology, Bibwewadi, Pune",,627337210,Electronics and Telecommunication Engg,State Level,GOBCS,6612,97.4695443
06273,"Bansilal Ramnath Agarawal Charitable Trust's Vishwakarma Institute of Technology, Bibwewadi, Pune",,627337210,Electronics and Telecommunication Engg,State Level,LOPENS,7125,97.2580645
06273,"Bansilal Ramnath Agarawal Charitable Trust's Vishwakarma Institute of Technology, Bibwewadi, Pune",,627337210,Electronics and Telecommunication Engg,State Level,LSCS,22492,90.9043132
06273,"Bansilal Ramnath Agarawal Charitable Trust's Vishwakarma Institute of Technology, Bibwewadi, Pune",,627337210,Electronics and Telecommunication Engg,State Level,PWDOPENS,137048,10.6046914
06273,"Bansilal Ramnath Agarawal Charitable Trust's Vishwakarma Institute of Technology, Bibwewadi, Pune",,627337210,Electronics and Telecommunication Engg,State Level,PWDOBCS,4787,98.1450126
06273,"Bansilal Ramnath Agarawal Charitable Trust's Vishwakarma Institute of Technology, Bibwewadi, Pune",,627337210,Electronics and Telecommunication Engg,State Level,TFWS,5985,97.6944816
06273,"Bansilal Ramnath Agarawal Charitable Trust's Vishwakarma Institute of Technology, Bibwewadi, Pune",,627337210,Electronics and Telecommunication Engg,State Level,I-NonS,6804,97.3774785
06273,"Bansilal Ramnath Agarawal Charitable Trust's Vishwakarma Institute of Technology, Bibwewadi, Pune",,627337210,Electronics and Telecommunication Engg,State Level,VIIS,5588,97.8563412
06273,"Bansilal Ramnath Agarawal Charitable Trust's Vishwakarma Institute of Technology, Bibwewadi, Pune",,627346410,Instrumentation and Control Engineering,State Level,GOPENS,14762,94.1664477
06273,"Bansilal Ramnath Agarawal Charitable Trust's Vishwakarma Institute of Technology, Bibwewadi, Pune",,627346410,Instrumentation and Control Engineering,State Level,GSTS,54963,76.6166542
06273,"Bansilal Ramnath Agarawal Charitable Trust's Vishwakarma Institute of Technology, Bibwewadi, Pune",,627346410,Instrumentation and Control Engineering,State Level,I-NonS,12295,95.1695672
06273,"Bansilal Ramnath Agarawal Charitable Trust's Vishwakarma Institute of Technology, Bibwewadi, Pune",,627346410,Instrumentation and Control Engineering,State Level,VIIS,15011,94.0441452
06273,"Bansilal Ramnath Agarawal Charitable Trust's Vishwakarma Institute of Technology, Bibwewadi, Pune",,627350710,Chemical Engineering,State Level,"Legends:Start Character G-General, L-Ladies, End Character H-Home University, O-Other than Home University, S-State LevelS",15380,93.9373698
06273,"Bansilal Ramnath Agarawal Charitable Trust's Vishwakarma Institute of Technology, Bibwewadi, Pune",,627350710,Chemical Engineering,State Level,Maharashtra State Seats - Cut Off Indicates State General Merit No. ; Figures in bracket Indicates MHT-CET PCM PercentileS,59897,73.642653
06273,"Bansilal Ramnath Agarawal Charitable Trust's Vishwakarma Institute of Technology, Bibwewadi, Pune",,627350710,Chemical Engineering,State Level,DS,26685,89.1600241
06273,"Bansilal Ramnath Agarawal Charitable Trust's Vishwakarma Institute of Technology, Bibwewadi, Pune",,627350710,Chemical Engineering,State Level,State Common Entrance Test CellS,33528,86.1075077
06273,"Bansilal Ramnath Agarawal Charitable Trust's Vishwakarma Institute of Technology, Bibwewadi, Pune",,627350710,Chemical Engineering,State Level,Cut Off List for Maharashtra & Minority Seats of CAP Round - III for the Admission to the First Year Under Graduate Technical Courses in Engineering and Technology (4 Years) &S,85884,58.7124464
06273,"Bansilal Ramnath Agarawal Charitable Trust's Vishwakarma Institute of Technology, Bibwewadi, Pune",,627350710,Chemical Engineering,State Level,Master of Engineering and Technology (Integrated 5 Years) Admissions A.Y. 2023-24S,23171,90.6234798
06273,"Bansilal Ramnath Agarawal Charitable Trust's Vishwakarma Institute of Technology, Bibwewadi, Pune",,627350710,Chemical Engineering,State Level,VIIS,16191,93.5395473
06273,"Bansilal Ramnath Agarawal Charitable Trust's Vishwakarma Institute of Technology, Bibwewadi, Pune",,627361210,Mechanical Engineering,State Level,GOPENS,9586,96.2758209
06273,"Bansilal Ramnath Agarawal Charitable Trust's Vishwakarma Institute of Technology, Bibwewadi, Pune",,627361210,Mechanical Engineering,State Level,GSTS,87714,57.7272051
06273,"Bansilal Ramnath Agarawal Charitable Trust's Vishwakarma Institute of Technology, Bibwewadi, Pune",,627361210,Mechanical Engineering,State Level,GOBCS,9692,96.2372349
06273,"Bansilal Ramnath Agarawal Charitable Trust's Vishwakarma Institute of Technology, Bibwewadi, Pune",,627361210,Mechanical Engineering,State Level,LOPENS,17168,93.1305459
06273,"Bansilal Ramnath Agarawal Charitable Trust's Vishwakarma Institute of Technology, Bibwewadi, Pune",,627361210,Mechanical Engineering,State Level,LSTS,8465,96.7141785
06273,"Bansilal Ramnath Agarawal Charitable Trust's Vishwakarma Institute of Technology, Bibwewadi, Pune",,627361210,Mechanical Engineering,State Level,TFWS,12247,95.1695672
06273,"Bansilal Ramnath Agarawal Charitable Trust's Vishwakarma Institute of Technology, Bibwewadi, Pune",,627361210,Mechanical Engineering,State Level,VIIS,10415,95.9457938
06273,"Bansilal Ramnath Agarawal Charitable Trust's Vishwakarma Institute of Technology, Bibwewadi, Pune",,627391110,Computer Science and Engineering(Artificial Intelligence and Machine Learning),State Level,GOPENS,3021,98.8080914
06273,"Bansilal Ramnath Agarawal Charitable Trust's Vishwakarma Institute of Technology, Bibwewadi, Pune",,627391110,Computer Science and Engineering(Artificial Intelligence and Machine Learning),State Level,GSCS,8272,96.8134847
06273,"Bansilal Ramnath Agarawal Charitable Trust's Vishwakarma Institute of Technology, Bibwewadi, Pune",,627391110,Computer Science and Engineering(Artificial Intelligence and Machine Learning),State Level,GOBCS,3300,98.7018851
06273,"Bansilal Ramnath Agarawal Charitable Trust's Vishwakarma Institute of Technology, Bibwewadi, Pune",,627391110,Computer Science and Engineering(Artificial Intelligence and Machine Learning),State Level,LOPENS,4529,98.2487433
06273,"Bansilal Ramnath Agarawal Charitable Trust's Vishwakarma Institute of Technology, Bibwewadi, Pune",,627391110,Computer Science and Engineering(Artificial Intelligence and Machine Learning),State Level,LNT2S,10162,96.0379275
06273,"Bansilal Ramnath Agarawal Charitable Trust's Vishwakarma Institute of Technology, Bibwewadi, Pune",,627391110,Computer Science and Engineering(Artificial Intelligence and Machine Learning),State Level,DEFOPENS,9430,96.3249371
06273,"Bansilal Ramnath Agarawal Charitable Trust's Vishwakarma Institute of Technology, Bibwewadi, Pune",,627391110,Computer Science and Engineering(Artificial Intelligence and Machine Learning),State Level,EWS,3271,98.716168
06273,"Bansilal Ramnath Agarawal Charitable Trust's Vishwakarma Institute of Technology, Bibwewadi, Pune",,627391310,Computer Science and Engineering (Artificial Intelligence),State Level,GOPENS,3502,98.6241261
06273,"Bansilal Ramnath Agarawal Charitable Trust's Vishwakarma Institute of Technology, Bibwewadi, Pune",,627391310,Computer Science and Engineering (Artificial Intelligence),State Level,GSCS,10270,96.024006
06273,"Bansilal Ramnath Agarawal Charitable Trust's Vishwakarma Institute of Technology, Bibwewadi, Pune",,627391310,Computer Science and Engineering (Artificial Intelligence),State Level,GNT1S,6817,97.3774785
06273,"Bansilal Ramnath Agarawal Charitable Trust's Vishwakarma Institute of Technology, Bibwewadi, Pune",,627391310,Computer Science and Engineering (Artificial Intelligence),State Level,LSCS,17720,92.9051391
06273,"Bansilal Ramnath Agarawal Charitable Trust's Vishwakarma Institute of Technology, Bibwewadi, Pune",,627391310,Computer Science and Engineering (Artificial Intelligence),State Level,LNT2S,11502,95.5065881
06273,"Bansilal Ramnath Agarawal Charitable Trust's Vishwakarma Institute of Technology, Bibwewadi, Pune",,627399510,Artificial Intelligence and Data Science,State Level,"Legends:Start Character G-General, L-Ladies, End Character H-Home University, O-Other than Home University, S-State LevelS",3632,98.5810278
06273,"Bansilal Ramnath Agarawal Charitable Trust's Vishwakarma Institute of Technology, Bibwewadi, Pune",,627399510,Artificial Intelligence and Data Science,State Level,Maharashtra State Seats - Cut Off Indicates State General Merit No. ; Figures in bracket Indicates MHT-CET PCM PercentileS,11609,95.4434895
06273,"Bansilal Ramnath Agarawal Charitable Trust's Vishwakarma Institute of Technology, Bibwewadi, Pune",,627399510,Artificial Intelligence and Data Science,State Level,DS,37396,84.4494892
06273,"Bansilal Ramnath Agarawal Charitable Trust's Vishwakarma Institute of Technology, Bibwewadi, Pune",,627399510,Artificial Intelligence and Data Science,State Level,State Common Entrance Test CellS,3914,98.4828202
06273,"Bansilal Ramnath Agarawal Charitable Trust's Vishwakarma Institute of Technology, Bibwewadi, Pune",,627399510,Artificial Intelligence and Data Science,State Level,Cut Off List for Maharashtra & Minority Seats of CAP Round - III for the Admission to the First Year Under Graduate Technical Courses in Engineering and Technology (4 Years) &S,19090,92.3146438
06273,"Bansilal Ramnath Agarawal Charitable Trust's Vishwakarma Institute of Technology, Bibwewadi, Pune",,627399510,Artificial Intelligence and Data Science,State Level,Master of Engineering and Technology (Integrated 5 Years) Admissions A.Y. 2023-24S,13296,94.8232522
06273,"Bansilal Ramnath Agarawal Charitable Trust's Vishwakarma Institute of Technology, Bibwewadi, Pune",,627399510,Artificial Intelligence and Data Science,State Level,GOPENS,3494,98.63792
06273,"Bansilal Ramnath Agarawal Charitable Trust's Vishwakarma Institute of Technology, Bibwewadi, Pune",,627399510,Artificial Intelligence and Data Science,State Level,GSCS,4674,98.1917154
06273,"Bansilal Ramnath Agarawal Charitable Trust's Vishwakarma Institute of Technology, Bibwewadi, Pune",,627399510,Artificial Intelligence and Data Science,State Level,VIIS,3809,98.5069349
06274,"Pune Vidyarthi Griha's College of Engineering and Technology and G K Pate(Wani) Institute of  Management,  Pune",,627424510,Computer Engineering,State Level,"Legends:Start Character G-General, L-Ladies, End Character H-Home University, O-Other than Home University, S-State LevelS",6146,97.6333538
06274,"Pune Vidyarthi Griha's College of Engineering and Technology and G K Pate(Wani) Institute of  Management,  Pune",,627424610,Information Technology,State Level,"Legends:Start Character G-General, L-Ladies, End Character H-Home University, O-Other than Home University, S-State LevelS",6730,97.3887196
06274,"Pune Vidyarthi Griha's College of Engineering and Technology and G K Pate(Wani) Institute of  Management,  Pune",,627424610,Information Technology,State Level,Maharashtra State Seats - Cut Off Indicates State General Merit No. ; Figures in bracket Indicates MHT-CET PCM PercentileS,8480,96.6912318
06274,"Pune Vidyarthi Griha's College of Engineering and Technology and G K Pate(Wani) Institute of  Management,  Pune",,627424610,Information Technology,State Level,VIIS,7588,97.0565164
06274,"Pune Vidyarthi Griha's College of Engineering and Technology and G K Pate(Wani) Institute of  Management,  Pune",,627429310,Electrical Engineering,State Level,"Legends:Start Character G-General, L-Ladies, End Character H-Home University, O-Other than Home University, S-State LevelS",35468,85.3410413
06274,"Pune Vidyarthi Griha's College of Engineering and Technology and G K Pate(Wani) Institute of  Management,  Pune",,627437210,Electronics and Telecommunication Engg,State Level,"Legends:Start Character G-General, L-Ladies, End Character H-Home University, O-Other than Home University, S-State LevelS",34659,85.6187666
06274,"Pune Vidyarthi Griha's College of Engineering and Technology and G K Pate(Wani) Institute of  Management,  Pune",,627437210,Electronics and Telecommunication Engg,State Level,Maharashtra State Seats - Cut Off Indicates State General Merit No. ; Figures in bracket Indicates MHT-CET PCM PercentileS,10519,95.8847737
06274,"Pune Vidyarthi Griha's College of Engineering and Technology and G K Pate(Wani) Institute of  Management,  Pune",,627437210,Electronics and Telecommunication Engg,State Level,DS,16072,93.6017282
06274,"Pune Vidyarthi Griha's College of Engineering and Technology and G K Pate(Wani) Institute of  Management,  Pune",,627461210,Mechanical Engineering,State Level,"Legends:Start Character G-General, L-Ladies, End Character H-Home University, O-Other than Home University, S-State LevelS",59552,74.0797795
06274,"Pune Vidyarthi Griha's College of Engineering and Technology and G K Pate(Wani) Institute of  Management,  Pune",,627461210,Mechanical Engineering,State Level,Maharashtra State Seats - Cut Off Indicates State General Merit No. ; Figures in bracket Indicates MHT-CET PCM PercentileS,47893,79.7807688
06274,"Pune Vidyarthi Griha's College of Engineering and Technology and G K Pate(Wani) Institute of  Management,  Pune",,627499510,Artificial Intelligence and Data Science,State Level,"Legends:Start Character G-General, L-Ladies, End Character H-Home University, O-Other than Home University, S-State LevelS",9613,96.2758209
06275,"Shivnagar Vidya Prasarak Mandal's College of Engineering, Malegaon-Baramati",,627519110,Civil Engineering,State Level,"Legends:Start Character G-General, L-Ladies, End Character H-Home University, O-Other than Home University, S-State LevelS",91715,54.6979992
06275,"Shivnagar Vidya Prasarak Mandal's College of Engineering, Malegaon-Baramati",,627524510,Computer Engineering,State Level,"Legends:Start Character G-General, L-Ladies, End Character H-Home University, O-Other than Home University, S-State LevelS",35029,85.4445126
06275,"Shivnagar Vidya Prasarak Mandal's College of Engineering, Malegaon-Baramati",,627524510,Computer Engineering,State Level,Maharashtra State Seats - Cut Off Indicates State General Merit No. ; Figures in bracket Indicates MHT-CET PCM PercentileS,113281,37.6936381
06275,"Shivnagar Vidya Prasarak Mandal's College of Engineering, Malegaon-Baramati",,627529310,Electrical Engineering,State Level,DEFOPENS,86341,58.5474069
06275,"Shivnagar Vidya Prasarak Mandal's College of Engineering, Malegaon-Baramati",,627529310,Electrical Engineering,State Level,I-NonS,58219,74.8671904
06275,"Shivnagar Vidya Prasarak Mandal's College of Engineering, Malegaon-Baramati",,627537210,Electronics and Telecommunication Engg,State Level,"Legends:Start Character G-General, L-Ladies, End Character H-Home University, O-Other than Home University, S-State LevelS",46411,80.4126032
06275,"Shivnagar Vidya Prasarak Mandal's College of Engineering, Malegaon-Baramati",,627561210,Mechanical Engineering,State Level,"Legends:Start Character G-General, L-Ladies, End Character H-Home University, O-Other than Home University, S-State LevelS",95705,52.2415622
06276,"MKSSS's Cummins College of Engineering for Women, Karvenagar,Pune",,,Mechanical Engineering,State Level,"Legends:Start Character G-General, L-Ladies, End Character H-Home University, O-Other than Home University, S-State LevelS",9034,96.4933809
06276,"MKSSS's Cummins College of Engineering for Women, Karvenagar,Pune",,,Mechanical Engineering,State Level,Maharashtra State Seats - Cut Off Indicates State General Merit No. ; Figures in bracket Indicates MHT-CET PCM PercentileS,4640,98.1943767
06276,"MKSSS's Cummins College of Engineering for Women, Karvenagar,Pune",,,Mechanical Engineering,State Level,627624650F - Information TechnologyS,9682,96.2372349
06276,"MKSSS's Cummins College of Engineering for Women, Karvenagar,Pune",,,Mechanical Engineering,State Level,627637250F - Electronics and Telecommunication EnggS,5586,97.8563412
06276,"MKSSS's Cummins College of Engineering for Women, Karvenagar,Pune",,,Mechanical Engineering,State Level,LOPENS,26803,89.0822549
06276,"MKSSS's Cummins College of Engineering for Women, Karvenagar,Pune",,,Mechanical Engineering,State Level,LSCS,5488,97.8868814
06276,"MKSSS's Cummins College of Engineering for Women, Karvenagar,Pune",,,Mechanical Engineering,State Level,I-NonS,28668,88.2671548
06276,"MKSSS's Cummins College of Engineering for Women, Karvenagar,Pune",,,Mechanical Engineering,State Level,627646450F - Instrumentation and Control EngineeringS,12140,95.23272
06276,"MKSSS's Cummins College of Engineering for Women, Karvenagar,Pune",,,Mechanical Engineering,State Level,LOPENS,43608,81.5104589
06276,"MKSSS's Cummins College of Engineering for Women, Karvenagar,Pune",,,Mechanical Engineering,State Level,I-NonS,12755,94.9975677
06276,"MKSSS's Cummins College of Engineering for Women, Karvenagar,Pune",,,Mechanical Engineering,State Level,"Legends:Start Character G-General, L-Ladies, End Character H-Home University, O-Other than Home University, S-State LevelS",11461,95.5068431
06276,"MKSSS's Cummins College of Engineering for Women, Karvenagar,Pune",,,Mechanical Engineering,State Level,Maharashtra State Seats - Cut Off Indicates State General Merit No. ; Figures in bracket Indicates MHT-CET PCM PercentileS,8677,96.6535742
06276,"MKSSS's Cummins College of Engineering for Women, Karvenagar,Pune",,,Mechanical Engineering,State Level,VIIS,8725,96.6445326
06277,"Dr. J. J. Magdum  Charitable Trust's Dr. J.J. Magdum College of Engineering, Jaysingpur",,627719110,Civil Engineering,State Level,"Legends:Start Character G-General, L-Ladies, End Character H-Home University, O-Other than Home University, S-State LevelS",134778,13.5034179
06277,"Dr. J. J. Magdum  Charitable Trust's Dr. J.J. Magdum College of Engineering, Jaysingpur",,627724210,Computer Science and Engineering,State Level,EWS,47759,79.7807688
06277,"Dr. J. J. Magdum  Charitable Trust's Dr. J.J. Magdum College of Engineering, Jaysingpur",,627724610,Information Technology,State Level,"Legends:Start Character G-General, L-Ladies, End Character H-Home University, O-Other than Home University, S-State LevelS",122581,28.3793174
06277,"Dr. J. J. Magdum  Charitable Trust's Dr. J.J. Magdum College of Engineering, Jaysingpur",,627724610,Information Technology,State Level,Maharashtra State Seats - Cut Off Indicates State General Merit No. ; Figures in bracket Indicates MHT-CET PCM PercentileS,28670,88.2671548
06277,"Dr. J. J. Magdum  Charitable Trust's Dr. J.J. Magdum College of Engineering, Jaysingpur",,627724610,Information Technology,State Level,DS,61519,73.1851907
06277,"Dr. J. J. Magdum  Charitable Trust's Dr. J.J. Magdum College of Engineering, Jaysingpur",,627726310,Artificial Intelligence (AI) and Data Science,State Level,"Legends:Start Character G-General, L-Ladies, End Character H-Home University, O-Other than Home University, S-State LevelS",55509,76.0463981
06277,"Dr. J. J. Magdum  Charitable Trust's Dr. J.J. Magdum College of Engineering, Jaysingpur",,627737210,Electronics and Telecommunication Engg,State Level,"Legends:Start Character G-General, L-Ladies, End Character H-Home University, O-Other than Home University, S-State LevelS",63301,71.8303504
06277,"Dr. J. J. Magdum  Charitable Trust's Dr. J.J. Magdum College of Engineering, Jaysingpur",,627737210,Electronics and Telecommunication Engg,State Level,Maharashtra State Seats - Cut Off Indicates State General Merit No. ; Figures in bracket Indicates MHT-CET PCM PercentileS,86005,58.7124464
06277,"Dr. J. J. Magdum  Charitable Trust's Dr. J.J. Magdum College of Engineering, Jaysingpur",,627737210,Electronics and Telecommunication Engg,State Level,I-NonS,101297,47.387098
06278,"All India Shri Shivaji Memorial Society's College of Engineering, Pune",,627819110,Civil Engineering,State Level,DEFOPENS,94845,52.5567137
06278,"All India Shri Shivaji Memorial Society's College of Engineering, Pune",,627819110,Civil Engineering,State Level,I-NonS,79576,62.7344336
06278,"All India Shri Shivaji Memorial Society's College of Engineering, Pune",,627819110,Civil Engineering,State Level,VIIS,92159,54.6296296
06278,"All India Shri Shivaji Memorial Society's College of Engineering, Pune",,627821910,Robotics and Automation,State Level,"Legends:Start Character G-General, L-Ladies, End Character H-Home University, O-Other than Home University, S-State LevelS",30250,87.5456222
06278,"All India Shri Shivaji Memorial Society's College of Engineering, Pune",,627824510,Computer Engineering,State Level,"Legends:Start Character G-General, L-Ladies, End Character H-Home University, O-Other than Home University, S-State LevelS",9456,96.3249371
06278,"All India Shri Shivaji Memorial Society's College of Engineering, Pune",,627829310,Electrical Engineering,State Level,"Legends:Start Character G-General, L-Ladies, End Character H-Home University, O-Other than Home University, S-State LevelS",37860,84.2884307
06278,"All India Shri Shivaji Memorial Society's College of Engineering, Pune",,627837210,Electronics and Telecommunication Engg,State Level,"Legends:Start Character G-General, L-Ladies, End Character H-Home University, O-Other than Home University, S-State LevelS",30104,87.6216398
06278,"All India Shri Shivaji Memorial Society's College of Engineering, Pune",,627837210,Electronics and Telecommunication Engg,State Level,Maharashtra State Seats - Cut Off Indicates State General Merit No. ; Figures in bracket Indicates MHT-CET PCM PercentileS,11123,95.660165
06278,"All India Shri Shivaji Memorial Society's College of Engineering, Pune",,627837210,Electronics and Telecommunication Engg,State Level,DS,16674,93.3857089
06278,"All India Shri Shivaji Memorial Society's College of Engineering, Pune",,627837810,Electronics Engineering ( VLSI Design and Technology),State Level,"Legends:Start Character G-General, L-Ladies, End Character H-Home University, O-Other than Home University, S-State LevelS",41041,82.869523
06278,"All India Shri Shivaji Memorial Society's College of Engineering, Pune",,627850710,Chemical Engineering,State Level,"Legends:Start Character G-General, L-Ladies, End Character H-Home University, O-Other than Home University, S-State LevelS",34401,85.8062103
06278,"All India Shri Shivaji Memorial Society's College of Engineering, Pune",,627861210,Mechanical Engineering,State Level,"Legends:Start Character G-General, L-Ladies, End Character H-Home University, O-Other than Home University, S-State LevelS",60949,73.2701208
06278,"All India Shri Shivaji Memorial Society's College of Engineering, Pune",,627862510,Mechanical Engineering[Sandwich],State Level,"Legends:Start Character G-General, L-Ladies, End Character H-Home University, O-Other than Home University, S-State LevelS",70526,68.3823818
06281,"Modern Education Society's College of Engineering, Pune",,628124510,Computer Engineering,State Level,"Legends:Start Character G-General, L-Ladies, End Character H-Home University, O-Other than Home University, S-State LevelS",29488,88.0318823
06281,"Modern Education Society's College of Engineering, Pune",,628124510,Computer Engineering,State Level,Maharashtra State Seats - Cut Off Indicates State General Merit No. ; Figures in bracket Indicates MHT-CET PCM PercentileS,13208,94.8273066
06281,"Modern Education Society's College of Engineering, Pune",,628124510,Computer Engineering,State Level,DS,15072,94.0399594
06281,"Modern Education Society's College of Engineering, Pune",,628124510,Computer Engineering,State Level,VIIS,14977,94.0441452
06281,"Modern Education Society's College of Engineering, Pune",,628137210,Electronics and Telecommunication Engg,State Level,"Legends:Start Character G-General, L-Ladies, End Character H-Home University, O-Other than Home University, S-State LevelS",63303,71.8303504
06281,"Modern Education Society's College of Engineering, Pune",,628137210,Electronics and Telecommunication Engg,State Level,Maharashtra State Seats - Cut Off Indicates State General Merit No. ; Figures in bracket Indicates MHT-CET PCM PercentileS,80213,62.3996115
06281,"Modern Education Society's College of Engineering, Pune",,628137210,Electronics and Telecommunication Engg,State Level,DS,31510,87.0556299
06281,"Modern Education Society's College of Engineering, Pune",,628137210,Electronics and Telecommunication Engg,State Level,VIIS,27836,88.6695314
06281,"Modern Education Society's College of Engineering, Pune",,628161210,Mechanical Engineering,State Level,"Legends:Start Character G-General, L-Ladies, End Character H-Home University, O-Other than Home University, S-State LevelS",55672,75.8958975
06281,"Modern Education Society's College of Engineering, Pune",,628161210,Mechanical Engineering,State Level,Maharashtra State Seats - Cut Off Indicates State General Merit No. ; Figures in bracket Indicates MHT-CET PCM PercentileS,91597,55.2709127
06281,"Modern Education Society's College of Engineering, Pune",,628161210,Mechanical Engineering,State Level,VIIS,75919,65.0367935
06281,"Modern Education Society's College of Engineering, Pune",,628191610,Automation and Robotics,State Level,"Legends:Start Character G-General, L-Ladies, End Character H-Home University, O-Other than Home University, S-State LevelS",97261,50.6107355
06281,"Modern Education Society's College of Engineering, Pune",,628191610,Automation and Robotics,State Level,Maharashtra State Seats - Cut Off Indicates State General Merit No. ; Figures in bracket Indicates MHT-CET PCM PercentileS,35299,85.3534944
06281,"Modern Education Society's College of Engineering, Pune",,628191610,Automation and Robotics,State Level,DS,38090,84.2081516
06281,"Modern Education Society's College of Engineering, Pune",,628191610,Automation and Robotics,State Level,VIIS,48442,79.520817
06282,"All India Shri Shivaji Memorial Society's Institute of Information Technology,Pune",,628224510,Computer Engineering,State Level,"Legends:Start Character G-General, L-Ladies, End Character H-Home University, O-Other than Home University, S-State LevelS",7989,96.899283
06282,"All India Shri Shivaji Memorial Society's Institute of Information Technology,Pune",,628224510,Computer Engineering,State Level,Maharashtra State Seats - Cut Off Indicates State General Merit No. ; Figures in bracket Indicates MHT-CET PCM PercentileS,22976,90.683425
06282,"All India Shri Shivaji Memorial Society's Institute of Information Technology,Pune",,628224510,Computer Engineering,State Level,DS,9571,96.2787373
06282,"All India Shri Shivaji Memorial Society's Institute of Information Technology,Pune",,628224510,Computer Engineering,State Level,State Common Entrance Test CellS,6304,97.5693269
06282,"All India Shri Shivaji Memorial Society's Institute of Information Technology,Pune",,628224510,Computer Engineering,State Level,Cut Off List for Maharashtra & Minority Seats of CAP Round - III for the Admission to the First Year Under Graduate Technical Courses in Engineering and Technology (4 Years) &S,25837,89.4673668
06282,"All India Shri Shivaji Memorial Society's Institute of Information Technology,Pune",,628224510,Computer Engineering,State Level,Master of Engineering and Technology (Integrated 5 Years) Admissions A.Y. 2023-24S,5929,97.7176796
06282,"All India Shri Shivaji Memorial Society's Institute of Information Technology,Pune",,628224610,Information Technology,State Level,GOPENS,5410,97.9119196
06282,"All India Shri Shivaji Memorial Society's Institute of Information Technology,Pune",,628224610,Information Technology,State Level,GOBCS,12227,95.2175544
06282,"All India Shri Shivaji Memorial Society's Institute of Information Technology,Pune",,628224610,Information Technology,State Level,LOPENS,11979,95.3102907
06282,"All India Shri Shivaji Memorial Society's Institute of Information Technology,Pune",,628224610,Information Technology,State Level,LSCS,28554,88.2793393
06282,"All India Shri Shivaji Memorial Society's Institute of Information Technology,Pune",,628224610,Information Technology,State Level,LOBCS,12335,95.1514675
06282,"All India Shri Shivaji Memorial Society's Institute of Information Technology,Pune",,628224610,Information Technology,State Level,EWS,10097,96.0629039
06282,"All India Shri Shivaji Memorial Society's Institute of Information Technology,Pune",,628229310,Electrical Engineering,State Level,GOPENS,32924,86.3550668
06282,"All India Shri Shivaji Memorial Society's Institute of Information Technology,Pune",,628229310,Electrical Engineering,State Level,GSCS,47772,79.7807688
06282,"All India Shri Shivaji Memorial Society's Institute of Information Technology,Pune",,628229310,Electrical Engineering,State Level,GNT1S,86724,58.1382561
06282,"All India Shri Shivaji Memorial Society's Institute of Information Technology,Pune",,628229310,Electrical Engineering,State Level,GOBCS,36468,84.9532361
06282,"All India Shri Shivaji Memorial Society's Institute of Information Technology,Pune",,628237210,Electronics and Telecommunication Engg,State Level,GOPENS,18308,92.6711629
06282,"All India Shri Shivaji Memorial Society's Institute of Information Technology,Pune",,628237210,Electronics and Telecommunication Engg,State Level,GSCS,31101,87.2113119
06282,"All India Shri Shivaji Memorial Society's Institute of Information Technology,Pune",,628237210,Electronics and Telecommunication Engg,State Level,GOBCS,19067,92.3146438
06282,"All India Shri Shivaji Memorial Society's Institute of Information Technology,Pune",,628237210,Electronics and Telecommunication Engg,State Level,LOPENS,17488,93.0452675
06282,"All India Shri Shivaji Memorial Society's Institute of Information Technology,Pune",,628237210,Electronics and Telecommunication Engg,State Level,LNT3S,26847,88.9909977
06282,"All India Shri Shivaji Memorial Society's Institute of Information Technology,Pune",,628237210,Electronics and Telecommunication Engg,State Level,PWDOPENS,19463,92.158114
06282,"All India Shri Shivaji Memorial Society's Institute of Information Technology,Pune",,628237210,Electronics and Telecommunication Engg,State Level,I-NonS,16678,93.3857089
06282,"All India Shri Shivaji Memorial Society's Institute of Information Technology,Pune",,628246610,Instrumentation Engineering,State Level,"Legends:Start Character G-General, L-Ladies, End Character H-Home University, O-Other than Home University, S-State LevelS",40109,83.348395
06282,"All India Shri Shivaji Memorial Society's Institute of Information Technology,Pune",,628246610,Instrumentation Engineering,State Level,Maharashtra State Seats - Cut Off Indicates State General Merit No. ; Figures in bracket Indicates MHT-CET PCM PercentileS,82862,60.8798115
06282,"All India Shri Shivaji Memorial Society's Institute of Information Technology,Pune",,628246610,Instrumentation Engineering,State Level,DS,61692,73.1851907
06282,"All India Shri Shivaji Memorial Society's Institute of Information Technology,Pune",,628246610,Instrumentation Engineering,State Level,State Common Entrance Test CellS,70790,67.9544349
06282,"All India Shri Shivaji Memorial Society's Institute of Information Technology,Pune",,628246610,Instrumentation Engineering,State Level,Cut Off List for Maharashtra & Minority Seats of CAP Round - III for the Admission to the First Year Under Graduate Technical Courses in Engineering and Technology (4 Years) &S,25829,89.4673668
06282,"All India Shri Shivaji Memorial Society's Institute of Information Technology,Pune",,628246610,Instrumentation Engineering,State Level,Master of Engineering and Technology (Integrated 5 Years) Admissions A.Y. 2023-24S,22871,90.6949618
06282,"All India Shri Shivaji Memorial Society's Institute of Information Technology,Pune",,628246610,Instrumentation Engineering,State Level,VIIS,45404,80.9858625
06282,"All India Shri Shivaji Memorial Society's Institute of Information Technology,Pune",,628299510,Artificial Intelligence and Data Science,State Level,GOPENS,11283,95.5993871
06282,"All India Shri Shivaji Memorial Society's Institute of Information Technology,Pune",,628299510,Artificial Intelligence and Data Science,State Level,GSCS,25623,89.5231349
06282,"All India Shri Shivaji Memorial Society's Institute of Information Technology,Pune",,628299510,Artificial Intelligence and Data Science,State Level,GNT2S,14007,94.4089337
06282,"All India Shri Shivaji Memorial Society's Institute of Information Technology,Pune",,628299510,Artificial Intelligence and Data Science,State Level,LOPENS,14488,94.2910587
06282,"All India Shri Shivaji Memorial Society's Institute of Information Technology,Pune",,628299510,Artificial Intelligence and Data Science,State Level,LOBCS,16373,93.495874
06282,"All India Shri Shivaji Memorial Society's Institute of Information Technology,Pune",,628299510,Artificial Intelligence and Data Science,State Level,DEFOPENS,22638,90.8072168
06282,"All India Shri Shivaji Memorial Society's Institute of Information Technology,Pune",,628299510,Artificial Intelligence and Data Science,State Level,ORPHAN,13972,94.4442262
06282,"All India Shri Shivaji Memorial Society's Institute of Information Technology,Pune",,628299510,Artificial Intelligence and Data Science,State Level,VIIS,12767,94.9618091
06283,"Annasaheb Dange College of Engineering and Technology, Ashta, Sangli",,628300210,Aeronautical Engineering,State Level,"Legends:Start Character G-General, L-Ladies, End Character H-Home University, O-Other than Home University, S-State LevelS",91639,55.2709127
06283,"Annasaheb Dange College of Engineering and Technology, Ashta, Sangli",,628300210,Aeronautical Engineering,State Level,Maharashtra State Seats - Cut Off Indicates State General Merit No. ; Figures in bracket Indicates MHT-CET PCM PercentileS,112835,37.7324111
06283,"Annasaheb Dange College of Engineering and Technology, Ashta, Sangli",,628300210,Aeronautical Engineering,State Level,DS,117310,33.3408586
06283,"Annasaheb Dange College of Engineering and Technology, Ashta, Sangli",,628300210,Aeronautical Engineering,State Level,State Common Entrance Test CellS,80653,61.6881259
06283,"Annasaheb Dange College of Engineering and Technology, Ashta, Sangli",,628300210,Aeronautical Engineering,State Level,Cut Off List for Maharashtra & Minority Seats of CAP Round - III for the Admission to the First Year Under Graduate Technical Courses in Engineering and Technology (4 Years) &S,89072,56.7366842
06283,"Annasaheb Dange College of Engineering and Technology, Ashta, Sangli",,628300210,Aeronautical Engineering,State Level,Master of Engineering and Technology (Integrated 5 Years) Admissions A.Y. 2023-24S,94254,52.7523799
06283,"Annasaheb Dange College of Engineering and Technology, Ashta, Sangli",,628300210,Aeronautical Engineering,State Level,GOPENS,34492,85.8062103
06283,"Annasaheb Dange College of Engineering and Technology, Ashta, Sangli",,628300210,Aeronautical Engineering,State Level,GSCS,65566,71.0587355
06283,"Annasaheb Dange College of Engineering and Technology, Ashta, Sangli",,628300210,Aeronautical Engineering,State Level,I-NonS,85815,58.7124464
06283,"Annasaheb Dange College of Engineering and Technology, Ashta, Sangli",,628300210,Aeronautical Engineering,State Level,VIIS,106425,43.5071268
06283,"Annasaheb Dange College of Engineering and Technology, Ashta, Sangli",,628319110,Civil Engineering,State Level,GOPENS,134353,14.4711178
06283,"Annasaheb Dange College of Engineering and Technology, Ashta, Sangli",,628324210,Computer Science and Engineering,State Level,GOPENS,32341,86.6965956
06283,"Annasaheb Dange College of Engineering and Technology, Ashta, Sangli",,628324210,Computer Science and Engineering,State Level,GSTS,34738,85.4752553
06283,"Annasaheb Dange College of Engineering and Technology, Ashta, Sangli",,628324210,Computer Science and Engineering,State Level,GNT2S,37731,84.3950599
06283,"Annasaheb Dange College of Engineering and Technology, Ashta, Sangli",,628324210,Computer Science and Engineering,State Level,GOBCS,31888,86.8476463
06283,"Annasaheb Dange College of Engineering and Technology, Ashta, Sangli",,628324210,Computer Science and Engineering,State Level,LOPENS,53536,76.8406961
06283,"Annasaheb Dange College of Engineering and Technology, Ashta, Sangli",,628324210,Computer Science and Engineering,State Level,LSCS,25661,89.5231349
06283,"Annasaheb Dange College of Engineering and Technology, Ashta, Sangli",,628324210,Computer Science and Engineering,State Level,VIIS,34338,85.9219677
06283,"Annasaheb Dange College of Engineering and Technology, Ashta, Sangli",,628326310,Artificial Intelligence (AI) and Data Science,State Level,GSTS,79425,62.7344336
06283,"Annasaheb Dange College of Engineering and Technology, Ashta, Sangli",,628326310,Artificial Intelligence (AI) and Data Science,State Level,VIIS,36043,85.1537884
06283,"Annasaheb Dange College of Engineering and Technology, Ashta, Sangli",,628329310,Electrical Engineering,State Level,"Legends:Start Character G-General, L-Ladies, End Character H-Home University, O-Other than Home University, S-State LevelS",64028,71.6354089
06283,"Annasaheb Dange College of Engineering and Technology, Ashta, Sangli",,628329310,Electrical Engineering,State Level,Maharashtra State Seats - Cut Off Indicates State General Merit No. ; Figures in bracket Indicates MHT-CET PCM PercentileS,142701,1.1513715
06283,"Annasaheb Dange College of Engineering and Technology, Ashta, Sangli",,628329310,Electrical Engineering,State Level,DS,139610,6.3682812
06283,"Annasaheb Dange College of Engineering and Technology, Ashta, Sangli",,628329310,Electrical Engineering,State Level,State Common Entrance Test CellS,54799,76.6166542
06283,"Annasaheb Dange College of Engineering and Technology, Ashta, Sangli",,628329310,Electrical Engineering,State Level,Cut Off List for Maharashtra & Minority Seats of CAP Round - III for the Admission to the First Year Under Graduate Technical Courses in Engineering and Technology (4 Years) &S,79632,62.7344336
06283,"Annasaheb Dange College of Engineering and Technology, Ashta, Sangli",,628329310,Electrical Engineering,State Level,Master of Engineering and Technology (Integrated 5 Years) Admissions A.Y. 2023-24S,59340,74.1356658
06283,"Annasaheb Dange College of Engineering and Technology, Ashta, Sangli",,628329310,Electrical Engineering,State Level,I-NonS,99469,49.4761567
06283,"Annasaheb Dange College of Engineering and Technology, Ashta, Sangli",,628329310,Electrical Engineering,State Level,I-NonS,82839,60.8798115
06283,"Annasaheb Dange College of Engineering and Technology, Ashta, Sangli",,628329310,Electrical Engineering,State Level,VIIS,103983,45.9472716
06283,"Annasaheb Dange College of Engineering and Technology, Ashta, Sangli",,628350310,Food Technology,State Level,GOPENS,96234,51.4762755
06283,"Annasaheb Dange College of Engineering and Technology, Ashta, Sangli",,628361210,Mechanical Engineering,State Level,GOPENS,110305,39.9251777
06283,"Annasaheb Dange College of Engineering and Technology, Ashta, Sangli",,628361210,Mechanical Engineering,State Level,GSCS,140719,4.8612936
06283,"Annasaheb Dange College of Engineering and Technology, Ashta, Sangli",,628361210,Mechanical Engineering,State Level,GNT2S,126959,23.5805396
06283,"Annasaheb Dange College of Engineering and Technology, Ashta, Sangli",,628361210,Mechanical Engineering,State Level,GOBCS,138594,8.1440818
06283,"Annasaheb Dange College of Engineering and Technology, Ashta, Sangli",,628361210,Mechanical Engineering,State Level,LOPENS,136903,11.0960605
06283,"Annasaheb Dange College of Engineering and Technology, Ashta, Sangli",,628361210,Mechanical Engineering,State Level,LNT1S,84460,59.8623853
06283,"Annasaheb Dange College of Engineering and Technology, Ashta, Sangli",,628361210,Mechanical Engineering,State Level,PWDOPENS,132152,17.0292573
06283,"Annasaheb Dange College of Engineering and Technology, Ashta, Sangli",,628361210,Mechanical Engineering,State Level,I-NonS,113691,37.1297299
06283,"Annasaheb Dange College of Engineering and Technology, Ashta, Sangli",,628361210,Mechanical Engineering,State Level,I-NonS,131071,18.7935787
06283,"Annasaheb Dange College of Engineering and Technology, Ashta, Sangli",,628392010,Computer Science and Engineering (Internet of Things and Cyber Security Including Block Chain,State Level,"Legends:Start Character G-General, L-Ladies, End Character H-Home University, O-Other than Home University, S-State LevelS",49455,78.8754662
06283,"Annasaheb Dange College of Engineering and Technology, Ashta, Sangli",,628392010,Computer Science and Engineering (Internet of Things and Cyber Security Including Block Chain,State Level,Maharashtra State Seats - Cut Off Indicates State General Merit No. ; Figures in bracket Indicates MHT-CET PCM PercentileS,49258,79.2648162
06283,"Annasaheb Dange College of Engineering and Technology, Ashta, Sangli",,628392010,Computer Science and Engineering (Internet of Things and Cyber Security Including Block Chain,State Level,DS,46611,80.2375547
06283,"Annasaheb Dange College of Engineering and Technology, Ashta, Sangli",,628392010,Computer Science and Engineering (Internet of Things and Cyber Security Including Block Chain,State Level,I-NonS,48383,79.5863208
06283,"Annasaheb Dange College of Engineering and Technology, Ashta, Sangli",,628392010,Computer Science and Engineering (Internet of Things and Cyber Security Including Block Chain,State Level,VIIS,50405,78.4065273
06284,"Vidya Pratishthan's Kamalnayan Bajaj Institute of Engineering & Technology, Baramati Dist.Pune",,628419110,Civil Engineering,State Level,"Legends:Start Character G-General, L-Ladies, End Character H-Home University, O-Other than Home University, S-State LevelS",81592,61.4332053
06284,"Vidya Pratishthan's Kamalnayan Bajaj Institute of Engineering & Technology, Baramati Dist.Pune",,628419110,Civil Engineering,State Level,Maharashtra State Seats - Cut Off Indicates State General Merit No. ; Figures in bracket Indicates MHT-CET PCM PercentileS,135442,12.8630551
06284,"Vidya Pratishthan's Kamalnayan Bajaj Institute of Engineering & Technology, Baramati Dist.Pune",,628419110,Civil Engineering,State Level,DS,111642,39.0377062
06284,"Vidya Pratishthan's Kamalnayan Bajaj Institute of Engineering & Technology, Baramati Dist.Pune",,628419110,Civil Engineering,State Level,State Common Entrance Test CellS,93794,53.1660451
06284,"Vidya Pratishthan's Kamalnayan Bajaj Institute of Engineering & Technology, Baramati Dist.Pune",,628419110,Civil Engineering,State Level,Cut Off List for Maharashtra & Minority Seats of CAP Round - III for the Admission to the First Year Under Graduate Technical Courses in Engineering and Technology (4 Years) &S,134019,15.0249499
06284,"Vidya Pratishthan's Kamalnayan Bajaj Institute of Engineering & Technology, Baramati Dist.Pune",,628419110,Civil Engineering,State Level,Master of Engineering and Technology (Integrated 5 Years) Admissions A.Y. 2023-24S,78654,63.6508999
06284,"Vidya Pratishthan's Kamalnayan Bajaj Institute of Engineering & Technology, Baramati Dist.Pune",,628419110,Civil Engineering,State Level,I-NonS,100280,48.9725355
06284,"Vidya Pratishthan's Kamalnayan Bajaj Institute of Engineering & Technology, Baramati Dist.Pune",,628424510,Computer Engineering,State Level,GOPENS,21186,91.3774931
06284,"Vidya Pratishthan's Kamalnayan Bajaj Institute of Engineering & Technology, Baramati Dist.Pune",,628424510,Computer Engineering,State Level,GSCS,30841,87.2543136
06284,"Vidya Pratishthan's Kamalnayan Bajaj Institute of Engineering & Technology, Baramati Dist.Pune",,628424510,Computer Engineering,State Level,GSTS,35119,85.415737
06284,"Vidya Pratishthan's Kamalnayan Bajaj Institute of Engineering & Technology, Baramati Dist.Pune",,628424510,Computer Engineering,State Level,GNT3S,18989,92.3494201
06284,"Vidya Pratishthan's Kamalnayan Bajaj Institute of Engineering & Technology, Baramati Dist.Pune",,628424510,Computer Engineering,State Level,VIIS,21337,91.339765
06284,"Vidya Pratishthan's Kamalnayan Bajaj Institute of Engineering & Technology, Baramati Dist.Pune",,628424610,Information Technology,State Level,GOPENS,17644,92.9354446
06284,"Vidya Pratishthan's Kamalnayan Bajaj Institute of Engineering & Technology, Baramati Dist.Pune",,628424610,Information Technology,State Level,GSCS,34498,85.8062103
06284,"Vidya Pratishthan's Kamalnayan Bajaj Institute of Engineering & Technology, Baramati Dist.Pune",,628424610,Information Technology,State Level,GOBCS,24696,89.96633
06284,"Vidya Pratishthan's Kamalnayan Bajaj Institute of Engineering & Technology, Baramati Dist.Pune",,628424610,Information Technology,State Level,LOPENS,22502,90.9043132
06284,"Vidya Pratishthan's Kamalnayan Bajaj Institute of Engineering & Technology, Baramati Dist.Pune",,628424610,Information Technology,State Level,LOBCS,29623,87.9332333
06284,"Vidya Pratishthan's Kamalnayan Bajaj Institute of Engineering & Technology, Baramati Dist.Pune",,628424610,Information Technology,State Level,EWS,21869,91.2254517
06284,"Vidya Pratishthan's Kamalnayan Bajaj Institute of Engineering & Technology, Baramati Dist.Pune",,628429310,Electrical Engineering,State Level,GOPENS,59003,74.1935484
06284,"Vidya Pratishthan's Kamalnayan Bajaj Institute of Engineering & Technology, Baramati Dist.Pune",,628429310,Electrical Engineering,State Level,GSTS,127709,22.6551453
06284,"Vidya Pratishthan's Kamalnayan Bajaj Institute of Engineering & Technology, Baramati Dist.Pune",,628429310,Electrical Engineering,State Level,LOPENS,65454,71.1698646
06284,"Vidya Pratishthan's Kamalnayan Bajaj Institute of Engineering & Technology, Baramati Dist.Pune",,628429310,Electrical Engineering,State Level,LSCS,70337,68.3823818
06284,"Vidya Pratishthan's Kamalnayan Bajaj Institute of Engineering & Technology, Baramati Dist.Pune",,628429310,Electrical Engineering,State Level,PWDOPENS,65850,70.6180504
06284,"Vidya Pratishthan's Kamalnayan Bajaj Institute of Engineering & Technology, Baramati Dist.Pune",,628429310,Electrical Engineering,State Level,I-NonS,64450,71.4000828
06284,"Vidya Pratishthan's Kamalnayan Bajaj Institute of Engineering & Technology, Baramati Dist.Pune",,628429310,Electrical Engineering,State Level,VIIS,61212,73.2522683
06284,"Vidya Pratishthan's Kamalnayan Bajaj Institute of Engineering & Technology, Baramati Dist.Pune",,628437210,Electronics and Telecommunication Engg,State Level,"Legends:Start Character G-General, L-Ladies, End Character H-Home University, O-Other than Home University, S-State LevelS",38249,84.2081516
06284,"Vidya Pratishthan's Kamalnayan Bajaj Institute of Engineering & Technology, Baramati Dist.Pune",,628437210,Electronics and Telecommunication Engg,State Level,Maharashtra State Seats - Cut Off Indicates State General Merit No. ; Figures in bracket Indicates MHT-CET PCM PercentileS,33732,86.0518493
06284,"Vidya Pratishthan's Kamalnayan Bajaj Institute of Engineering & Technology, Baramati Dist.Pune",,628437210,Electronics and Telecommunication Engg,State Level,DS,75824,65.0367935
06284,"Vidya Pratishthan's Kamalnayan Bajaj Institute of Engineering & Technology, Baramati Dist.Pune",,628437210,Electronics and Telecommunication Engg,State Level,State Common Entrance Test CellS,33076,86.3437564
06284,"Vidya Pratishthan's Kamalnayan Bajaj Institute of Engineering & Technology, Baramati Dist.Pune",,628437210,Electronics and Telecommunication Engg,State Level,VIIS,41499,82.4643661
06284,"Vidya Pratishthan's Kamalnayan Bajaj Institute of Engineering & Technology, Baramati Dist.Pune",,628461210,Mechanical Engineering,State Level,GOPENS,76079,65.0367935
06284,"Vidya Pratishthan's Kamalnayan Bajaj Institute of Engineering & Technology, Baramati Dist.Pune",,628461210,Mechanical Engineering,State Level,GSCS,112487,38.8357386
06284,"Vidya Pratishthan's Kamalnayan Bajaj Institute of Engineering & Technology, Baramati Dist.Pune",,628461210,Mechanical Engineering,State Level,GSTS,71463,67.5703113
06284,"Vidya Pratishthan's Kamalnayan Bajaj Institute of Engineering & Technology, Baramati Dist.Pune",,628461210,Mechanical Engineering,State Level,LOPENS,129345,20.9244385
06284,"Vidya Pratishthan's Kamalnayan Bajaj Institute of Engineering & Technology, Baramati Dist.Pune",,628461210,Mechanical Engineering,State Level,I-NonS,79593,62.7344336
06284,"Vidya Pratishthan's Kamalnayan Bajaj Institute of Engineering & Technology, Baramati Dist.Pune",,628461210,Mechanical Engineering,State Level,I-NonS,69494,68.9337823
06284,"Vidya Pratishthan's Kamalnayan Bajaj Institute of Engineering & Technology, Baramati Dist.Pune",,628461210,Mechanical Engineering,State Level,VIIS,79431,62.7344336
06284,"Vidya Pratishthan's Kamalnayan Bajaj Institute of Engineering & Technology, Baramati Dist.Pune",,628499510,Artificial Intelligence and Data Science,State Level,GOPENS,30052,87.6984872
06284,"Vidya Pratishthan's Kamalnayan Bajaj Institute of Engineering & Technology, Baramati Dist.Pune",,628499510,Artificial Intelligence and Data Science,State Level,GSCS,41489,82.4643661
06284,"Vidya Pratishthan's Kamalnayan Bajaj Institute of Engineering & Technology, Baramati Dist.Pune",,628499510,Artificial Intelligence and Data Science,State Level,GSTS,118326,32.6609746
06284,"Vidya Pratishthan's Kamalnayan Bajaj Institute of Engineering & Technology, Baramati Dist.Pune",,628499510,Artificial Intelligence and Data Science,State Level,GNT1S,41027,82.869523
06284,"Vidya Pratishthan's Kamalnayan Bajaj Institute of Engineering & Technology, Baramati Dist.Pune",,628499510,Artificial Intelligence and Data Science,State Level,GNT3S,54366,76.7173434
06284,"Vidya Pratishthan's Kamalnayan Bajaj Institute of Engineering & Technology, Baramati Dist.Pune",,628499510,Artificial Intelligence and Data Science,State Level,GOBCS,34370,85.9219677
06284,"Vidya Pratishthan's Kamalnayan Bajaj Institute of Engineering & Technology, Baramati Dist.Pune",,628499510,Artificial Intelligence and Data Science,State Level,LSCS,79686,62.7344336
06284,"Vidya Pratishthan's Kamalnayan Bajaj Institute of Engineering & Technology, Baramati Dist.Pune",,628499510,Artificial Intelligence and Data Science,State Level,VIIS,31007,87.2266503
06285,"Bharati Vidyapeeth's College of Engineering for Women, Katraj, Dhankawadi, Pune",,,Artificial Intelligence and Data Science,State Level,"Legends:Start Character G-General, L-Ladies, End Character H-Home University, O-Other than Home University, S-State LevelS",15855,93.6849981
06285,"Bharati Vidyapeeth's College of Engineering for Women, Katraj, Dhankawadi, Pune",,,Artificial Intelligence and Data Science,State Level,"Legends:Start Character G-General, L-Ladies, End Character H-Home University, O-Other than Home University, S-State LevelS",37505,84.4304792
06285,"Bharati Vidyapeeth's College of Engineering for Women, Katraj, Dhankawadi, Pune",,,Artificial Intelligence and Data Science,State Level,Maharashtra State Seats - Cut Off Indicates State General Merit No. ; Figures in bracket Indicates MHT-CET PCM PercentileS,19590,92.1445405
06285,"Bharati Vidyapeeth's College of Engineering for Women, Katraj, Dhankawadi, Pune",,,Artificial Intelligence and Data Science,State Level,"Legends:Start Character G-General, L-Ladies, End Character H-Home University, O-Other than Home University, S-State LevelS",26365,89.2906503
06288,"Bharati Vidyapeeth's College of Engineering, Kolhapur",,628819110,Civil Engineering,State Level,"Legends:Start Character G-General, L-Ladies, End Character H-Home University, O-Other than Home University, S-State LevelS",102262,46.8567142
06288,"Bharati Vidyapeeth's College of Engineering, Kolhapur",,628824210,Computer Science and Engineering,State Level,TFWS,37768,84.2884307
06288,"Bharati Vidyapeeth's College of Engineering, Kolhapur",,628824210,Computer Science and Engineering,State Level,EWS,45769,80.8641005
06288,"Bharati Vidyapeeth's College of Engineering, Kolhapur",,628837210,Electronics and Telecommunication Engg,State Level,"Legends:Start Character G-General, L-Ladies, End Character H-Home University, O-Other than Home University, S-State LevelS",57832,75.1338688
06288,"Bharati Vidyapeeth's College of Engineering, Kolhapur",,628837210,Electronics and Telecommunication Engg,State Level,I-NonS,77417,64.0952985
06288,"Bharati Vidyapeeth's College of Engineering, Kolhapur",,628861210,Mechanical Engineering,State Level,"Legends:Start Character G-General, L-Ladies, End Character H-Home University, O-Other than Home University, S-State LevelS",82649,60.9799222
06288,"Bharati Vidyapeeth's College of Engineering, Kolhapur",,628861210,Mechanical Engineering,State Level,I-NonS,137276,9.9924981
06288,"Bharati Vidyapeeth's College of Engineering, Kolhapur",,628891110,Computer Science and Engineering(Artificial Intelligence and Machine Learning),State Level,"Legends:Start Character G-General, L-Ladies, End Character H-Home University, O-Other than Home University, S-State LevelS",43368,81.855593
06289,"B.R.A.C.T's Vishwakarma Institute of Information Technology, Kondhwa (Bk.), Pune",,628919110,Civil Engineering,State Level,"Legends:Start Character G-General, L-Ladies, End Character H-Home University, O-Other than Home University, S-State LevelS",30280,87.5456222
06289,"B.R.A.C.T's Vishwakarma Institute of Information Technology, Kondhwa (Bk.), Pune",,628919110,Civil Engineering,State Level,Maharashtra State Seats - Cut Off Indicates State General Merit No. ; Figures in bracket Indicates MHT-CET PCM PercentileS,32928,86.3550668
06289,"B.R.A.C.T's Vishwakarma Institute of Information Technology, Kondhwa (Bk.), Pune",,628919110,Civil Engineering,State Level,DS,132805,16.2396627
06289,"B.R.A.C.T's Vishwakarma Institute of Information Technology, Kondhwa (Bk.), Pune",,628919110,Civil Engineering,State Level,State Common Entrance Test CellS,88654,56.7405028
06289,"B.R.A.C.T's Vishwakarma Institute of Information Technology, Kondhwa (Bk.), Pune",,628919110,Civil Engineering,State Level,Cut Off List for Maharashtra & Minority Seats of CAP Round - III for the Admission to the First Year Under Graduate Technical Courses in Engineering and Technology (4 Years) &S,35387,85.3410413
06289,"B.R.A.C.T's Vishwakarma Institute of Information Technology, Kondhwa (Bk.), Pune",,628919110,Civil Engineering,State Level,Master of Engineering and Technology (Integrated 5 Years) Admissions A.Y. 2023-24S,45379,80.9858625
06289,"B.R.A.C.T's Vishwakarma Institute of Information Technology, Kondhwa (Bk.), Pune",,628919110,Civil Engineering,State Level,GOPENS,55252,76.2843676
06289,"B.R.A.C.T's Vishwakarma Institute of Information Technology, Kondhwa (Bk.), Pune",,628924510,Computer Engineering,State Level,GOPENS,4353,98.2961113
06289,"B.R.A.C.T's Vishwakarma Institute of Information Technology, Kondhwa (Bk.), Pune",,628924510,Computer Engineering,State Level,GSCS,13432,94.6808113
06289,"B.R.A.C.T's Vishwakarma Institute of Information Technology, Kondhwa (Bk.), Pune",,628924510,Computer Engineering,State Level,GOBCS,4737,98.1595589
06289,"B.R.A.C.T's Vishwakarma Institute of Information Technology, Kondhwa (Bk.), Pune",,628924510,Computer Engineering,State Level,LOPENS,5059,98.0546203
06289,"B.R.A.C.T's Vishwakarma Institute of Information Technology, Kondhwa (Bk.), Pune",,628924510,Computer Engineering,State Level,LSCS,12549,95.0744473
06289,"B.R.A.C.T's Vishwakarma Institute of Information Technology, Kondhwa (Bk.), Pune",,628924510,Computer Engineering,State Level,DEFOPENS,10129,96.0596725
06289,"B.R.A.C.T's Vishwakarma Institute of Information Technology, Kondhwa (Bk.), Pune",,628924510,Computer Engineering,State Level,TFWS,2683,98.942886
06289,"B.R.A.C.T's Vishwakarma Institute of Information Technology, Kondhwa (Bk.), Pune",,628924510,Computer Engineering,State Level,ORPHAN,3738,98.5247194
06289,"B.R.A.C.T's Vishwakarma Institute of Information Technology, Kondhwa (Bk.), Pune",,628924510,Computer Engineering,State Level,VIIS,4438,98.2750869
06289,"B.R.A.C.T's Vishwakarma Institute of Information Technology, Kondhwa (Bk.), Pune",,628924610,Information Technology,State Level,GOPENS,5343,97.9358267
06289,"B.R.A.C.T's Vishwakarma Institute of Information Technology, Kondhwa (Bk.), Pune",,628924610,Information Technology,State Level,GSCS,14728,94.1664477
06289,"B.R.A.C.T's Vishwakarma Institute of Information Technology, Kondhwa (Bk.), Pune",,628924610,Information Technology,State Level,GSTS,36023,85.1537884
06289,"B.R.A.C.T's Vishwakarma Institute of Information Technology, Kondhwa (Bk.), Pune",,628924610,Information Technology,State Level,GNT1S,7506,97.118102
06289,"B.R.A.C.T's Vishwakarma Institute of Information Technology, Kondhwa (Bk.), Pune",,628924610,Information Technology,State Level,GOBCS,5408,97.9324706
06289,"B.R.A.C.T's Vishwakarma Institute of Information Technology, Kondhwa (Bk.), Pune",,628924610,Information Technology,State Level,DEFOPENS,13709,94.5948987
06289,"B.R.A.C.T's Vishwakarma Institute of Information Technology, Kondhwa (Bk.), Pune",,628924610,Information Technology,State Level,TFWS,3147,98.7673228
06289,"B.R.A.C.T's Vishwakarma Institute of Information Technology, Kondhwa (Bk.), Pune",,628924610,Information Technology,State Level,EWS,5433,97.8929149
06289,"B.R.A.C.T's Vishwakarma Institute of Information Technology, Kondhwa (Bk.), Pune",,628937210,Electronics and Telecommunication Engg,State Level,GOPENS,9729,96.221474
06289,"B.R.A.C.T's Vishwakarma Institute of Information Technology, Kondhwa (Bk.), Pune",,628937210,Electronics and Telecommunication Engg,State Level,GSCS,15678,93.7527889
06289,"B.R.A.C.T's Vishwakarma Institute of Information Technology, Kondhwa (Bk.), Pune",,628937210,Electronics and Telecommunication Engg,State Level,GVJS,27691,88.6736154
06289,"B.R.A.C.T's Vishwakarma Institute of Information Technology, Kondhwa (Bk.), Pune",,628937210,Electronics and Telecommunication Engg,State Level,LOPENS,9883,96.1447502
06289,"B.R.A.C.T's Vishwakarma Institute of Information Technology, Kondhwa (Bk.), Pune",,628937210,Electronics and Telecommunication Engg,State Level,LSTS,25763,89.4673668
06289,"B.R.A.C.T's Vishwakarma Institute of Information Technology, Kondhwa (Bk.), Pune",,628937210,Electronics and Telecommunication Engg,State Level,LNT3S,10714,95.8405342
06289,"B.R.A.C.T's Vishwakarma Institute of Information Technology, Kondhwa (Bk.), Pune",,628937210,Electronics and Telecommunication Engg,State Level,LOBCS,21184,91.3774931
06289,"B.R.A.C.T's Vishwakarma Institute of Information Technology, Kondhwa (Bk.), Pune",,628937210,Electronics and Telecommunication Engg,State Level,PWDOPENS,7500,97.1224198
06289,"B.R.A.C.T's Vishwakarma Institute of Information Technology, Kondhwa (Bk.), Pune",,628937210,Electronics and Telecommunication Engg,State Level,DEFOPENS,9130,96.4414768
06289,"B.R.A.C.T's Vishwakarma Institute of Information Technology, Kondhwa (Bk.), Pune",,628937210,Electronics and Telecommunication Engg,State Level,TFWS,84966,59.6839864
06289,"B.R.A.C.T's Vishwakarma Institute of Information Technology, Kondhwa (Bk.), Pune",,628937210,Electronics and Telecommunication Engg,State Level,I-NonS,9328,96.3718177
06289,"B.R.A.C.T's Vishwakarma Institute of Information Technology, Kondhwa (Bk.), Pune",,628937210,Electronics and Telecommunication Engg,State Level,VIIS,9798,96.207802
06289,"B.R.A.C.T's Vishwakarma Institute of Information Technology, Kondhwa (Bk.), Pune",,628961210,Mechanical Engineering,State Level,"Legends:Start Character G-General, L-Ladies, End Character H-Home University, O-Other than Home University, S-State LevelS",23596,90.4575998
06289,"B.R.A.C.T's Vishwakarma Institute of Information Technology, Kondhwa (Bk.), Pune",,628961210,Mechanical Engineering,State Level,Maharashtra State Seats - Cut Off Indicates State General Merit No. ; Figures in bracket Indicates MHT-CET PCM PercentileS,24089,90.1850615
06289,"B.R.A.C.T's Vishwakarma Institute of Information Technology, Kondhwa (Bk.), Pune",,628961210,Mechanical Engineering,State Level,DS,28446,88.2803409
06289,"B.R.A.C.T's Vishwakarma Institute of Information Technology, Kondhwa (Bk.), Pune",,628961210,Mechanical Engineering,State Level,State Common Entrance Test CellS,37512,84.4304792
06289,"B.R.A.C.T's Vishwakarma Institute of Information Technology, Kondhwa (Bk.), Pune",,628961210,Mechanical Engineering,State Level,Cut Off List for Maharashtra & Minority Seats of CAP Round - III for the Admission to the First Year Under Graduate Technical Courses in Engineering and Technology (4 Years) &S,49887,78.5775598
06289,"B.R.A.C.T's Vishwakarma Institute of Information Technology, Kondhwa (Bk.), Pune",,628961210,Mechanical Engineering,State Level,Master of Engineering and Technology (Integrated 5 Years) Admissions A.Y. 2023-24S,22017,91.0376802
06289,"B.R.A.C.T's Vishwakarma Institute of Information Technology, Kondhwa (Bk.), Pune",,628961210,Mechanical Engineering,State Level,GOPENS,16836,93.2909032
06289,"B.R.A.C.T's Vishwakarma Institute of Information Technology, Kondhwa (Bk.), Pune",,628961210,Mechanical Engineering,State Level,GSTS,24825,89.9662416
06289,"B.R.A.C.T's Vishwakarma Institute of Information Technology, Kondhwa (Bk.), Pune",,628961210,Mechanical Engineering,State Level,I-NonS,21340,91.339765
06289,"B.R.A.C.T's Vishwakarma Institute of Information Technology, Kondhwa (Bk.), Pune",,628961210,Mechanical Engineering,State Level,VIIS,25434,89.690179
06289,"B.R.A.C.T's Vishwakarma Institute of Information Technology, Kondhwa (Bk.), Pune",,628991110,Computer Science and Engineering(Artificial Intelligence and Machine Learning),State Level,GOPENS,5742,97.7845902
06289,"B.R.A.C.T's Vishwakarma Institute of Information Technology, Kondhwa (Bk.), Pune",,628991110,Computer Science and Engineering(Artificial Intelligence and Machine Learning),State Level,GSCS,16110,93.5868331
06289,"B.R.A.C.T's Vishwakarma Institute of Information Technology, Kondhwa (Bk.), Pune",,628991110,Computer Science and Engineering(Artificial Intelligence and Machine Learning),State Level,LOPENS,5649,97.818535
06289,"B.R.A.C.T's Vishwakarma Institute of Information Technology, Kondhwa (Bk.), Pune",,628991110,Computer Science and Engineering(Artificial Intelligence and Machine Learning),State Level,LSCS,19583,92.1445405
06289,"B.R.A.C.T's Vishwakarma Institute of Information Technology, Kondhwa (Bk.), Pune",,628991110,Computer Science and Engineering(Artificial Intelligence and Machine Learning),State Level,TFWS,3836,98.503535
06289,"B.R.A.C.T's Vishwakarma Institute of Information Technology, Kondhwa (Bk.), Pune",,628991110,Computer Science and Engineering(Artificial Intelligence and Machine Learning),State Level,EWS,5718,97.7845902
06289,"B.R.A.C.T's Vishwakarma Institute of Information Technology, Kondhwa (Bk.), Pune",,628991210,Computer Science and Engineering(Data Science),State Level,GOPENS,6737,97.3887196
06289,"B.R.A.C.T's Vishwakarma Institute of Information Technology, Kondhwa (Bk.), Pune",,628991210,Computer Science and Engineering(Data Science),State Level,LOPENS,6708,97.3893473
06289,"B.R.A.C.T's Vishwakarma Institute of Information Technology, Kondhwa (Bk.), Pune",,628991210,Computer Science and Engineering(Data Science),State Level,EWS,5644,97.818535
06289,"B.R.A.C.T's Vishwakarma Institute of Information Technology, Kondhwa (Bk.), Pune",,628991310,Computer Science and Engineering (Artificial Intelligence),State Level,GOPENS,6281,97.572663
06289,"B.R.A.C.T's Vishwakarma Institute of Information Technology, Kondhwa (Bk.), Pune",,628991310,Computer Science and Engineering (Artificial Intelligence),State Level,GSCS,16197,93.5395473
06289,"B.R.A.C.T's Vishwakarma Institute of Information Technology, Kondhwa (Bk.), Pune",,628991310,Computer Science and Engineering (Artificial Intelligence),State Level,GOBCS,6665,97.4622993
06289,"B.R.A.C.T's Vishwakarma Institute of Information Technology, Kondhwa (Bk.), Pune",,628991310,Computer Science and Engineering (Artificial Intelligence),State Level,LOPENS,7074,97.2702662
06289,"B.R.A.C.T's Vishwakarma Institute of Information Technology, Kondhwa (Bk.), Pune",,628991310,Computer Science and Engineering (Artificial Intelligence),State Level,LSCS,20840,91.6889238
06289,"B.R.A.C.T's Vishwakarma Institute of Information Technology, Kondhwa (Bk.), Pune",,628991310,Computer Science and Engineering (Artificial Intelligence),State Level,DEFOPENS,10964,95.7239057
06289,"B.R.A.C.T's Vishwakarma Institute of Information Technology, Kondhwa (Bk.), Pune",,628991310,Computer Science and Engineering (Artificial Intelligence),State Level,EWS,6458,97.5168711
06289,"B.R.A.C.T's Vishwakarma Institute of Information Technology, Kondhwa (Bk.), Pune",,628992010,Computer Science and Engineering (Internet of Things and Cyber Security Including Block Chain,State Level,"Legends:Start Character G-General, L-Ladies, End Character H-Home University, O-Other than Home University, S-State LevelS",7402,97.1470401
06289,"B.R.A.C.T's Vishwakarma Institute of Information Technology, Kondhwa (Bk.), Pune",,628992010,Computer Science and Engineering (Internet of Things and Cyber Security Including Block Chain,State Level,Maharashtra State Seats - Cut Off Indicates State General Merit No. ; Figures in bracket Indicates MHT-CET PCM PercentileS,18304,92.6711629
06289,"B.R.A.C.T's Vishwakarma Institute of Information Technology, Kondhwa (Bk.), Pune",,628992010,Computer Science and Engineering (Internet of Things and Cyber Security Including Block Chain,State Level,DS,8850,96.5491373
06289,"B.R.A.C.T's Vishwakarma Institute of Information Technology, Kondhwa (Bk.), Pune",,628992010,Computer Science and Engineering (Internet of Things and Cyber Security Including Block Chain,State Level,State Common Entrance Test CellS,7641,97.0482604
06289,"B.R.A.C.T's Vishwakarma Institute of Information Technology, Kondhwa (Bk.), Pune",,628992710,Computer Engineering (Software Engineering),State Level,GOPENS,6068,97.6631658
06289,"B.R.A.C.T's Vishwakarma Institute of Information Technology, Kondhwa (Bk.), Pune",,628992710,Computer Engineering (Software Engineering),State Level,GSCS,15645,93.8067312
06289,"B.R.A.C.T's Vishwakarma Institute of Information Technology, Kondhwa (Bk.), Pune",,628992710,Computer Engineering (Software Engineering),State Level,GNT1S,9301,96.3786008
06289,"B.R.A.C.T's Vishwakarma Institute of Information Technology, Kondhwa (Bk.), Pune",,628992710,Computer Engineering (Software Engineering),State Level,LOPENS,7211,97.2231231
06289,"B.R.A.C.T's Vishwakarma Institute of Information Technology, Kondhwa (Bk.), Pune",,628992710,Computer Engineering (Software Engineering),State Level,TFWS,5026,98.0707133
06289,"B.R.A.C.T's Vishwakarma Institute of Information Technology, Kondhwa (Bk.), Pune",,628999510,Artificial Intelligence and Data Science,State Level,GOPENS,6133,97.6333538
06289,"B.R.A.C.T's Vishwakarma Institute of Information Technology, Kondhwa (Bk.), Pune",,628999510,Artificial Intelligence and Data Science,State Level,LOPENS,7853,96.9767961
06289,"B.R.A.C.T's Vishwakarma Institute of Information Technology, Kondhwa (Bk.), Pune",,628999510,Artificial Intelligence and Data Science,State Level,PWDOBCS,7291,97.1775847
06289,"B.R.A.C.T's Vishwakarma Institute of Information Technology, Kondhwa (Bk.), Pune",,628999510,Artificial Intelligence and Data Science,State Level,I-NonS,6424,97.5196409
06293,"Kai Amdar  Bramhadevdada Mane Shikshan & Samajik Prathistan's Bramhadevdada Mane Institute of Technology, Solapur",,629324210,Computer Science and Engineering,State Level,"Legends:Start Character G-General, L-Ladies, End Character H-Home University, O-Other than Home University, S-State LevelS",61867,73.0265619
06293,"Kai Amdar  Bramhadevdada Mane Shikshan & Samajik Prathistan's Bramhadevdada Mane Institute of Technology, Solapur",,629324210,Computer Science and Engineering,State Level,Maharashtra State Seats - Cut Off Indicates State General Merit No. ; Figures in bracket Indicates MHT-CET PCM PercentileS,80981,61.6397637
06293,"Kai Amdar  Bramhadevdada Mane Shikshan & Samajik Prathistan's Bramhadevdada Mane Institute of Technology, Solapur",,629337210,Electronics and Telecommunication Engg,State Level,"Legends:Start Character G-General, L-Ladies, End Character H-Home University, O-Other than Home University, S-State LevelS",113808,36.6068088
06293,"Kai Amdar  Bramhadevdada Mane Shikshan & Samajik Prathistan's Bramhadevdada Mane Institute of Technology, Solapur",,629337210,Electronics and Telecommunication Engg,State Level,Maharashtra State Seats - Cut Off Indicates State General Merit No. ; Figures in bracket Indicates MHT-CET PCM PercentileS,118711,32.3660798
06293,"Kai Amdar  Bramhadevdada Mane Shikshan & Samajik Prathistan's Bramhadevdada Mane Institute of Technology, Solapur",,629337210,Electronics and Telecommunication Engg,State Level,I-NonS,135685,12.6949825
06293,"Kai Amdar  Bramhadevdada Mane Shikshan & Samajik Prathistan's Bramhadevdada Mane Institute of Technology, Solapur",,629361210,Mechanical Engineering,State Level,EWS,135699,12.4194815
06298,"Zeal Education Society's Zeal College of Engineering & Reserch, Narhe, Pune",,629819110,Civil Engineering,State Level,"Legends:Start Character G-General, L-Ladies, End Character H-Home University, O-Other than Home University, S-State LevelS",110628,39.9066862
06298,"Zeal Education Society's Zeal College of Engineering & Reserch, Narhe, Pune",,629821910,Robotics and Automation,State Level,"Legends:Start Character G-General, L-Ladies, End Character H-Home University, O-Other than Home University, S-State LevelS",58342,74.8671904
06298,"Zeal Education Society's Zeal College of Engineering & Reserch, Narhe, Pune",,629824510,Computer Engineering,State Level,"Legends:Start Character G-General, L-Ladies, End Character H-Home University, O-Other than Home University, S-State LevelS",33461,86.1668982
06298,"Zeal Education Society's Zeal College of Engineering & Reserch, Narhe, Pune",,629824510,Computer Engineering,State Level,Maharashtra State Seats - Cut Off Indicates State General Merit No. ; Figures in bracket Indicates MHT-CET PCM PercentileS,20325,91.765679
06298,"Zeal Education Society's Zeal College of Engineering & Reserch, Narhe, Pune",,629824510,Computer Engineering,State Level,DS,30071,87.6216398
06298,"Zeal Education Society's Zeal College of Engineering & Reserch, Narhe, Pune",,629824610,Information Technology,State Level,"Legends:Start Character G-General, L-Ladies, End Character H-Home University, O-Other than Home University, S-State LevelS",34798,85.4752553
06298,"Zeal Education Society's Zeal College of Engineering & Reserch, Narhe, Pune",,629824610,Information Technology,State Level,VIIS,34724,85.4752553
06298,"Zeal Education Society's Zeal College of Engineering & Reserch, Narhe, Pune",,629829310,Electrical Engineering,State Level,"Legends:Start Character G-General, L-Ladies, End Character H-Home University, O-Other than Home University, S-State LevelS",139553,6.4285981
06298,"Zeal Education Society's Zeal College of Engineering & Reserch, Narhe, Pune",,629829310,Electrical Engineering,State Level,Maharashtra State Seats - Cut Off Indicates State General Merit No. ; Figures in bracket Indicates MHT-CET PCM PercentileS,84303,59.9156802
06298,"Zeal Education Society's Zeal College of Engineering & Reserch, Narhe, Pune",,629837210,Electronics and Telecommunication Engg,State Level,"Legends:Start Character G-General, L-Ladies, End Character H-Home University, O-Other than Home University, S-State LevelS",102908,46.4499379
06298,"Zeal Education Society's Zeal College of Engineering & Reserch, Narhe, Pune",,629837210,Electronics and Telecommunication Engg,State Level,Maharashtra State Seats - Cut Off Indicates State General Merit No. ; Figures in bracket Indicates MHT-CET PCM PercentileS,42772,82.2034564
06298,"Zeal Education Society's Zeal College of Engineering & Reserch, Narhe, Pune",,629837210,Electronics and Telecommunication Engg,State Level,DS,51056,78.3308876
06298,"Zeal Education Society's Zeal College of Engineering & Reserch, Narhe, Pune",,629861210,Mechanical Engineering,State Level,"Legends:Start Character G-General, L-Ladies, End Character H-Home University, O-Other than Home University, S-State LevelS",82727,60.9799222
06298,"Zeal Education Society's Zeal College of Engineering & Reserch, Narhe, Pune",,629861210,Mechanical Engineering,State Level,Maharashtra State Seats - Cut Off Indicates State General Merit No. ; Figures in bracket Indicates MHT-CET PCM PercentileS,100069,49.0455617
06298,"Zeal Education Society's Zeal College of Engineering & Reserch, Narhe, Pune",,629861210,Mechanical Engineering,State Level,I-NonS,124301,26.2033481
06298,"Zeal Education Society's Zeal College of Engineering & Reserch, Narhe, Pune",,629884410,Electronics and Computer Engineering,State Level,"Legends:Start Character G-General, L-Ladies, End Character H-Home University, O-Other than Home University, S-State LevelS",41457,82.4643661
06298,"Zeal Education Society's Zeal College of Engineering & Reserch, Narhe, Pune",,629892110,Artificial Intelligence and Machine Learning,State Level,"Legends:Start Character G-General, L-Ladies, End Character H-Home University, O-Other than Home University, S-State LevelS",28630,88.2793393
06298,"Zeal Education Society's Zeal College of Engineering & Reserch, Narhe, Pune",,629892110,Artificial Intelligence and Machine Learning,State Level,Maharashtra State Seats - Cut Off Indicates State General Merit No. ; Figures in bracket Indicates MHT-CET PCM PercentileS,104950,44.6898706
06298,"Zeal Education Society's Zeal College of Engineering & Reserch, Narhe, Pune",,629892110,Artificial Intelligence and Machine Learning,State Level,DS,38043,84.216054
06298,"Zeal Education Society's Zeal College of Engineering & Reserch, Narhe, Pune",,629899510,Artificial Intelligence and Data Science,State Level,DEFOPENS,55608,75.8958975
06298,"Zeal Education Society's Zeal College of Engineering & Reserch, Narhe, Pune",,629899510,Artificial Intelligence and Data Science,State Level,EWS,11817,95.3703704
06303,"Dr. Ashok Gujar Technical Institute's  Dr. Daulatrao Aher College of Engineering, Karad",,630319110,Civil Engineering,State Level,"Legends:Start Character G-General, L-Ladies, End Character H-Home University, O-Other than Home University, S-State LevelS",60332,73.4109953
06304,"Loknete Hanumantrao Charitable Trust's Adarsh Institute of Technology and Research Centre, Vita,Sangli",,630424210,Computer Science and Engineering,State Level,EWS,22551,90.8627157
06304,"Loknete Hanumantrao Charitable Trust's Adarsh Institute of Technology and Research Centre, Vita,Sangli",,630437210,Electronics and Telecommunication Engg,State Level,DEFOPENS,138257,8.8688138
06307,"Dhole Patil Education Society, Dhole Patil College of Engineering, Wagholi, Tal. Haveli",,630724510,Computer Engineering,State Level,"Legends:Start Character G-General, L-Ladies, End Character H-Home University, O-Other than Home University, S-State LevelS",74298,66.0524144
06307,"Dhole Patil Education Society, Dhole Patil College of Engineering, Wagholi, Tal. Haveli",,630724510,Computer Engineering,State Level,Maharashtra State Seats - Cut Off Indicates State General Merit No. ; Figures in bracket Indicates MHT-CET PCM PercentileS,35322,85.3534944
06307,"Dhole Patil Education Society, Dhole Patil College of Engineering, Wagholi, Tal. Haveli",,630724610,Information Technology,State Level,"Legends:Start Character G-General, L-Ladies, End Character H-Home University, O-Other than Home University, S-State LevelS",77312,64.0952985
06307,"Dhole Patil Education Society, Dhole Patil College of Engineering, Wagholi, Tal. Haveli",,630724610,Information Technology,State Level,Maharashtra State Seats - Cut Off Indicates State General Merit No. ; Figures in bracket Indicates MHT-CET PCM PercentileS,28655,88.2671548
06307,"Dhole Patil Education Society, Dhole Patil College of Engineering, Wagholi, Tal. Haveli",,630737210,Electronics and Telecommunication Engg,State Level,"Legends:Start Character G-General, L-Ladies, End Character H-Home University, O-Other than Home University, S-State LevelS",58535,74.4658288
06307,"Dhole Patil Education Society, Dhole Patil College of Engineering, Wagholi, Tal. Haveli",,630760210,Automobile Engineering,State Level,"Legends:Start Character G-General, L-Ladies, End Character H-Home University, O-Other than Home University, S-State LevelS",126007,24.5412844
06307,"Dhole Patil Education Society, Dhole Patil College of Engineering, Wagholi, Tal. Haveli",,630760210,Automobile Engineering,State Level,I-NonS,108890,41.1609401
06308,"Shanti Education Society, A.G. Patil Institute of Technology, Soregaon, Solapur(North)",,630824510,Computer Engineering,State Level,"Legends:Start Character G-General, L-Ladies, End Character H-Home University, O-Other than Home University, S-State LevelS",71489,67.5703113
06308,"Shanti Education Society, A.G. Patil Institute of Technology, Soregaon, Solapur(North)",,630837210,Electronics and Telecommunication Engg,State Level,"Legends:Start Character G-General, L-Ladies, End Character H-Home University, O-Other than Home University, S-State LevelS",74934,65.4207881
06308,"Shanti Education Society, A.G. Patil Institute of Technology, Soregaon, Solapur(North)",,630837210,Electronics and Telecommunication Engg,State Level,Maharashtra State Seats - Cut Off Indicates State General Merit No. ; Figures in bracket Indicates MHT-CET PCM PercentileS,84029,59.9156802
06310,"Nutan Maharashtra Vidya Prasarak Mandal, Nutan Maharashtra Institute of Engineering &Technology, Talegaon station, Pune",,631024510,Computer Engineering,State Level,"Legends:Start Character G-General, L-Ladies, End Character H-Home University, O-Other than Home University, S-State LevelS",14574,94.2244022
06310,"Nutan Maharashtra Vidya Prasarak Mandal, Nutan Maharashtra Institute of Engineering &Technology, Talegaon station, Pune",,631024510,Computer Engineering,State Level,Maharashtra State Seats - Cut Off Indicates State General Merit No. ; Figures in bracket Indicates MHT-CET PCM PercentileS,21821,91.2254517
06310,"Nutan Maharashtra Vidya Prasarak Mandal, Nutan Maharashtra Institute of Engineering &Technology, Talegaon station, Pune",,631037210,Electronics and Telecommunication Engg,State Level,EWS,37874,84.2884307
06311,"Jayawant Shikshan Prasarak Mandal, Bhivarabai Sawant Institute of Technology & Research, Wagholi",,631124510,Computer Engineering,State Level,"Legends:Start Character G-General, L-Ladies, End Character H-Home University, O-Other than Home University, S-State LevelS",48324,79.5863208
06311,"Jayawant Shikshan Prasarak Mandal, Bhivarabai Sawant Institute of Technology & Research, Wagholi",,631124510,Computer Engineering,State Level,Maharashtra State Seats - Cut Off Indicates State General Merit No. ; Figures in bracket Indicates MHT-CET PCM PercentileS,10664,95.8552138
06311,"Jayawant Shikshan Prasarak Mandal, Bhivarabai Sawant Institute of Technology & Research, Wagholi",,631124510,Computer Engineering,State Level,DS,27778,88.6695314
06311,"Jayawant Shikshan Prasarak Mandal, Bhivarabai Sawant Institute of Technology & Research, Wagholi",,631124610,Information Technology,State Level,"Legends:Start Character G-General, L-Ladies, End Character H-Home University, O-Other than Home University, S-State LevelS",32901,86.3550668
06311,"Jayawant Shikshan Prasarak Mandal, Bhivarabai Sawant Institute of Technology & Research, Wagholi",,631129310,Electrical Engineering,State Level,"Legends:Start Character G-General, L-Ladies, End Character H-Home University, O-Other than Home University, S-State LevelS",77699,63.973064
06311,"Jayawant Shikshan Prasarak Mandal, Bhivarabai Sawant Institute of Technology & Research, Wagholi",,631129310,Electrical Engineering,State Level,VIIS,71201,67.711928
06311,"Jayawant Shikshan Prasarak Mandal, Bhivarabai Sawant Institute of Technology & Research, Wagholi",,631137210,Electronics and Telecommunication Engg,State Level,"Legends:Start Character G-General, L-Ladies, End Character H-Home University, O-Other than Home University, S-State LevelS",35084,85.415737
06311,"Jayawant Shikshan Prasarak Mandal, Bhivarabai Sawant Institute of Technology & Research, Wagholi",,631137210,Electronics and Telecommunication Engg,State Level,Maharashtra State Seats - Cut Off Indicates State General Merit No. ; Figures in bracket Indicates MHT-CET PCM PercentileS,49621,78.7120349
06311,"Jayawant Shikshan Prasarak Mandal, Bhivarabai Sawant Institute of Technology & Research, Wagholi",,631161210,Mechanical Engineering,State Level,"Legends:Start Character G-General, L-Ladies, End Character H-Home University, O-Other than Home University, S-State LevelS",103900,45.9472716
06313,"Jaywant College of Engineering & Polytechnic , Kille Macchindragad Tal. Walva District- Sangali",,631324510,Computer Engineering,State Level,"Legends:Start Character G-General, L-Ladies, End Character H-Home University, O-Other than Home University, S-State LevelS",58107,75.0737739
06313,"Jaywant College of Engineering & Polytechnic , Kille Macchindragad Tal. Walva District- Sangali",,631324510,Computer Engineering,State Level,Maharashtra State Seats - Cut Off Indicates State General Merit No. ; Figures in bracket Indicates MHT-CET PCM PercentileS,121192,29.4111028
06313,"Jaywant College of Engineering & Polytechnic , Kille Macchindragad Tal. Walva District- Sangali",,631324510,Computer Engineering,State Level,I-NonS,83999,59.9156802
06313,"Jaywant College of Engineering & Polytechnic , Kille Macchindragad Tal. Walva District- Sangali",,631337210,Electronics and Telecommunication Engg,State Level,EWS,117651,33.2472877
06315,"Holy-Wood Academy's Sanjeevan Engineering and Technology Institute, Panhala",,631524210,Computer Science and Engineering,State Level,"Legends:Start Character G-General, L-Ladies, End Character H-Home University, O-Other than Home University, S-State LevelS",86995,58.1195238
06315,"Holy-Wood Academy's Sanjeevan Engineering and Technology Institute, Panhala",,631524210,Computer Science and Engineering,State Level,I-NonS,102271,46.8567142
06315,"Holy-Wood Academy's Sanjeevan Engineering and Technology Institute, Panhala",,631561210,Mechanical Engineering,State Level,"Legends:Start Character G-General, L-Ladies, End Character H-Home University, O-Other than Home University, S-State LevelS",124343,26.2033481
06315,"Holy-Wood Academy's Sanjeevan Engineering and Technology Institute, Panhala",,631584410,Electronics and Computer Engineering,State Level,EWS,133645,15.5096512
06317,"Sharad Institute of Technology College of Engineering, Yadrav(Ichalkaranji)",,631719110,Civil Engineering,State Level,"Legends:Start Character G-General, L-Ladies, End Character H-Home University, O-Other than Home University, S-State LevelS",108070,42.5530244
06317,"Sharad Institute of Technology College of Engineering, Yadrav(Ichalkaranji)",,631719110,Civil Engineering,State Level,Maharashtra State Seats - Cut Off Indicates State General Merit No. ; Figures in bracket Indicates MHT-CET PCM PercentileS,114458,36.3578395
06317,"Sharad Institute of Technology College of Engineering, Yadrav(Ichalkaranji)",,631724210,Computer Science and Engineering,State Level,GOPENS,58873,74.1935484
06317,"Sharad Institute of Technology College of Engineering, Yadrav(Ichalkaranji)",,631724210,Computer Science and Engineering,State Level,GSCS,74958,65.4207881
06317,"Sharad Institute of Technology College of Engineering, Yadrav(Ichalkaranji)",,631724210,Computer Science and Engineering,State Level,GNT2S,68615,69.2172491
06317,"Sharad Institute of Technology College of Engineering, Yadrav(Ichalkaranji)",,631724210,Computer Science and Engineering,State Level,GNT3S,85062,58.8704519
06317,"Sharad Institute of Technology College of Engineering, Yadrav(Ichalkaranji)",,631724210,Computer Science and Engineering,State Level,GOBCS,66420,70.5106049
06317,"Sharad Institute of Technology College of Engineering, Yadrav(Ichalkaranji)",,631724210,Computer Science and Engineering,State Level,LOPENS,48919,79.3939394
06317,"Sharad Institute of Technology College of Engineering, Yadrav(Ichalkaranji)",,631724210,Computer Science and Engineering,State Level,PWDOPENS,45138,81.0090469
06317,"Sharad Institute of Technology College of Engineering, Yadrav(Ichalkaranji)",,631724210,Computer Science and Engineering,State Level,I-NonS,58520,74.4658288
06317,"Sharad Institute of Technology College of Engineering, Yadrav(Ichalkaranji)",,631729310,Electrical Engineering,State Level,GOPENS,113613,37.1297299
06317,"Sharad Institute of Technology College of Engineering, Yadrav(Ichalkaranji)",,631729310,Electrical Engineering,State Level,GSCS,126334,24.0591998
06317,"Sharad Institute of Technology College of Engineering, Yadrav(Ichalkaranji)",,631729310,Electrical Engineering,State Level,GNT2S,130098,19.9324831
06317,"Sharad Institute of Technology College of Engineering, Yadrav(Ichalkaranji)",,631729310,Electrical Engineering,State Level,GOBCS,107706,42.5955447
06317,"Sharad Institute of Technology College of Engineering, Yadrav(Ichalkaranji)",,631729310,Electrical Engineering,State Level,I-NonS,109202,41.1609401
06317,"Sharad Institute of Technology College of Engineering, Yadrav(Ichalkaranji)",,631729310,Electrical Engineering,State Level,VIIS,126882,23.5805396
06317,"Sharad Institute of Technology College of Engineering, Yadrav(Ichalkaranji)",,631761210,Mechanical Engineering,State Level,GOPENS,136761,11.119036
06317,"Sharad Institute of Technology College of Engineering, Yadrav(Ichalkaranji)",,631761210,Mechanical Engineering,State Level,LOPENS,91299,55.2985075
06317,"Sharad Institute of Technology College of Engineering, Yadrav(Ichalkaranji)",,631762410,Mechatronics Engineering,State Level,"Legends:Start Character G-General, L-Ladies, End Character H-Home University, O-Other than Home University, S-State LevelS",135016,13.3235504
06317,"Sharad Institute of Technology College of Engineering, Yadrav(Ichalkaranji)",,631762410,Mechatronics Engineering,State Level,Maharashtra State Seats - Cut Off Indicates State General Merit No. ; Figures in bracket Indicates MHT-CET PCM PercentileS,133158,15.9127414
06317,"Sharad Institute of Technology College of Engineering, Yadrav(Ichalkaranji)",,631762410,Mechatronics Engineering,State Level,DS,95514,52.2466614
06317,"Sharad Institute of Technology College of Engineering, Yadrav(Ichalkaranji)",,631762410,Mechatronics Engineering,State Level,State Common Entrance Test CellS,120255,30.5964599
06317,"Sharad Institute of Technology College of Engineering, Yadrav(Ichalkaranji)",,631784410,Electronics and Computer Engineering,State Level,GOPENS,72035,67.1534217
06317,"Sharad Institute of Technology College of Engineering, Yadrav(Ichalkaranji)",,631784410,Electronics and Computer Engineering,State Level,GSCS,133846,15.1933187
06317,"Sharad Institute of Technology College of Engineering, Yadrav(Ichalkaranji)",,631784410,Electronics and Computer Engineering,State Level,GNT3S,96500,51.0567213
06317,"Sharad Institute of Technology College of Engineering, Yadrav(Ichalkaranji)",,631784410,Electronics and Computer Engineering,State Level,GOBCS,67986,69.597699
06317,"Sharad Institute of Technology College of Engineering, Yadrav(Ichalkaranji)",,631784410,Electronics and Computer Engineering,State Level,LOPENS,46500,80.2375547
06317,"Sharad Institute of Technology College of Engineering, Yadrav(Ichalkaranji)",,631784410,Electronics and Computer Engineering,State Level,VIIS,76741,64.4512569
06317,"Sharad Institute of Technology College of Engineering, Yadrav(Ichalkaranji)",,631791610,Automation and Robotics,State Level,GOPENS,83754,59.9249812
06317,"Sharad Institute of Technology College of Engineering, Yadrav(Ichalkaranji)",,631791610,Automation and Robotics,State Level,GSTS,135867,12.1380345
06317,"Sharad Institute of Technology College of Engineering, Yadrav(Ichalkaranji)",,631791610,Automation and Robotics,State Level,VIIS,93489,53.6496624
06317,"Sharad Institute of Technology College of Engineering, Yadrav(Ichalkaranji)",,631799510,Artificial Intelligence and Data Science,State Level,GOPENS,44727,81.0352521
06317,"Sharad Institute of Technology College of Engineering, Yadrav(Ichalkaranji)",,631799510,Artificial Intelligence and Data Science,State Level,EWS,41091,82.869523
06318,"Abhinav Education Society's College of Engineering and Technology (Degree), Wadwadi",,631824210,Computer Science and Engineering,State Level,"Legends:Start Character G-General, L-Ladies, End Character H-Home University, O-Other than Home University, S-State LevelS",131168,18.4453326
06319,"Shahajirao Patil Vikas Pratishthan, S.B.Patil College of Engineering, Vangali, Tal. Indapur",,631919110,Civil Engineering,State Level,"Legends:Start Character G-General, L-Ladies, End Character H-Home University, O-Other than Home University, S-State LevelS",110345,39.9251777
06319,"Shahajirao Patil Vikas Pratishthan, S.B.Patil College of Engineering, Vangali, Tal. Indapur",,631924510,Computer Engineering,State Level,"Legends:Start Character G-General, L-Ladies, End Character H-Home University, O-Other than Home University, S-State LevelS",73594,66.4309764
06319,"Shahajirao Patil Vikas Pratishthan, S.B.Patil College of Engineering, Vangali, Tal. Indapur",,631924510,Computer Engineering,State Level,I-NonS,61633,73.1851907
06319,"Shahajirao Patil Vikas Pratishthan, S.B.Patil College of Engineering, Vangali, Tal. Indapur",,631926310,Artificial Intelligence (AI) and Data Science,State Level,"Legends:Start Character G-General, L-Ladies, End Character H-Home University, O-Other than Home University, S-State LevelS",68489,69.3042857
06319,"Shahajirao Patil Vikas Pratishthan, S.B.Patil College of Engineering, Vangali, Tal. Indapur",,631929310,Electrical Engineering,State Level,"Legends:Start Character G-General, L-Ladies, End Character H-Home University, O-Other than Home University, S-State LevelS",92355,54.6296296
06319,"Shahajirao Patil Vikas Pratishthan, S.B.Patil College of Engineering, Vangali, Tal. Indapur",,631929310,Electrical Engineering,State Level,I-NonS,106654,43.224841
06319,"Shahajirao Patil Vikas Pratishthan, S.B.Patil College of Engineering, Vangali, Tal. Indapur",,631937210,Electronics and Telecommunication Engg,State Level,"Legends:Start Character G-General, L-Ladies, End Character H-Home University, O-Other than Home University, S-State LevelS",72758,66.8171727
06319,"Shahajirao Patil Vikas Pratishthan, S.B.Patil College of Engineering, Vangali, Tal. Indapur",,631937210,Electronics and Telecommunication Engg,State Level,I-NonS,89298,56.656397
06319,"Shahajirao Patil Vikas Pratishthan, S.B.Patil College of Engineering, Vangali, Tal. Indapur",,631961210,Mechanical Engineering,State Level,"Legends:Start Character G-General, L-Ladies, End Character H-Home University, O-Other than Home University, S-State LevelS",105626,44.0513989
06320,"K.J.'s Educational Institute's K.J.College of Engineering & Management Research, Pisoli",,632024510,Computer Engineering,State Level,"Legends:Start Character G-General, L-Ladies, End Character H-Home University, O-Other than Home University, S-State LevelS",48669,79.4628516
06320,"K.J.'s Educational Institute's K.J.College of Engineering & Management Research, Pisoli",,632024510,Computer Engineering,State Level,VIIS,47726,79.7807688
06320,"K.J.'s Educational Institute's K.J.College of Engineering & Management Research, Pisoli",,632029310,Electrical Engineering,State Level,"Legends:Start Character G-General, L-Ladies, End Character H-Home University, O-Other than Home University, S-State LevelS",112165,38.9045575
06320,"K.J.'s Educational Institute's K.J.College of Engineering & Management Research, Pisoli",,632029310,Electrical Engineering,State Level,I-NonS,110430,39.9251777
06320,"K.J.'s Educational Institute's K.J.College of Engineering & Management Research, Pisoli",,632037210,Electronics and Telecommunication Engg,State Level,"Legends:Start Character G-General, L-Ladies, End Character H-Home University, O-Other than Home University, S-State LevelS",122015,28.923802
06320,"K.J.'s Educational Institute's K.J.College of Engineering & Management Research, Pisoli",,632037210,Electronics and Telecommunication Engg,State Level,Maharashtra State Seats - Cut Off Indicates State General Merit No. ; Figures in bracket Indicates MHT-CET PCM PercentileS,60694,73.3779089
06320,"K.J.'s Educational Institute's K.J.College of Engineering & Management Research, Pisoli",,632037210,Electronics and Telecommunication Engg,State Level,VIIS,67759,69.6572694
06320,"K.J.'s Educational Institute's K.J.College of Engineering & Management Research, Pisoli",,632037810,Electronics Engineering ( VLSI Design and Technology),State Level,"Legends:Start Character G-General, L-Ladies, End Character H-Home University, O-Other than Home University, S-State LevelS",96436,51.4762755
06320,"K.J.'s Educational Institute's K.J.College of Engineering & Management Research, Pisoli",,632092810,Electronics and Communication(Advanced Communication Technology),State Level,DEFOPENS,69035,69.0354573
06320,"K.J.'s Educational Institute's K.J.College of Engineering & Management Research, Pisoli",,632092810,Electronics and Communication(Advanced Communication Technology),State Level,I-NonS,97801,50.2663166
06320,"K.J.'s Educational Institute's K.J.College of Engineering & Management Research, Pisoli",,632092810,Electronics and Communication(Advanced Communication Technology),State Level,VIIS,91584,55.2709127
06321,"Vidya Vikas Pratishthan Institute of Engineering and Technology, Solapur",,632124210,Computer Science and Engineering,State Level,"Legends:Start Character G-General, L-Ladies, End Character H-Home University, O-Other than Home University, S-State LevelS",90088,55.8997381
06321,"Vidya Vikas Pratishthan Institute of Engineering and Technology, Solapur",,632124210,Computer Science and Engineering,State Level,Maharashtra State Seats - Cut Off Indicates State General Merit No. ; Figures in bracket Indicates MHT-CET PCM PercentileS,102641,46.4534231
06321,"Vidya Vikas Pratishthan Institute of Engineering and Technology, Solapur",,632124210,Computer Science and Engineering,State Level,I-NonS,98797,49.5548073
06321,"Vidya Vikas Pratishthan Institute of Engineering and Technology, Solapur",,632129310,Electrical Engineering,State Level,"Legends:Start Character G-General, L-Ladies, End Character H-Home University, O-Other than Home University, S-State LevelS",141623,3.0928999
06321,"Vidya Vikas Pratishthan Institute of Engineering and Technology, Solapur",,632199510,Artificial Intelligence and Data Science,State Level,DEFOPENS,120394,30.5890703
06322,"Shree Gajanan Maharaj Shikshan Prasarak Manda'l Sharadchandra Pawar College of Engineering, Dumbarwadi",,632224510,Computer Engineering,State Level,"Legends:Start Character G-General, L-Ladies, End Character H-Home University, O-Other than Home University, S-State LevelS",71218,67.711928
06322,"Shree Gajanan Maharaj Shikshan Prasarak Manda'l Sharadchandra Pawar College of Engineering, Dumbarwadi",,632224510,Computer Engineering,State Level,Maharashtra State Seats - Cut Off Indicates State General Merit No. ; Figures in bracket Indicates MHT-CET PCM PercentileS,69278,68.9337823
06322,"Shree Gajanan Maharaj Shikshan Prasarak Manda'l Sharadchandra Pawar College of Engineering, Dumbarwadi",,632224510,Computer Engineering,State Level,I-NonS,75558,65.107535
06322,"Shree Gajanan Maharaj Shikshan Prasarak Manda'l Sharadchandra Pawar College of Engineering, Dumbarwadi",,632237210,Electronics and Telecommunication Engg,State Level,"Legends:Start Character G-General, L-Ladies, End Character H-Home University, O-Other than Home University, S-State LevelS",88029,56.982253
06322,"Shree Gajanan Maharaj Shikshan Prasarak Manda'l Sharadchandra Pawar College of Engineering, Dumbarwadi",,632237210,Electronics and Telecommunication Engg,State Level,I-NonS,97693,50.2663166
06322,"Shree Gajanan Maharaj Shikshan Prasarak Manda'l Sharadchandra Pawar College of Engineering, Dumbarwadi",,632261210,Mechanical Engineering,State Level,EWS,124724,26.0127532
06324,"Rajgad Dnyanpeeth's Technical Campus,Dhangwadi, Bhor",,632424510,Computer Engineering,State Level,"Legends:Start Character G-General, L-Ladies, End Character H-Home University, O-Other than Home University, S-State LevelS",59822,73.642653
06324,"Rajgad Dnyanpeeth's Technical Campus,Dhangwadi, Bhor",,632424510,Computer Engineering,State Level,VIIS,69326,68.9337823
06324,"Rajgad Dnyanpeeth's Technical Campus,Dhangwadi, Bhor",,632426310,Artificial Intelligence (AI) and Data Science,State Level,"Legends:Start Character G-General, L-Ladies, End Character H-Home University, O-Other than Home University, S-State LevelS",109808,40.6521983
06324,"Rajgad Dnyanpeeth's Technical Campus,Dhangwadi, Bhor",,632426310,Artificial Intelligence (AI) and Data Science,State Level,Maharashtra State Seats - Cut Off Indicates State General Merit No. ; Figures in bracket Indicates MHT-CET PCM PercentileS,53844,76.839044
06324,"Rajgad Dnyanpeeth's Technical Campus,Dhangwadi, Bhor",,632426310,Artificial Intelligence (AI) and Data Science,State Level,DS,87070,58.1195238
06324,"Rajgad Dnyanpeeth's Technical Campus,Dhangwadi, Bhor",,632426310,Artificial Intelligence (AI) and Data Science,State Level,VIIS,78730,63.6508999
06324,"Rajgad Dnyanpeeth's Technical Campus,Dhangwadi, Bhor",,632437210,Electronics and Telecommunication Engg,State Level,"Legends:Start Character G-General, L-Ladies, End Character H-Home University, O-Other than Home University, S-State LevelS",73906,66.3914919
06324,"Rajgad Dnyanpeeth's Technical Campus,Dhangwadi, Bhor",,632437210,Electronics and Telecommunication Engg,State Level,Maharashtra State Seats - Cut Off Indicates State General Merit No. ; Figures in bracket Indicates MHT-CET PCM PercentileS,87402,58.0840122
06324,"Rajgad Dnyanpeeth's Technical Campus,Dhangwadi, Bhor",,632437210,Electronics and Telecommunication Engg,State Level,I-NonS,93975,52.7523799
06324,"Rajgad Dnyanpeeth's Technical Campus,Dhangwadi, Bhor",,632437210,Electronics and Telecommunication Engg,State Level,VIIS,94787,52.5567137
06324,"Rajgad Dnyanpeeth's Technical Campus,Dhangwadi, Bhor",,632461210,Mechanical Engineering,State Level,"Legends:Start Character G-General, L-Ladies, End Character H-Home University, O-Other than Home University, S-State LevelS",118088,32.8844711
06324,"Rajgad Dnyanpeeth's Technical Campus,Dhangwadi, Bhor",,632461210,Mechanical Engineering,State Level,I-NonS,138726,7.7808076
06325,"Alard  Charitable Trust's Alard College of Engineering and Management, Pune",,632524510,Computer Engineering,State Level,"Legends:Start Character G-General, L-Ladies, End Character H-Home University, O-Other than Home University, S-State LevelS",122584,28.3793174
06325,"Alard  Charitable Trust's Alard College of Engineering and Management, Pune",,632524510,Computer Engineering,State Level,Minority Seats Allotted to Maharashtra State Candidature CandidatesS,44711,81.0352521
06325,"Alard  Charitable Trust's Alard College of Engineering and Management, Pune",,632525710,Computer Science and Design,State Level,"Legends:Start Character G-General, L-Ladies, End Character H-Home University, O-Other than Home University, S-State LevelS",36571,84.740951
06325,"Alard  Charitable Trust's Alard College of Engineering and Management, Pune",,632525710,Computer Science and Design,State Level,Minority Seats Allotted to Maharashtra State Candidature CandidatesS,65043,71.2687819
06325,"Alard  Charitable Trust's Alard College of Engineering and Management, Pune",,632537210,Electronics and Telecommunication Engg,State Level,"Legends:Start Character G-General, L-Ladies, End Character H-Home University, O-Other than Home University, S-State LevelS",67630,69.6572694
06325,"Alard  Charitable Trust's Alard College of Engineering and Management, Pune",,632537210,Electronics and Telecommunication Engg,State Level,Minority Seats Allotted to Maharashtra State Candidature CandidatesS,78107,63.6910141
06325,"Alard  Charitable Trust's Alard College of Engineering and Management, Pune",,632537810,Electronics Engineering ( VLSI Design and Technology),State Level,"Legends:Start Character G-General, L-Ladies, End Character H-Home University, O-Other than Home University, S-State LevelS",105536,44.0513989
06326,Karmayogi Institute of Technology,,632624210,Computer Science and Engineering,State Level,EWS,57822,75.1338688
06326,Karmayogi Institute of Technology,,632637210,Electronics and Telecommunication Engg,State Level,"Legends:Start Character G-General, L-Ladies, End Character H-Home University, O-Other than Home University, S-State LevelS",81338,61.4332053
06326,Karmayogi Institute of Technology,,632637210,Electronics and Telecommunication Engg,State Level,Maharashtra State Seats - Cut Off Indicates State General Merit No. ; Figures in bracket Indicates MHT-CET PCM PercentileS,85885,58.7124464
06326,Karmayogi Institute of Technology,,632661210,Mechanical Engineering,State Level,"Legends:Start Character G-General, L-Ladies, End Character H-Home University, O-Other than Home University, S-State LevelS",115835,35.6213901
06326,Karmayogi Institute of Technology,,632661210,Mechanical Engineering,State Level,I-NonS,122786,28.1052376
06419,"Nutan College of Engineering and Research, Talegaon Dabhade Tal. Maval, Pune",,641924210,Computer Science and Engineering,State Level,"Legends:Start Character G-General, L-Ladies, End Character H-Home University, O-Other than Home University, S-State LevelS",97192,50.8083922
06419,"Nutan College of Engineering and Research, Talegaon Dabhade Tal. Maval, Pune",,641924210,Computer Science and Engineering,State Level,Maharashtra State Seats - Cut Off Indicates State General Merit No. ; Figures in bracket Indicates MHT-CET PCM PercentileS,39469,83.4053417
06419,"Nutan College of Engineering and Research, Talegaon Dabhade Tal. Maval, Pune",,641924210,Computer Science and Engineering,State Level,VIIS,35334,85.3534944
06419,"Nutan College of Engineering and Research, Talegaon Dabhade Tal. Maval, Pune",,641937210,Electronics and Telecommunication Engg,State Level,"Legends:Start Character G-General, L-Ladies, End Character H-Home University, O-Other than Home University, S-State LevelS",66140,70.6180504
06419,"Nutan College of Engineering and Research, Talegaon Dabhade Tal. Maval, Pune",,641961210,Mechanical Engineering,State Level,"Legends:Start Character G-General, L-Ladies, End Character H-Home University, O-Other than Home University, S-State LevelS",118568,32.4663078
06419,"Nutan College of Engineering and Research, Talegaon Dabhade Tal. Maval, Pune",,641991310,Computer Science and Engineering (Artificial Intelligence),State Level,"Legends:Start Character G-General, L-Ladies, End Character H-Home University, O-Other than Home University, S-State LevelS",109102,41.1609401
06419,"Nutan College of Engineering and Research, Talegaon Dabhade Tal. Maval, Pune",,641991310,Computer Science and Engineering (Artificial Intelligence),State Level,Maharashtra State Seats - Cut Off Indicates State General Merit No. ; Figures in bracket Indicates MHT-CET PCM PercentileS,32700,86.5566392
06419,"Nutan College of Engineering and Research, Talegaon Dabhade Tal. Maval, Pune",,641991310,Computer Science and Engineering (Artificial Intelligence),State Level,DS,36905,84.5084815
06444,"Shriram Institute Of Engineering & Technology, (Poly), Paniv",,644424510,Computer Engineering,State Level,"Legends:Start Character G-General, L-Ladies, End Character H-Home University, O-Other than Home University, S-State LevelS",114474,36.3578395
06444,"Shriram Institute Of Engineering & Technology, (Poly), Paniv",,644424510,Computer Engineering,State Level,Maharashtra State Seats - Cut Off Indicates State General Merit No. ; Figures in bracket Indicates MHT-CET PCM PercentileS,139355,7.2152396
06466,"Shree Santkrupa Shikshan Sanstha, Shree Santkrupa Institute Of Engineering & Technology, Karad",,646624210,Computer Science and Engineering,State Level,"Legends:Start Character G-General, L-Ladies, End Character H-Home University, O-Other than Home University, S-State LevelS",67230,69.6924231
06466,"Shree Santkrupa Shikshan Sanstha, Shree Santkrupa Institute Of Engineering & Technology, Karad",,646624210,Computer Science and Engineering,State Level,Maharashtra State Seats - Cut Off Indicates State General Merit No. ; Figures in bracket Indicates MHT-CET PCM PercentileS,86880,58.1195238
06466,"Shree Santkrupa Shikshan Sanstha, Shree Santkrupa Institute Of Engineering & Technology, Karad",,646624210,Computer Science and Engineering,State Level,I-NonS,105785,43.6615489
06466,"Shree Santkrupa Shikshan Sanstha, Shree Santkrupa Institute Of Engineering & Technology, Karad",,646629310,Electrical Engineering,State Level,EWS,138542,8.1440818
06468,"Swami Vivekananda Shikshan Sanstha, Dr. Bapuji Salunkhe Institute Of Engineering & Technology,Kolhapur",,646824210,Computer Science and Engineering,State Level,"Legends:Start Character G-General, L-Ladies, End Character H-Home University, O-Other than Home University, S-State LevelS",73123,66.6716379
06468,"Swami Vivekananda Shikshan Sanstha, Dr. Bapuji Salunkhe Institute Of Engineering & Technology,Kolhapur",,646829310,Electrical Engineering,State Level,TFWS,134009,15.0249499
06468,"Swami Vivekananda Shikshan Sanstha, Dr. Bapuji Salunkhe Institute Of Engineering & Technology,Kolhapur",,646837210,Electronics and Telecommunication Engg,State Level,"Legends:Start Character G-General, L-Ladies, End Character H-Home University, O-Other than Home University, S-State LevelS",127085,23.2280676
06468,"Swami Vivekananda Shikshan Sanstha, Dr. Bapuji Salunkhe Institute Of Engineering & Technology,Kolhapur",,646837210,Electronics and Telecommunication Engg,State Level,Maharashtra State Seats - Cut Off Indicates State General Merit No. ; Figures in bracket Indicates MHT-CET PCM PercentileS,141071,4.0506847
06545,"Samarth Education Trust's Arvind Gavali College Of Engineering Panwalewadi, Varye,Satara.",,654524210,Computer Science and Engineering,State Level,"Legends:Start Character G-General, L-Ladies, End Character H-Home University, O-Other than Home University, S-State LevelS",115378,35.624509
06545,"Samarth Education Trust's Arvind Gavali College Of Engineering Panwalewadi, Varye,Satara.",,654529310,Electrical Engineering,State Level,"Legends:Start Character G-General, L-Ladies, End Character H-Home University, O-Other than Home University, S-State LevelS",132509,16.3662375
06545,"Samarth Education Trust's Arvind Gavali College Of Engineering Panwalewadi, Varye,Satara.",,654561210,Mechanical Engineering,State Level,EWS,138488,8.2783196
06609,"Jaihind College Of Engineering,Kuran",,660919110,Civil Engineering,State Level,"Legends:Start Character G-General, L-Ladies, End Character H-Home University, O-Other than Home University, S-State LevelS",120778,30.0860456
06609,"Jaihind College Of Engineering,Kuran",,660924510,Computer Engineering,State Level,EWS,53442,76.8406961
06609,"Jaihind College Of Engineering,Kuran",,660926310,Artificial Intelligence (AI) and Data Science,State Level,"Legends:Start Character G-General, L-Ladies, End Character H-Home University, O-Other than Home University, S-State LevelS",54343,76.7173434
06609,"Jaihind College Of Engineering,Kuran",,660937210,Electronics and Telecommunication Engg,State Level,"Legends:Start Character G-General, L-Ladies, End Character H-Home University, O-Other than Home University, S-State LevelS",70335,68.3823818
06609,"Jaihind College Of Engineering,Kuran",,660961210,Mechanical Engineering,State Level,"Legends:Start Character G-General, L-Ladies, End Character H-Home University, O-Other than Home University, S-State LevelS",80062,62.4868401
06622,ISBM College Of Engineering Pune,,662224510,Computer Engineering,State Level,"Legends:Start Character G-General, L-Ladies, End Character H-Home University, O-Other than Home University, S-State LevelS",104141,45.8483896
06622,ISBM College Of Engineering Pune,,662224510,Computer Engineering,State Level,Maharashtra State Seats - Cut Off Indicates State General Merit No. ; Figures in bracket Indicates MHT-CET PCM PercentileS,29874,87.6993762
06622,ISBM College Of Engineering Pune,,662224510,Computer Engineering,State Level,Minority Seats Allotted to Maharashtra State Candidature CandidatesS,44383,81.2344165
06622,ISBM College Of Engineering Pune,,662237210,Electronics and Telecommunication Engg,State Level,"Legends:Start Character G-General, L-Ladies, End Character H-Home University, O-Other than Home University, S-State LevelS",49034,79.3939394
06622,ISBM College Of Engineering Pune,,662237210,Electronics and Telecommunication Engg,State Level,Minority Seats Allotted to Maharashtra State Candidature CandidatesS,58212,74.8671904
06622,ISBM College Of Engineering Pune,,662292110,Artificial Intelligence and Machine Learning,State Level,"Legends:Start Character G-General, L-Ladies, End Character H-Home University, O-Other than Home University, S-State LevelS",126303,24.1305891
06622,ISBM College Of Engineering Pune,,662292110,Artificial Intelligence and Machine Learning,State Level,Minority Seats Allotted to Maharashtra State Candidature CandidatesS,52846,77.4193548
06622,ISBM College Of Engineering Pune,,662299510,Artificial Intelligence and Data Science,State Level,"Legends:Start Character G-General, L-Ladies, End Character H-Home University, O-Other than Home University, S-State LevelS",40093,83.348395
06622,ISBM College Of Engineering Pune,,662299510,Artificial Intelligence and Data Science,State Level,Minority Seats Allotted to Maharashtra State Candidature CandidatesS,49175,79.2648162
06625,"Universal College of Engineering & Research, Sasewadi",,662524510,Computer Engineering,State Level,"Legends:Start Character G-General, L-Ladies, End Character H-Home University, O-Other than Home University, S-State LevelS",33289,86.2561357
06625,"Universal College of Engineering & Research, Sasewadi",,662524510,Computer Engineering,State Level,Maharashtra State Seats - Cut Off Indicates State General Merit No. ; Figures in bracket Indicates MHT-CET PCM PercentileS,53326,76.9213416
06625,"Universal College of Engineering & Research, Sasewadi",,662524510,Computer Engineering,State Level,DS,47753,79.7807688
06625,"Universal College of Engineering & Research, Sasewadi",,662529310,Electrical Engineering,State Level,EWS,103867,45.9472716
06628,"Dattakala Group Of Institutions, Swami - Chincholi Tal. Daund Dist. Pune",,662824510,Computer Engineering,State Level,"Legends:Start Character G-General, L-Ladies, End Character H-Home University, O-Other than Home University, S-State LevelS",131842,17.7025465
06628,"Dattakala Group Of Institutions, Swami - Chincholi Tal. Daund Dist. Pune",,662824510,Computer Engineering,State Level,Maharashtra State Seats - Cut Off Indicates State General Merit No. ; Figures in bracket Indicates MHT-CET PCM PercentileS,70925,67.711928
06628,"Dattakala Group Of Institutions, Swami - Chincholi Tal. Daund Dist. Pune",,662824510,Computer Engineering,State Level,DS,74698,65.9622938
06628,"Dattakala Group Of Institutions, Swami - Chincholi Tal. Daund Dist. Pune",,662824510,Computer Engineering,State Level,I-NonS,79878,62.4868401
06628,"Dattakala Group Of Institutions, Swami - Chincholi Tal. Daund Dist. Pune",,662824510,Computer Engineering,State Level,VIIS,82522,60.9799222
06628,"Dattakala Group Of Institutions, Swami - Chincholi Tal. Daund Dist. Pune",,662824610,Information Technology,State Level,"Legends:Start Character G-General, L-Ladies, End Character H-Home University, O-Other than Home University, S-State LevelS",85987,58.7124464
06628,"Dattakala Group Of Institutions, Swami - Chincholi Tal. Daund Dist. Pune",,662824610,Information Technology,State Level,I-NonS,81142,61.6397637
06628,"Dattakala Group Of Institutions, Swami - Chincholi Tal. Daund Dist. Pune",,662824610,Information Technology,State Level,VIIS,86190,58.5474069
06628,"Dattakala Group Of Institutions, Swami - Chincholi Tal. Daund Dist. Pune",,662884410,Electronics and Computer Engineering,State Level,EWS,104972,44.6898706
06632,Navsahyadri Education Society's Group of Institutions,,663224510,Computer Engineering,State Level,"Legends:Start Character G-General, L-Ladies, End Character H-Home University, O-Other than Home University, S-State LevelS",114671,36.1619626
06632,Navsahyadri Education Society's Group of Institutions,,663224510,Computer Engineering,State Level,Maharashtra State Seats - Cut Off Indicates State General Merit No. ; Figures in bracket Indicates MHT-CET PCM PercentileS,55578,76.0463981
06632,Navsahyadri Education Society's Group of Institutions,,663224510,Computer Engineering,State Level,DS,55866,75.867353
06632,Navsahyadri Education Society's Group of Institutions,,663224510,Computer Engineering,State Level,VIIS,62348,72.6119403
06632,Navsahyadri Education Society's Group of Institutions,,663229310,Electrical Engineering,State Level,"Legends:Start Character G-General, L-Ladies, End Character H-Home University, O-Other than Home University, S-State LevelS",98730,49.5548073
06632,Navsahyadri Education Society's Group of Institutions,,663229310,Electrical Engineering,State Level,Maharashtra State Seats - Cut Off Indicates State General Merit No. ; Figures in bracket Indicates MHT-CET PCM PercentileS,108051,42.5530244
06632,Navsahyadri Education Society's Group of Institutions,,663237210,Electronics and Telecommunication Engg,State Level,"Legends:Start Character G-General, L-Ladies, End Character H-Home University, O-Other than Home University, S-State LevelS",78160,63.6910141
06632,Navsahyadri Education Society's Group of Institutions,,663237210,Electronics and Telecommunication Engg,State Level,I-NonS,80670,61.6881259
06632,Navsahyadri Education Society's Group of Institutions,,663237210,Electronics and Telecommunication Engg,State Level,VIIS,81557,61.4332053
06632,Navsahyadri Education Society's Group of Institutions,,663261210,Mechanical Engineering,State Level,"Legends:Start Character G-General, L-Ladies, End Character H-Home University, O-Other than Home University, S-State LevelS",124028,26.775031
06632,Navsahyadri Education Society's Group of Institutions,,663261210,Mechanical Engineering,State Level,I-NonS,120140,30.5964599
06632,Navsahyadri Education Society's Group of Institutions,,663292110,Artificial Intelligence and Machine Learning,State Level,"Legends:Start Character G-General, L-Ladies, End Character H-Home University, O-Other than Home University, S-State LevelS",65655,71.0587355
06632,Navsahyadri Education Society's Group of Institutions,,663292110,Artificial Intelligence and Machine Learning,State Level,I-NonS,70873,67.9544349
06632,Navsahyadri Education Society's Group of Institutions,,663292110,Artificial Intelligence and Machine Learning,State Level,VIIS,75488,65.107535
06634,"KJEI's Trinity Academy of Engineering, Yewalewadi, Pune",,663419110,Civil Engineering,State Level,"Legends:Start Character G-General, L-Ladies, End Character H-Home University, O-Other than Home University, S-State LevelS",95456,52.2466614
06634,"KJEI's Trinity Academy of Engineering, Yewalewadi, Pune",,663424510,Computer Engineering,State Level,DEFOPENS,68965,69.0354573
06634,"KJEI's Trinity Academy of Engineering, Yewalewadi, Pune",,663424510,Computer Engineering,State Level,TFWS,28297,88.2852988
06634,"KJEI's Trinity Academy of Engineering, Yewalewadi, Pune",,663424510,Computer Engineering,State Level,EWS,35144,85.415737
06634,"KJEI's Trinity Academy of Engineering, Yewalewadi, Pune",,663424610,Information Technology,State Level,"Legends:Start Character G-General, L-Ladies, End Character H-Home University, O-Other than Home University, S-State LevelS",39108,83.5642755
06634,"KJEI's Trinity Academy of Engineering, Yewalewadi, Pune",,663437210,Electronics and Telecommunication Engg,State Level,"Legends:Start Character G-General, L-Ladies, End Character H-Home University, O-Other than Home University, S-State LevelS",61645,73.1851907
06634,"KJEI's Trinity Academy of Engineering, Yewalewadi, Pune",,663437210,Electronics and Telecommunication Engg,State Level,Maharashtra State Seats - Cut Off Indicates State General Merit No. ; Figures in bracket Indicates MHT-CET PCM PercentileS,57612,75.1338688
06634,"KJEI's Trinity Academy of Engineering, Yewalewadi, Pune",,663437210,Electronics and Telecommunication Engg,State Level,I-NonS,58549,74.4658288
06635,"Samarth Group of Institutions, Bangarwadi, Post Belhe Tal. Junnar Dist. Pune",,663519110,Civil Engineering,State Level,"Legends:Start Character G-General, L-Ladies, End Character H-Home University, O-Other than Home University, S-State LevelS",118120,32.6609746
06635,"Samarth Group of Institutions, Bangarwadi, Post Belhe Tal. Junnar Dist. Pune",,663524510,Computer Engineering,State Level,ORPHAN,37022,84.5084815
06635,"Samarth Group of Institutions, Bangarwadi, Post Belhe Tal. Junnar Dist. Pune",,663524510,Computer Engineering,State Level,VIIS,64785,71.3590844
06635,"Samarth Group of Institutions, Bangarwadi, Post Belhe Tal. Junnar Dist. Pune",,663529310,Electrical Engineering,State Level,"Legends:Start Character G-General, L-Ladies, End Character H-Home University, O-Other than Home University, S-State LevelS",132061,17.5985227
06635,"Samarth Group of Institutions, Bangarwadi, Post Belhe Tal. Junnar Dist. Pune",,663529310,Electrical Engineering,State Level,Maharashtra State Seats - Cut Off Indicates State General Merit No. ; Figures in bracket Indicates MHT-CET PCM PercentileS,131904,17.7025465
06635,"Samarth Group of Institutions, Bangarwadi, Post Belhe Tal. Junnar Dist. Pune",,663529310,Electrical Engineering,State Level,I-NonS,136653,11.1520155
06635,"Samarth Group of Institutions, Bangarwadi, Post Belhe Tal. Junnar Dist. Pune",,663537210,Electronics and Telecommunication Engg,State Level,"Legends:Start Character G-General, L-Ladies, End Character H-Home University, O-Other than Home University, S-State LevelS",90691,55.4490884
06635,"Samarth Group of Institutions, Bangarwadi, Post Belhe Tal. Junnar Dist. Pune",,663537210,Electronics and Telecommunication Engg,State Level,I-NonS,99045,49.5548073
06635,"Samarth Group of Institutions, Bangarwadi, Post Belhe Tal. Junnar Dist. Pune",,663561210,Mechanical Engineering,State Level,"Legends:Start Character G-General, L-Ladies, End Character H-Home University, O-Other than Home University, S-State LevelS",116725,34.1365462
06635,"Samarth Group of Institutions, Bangarwadi, Post Belhe Tal. Junnar Dist. Pune",,663591210,Computer Science and Engineering(Data Science),State Level,EWS,89797,55.9130075
06635,"Samarth Group of Institutions, Bangarwadi, Post Belhe Tal. Junnar Dist. Pune",,663592110,Artificial Intelligence and Machine Learning,State Level,"Legends:Start Character G-General, L-Ladies, End Character H-Home University, O-Other than Home University, S-State LevelS",86273,58.5474069
06635,"Samarth Group of Institutions, Bangarwadi, Post Belhe Tal. Junnar Dist. Pune",,663592110,Artificial Intelligence and Machine Learning,State Level,I-NonS,69935,68.401414
06635,"Samarth Group of Institutions, Bangarwadi, Post Belhe Tal. Junnar Dist. Pune",,663592110,Artificial Intelligence and Machine Learning,State Level,VIIS,80396,62.3996115
06640,"N. B. Navale Sinhgad College of Engineering, Kegaon, solapur",,664019110,Civil Engineering,State Level,"Legends:Start Character G-General, L-Ladies, End Character H-Home University, O-Other than Home University, S-State LevelS",120857,29.9996237
06640,"N. B. Navale Sinhgad College of Engineering, Kegaon, solapur",,664024210,Computer Science and Engineering,State Level,"Legends:Start Character G-General, L-Ladies, End Character H-Home University, O-Other than Home University, S-State LevelS",43761,81.5104589
06640,"N. B. Navale Sinhgad College of Engineering, Kegaon, solapur",,664029310,Electrical Engineering,State Level,"Legends:Start Character G-General, L-Ladies, End Character H-Home University, O-Other than Home University, S-State LevelS",85997,58.7124464
06640,"N. B. Navale Sinhgad College of Engineering, Kegaon, solapur",,664029310,Electrical Engineering,State Level,Maharashtra State Seats - Cut Off Indicates State General Merit No. ; Figures in bracket Indicates MHT-CET PCM PercentileS,88835,56.7366842
06640,"N. B. Navale Sinhgad College of Engineering, Kegaon, solapur",,664037210,Electronics and Telecommunication Engg,State Level,"Legends:Start Character G-General, L-Ladies, End Character H-Home University, O-Other than Home University, S-State LevelS",58041,75.0737739
06640,"N. B. Navale Sinhgad College of Engineering, Kegaon, solapur",,664061210,Mechanical Engineering,State Level,"Legends:Start Character G-General, L-Ladies, End Character H-Home University, O-Other than Home University, S-State LevelS",86045,58.7124464
06640,"N. B. Navale Sinhgad College of Engineering, Kegaon, solapur",,664061210,Mechanical Engineering,State Level,Maharashtra State Seats - Cut Off Indicates State General Merit No. ; Figures in bracket Indicates MHT-CET PCM PercentileS,114607,36.3578395
06643,"S K N Sinhgad College of Engineering, Korti Tal. Pandharpur Dist Solapur",,664319110,Civil Engineering,State Level,"Legends:Start Character G-General, L-Ladies, End Character H-Home University, O-Other than Home University, S-State LevelS",74808,65.4207881
06643,"S K N Sinhgad College of Engineering, Korti Tal. Pandharpur Dist Solapur",,664319110,Civil Engineering,State Level,I-NonS,102679,46.4499379
06643,"S K N Sinhgad College of Engineering, Korti Tal. Pandharpur Dist Solapur",,664329310,Electrical Engineering,State Level,"Legends:Start Character G-General, L-Ladies, End Character H-Home University, O-Other than Home University, S-State LevelS",58697,74.4658288
06643,"S K N Sinhgad College of Engineering, Korti Tal. Pandharpur Dist Solapur",,664337210,Electronics and Telecommunication Engg,State Level,"Legends:Start Character G-General, L-Ladies, End Character H-Home University, O-Other than Home University, S-State LevelS",38047,84.216054
06643,"S K N Sinhgad College of Engineering, Korti Tal. Pandharpur Dist Solapur",,664337210,Electronics and Telecommunication Engg,State Level,I-NonS,38286,84.2006246
06643,"S K N Sinhgad College of Engineering, Korti Tal. Pandharpur Dist Solapur",,664361210,Mechanical Engineering,State Level,"Legends:Start Character G-General, L-Ladies, End Character H-Home University, O-Other than Home University, S-State LevelS",66018,70.6180504
06643,"S K N Sinhgad College of Engineering, Korti Tal. Pandharpur Dist Solapur",,664361210,Mechanical Engineering,State Level,Maharashtra State Seats - Cut Off Indicates State General Merit No. ; Figures in bracket Indicates MHT-CET PCM PercentileS,74071,66.3914919
06644,"Shri. Ambabai Talim Sanstha's Sanjay Bhokare Group of Institutes, Miraj",,664424510,Computer Engineering,State Level,"Legends:Start Character G-General, L-Ladies, End Character H-Home University, O-Other than Home University, S-State LevelS",126744,23.8907594
06644,"Shri. Ambabai Talim Sanstha's Sanjay Bhokare Group of Institutes, Miraj",,664437210,Electronics and Telecommunication Engg,State Level,"Legends:Start Character G-General, L-Ladies, End Character H-Home University, O-Other than Home University, S-State LevelS",141879,2.6770943
06644,"Shri. Ambabai Talim Sanstha's Sanjay Bhokare Group of Institutes, Miraj",,664490010,Electronics and Computer Science,State Level,TFWS,84920,59.6839864
06644,"Shri. Ambabai Talim Sanstha's Sanjay Bhokare Group of Institutes, Miraj",,664491110,Computer Science and Engineering(Artificial Intelligence and Machine Learning),State Level,"Legends:Start Character G-General, L-Ladies, End Character H-Home University, O-Other than Home University, S-State LevelS",41952,82.3107244
06649,"TSSM's Bhivarabai Sawant College of Engineering and Research, Narhe, Pune",,664919110,Civil Engineering,State Level,"Legends:Start Character G-General, L-Ladies, End Character H-Home University, O-Other than Home University, S-State LevelS",95089,52.5521047
06649,"TSSM's Bhivarabai Sawant College of Engineering and Research, Narhe, Pune",,664924510,Computer Engineering,State Level,DEFOPENS,51530,78.067557
06649,"TSSM's Bhivarabai Sawant College of Engineering and Research, Narhe, Pune",,664924510,Computer Engineering,State Level,TFWS,16519,93.4367098
06649,"TSSM's Bhivarabai Sawant College of Engineering and Research, Narhe, Pune",,664924510,Computer Engineering,State Level,EWS,31852,86.9095112
06649,"TSSM's Bhivarabai Sawant College of Engineering and Research, Narhe, Pune",,664929310,Electrical Engineering,State Level,"Legends:Start Character G-General, L-Ladies, End Character H-Home University, O-Other than Home University, S-State LevelS",83296,60.750409
06649,"TSSM's Bhivarabai Sawant College of Engineering and Research, Narhe, Pune",,664937210,Electronics and Telecommunication Engg,State Level,"Legends:Start Character G-General, L-Ladies, End Character H-Home University, O-Other than Home University, S-State LevelS",48592,79.520817
06649,"TSSM's Bhivarabai Sawant College of Engineering and Research, Narhe, Pune",,664937210,Electronics and Telecommunication Engg,State Level,Maharashtra State Seats - Cut Off Indicates State General Merit No. ; Figures in bracket Indicates MHT-CET PCM PercentileS,52757,77.4193548
06649,"TSSM's Bhivarabai Sawant College of Engineering and Research, Narhe, Pune",,664961210,Mechanical Engineering,State Level,"Legends:Start Character G-General, L-Ladies, End Character H-Home University, O-Other than Home University, S-State LevelS",59825,73.642653
06649,"TSSM's Bhivarabai Sawant College of Engineering and Research, Narhe, Pune",,664961210,Mechanical Engineering,State Level,I-NonS,118891,32.3660798
06732,"Ajeenkya DY Patil School of Engineering, Lohegaon, Pune",,673219110,Civil Engineering,State Level,"Legends:Start Character G-General, L-Ladies, End Character H-Home University, O-Other than Home University, S-State LevelS",75619,65.107535
06732,"Ajeenkya DY Patil School of Engineering, Lohegaon, Pune",,673224510,Computer Engineering,State Level,"Legends:Start Character G-General, L-Ladies, End Character H-Home University, O-Other than Home University, S-State LevelS",47529,79.7907966
06732,"Ajeenkya DY Patil School of Engineering, Lohegaon, Pune",,673224510,Computer Engineering,State Level,Maharashtra State Seats - Cut Off Indicates State General Merit No. ; Figures in bracket Indicates MHT-CET PCM PercentileS,14682,94.1946157
06732,"Ajeenkya DY Patil School of Engineering, Lohegaon, Pune",,673237210,Electronics and Telecommunication Engg,State Level,"Legends:Start Character G-General, L-Ladies, End Character H-Home University, O-Other than Home University, S-State LevelS",52431,77.4241933
06732,"Ajeenkya DY Patil School of Engineering, Lohegaon, Pune",,673237210,Electronics and Telecommunication Engg,State Level,Maharashtra State Seats - Cut Off Indicates State General Merit No. ; Figures in bracket Indicates MHT-CET PCM PercentileS,45859,80.7328826
06732,"Ajeenkya DY Patil School of Engineering, Lohegaon, Pune",,673261210,Mechanical Engineering,State Level,"Legends:Start Character G-General, L-Ladies, End Character H-Home University, O-Other than Home University, S-State LevelS",80872,61.6397637
06732,"Ajeenkya DY Patil School of Engineering, Lohegaon, Pune",,673261210,Mechanical Engineering,State Level,I-NonS,101651,47.3478734
06732,"Ajeenkya DY Patil School of Engineering, Lohegaon, Pune",,673299510,Artificial Intelligence and Data Science,State Level,"Legends:Start Character G-General, L-Ladies, End Character H-Home University, O-Other than Home University, S-State LevelS",42692,82.2034564
06732,"Ajeenkya DY Patil School of Engineering, Lohegaon, Pune",,673299510,Artificial Intelligence and Data Science,State Level,Maharashtra State Seats - Cut Off Indicates State General Merit No. ; Figures in bracket Indicates MHT-CET PCM PercentileS,135142,13.3188183
06754,"International Institute of Information Technology (I²IT), Pune.",,675424510,Computer Engineering,State Level,"Legends:Start Character G-General, L-Ladies, End Character H-Home University, O-Other than Home University, S-State LevelS",10154,96.0379275
06754,"International Institute of Information Technology (I²IT), Pune.",,675424510,Computer Engineering,State Level,Maharashtra State Seats - Cut Off Indicates State General Merit No. ; Figures in bracket Indicates MHT-CET PCM PercentileS,62512,72.394012
06754,"International Institute of Information Technology (I²IT), Pune.",,675424510,Computer Engineering,State Level,DS,12314,95.1514675
06754,"International Institute of Information Technology (I²IT), Pune.",,675424610,Information Technology,State Level,"Legends:Start Character G-General, L-Ladies, End Character H-Home University, O-Other than Home University, S-State LevelS",22559,90.8627157
06754,"International Institute of Information Technology (I²IT), Pune.",,675424610,Information Technology,State Level,Maharashtra State Seats - Cut Off Indicates State General Merit No. ; Figures in bracket Indicates MHT-CET PCM PercentileS,5905,97.7289694
06754,"International Institute of Information Technology (I²IT), Pune.",,675424610,Information Technology,State Level,DS,15578,93.8108199
06754,"International Institute of Information Technology (I²IT), Pune.",,675437210,Electronics and Telecommunication Engg,State Level,"Legends:Start Character G-General, L-Ladies, End Character H-Home University, O-Other than Home University, S-State LevelS",18413,92.5725251
06754,"International Institute of Information Technology (I²IT), Pune.",,675437210,Electronics and Telecommunication Engg,State Level,Maharashtra State Seats - Cut Off Indicates State General Merit No. ; Figures in bracket Indicates MHT-CET PCM PercentileS,18972,92.3494201
06755,"JSPM Narhe Technical Campus, Pune.",,675519110,Civil Engineering,State Level,"Legends:Start Character G-General, L-Ladies, End Character H-Home University, O-Other than Home University, S-State LevelS",112818,37.7324111
06755,"JSPM Narhe Technical Campus, Pune.",,675524510,Computer Engineering,State Level,"Legends:Start Character G-General, L-Ladies, End Character H-Home University, O-Other than Home University, S-State LevelS",45744,80.8641005
06755,"JSPM Narhe Technical Campus, Pune.",,675524510,Computer Engineering,State Level,Maharashtra State Seats - Cut Off Indicates State General Merit No. ; Figures in bracket Indicates MHT-CET PCM PercentileS,24362,90.0942655
06755,"JSPM Narhe Technical Campus, Pune.",,675526310,Artificial Intelligence (AI) and Data Science,State Level,"Legends:Start Character G-General, L-Ladies, End Character H-Home University, O-Other than Home University, S-State LevelS",21042,91.4590348
06755,"JSPM Narhe Technical Campus, Pune.",,675537210,Electronics and Telecommunication Engg,State Level,"Legends:Start Character G-General, L-Ladies, End Character H-Home University, O-Other than Home University, S-State LevelS",40799,83.0041152
06755,"JSPM Narhe Technical Campus, Pune.",,675561210,Mechanical Engineering,State Level,"Legends:Start Character G-General, L-Ladies, End Character H-Home University, O-Other than Home University, S-State LevelS",117892,32.8844711
06755,"JSPM Narhe Technical Campus, Pune.",,675561210,Mechanical Engineering,State Level,Maharashtra State Seats - Cut Off Indicates State General Merit No. ; Figures in bracket Indicates MHT-CET PCM PercentileS,80000,62.4868401
06755,"JSPM Narhe Technical Campus, Pune.",,675561210,Mechanical Engineering,State Level,I-NonS,89395,56.656397
06756,"Fabtech Technical Campus College of Engineering and Research, Sangola",,675624210,Computer Science and Engineering,State Level,"Legends:Start Character G-General, L-Ladies, End Character H-Home University, O-Other than Home University, S-State LevelS",40271,83.2892137
06756,"Fabtech Technical Campus College of Engineering and Research, Sangola",,675624210,Computer Science and Engineering,State Level,I-NonS,87971,57.7272051
06756,"Fabtech Technical Campus College of Engineering and Research, Sangola",,675626310,Artificial Intelligence (AI) and Data Science,State Level,"Legends:Start Character G-General, L-Ladies, End Character H-Home University, O-Other than Home University, S-State LevelS",95186,52.5521047
06756,"Fabtech Technical Campus College of Engineering and Research, Sangola",,675629310,Electrical Engineering,State Level,"Legends:Start Character G-General, L-Ladies, End Character H-Home University, O-Other than Home University, S-State LevelS",113646,37.1297299
06756,"Fabtech Technical Campus College of Engineering and Research, Sangola",,675637210,Electronics and Telecommunication Engg,State Level,"Legends:Start Character G-General, L-Ladies, End Character H-Home University, O-Other than Home University, S-State LevelS",89869,55.8997381
06756,"Fabtech Technical Campus College of Engineering and Research, Sangola",,675661210,Mechanical Engineering,State Level,"Legends:Start Character G-General, L-Ladies, End Character H-Home University, O-Other than Home University, S-State LevelS",139770,6.2955526
06757,"Yashoda Technical Campus, Wadhe, Satara.",,675724210,Computer Science and Engineering,State Level,"Legends:Start Character G-General, L-Ladies, End Character H-Home University, O-Other than Home University, S-State LevelS",58563,74.4658288
06757,"Yashoda Technical Campus, Wadhe, Satara.",,675737210,Electronics and Telecommunication Engg,State Level,"Legends:Start Character G-General, L-Ladies, End Character H-Home University, O-Other than Home University, S-State LevelS",95237,52.5521047
06757,"Yashoda Technical Campus, Wadhe, Satara.",,675737210,Electronics and Telecommunication Engg,State Level,Maharashtra State Seats - Cut Off Indicates State General Merit No. ; Figures in bracket Indicates MHT-CET PCM PercentileS,82775,60.8798115
06757,"Yashoda Technical Campus, Wadhe, Satara.",,675737210,Electronics and Telecommunication Engg,State Level,I-NonS,100087,49.0455617
06758,"Sahyadri Valley College of Engineering & Technology, Rajuri, Pune.",,675824510,Computer Engineering,State Level,"Legends:Start Character G-General, L-Ladies, End Character H-Home University, O-Other than Home University, S-State LevelS",58248,74.8671904
06758,"Sahyadri Valley College of Engineering & Technology, Rajuri, Pune.",,675824510,Computer Engineering,State Level,Maharashtra State Seats - Cut Off Indicates State General Merit No. ; Figures in bracket Indicates MHT-CET PCM PercentileS,62845,72.3082536
06758,"Sahyadri Valley College of Engineering & Technology, Rajuri, Pune.",,675837210,Electronics and Telecommunication Engg,State Level,"Legends:Start Character G-General, L-Ladies, End Character H-Home University, O-Other than Home University, S-State LevelS",78772,63.3857031
06758,"Sahyadri Valley College of Engineering & Technology, Rajuri, Pune.",,675837210,Electronics and Telecommunication Engg,State Level,Maharashtra State Seats - Cut Off Indicates State General Merit No. ; Figures in bracket Indicates MHT-CET PCM PercentileS,80356,62.3996115
06758,"Sahyadri Valley College of Engineering & Technology, Rajuri, Pune.",,675892110,Artificial Intelligence and Machine Learning,State Level,DEFOPENS,82350,61.2935921
06758,"Sahyadri Valley College of Engineering & Technology, Rajuri, Pune.",,675892110,Artificial Intelligence and Machine Learning,State Level,TFWS,71287,67.5703113
06758,"Sahyadri Valley College of Engineering & Technology, Rajuri, Pune.",,675892110,Artificial Intelligence and Machine Learning,State Level,I-NonS,74841,65.4207881
06758,"Sahyadri Valley College of Engineering & Technology, Rajuri, Pune.",,675899510,Artificial Intelligence and Data Science,State Level,"Legends:Start Character G-General, L-Ladies, End Character H-Home University, O-Other than Home University, S-State LevelS",72269,67.1534217
06759,"Shree Ramchandra College of Engineering, Lonikand,Pune",,675924510,Computer Engineering,State Level,"Legends:Start Character G-General, L-Ladies, End Character H-Home University, O-Other than Home University, S-State LevelS",97232,50.6107355
06759,"Shree Ramchandra College of Engineering, Lonikand,Pune",,675924510,Computer Engineering,State Level,Maharashtra State Seats - Cut Off Indicates State General Merit No. ; Figures in bracket Indicates MHT-CET PCM PercentileS,55547,76.0463981
06759,"Shree Ramchandra College of Engineering, Lonikand,Pune",,675929310,Electrical Engineering,State Level,"Legends:Start Character G-General, L-Ladies, End Character H-Home University, O-Other than Home University, S-State LevelS",94200,52.7523799
06759,"Shree Ramchandra College of Engineering, Lonikand,Pune",,675929310,Electrical Engineering,State Level,I-NonS,93099,53.8156961
06759,"Shree Ramchandra College of Engineering, Lonikand,Pune",,675961210,Mechanical Engineering,State Level,"Legends:Start Character G-General, L-Ladies, End Character H-Home University, O-Other than Home University, S-State LevelS",108076,42.5530244
06759,"Shree Ramchandra College of Engineering, Lonikand,Pune",,675999510,Artificial Intelligence and Data Science,State Level,"Legends:Start Character G-General, L-Ladies, End Character H-Home University, O-Other than Home University, S-State LevelS",115647,35.6213901
06762,"Nanasaheb Mahadik College of Engineering,Walwa, Sangli.",,676237210,Electronics and Telecommunication Engg,State Level,"Legends:Start Character G-General, L-Ladies, End Character H-Home University, O-Other than Home University, S-State LevelS",136346,11.3993838
06766,Phaltan Education Society's College of Engineering Thakurki Tal- Phaltan Dist-Satara,,676624510,Computer Engineering,State Level,DEFOPENS,84416,59.8623853
06766,Phaltan Education Society's College of Engineering Thakurki Tal- Phaltan Dist-Satara,,676624510,Computer Engineering,State Level,TFWS,133329,15.6886806
06766,Phaltan Education Society's College of Engineering Thakurki Tal- Phaltan Dist-Satara,,676624510,Computer Engineering,State Level,I-NonS,61397,73.2522683
06766,Phaltan Education Society's College of Engineering Thakurki Tal- Phaltan Dist-Satara,,676699510,Artificial Intelligence and Data Science,State Level,"Legends:Start Character G-General, L-Ladies, End Character H-Home University, O-Other than Home University, S-State LevelS",131274,18.2192293
06767,"Suman Ramesh Tulsiani Technical Campus: Faculty of Engineering, Kamshet,Pune.",,676724510,Computer Engineering,State Level,"Legends:Start Character G-General, L-Ladies, End Character H-Home University, O-Other than Home University, S-State LevelS",66752,70.2813361
06767,"Suman Ramesh Tulsiani Technical Campus: Faculty of Engineering, Kamshet,Pune.",,676724510,Computer Engineering,State Level,Maharashtra State Seats - Cut Off Indicates State General Merit No. ; Figures in bracket Indicates MHT-CET PCM PercentileS,72709,66.8171727
06767,"Suman Ramesh Tulsiani Technical Campus: Faculty of Engineering, Kamshet,Pune.",,676724510,Computer Engineering,State Level,I-NonS,67177,69.6924231
06767,"Suman Ramesh Tulsiani Technical Campus: Faculty of Engineering, Kamshet,Pune.",,676724510,Computer Engineering,State Level,VIIS,73187,66.6716379
06767,"Suman Ramesh Tulsiani Technical Campus: Faculty of Engineering, Kamshet,Pune.",,676791210,Computer Science and Engineering(Data Science),State Level,DEFOPENS,81643,61.432847
06767,"Suman Ramesh Tulsiani Technical Campus: Faculty of Engineering, Kamshet,Pune.",,676791210,Computer Science and Engineering(Data Science),State Level,I-NonS,68718,69.2172491
06767,"Suman Ramesh Tulsiani Technical Campus: Faculty of Engineering, Kamshet,Pune.",,676799510,Artificial Intelligence and Data Science,State Level,"Legends:Start Character G-General, L-Ladies, End Character H-Home University, O-Other than Home University, S-State LevelS",71897,67.3938217
06767,"Suman Ramesh Tulsiani Technical Campus: Faculty of Engineering, Kamshet,Pune.",,676799510,Artificial Intelligence and Data Science,State Level,I-NonS,73332,66.6716379
06768,"P.K. Technical Campus, Pune.",,676824510,Computer Engineering,State Level,"Legends:Start Character G-General, L-Ladies, End Character H-Home University, O-Other than Home University, S-State LevelS",57862,75.1338688
06769,"Rasiklal M. Dhariwal Sinhgad Technical Institutes Campus, Warje, Pune.",,676919110,Civil Engineering,State Level,EWS,70937,67.711928
06769,"Rasiklal M. Dhariwal Sinhgad Technical Institutes Campus, Warje, Pune.",,676924510,Computer Engineering,State Level,"Legends:Start Character G-General, L-Ladies, End Character H-Home University, O-Other than Home University, S-State LevelS",57082,75.1687111
06769,"Rasiklal M. Dhariwal Sinhgad Technical Institutes Campus, Warje, Pune.",,676924510,Computer Engineering,State Level,Maharashtra State Seats - Cut Off Indicates State General Merit No. ; Figures in bracket Indicates MHT-CET PCM PercentileS,20957,91.4895289
06769,"Rasiklal M. Dhariwal Sinhgad Technical Institutes Campus, Warje, Pune.",,676924610,Information Technology,State Level,"Legends:Start Character G-General, L-Ladies, End Character H-Home University, O-Other than Home University, S-State LevelS",26101,89.3951296
06769,"Rasiklal M. Dhariwal Sinhgad Technical Institutes Campus, Warje, Pune.",,676937210,Electronics and Telecommunication Engg,State Level,"Legends:Start Character G-General, L-Ladies, End Character H-Home University, O-Other than Home University, S-State LevelS",128486,21.7123399
06769,"Rasiklal M. Dhariwal Sinhgad Technical Institutes Campus, Warje, Pune.",,676937210,Electronics and Telecommunication Engg,State Level,Maharashtra State Seats - Cut Off Indicates State General Merit No. ; Figures in bracket Indicates MHT-CET PCM PercentileS,52945,77.0079706
06769,"Rasiklal M. Dhariwal Sinhgad Technical Institutes Campus, Warje, Pune.",,676961210,Mechanical Engineering,State Level,"Legends:Start Character G-General, L-Ladies, End Character H-Home University, O-Other than Home University, S-State LevelS",93149,53.8156961
06770,"SKN Sinhgad Institute of Technology & Science, Kusgaon(BK),Pune.",,677024510,Computer Engineering,State Level,"Legends:Start Character G-General, L-Ladies, End Character H-Home University, O-Other than Home University, S-State LevelS",52585,77.4241933
06770,"SKN Sinhgad Institute of Technology & Science, Kusgaon(BK),Pune.",,677024510,Computer Engineering,State Level,Maharashtra State Seats - Cut Off Indicates State General Merit No. ; Figures in bracket Indicates MHT-CET PCM PercentileS,21674,91.2518343
06770,"SKN Sinhgad Institute of Technology & Science, Kusgaon(BK),Pune.",,677024510,Computer Engineering,State Level,DS,34564,85.6187666
06770,"SKN Sinhgad Institute of Technology & Science, Kusgaon(BK),Pune.",,677024510,Computer Engineering,State Level,VIIS,35573,85.2500884
06770,"SKN Sinhgad Institute of Technology & Science, Kusgaon(BK),Pune.",,677024610,Information Technology,State Level,"Legends:Start Character G-General, L-Ladies, End Character H-Home University, O-Other than Home University, S-State LevelS",35606,85.2500884
06770,"SKN Sinhgad Institute of Technology & Science, Kusgaon(BK),Pune.",,677024610,Information Technology,State Level,Maharashtra State Seats - Cut Off Indicates State General Merit No. ; Figures in bracket Indicates MHT-CET PCM PercentileS,65065,71.2687819
06770,"SKN Sinhgad Institute of Technology & Science, Kusgaon(BK),Pune.",,677024610,Information Technology,State Level,DS,39687,83.3890161
06770,"SKN Sinhgad Institute of Technology & Science, Kusgaon(BK),Pune.",,677024610,Information Technology,State Level,VIIS,33849,86.039254
06770,"SKN Sinhgad Institute of Technology & Science, Kusgaon(BK),Pune.",,677061210,Mechanical Engineering,State Level,"Legends:Start Character G-General, L-Ladies, End Character H-Home University, O-Other than Home University, S-State LevelS",121987,28.923802
06772,"NBN Sinhgad Technical Institutes Campus, Pune",,677224510,Computer Engineering,State Level,"Legends:Start Character G-General, L-Ladies, End Character H-Home University, O-Other than Home University, S-State LevelS",23072,90.6251228
06772,"NBN Sinhgad Technical Institutes Campus, Pune",,677224510,Computer Engineering,State Level,VIIS,19568,92.1445405
06772,"NBN Sinhgad Technical Institutes Campus, Pune",,677229310,Electrical Engineering,State Level,DEFOPENS,58910,74.1935484
06772,"NBN Sinhgad Technical Institutes Campus, Pune",,677229310,Electrical Engineering,State Level,TFWS,79596,62.7344336
06772,"NBN Sinhgad Technical Institutes Campus, Pune",,677229310,Electrical Engineering,State Level,I-NonS,71964,67.1534217
06772,"NBN Sinhgad Technical Institutes Campus, Pune",,677261210,Mechanical Engineering,State Level,EWS,104375,45.6445719
06780,"D.Y.Patil Education Society's,D.Y.Patil Technical Campus, Faculty of Engineering & Faculty of Management,Talsande,Kolhapur.",,678024210,Computer Science and Engineering,State Level,"Legends:Start Character G-General, L-Ladies, End Character H-Home University, O-Other than Home University, S-State LevelS",43682,81.5104589
06780,"D.Y.Patil Education Society's,D.Y.Patil Technical Campus, Faculty of Engineering & Faculty of Management,Talsande,Kolhapur.",,678029310,Electrical Engineering,State Level,"Legends:Start Character G-General, L-Ladies, End Character H-Home University, O-Other than Home University, S-State LevelS",96449,51.0567213
06780,"D.Y.Patil Education Society's,D.Y.Patil Technical Campus, Faculty of Engineering & Faculty of Management,Talsande,Kolhapur.",,678029310,Electrical Engineering,State Level,Maharashtra State Seats - Cut Off Indicates State General Merit No. ; Figures in bracket Indicates MHT-CET PCM PercentileS,117785,33.2472877
06780,"D.Y.Patil Education Society's,D.Y.Patil Technical Campus, Faculty of Engineering & Faculty of Management,Talsande,Kolhapur.",,678061210,Mechanical Engineering,State Level,"Legends:Start Character G-General, L-Ladies, End Character H-Home University, O-Other than Home University, S-State LevelS",129729,20.3198986
06780,"D.Y.Patil Education Society's,D.Y.Patil Technical Campus, Faculty of Engineering & Faculty of Management,Talsande,Kolhapur.",,678091210,Computer Science and Engineering(Data Science),State Level,"Legends:Start Character G-General, L-Ladies, End Character H-Home University, O-Other than Home University, S-State LevelS",71371,67.5703113
06781,"Bhagwant Institute of Technology, Barshi",,678119110,Civil Engineering,State Level,"Legends:Start Character G-General, L-Ladies, End Character H-Home University, O-Other than Home University, S-State LevelS",98020,49.6513702
06781,"Bhagwant Institute of Technology, Barshi",,678124210,Computer Science and Engineering,State Level,EWS,95583,52.2466614
06781,"Bhagwant Institute of Technology, Barshi",,678137210,Electronics and Telecommunication Engg,State Level,"Legends:Start Character G-General, L-Ladies, End Character H-Home University, O-Other than Home University, S-State LevelS",126955,23.5805396
06782,"Sahakar Maharshee Shankarrao Mohite Patil Institute of Technology & Research, Akluj",,678224210,Computer Science and Engineering,State Level,"Legends:Start Character G-General, L-Ladies, End Character H-Home University, O-Other than Home University, S-State LevelS",102545,46.4534231
06782,"Sahakar Maharshee Shankarrao Mohite Patil Institute of Technology & Research, Akluj",,678224210,Computer Science and Engineering,State Level,I-NonS,110182,39.9699925
06782,"Sahakar Maharshee Shankarrao Mohite Patil Institute of Technology & Research, Akluj",,678229310,Electrical Engineering,State Level,"Legends:Start Character G-General, L-Ladies, End Character H-Home University, O-Other than Home University, S-State LevelS",127189,23.2280676
06782,"Sahakar Maharshee Shankarrao Mohite Patil Institute of Technology & Research, Akluj",,678261210,Mechanical Engineering,State Level,DEFOPENS,142521,1.5151515
06794,"Anantrao Pawar College of Engineering & Research, Pune",,679424510,Computer Engineering,State Level,"Legends:Start Character G-General, L-Ladies, End Character H-Home University, O-Other than Home University, S-State LevelS",27410,88.7938441
06794,"Anantrao Pawar College of Engineering & Research, Pune",,679437210,Electronics and Telecommunication Engg,State Level,"Legends:Start Character G-General, L-Ladies, End Character H-Home University, O-Other than Home University, S-State LevelS",44367,81.2344165
06794,"Anantrao Pawar College of Engineering & Research, Pune",,679437810,Electronics Engineering ( VLSI Design and Technology),State Level,"Legends:Start Character G-General, L-Ladies, End Character H-Home University, O-Other than Home University, S-State LevelS",81016,61.6397637
06794,"Anantrao Pawar College of Engineering & Research, Pune",,679437810,Electronics Engineering ( VLSI Design and Technology),State Level,I-NonS,82889,60.8798115
06794,"Anantrao Pawar College of Engineering & Research, Pune",,679461210,Mechanical Engineering,State Level,"Legends:Start Character G-General, L-Ladies, End Character H-Home University, O-Other than Home University, S-State LevelS",138676,7.9296955
06794,"Anantrao Pawar College of Engineering & Research, Pune",,679492810,Electronics and Communication(Advanced Communication Technology),State Level,"Legends:Start Character G-General, L-Ladies, End Character H-Home University, O-Other than Home University, S-State LevelS",73984,66.3914919
06794,"Anantrao Pawar College of Engineering & Research, Pune",,679499510,Artificial Intelligence and Data Science,State Level,"Legends:Start Character G-General, L-Ladies, End Character H-Home University, O-Other than Home University, S-State LevelS",23282,90.5702023
06794,"Anantrao Pawar College of Engineering & Research, Pune",,679499510,Artificial Intelligence and Data Science,State Level,Maharashtra State Seats - Cut Off Indicates State General Merit No. ; Figures in bracket Indicates MHT-CET PCM PercentileS,43014,82.0912919
06795,"Shri.Someshwar Shikshan Prasarak Mandal, Sharadchandra Pawar College of Engineering & Technology, Someshwar Nagar",,679519110,Civil Engineering,State Level,"Legends:Start Character G-General, L-Ladies, End Character H-Home University, O-Other than Home University, S-State LevelS",126542,24.0591998
06795,"Shri.Someshwar Shikshan Prasarak Mandal, Sharadchandra Pawar College of Engineering & Technology, Someshwar Nagar",,679524510,Computer Engineering,State Level,"Legends:Start Character G-General, L-Ladies, End Character H-Home University, O-Other than Home University, S-State LevelS",60874,73.2701208
06795,"Shri.Someshwar Shikshan Prasarak Mandal, Sharadchandra Pawar College of Engineering & Technology, Someshwar Nagar",,679524510,Computer Engineering,State Level,Maharashtra State Seats - Cut Off Indicates State General Merit No. ; Figures in bracket Indicates MHT-CET PCM PercentileS,75977,65.0367935
06795,"Shri.Someshwar Shikshan Prasarak Mandal, Sharadchandra Pawar College of Engineering & Technology, Someshwar Nagar",,679524510,Computer Engineering,State Level,I-NonS,81694,61.432847
06795,"Shri.Someshwar Shikshan Prasarak Mandal, Sharadchandra Pawar College of Engineering & Technology, Someshwar Nagar",,679524510,Computer Engineering,State Level,VIIS,78267,63.6910141
06795,"Shri.Someshwar Shikshan Prasarak Mandal, Sharadchandra Pawar College of Engineering & Technology, Someshwar Nagar",,679561210,Mechanical Engineering,State Level,"Legends:Start Character G-General, L-Ladies, End Character H-Home University, O-Other than Home University, S-State LevelS",136920,11.0960605
06796,"Bharati Vidyapeeth's College of Engineering,Lavale, Pune",,679619110,Civil Engineering,State Level,"Legends:Start Character G-General, L-Ladies, End Character H-Home University, O-Other than Home University, S-State LevelS",30916,87.2543136
06796,"Bharati Vidyapeeth's College of Engineering,Lavale, Pune",,679624510,Computer Engineering,State Level,"Legends:Start Character G-General, L-Ladies, End Character H-Home University, O-Other than Home University, S-State LevelS",26236,89.3527871
06796,"Bharati Vidyapeeth's College of Engineering,Lavale, Pune",,679624510,Computer Engineering,State Level,Maharashtra State Seats - Cut Off Indicates State General Merit No. ; Figures in bracket Indicates MHT-CET PCM PercentileS,13436,94.6808113
06796,"Bharati Vidyapeeth's College of Engineering,Lavale, Pune",,679624510,Computer Engineering,State Level,DS,56110,75.3496766
06796,"Bharati Vidyapeeth's College of Engineering,Lavale, Pune",,679624510,Computer Engineering,State Level,State Common Entrance Test CellS,15133,94.0316823
06796,"Bharati Vidyapeeth's College of Engineering,Lavale, Pune",,679637210,Electronics and Telecommunication Engg,State Level,"Legends:Start Character G-General, L-Ladies, End Character H-Home University, O-Other than Home University, S-State LevelS",65088,71.2687819
06796,"Bharati Vidyapeeth's College of Engineering,Lavale, Pune",,679637210,Electronics and Telecommunication Engg,State Level,Maharashtra State Seats - Cut Off Indicates State General Merit No. ; Figures in bracket Indicates MHT-CET PCM PercentileS,25469,89.690179
06796,"Bharati Vidyapeeth's College of Engineering,Lavale, Pune",,679637210,Electronics and Telecommunication Engg,State Level,DS,31531,87.0556299
06796,"Bharati Vidyapeeth's College of Engineering,Lavale, Pune",,679661210,Mechanical Engineering,State Level,"Legends:Start Character G-General, L-Ladies, End Character H-Home University, O-Other than Home University, S-State LevelS",87518,58.0840122
06796,"Bharati Vidyapeeth's College of Engineering,Lavale, Pune",,679661210,Mechanical Engineering,State Level,I-NonS,76780,64.4512569
06797,"Dnyanshree Institute Engineering and Technology, Satara",,679724210,Computer Science and Engineering,State Level,"Legends:Start Character G-General, L-Ladies, End Character H-Home University, O-Other than Home University, S-State LevelS",42500,82.2266135
06797,"Dnyanshree Institute Engineering and Technology, Satara",,679737210,Electronics and Telecommunication Engg,State Level,ORPHAN,104356,45.6445719
06797,"Dnyanshree Institute Engineering and Technology, Satara",,679761210,Mechanical Engineering,State Level,EWS,135598,12.6949825
06802,"Dr. D.Y.Patil Institute of Engineering, Management & Reseach, Akurdi, Pune",,680219110,Civil Engineering,State Level,"Legends:Start Character G-General, L-Ladies, End Character H-Home University, O-Other than Home University, S-State LevelS",75540,65.107535
06802,"Dr. D.Y.Patil Institute of Engineering, Management & Reseach, Akurdi, Pune",,680219110,Civil Engineering,State Level,I-NonS,54704,76.6367377
06802,"Dr. D.Y.Patil Institute of Engineering, Management & Reseach, Akurdi, Pune",,680219110,Civil Engineering,State Level,VIIS,82061,61.2935921
06802,"Dr. D.Y.Patil Institute of Engineering, Management & Reseach, Akurdi, Pune",,680224510,Computer Engineering,State Level,"Legends:Start Character G-General, L-Ladies, End Character H-Home University, O-Other than Home University, S-State LevelS",11328,95.5993871
06802,"Dr. D.Y.Patil Institute of Engineering, Management & Reseach, Akurdi, Pune",,680237210,Electronics and Telecommunication Engg,State Level,"Legends:Start Character G-General, L-Ladies, End Character H-Home University, O-Other than Home University, S-State LevelS",14850,94.105562
06802,"Dr. D.Y.Patil Institute of Engineering, Management & Reseach, Akurdi, Pune",,680237210,Electronics and Telecommunication Engg,State Level,Maharashtra State Seats - Cut Off Indicates State General Merit No. ; Figures in bracket Indicates MHT-CET PCM PercentileS,62852,72.3082536
06802,"Dr. D.Y.Patil Institute of Engineering, Management & Reseach, Akurdi, Pune",,680237210,Electronics and Telecommunication Engg,State Level,DS,18651,92.4956109
06802,"Dr. D.Y.Patil Institute of Engineering, Management & Reseach, Akurdi, Pune",,680250710,Chemical Engineering,State Level,"Legends:Start Character G-General, L-Ladies, End Character H-Home University, O-Other than Home University, S-State LevelS",62640,72.394012
06802,"Dr. D.Y.Patil Institute of Engineering, Management & Reseach, Akurdi, Pune",,680261210,Mechanical Engineering,State Level,"Legends:Start Character G-General, L-Ladies, End Character H-Home University, O-Other than Home University, S-State LevelS",49122,79.2648162
06802,"Dr. D.Y.Patil Institute of Engineering, Management & Reseach, Akurdi, Pune",,680299510,Artificial Intelligence and Data Science,State Level,"Legends:Start Character G-General, L-Ladies, End Character H-Home University, O-Other than Home University, S-State LevelS",13035,94.8759338
06803,"Sant Gajanan Maharaj College of Engineering, Gadhinglaj",,680319110,Civil Engineering,State Level,"Legends:Start Character G-General, L-Ladies, End Character H-Home University, O-Other than Home University, S-State LevelS",140566,5.003542
06803,"Sant Gajanan Maharaj College of Engineering, Gadhinglaj",,680337210,Electronics and Telecommunication Engg,State Level,EWS,65387,71.1698646
06808,"Keystone School of Engineering, Pune",,680824510,Computer Engineering,State Level,DEFOPENS,54333,76.7173434
06808,"Keystone School of Engineering, Pune",,680824510,Computer Engineering,State Level,DEFOBCS,49132,79.2648162
06808,"Keystone School of Engineering, Pune",,680824510,Computer Engineering,State Level,TFWS,53788,76.839044
06808,"Keystone School of Engineering, Pune",,680824510,Computer Engineering,State Level,I-NonS,55068,76.2843676
06808,"Keystone School of Engineering, Pune",,680824510,Computer Engineering,State Level,VIIS,54197,76.7693871
06808,"Keystone School of Engineering, Pune",,680826310,Artificial Intelligence (AI) and Data Science,State Level,"Legends:Start Character G-General, L-Ladies, End Character H-Home University, O-Other than Home University, S-State LevelS",46819,80.0793682
06808,"Keystone School of Engineering, Pune",,680826310,Artificial Intelligence (AI) and Data Science,State Level,Maharashtra State Seats - Cut Off Indicates State General Merit No. ; Figures in bracket Indicates MHT-CET PCM PercentileS,57019,75.1687111
06808,"Keystone School of Engineering, Pune",,680837210,Electronics and Telecommunication Engg,State Level,"Legends:Start Character G-General, L-Ladies, End Character H-Home University, O-Other than Home University, S-State LevelS",69921,68.401414
06808,"Keystone School of Engineering, Pune",,680837210,Electronics and Telecommunication Engg,State Level,Maharashtra State Seats - Cut Off Indicates State General Merit No. ; Figures in bracket Indicates MHT-CET PCM PercentileS,58820,74.1935484
06808,"Keystone School of Engineering, Pune",,680861210,Mechanical Engineering,State Level,EWS,123683,26.9098391
06811,Sanjay Ghodawat Institute,,681129310,Electrical Engineering,State Level,"Legends:Start Character G-General, L-Ladies, End Character H-Home University, O-Other than Home University, S-State LevelS",125069,25.5459544
06811,Sanjay Ghodawat Institute,,681137210,Electronics and Telecommunication Engg,State Level,"Legends:Start Character G-General, L-Ladies, End Character H-Home University, O-Other than Home University, S-State LevelS",22940,90.683425
06811,Sanjay Ghodawat Institute,,681137210,Electronics and Telecommunication Engg,State Level,Maharashtra State Seats - Cut Off Indicates State General Merit No. ; Figures in bracket Indicates MHT-CET PCM PercentileS,70455,68.3823818
06815,"Vidya Prasarini Sabha's College of Engineering & Technology, Lonavala",,681524510,Computer Engineering,State Level,"Legends:Start Character G-General, L-Ladies, End Character H-Home University, O-Other than Home University, S-State LevelS",59239,74.1356658
06815,"Vidya Prasarini Sabha's College of Engineering & Technology, Lonavala",,681524510,Computer Engineering,State Level,Maharashtra State Seats - Cut Off Indicates State General Merit No. ; Figures in bracket Indicates MHT-CET PCM PercentileS,68064,69.597699
06815,"Vidya Prasarini Sabha's College of Engineering & Technology, Lonavala",,681524510,Computer Engineering,State Level,I-NonS,44082,81.2345291
06822,"Pimpri Chinchwad Education Trust's Pimpri Chinchwad College Of Engineering And Research, Ravet",,682219110,Civil Engineering,State Level,"Legends:Start Character G-General, L-Ladies, End Character H-Home University, O-Other than Home University, S-State LevelS",34796,85.4752553
06822,"Pimpri Chinchwad Education Trust's Pimpri Chinchwad College Of Engineering And Research, Ravet",,682219110,Civil Engineering,State Level,Maharashtra State Seats - Cut Off Indicates State General Merit No. ; Figures in bracket Indicates MHT-CET PCM PercentileS,42145,82.251586
06822,"Pimpri Chinchwad Education Trust's Pimpri Chinchwad College Of Engineering And Research, Ravet",,682219110,Civil Engineering,State Level,DS,103531,45.9664342
06822,"Pimpri Chinchwad Education Trust's Pimpri Chinchwad College Of Engineering And Research, Ravet",,682224510,Computer Engineering,State Level,"Legends:Start Character G-General, L-Ladies, End Character H-Home University, O-Other than Home University, S-State LevelS",17855,92.8593873
06822,"Pimpri Chinchwad Education Trust's Pimpri Chinchwad College Of Engineering And Research, Ravet",,682224510,Computer Engineering,State Level,Maharashtra State Seats - Cut Off Indicates State General Merit No. ; Figures in bracket Indicates MHT-CET PCM PercentileS,6300,97.5693269
06822,"Pimpri Chinchwad Education Trust's Pimpri Chinchwad College Of Engineering And Research, Ravet",,682224510,Computer Engineering,State Level,DS,8511,96.6904656
06822,"Pimpri Chinchwad Education Trust's Pimpri Chinchwad College Of Engineering And Research, Ravet",,682224510,Computer Engineering,State Level,VIIS,9176,96.432707
06822,"Pimpri Chinchwad Education Trust's Pimpri Chinchwad College Of Engineering And Research, Ravet",,682224610,Information Technology,State Level,"Legends:Start Character G-General, L-Ladies, End Character H-Home University, O-Other than Home University, S-State LevelS",9481,96.2869828
06822,"Pimpri Chinchwad Education Trust's Pimpri Chinchwad College Of Engineering And Research, Ravet",,682237210,Electronics and Telecommunication Engg,State Level,"Legends:Start Character G-General, L-Ladies, End Character H-Home University, O-Other than Home University, S-State LevelS",14688,94.1946157
06822,"Pimpri Chinchwad Education Trust's Pimpri Chinchwad College Of Engineering And Research, Ravet",,682261210,Mechanical Engineering,State Level,"Legends:Start Character G-General, L-Ladies, End Character H-Home University, O-Other than Home University, S-State LevelS",35151,85.415737
06834,"Dr.D.Y.Patil College Of Engineering & Innovation,Talegaon",,683424510,Computer Engineering,State Level,"Legends:Start Character G-General, L-Ladies, End Character H-Home University, O-Other than Home University, S-State LevelS",49913,78.5775598
06834,"Dr.D.Y.Patil College Of Engineering & Innovation,Talegaon",,683424510,Computer Engineering,State Level,Maharashtra State Seats - Cut Off Indicates State General Merit No. ; Figures in bracket Indicates MHT-CET PCM PercentileS,75997,65.0367935
06834,"Dr.D.Y.Patil College Of Engineering & Innovation,Talegaon",,683424510,Computer Engineering,State Level,DS,31443,87.0556299
06834,"Dr.D.Y.Patil College Of Engineering & Innovation,Talegaon",,683424510,Computer Engineering,State Level,State Common Entrance Test CellS,44549,81.1192722
06834,"Dr.D.Y.Patil College Of Engineering & Innovation,Talegaon",,683426310,Artificial Intelligence (AI) and Data Science,State Level,"Legends:Start Character G-General, L-Ladies, End Character H-Home University, O-Other than Home University, S-State LevelS",38050,84.216054
06839,"Dr. D Y Patil Pratishthan's College of Engineering, Kolhapur",,683919110,Civil Engineering,State Level,"Legends:Start Character G-General, L-Ladies, End Character H-Home University, O-Other than Home University, S-State LevelS",126708,23.8907594
06839,"Dr. D Y Patil Pratishthan's College of Engineering, Kolhapur",,683919110,Civil Engineering,State Level,Maharashtra State Seats - Cut Off Indicates State General Merit No. ; Figures in bracket Indicates MHT-CET PCM PercentileS,139561,6.4285981
06839,"Dr. D Y Patil Pratishthan's College of Engineering, Kolhapur",,683924210,Computer Science and Engineering,State Level,"Legends:Start Character G-General, L-Ladies, End Character H-Home University, O-Other than Home University, S-State LevelS",39769,83.3890161
06839,"Dr. D Y Patil Pratishthan's College of Engineering, Kolhapur",,683924210,Computer Science and Engineering,State Level,Maharashtra State Seats - Cut Off Indicates State General Merit No. ; Figures in bracket Indicates MHT-CET PCM PercentileS,53348,76.9213416
06839,"Dr. D Y Patil Pratishthan's College of Engineering, Kolhapur",,683929310,Electrical Engineering,State Level,"Legends:Start Character G-General, L-Ladies, End Character H-Home University, O-Other than Home University, S-State LevelS",83414,60.750409
06839,"Dr. D Y Patil Pratishthan's College of Engineering, Kolhapur",,683929310,Electrical Engineering,State Level,Maharashtra State Seats - Cut Off Indicates State General Merit No. ; Figures in bracket Indicates MHT-CET PCM PercentileS,99433,49.4761567
06839,"Dr. D Y Patil Pratishthan's College of Engineering, Kolhapur",,683991210,Computer Science and Engineering(Data Science),State Level,"Legends:Start Character G-General, L-Ladies, End Character H-Home University, O-Other than Home University, S-State LevelS",69377,68.9337823
06839,"Dr. D Y Patil Pratishthan's College of Engineering, Kolhapur",,683991210,Computer Science and Engineering(Data Science),State Level,Maharashtra State Seats - Cut Off Indicates State General Merit No. ; Figures in bracket Indicates MHT-CET PCM PercentileS,61275,73.2522683
06878,"Dr. A. D. Shinde College Of Engineering, Tal.Gadhinglaj, Kolhapur",,687824210,Computer Science and Engineering,State Level,"Legends:Start Character G-General, L-Ladies, End Character H-Home University, O-Other than Home University, S-State LevelS",57449,75.1476841
06878,"Dr. A. D. Shinde College Of Engineering, Tal.Gadhinglaj, Kolhapur",,687890010,Electronics and Computer Science,State Level,"Legends:Start Character G-General, L-Ladies, End Character H-Home University, O-Other than Home University, S-State LevelS",138875,7.7309237
06901,"MAEER's MIT College of Railway Engineering and Research, Jamgaon, Barshi",,690124210,Computer Science and Engineering,State Level,"Legends:Start Character G-General, L-Ladies, End Character H-Home University, O-Other than Home University, S-State LevelS",59271,74.1356658
06901,"MAEER's MIT College of Railway Engineering and Research, Jamgaon, Barshi",,690124210,Computer Science and Engineering,State Level,Maharashtra State Seats - Cut Off Indicates State General Merit No. ; Figures in bracket Indicates MHT-CET PCM PercentileS,61979,73.0265619
06901,"MAEER's MIT College of Railway Engineering and Research, Jamgaon, Barshi",,690124210,Computer Science and Engineering,State Level,VIIS,66981,69.7774101
06901,"MAEER's MIT College of Railway Engineering and Research, Jamgaon, Barshi",,690137210,Electronics and Telecommunication Engg,State Level,"Legends:Start Character G-General, L-Ladies, End Character H-Home University, O-Other than Home University, S-State LevelS",88534,56.7405028
06901,"MAEER's MIT College of Railway Engineering and Research, Jamgaon, Barshi",,690137210,Electronics and Telecommunication Engg,State Level,Maharashtra State Seats - Cut Off Indicates State General Merit No. ; Figures in bracket Indicates MHT-CET PCM PercentileS,115048,36.029881
06938,Shree Siddheshwar Women's College Of Engineering Solapur.,,,Electronics and Telecommunication Engg,State Level,"Legends:Start Character G-General, L-Ladies, End Character H-Home University, O-Other than Home University, S-State LevelS",86413,58.5474069
06938,Shree Siddheshwar Women's College Of Engineering Solapur.,,,Electronics and Telecommunication Engg,State Level,"Legends:Start Character G-General, L-Ladies, End Character H-Home University, O-Other than Home University, S-State LevelS",113818,36.6068088
06938,Shree Siddheshwar Women's College Of Engineering Solapur.,,,Electronics and Telecommunication Engg,State Level,"Legends:Start Character G-General, L-Ladies, End Character H-Home University, O-Other than Home University, S-State LevelS",115190,36.029881
06938,Shree Siddheshwar Women's College Of Engineering Solapur.,,,Electronics and Telecommunication Engg,State Level,"Legends:Start Character G-General, L-Ladies, End Character H-Home University, O-Other than Home University, S-State LevelS",132099,17.5985227
06938,Shree Siddheshwar Women's College Of Engineering Solapur.,,,Electronics and Telecommunication Engg,State Level,I-NonS,136274,11.4340144
06938,Shree Siddheshwar Women's College Of Engineering Solapur.,,,Electronics and Telecommunication Engg,State Level,"Legends:Start Character G-General, L-Ladies, End Character H-Home University, O-Other than Home University, S-State LevelS",86777,58.1382561
06991,"Dr. D.Y. Patil Technical Campus, Varale, Talegaon, Pune",,699124510,Computer Engineering,State Level,"Legends:Start Character G-General, L-Ladies, End Character H-Home University, O-Other than Home University, S-State LevelS",42170,82.251586
06991,"Dr. D.Y. Patil Technical Campus, Varale, Talegaon, Pune",,699124510,Computer Engineering,State Level,Maharashtra State Seats - Cut Off Indicates State General Merit No. ; Figures in bracket Indicates MHT-CET PCM PercentileS,51819,78.0359147
06991,"Dr. D.Y. Patil Technical Campus, Varale, Talegaon, Pune",,699124510,Computer Engineering,State Level,I-NonS,43778,81.5104589
06991,"Dr. D.Y. Patil Technical Campus, Varale, Talegaon, Pune",,699124510,Computer Engineering,State Level,VIIS,43927,81.4853713
06991,"Dr. D.Y. Patil Technical Campus, Varale, Talegaon, Pune",,699124610,Information Technology,State Level,"Legends:Start Character G-General, L-Ladies, End Character H-Home University, O-Other than Home University, S-State LevelS",23409,90.5447224
06991,"Dr. D.Y. Patil Technical Campus, Varale, Talegaon, Pune",,699124610,Information Technology,State Level,Maharashtra State Seats - Cut Off Indicates State General Merit No. ; Figures in bracket Indicates MHT-CET PCM PercentileS,35658,85.2500884
06991,"Dr. D.Y. Patil Technical Campus, Varale, Talegaon, Pune",,699126310,Artificial Intelligence (AI) and Data Science,State Level,"Legends:Start Character G-General, L-Ladies, End Character H-Home University, O-Other than Home University, S-State LevelS",45953,80.7328826
06991,"Dr. D.Y. Patil Technical Campus, Varale, Talegaon, Pune",,699156610,Computer Science,State Level,"Legends:Start Character G-General, L-Ladies, End Character H-Home University, O-Other than Home University, S-State LevelS",79239,62.7898492
06991,"Dr. D.Y. Patil Technical Campus, Varale, Talegaon, Pune",,699156610,Computer Science,State Level,Maharashtra State Seats - Cut Off Indicates State General Merit No. ; Figures in bracket Indicates MHT-CET PCM PercentileS,39266,83.4300164
06991,"Dr. D.Y. Patil Technical Campus, Varale, Talegaon, Pune",,699156610,Computer Science,State Level,DS,127595,22.8844711
06991,"Dr. D.Y. Patil Technical Campus, Varale, Talegaon, Pune",,699156610,Computer Science,State Level,State Common Entrance Test CellS,51561,78.067557
06991,"Dr. D.Y. Patil Technical Campus, Varale, Talegaon, Pune",,699156610,Computer Science,State Level,VIIS,43998,81.2345291
