College Code,College Name,Location,Branch Code,Branch Name,Seat Section,Category,Merit No.,Percentile
01002,"Government College of Engineering, Amravati",,100219110,Civil Engineering,State Level,GOPENS,37795,79.4751328
01002,"Government College of Engineering, Amravati",,100219110,Civil Engineering,State Level,GNT1S,54700,69.0394836
01002,"Government College of Engineering, Amravati",,100219110,Civil Engineering,State Level,GOBCS,39532,78.3496848
01002,"Government College of Engineering, Amravati",,100219110,Civil Engineering,State Level,LOPENS,45622,74.5211181
01002,"Government College of Engineering, Amravati",,100219110,Civil Engineering,State Level,PWDOPENS,36791,79.8656107
01002,"Government College of Engineering, Amravati",,100219110,Civil Engineering,State Level,DEFOPENS,56495,67.4824177
01002,"Government College of Engineering, Amravati",,100219110,Civil Engineering,State Level,I-NonS,51661,70.9370842
01002,"Government College of Engineering, Amravati",,100219110,Civil Engineering,State Level,I-NonS,52238,70.7220669
01002,"Government College of Engineering, Amravati",,100219110,Civil Engineering,State Level,VIIS,53089,69.7082914
01002,"Government College of Engineering, Amravati",,100224210,Computer Science and Engineering,State Level,GOPENS,5429,96.9378449
01002,"Government College of Engineering, Amravati",,100224210,Computer Science and Engineering,State Level,GNT3S,11944,93.5601746
01002,"Government College of Engineering, Amravati",,100224210,Computer Science and Engineering,State Level,TFWS,5770,96.7777145
01002,"Government College of Engineering, Amravati",,100224210,Computer Science and Engineering,State Level,EWS,10441,94.3125425
01002,"Government College of Engineering, Amravati",,100224610,Information Technology,State Level,EWS,11889,93.5655058
01002,"Government College of Engineering, Amravati",,100229310,Electrical Engineering,State Level,GOPENS,27030,85.5965895
01002,"Government College of Engineering, Amravati",,100229310,Electrical Engineering,State Level,GSCS,31365,83.1461738
01002,"Government College of Engineering, Amravati",,100229310,Electrical Engineering,State Level,GNT1S,38342,79.1079584
01002,"Government College of Engineering, Amravati",,100229310,Electrical Engineering,State Level,PWDOPENS,26357,85.7967175
01002,"Government College of Engineering, Amravati",,100229310,Electrical Engineering,State Level,TFWS,47231,73.5739966
01002,"Government College of Engineering, Amravati",,100229310,Electrical Engineering,State Level,I-NonS,25250,86.3666603
01002,"Government College of Engineering, Amravati",,100237210,Electronics and Telecommunication Engg,State Level,"Legends:Start Character G-General, L-Ladies, End Character H-Home University, O-Other than Home University, S-State LevelS",14276,92.287017
01002,"Government College of Engineering, Amravati",,100237210,Electronics and Telecommunication Engg,State Level,Maharashtra State Seats - Cut Off Indicates State General Merit No. ; Figures in bracket Indicates MHT-CET PCM PercentileS,15853,91.4874509
01002,"Government College of Engineering, Amravati",,100237210,Electronics and Telecommunication Engg,State Level,DS,13059,92.9348086
01002,"Government College of Engineering, Amravati",,100237210,Electronics and Telecommunication Engg,State Level,State Common Entrance Test CellS,13966,92.4845102
01002,"Government College of Engineering, Amravati",,100237210,Electronics and Telecommunication Engg,State Level,Cut Off List for Maharashtra & Minority Seats of CAP Round - III for the Admission to the First Year Under Graduate Technical Courses in Engineering and Technology (4 Years) &S,17058,90.8078665
01002,"Government College of Engineering, Amravati",,100237210,Electronics and Telecommunication Engg,State Level,Master of Engineering and Technology (Integrated 5 Years) Admissions A.Y. 2022-23S,19218,89.629736
01002,"Government College of Engineering, Amravati",,100237210,Electronics and Telecommunication Engg,State Level,VIIS,14828,91.973466
01002,"Government College of Engineering, Amravati",,100246610,Instrumentation Engineering,State Level,GOPENS,26952,85.5965895
01002,"Government College of Engineering, Amravati",,100246610,Instrumentation Engineering,State Level,GSCS,61321,64.0609282
01002,"Government College of Engineering, Amravati",,100246610,Instrumentation Engineering,State Level,GVJS,49540,72.4718017
01002,"Government College of Engineering, Amravati",,100246610,Instrumentation Engineering,State Level,GOBCS,46318,74.2260244
01002,"Government College of Engineering, Amravati",,100246610,Instrumentation Engineering,State Level,PWDOPENS,74298,54.1780657
01002,"Government College of Engineering, Amravati",,100246610,Instrumentation Engineering,State Level,I-NonS,43447,75.7886771
01002,"Government College of Engineering, Amravati",,100246610,Instrumentation Engineering,State Level,VIIS,44005,75.6049358
01002,"Government College of Engineering, Amravati",,100261210,Mechanical Engineering,State Level,GOPENS,42993,76.4889836
01002,"Government College of Engineering, Amravati",,100261210,Mechanical Engineering,State Level,GSCS,49782,71.9798416
01002,"Government College of Engineering, Amravati",,100261210,Mechanical Engineering,State Level,GNT1S,62818,63.5478045
01002,"Government College of Engineering, Amravati",,100261210,Mechanical Engineering,State Level,GNT2S,69619,57.9292585
01002,"Government College of Engineering, Amravati",,100261210,Mechanical Engineering,State Level,GNT3S,72385,56.3628587
01002,"Government College of Engineering, Amravati",,100261210,Mechanical Engineering,State Level,LOPENS,31523,82.9381616
01002,"Government College of Engineering, Amravati",,100261210,Mechanical Engineering,State Level,LSCS,63573,63.050238
01002,"Government College of Engineering, Amravati",,100261210,Mechanical Engineering,State Level,LSTS,45705,74.5106403
01002,"Government College of Engineering, Amravati",,100261210,Mechanical Engineering,State Level,PWDOPENS,69613,57.9292585
01002,"Government College of Engineering, Amravati",,100261210,Mechanical Engineering,State Level,DEFOPENS,89182,42.0206383
01002,"Government College of Engineering, Amravati",,100261210,Mechanical Engineering,State Level,I-NonS,46764,74.1161376
01002,"Government College of Engineering, Amravati",,100261210,Mechanical Engineering,State Level,I-NonS,41270,77.1347248
01005,"Sant Gadge Baba Amravati University,Amravati",,100550310,Food Technology,State Level,"Legends:Start Character G-General, L-Ladies, End Character H-Home University, O-Other than Home University, S-State LevelS",89005,42.0206383
01005,"Sant Gadge Baba Amravati University,Amravati",,100552710,Petro Chemical Engineering,State Level,"Legends:Start Character G-General, L-Ladies, End Character H-Home University, O-Other than Home University, S-State LevelS",98733,32.2621925
01012,"Government College of Engineering,Yavatmal",,101219110,Civil Engineering,State Level,"Legends:Start Character G-General, L-Ladies, End Character H-Home University, O-Other than Home University, S-State LevelS",69127,58.8113371
01012,"Government College of Engineering,Yavatmal",,101219110,Civil Engineering,State Level,Maharashtra State Seats - Cut Off Indicates State General Merit No. ; Figures in bracket Indicates MHT-CET PCM PercentileS,78139,51.2600953
01012,"Government College of Engineering,Yavatmal",,101219110,Civil Engineering,State Level,I-NonS,89678,41.4815869
01012,"Government College of Engineering,Yavatmal",,101224510,Computer Engineering,State Level,"Legends:Start Character G-General, L-Ladies, End Character H-Home University, O-Other than Home University, S-State LevelS",22538,87.8986332
01012,"Government College of Engineering,Yavatmal",,101229310,Electrical Engineering,State Level,"Legends:Start Character G-General, L-Ladies, End Character H-Home University, O-Other than Home University, S-State LevelS",66213,60.7344231
01012,"Government College of Engineering,Yavatmal",,101229310,Electrical Engineering,State Level,Maharashtra State Seats - Cut Off Indicates State General Merit No. ; Figures in bracket Indicates MHT-CET PCM PercentileS,76817,52.4476185
01012,"Government College of Engineering,Yavatmal",,101229310,Electrical Engineering,State Level,I-NonS,63273,63.088298
01012,"Government College of Engineering,Yavatmal",,101229310,Electrical Engineering,State Level,VIIS,66989,60.5043241
01012,"Government College of Engineering,Yavatmal",,101237210,Electronics and Telecommunication Engg,State Level,"Legends:Start Character G-General, L-Ladies, End Character H-Home University, O-Other than Home University, S-State LevelS",48968,72.7060426
01012,"Government College of Engineering,Yavatmal",,101237210,Electronics and Telecommunication Engg,State Level,VIIS,42295,76.6964455
01012,"Government College of Engineering,Yavatmal",,101261210,Mechanical Engineering,State Level,"Legends:Start Character G-General, L-Ladies, End Character H-Home University, O-Other than Home University, S-State LevelS",56642,67.4824177
01012,"Government College of Engineering,Yavatmal",,101261210,Mechanical Engineering,State Level,Maharashtra State Seats - Cut Off Indicates State General Merit No. ; Figures in bracket Indicates MHT-CET PCM PercentileS,93610,37.5478565
01012,"Government College of Engineering,Yavatmal",,101261210,Mechanical Engineering,State Level,I-NonS,72007,56.7650587
01012,"Government College of Engineering,Yavatmal",,101261210,Mechanical Engineering,State Level,VIIS,86023,44.7418375
01101,"Shri Sant Gajanan Maharaj College of Engineering,Shegaon",,110124610,Information Technology,State Level,"Legends:Start Character G-General, L-Ladies, End Character H-Home University, O-Other than Home University, S-State LevelS",39397,78.3496848
01101,"Shri Sant Gajanan Maharaj College of Engineering,Shegaon",,110124610,Information Technology,State Level,Maharashtra State Seats - Cut Off Indicates State General Merit No. ; Figures in bracket Indicates MHT-CET PCM PercentileS,21214,88.5953918
01101,"Shri Sant Gajanan Maharaj College of Engineering,Shegaon",,110137210,Electronics and Telecommunication Engg,State Level,"Legends:Start Character G-General, L-Ladies, End Character H-Home University, O-Other than Home University, S-State LevelS",40876,77.6308856
01105,"Prof. Ram Meghe Institute of Technology & Research, Amravati",,110519110,Civil Engineering,State Level,DEFOPENS,106234,23.4829494
01105,"Prof. Ram Meghe Institute of Technology & Research, Amravati",,110519110,Civil Engineering,State Level,I-NonS,74028,54.5241174
01105,"Prof. Ram Meghe Institute of Technology & Research, Amravati",,110519110,Civil Engineering,State Level,VIIS,76339,52.8246408
01105,"Prof. Ram Meghe Institute of Technology & Research, Amravati",,110524210,Computer Science and Engineering,State Level,"Legends:Start Character G-General, L-Ladies, End Character H-Home University, O-Other than Home University, S-State LevelS",13646,92.6252847
01105,"Prof. Ram Meghe Institute of Technology & Research, Amravati",,110524210,Computer Science and Engineering,State Level,Maharashtra State Seats - Cut Off Indicates State General Merit No. ; Figures in bracket Indicates MHT-CET PCM PercentileS,33849,81.6296507
01105,"Prof. Ram Meghe Institute of Technology & Research, Amravati",,110524610,Information Technology,State Level,"Legends:Start Character G-General, L-Ladies, End Character H-Home University, O-Other than Home University, S-State LevelS",37685,79.4751328
01105,"Prof. Ram Meghe Institute of Technology & Research, Amravati",,110537210,Electronics and Telecommunication Engg,State Level,ORPHAN,59059,66.0248119
01105,"Prof. Ram Meghe Institute of Technology & Research, Amravati",,110537210,Electronics and Telecommunication Engg,State Level,VIIS,34664,81.3782643
01105,"Prof. Ram Meghe Institute of Technology & Research, Amravati",,110561210,Mechanical Engineering,State Level,"Legends:Start Character G-General, L-Ladies, End Character H-Home University, O-Other than Home University, S-State LevelS",94120,36.1623265
01107,"P. R. Pote (Patil) Education & Welfare Trust's Group of Institution(Integrated Campus), Amravati",,110719110,Civil Engineering,State Level,"Legends:Start Character G-General, L-Ladies, End Character H-Home University, O-Other than Home University, S-State LevelS",117112,9.2499758
01107,"P. R. Pote (Patil) Education & Welfare Trust's Group of Institution(Integrated Campus), Amravati",,110724210,Computer Science and Engineering,State Level,"Legends:Start Character G-General, L-Ladies, End Character H-Home University, O-Other than Home University, S-State LevelS",47861,73.2440997
01107,"P. R. Pote (Patil) Education & Welfare Trust's Group of Institution(Integrated Campus), Amravati",,110729310,Electrical Engineering,State Level,"Legends:Start Character G-General, L-Ladies, End Character H-Home University, O-Other than Home University, S-State LevelS",84767,45.9187639
01107,"P. R. Pote (Patil) Education & Welfare Trust's Group of Institution(Integrated Campus), Amravati",,110761210,Mechanical Engineering,State Level,ORPHAN,67494,59.7201871
01114,"Sipna Shikshan Prasarak Mandal College of Engineering & Technology, Amravati",,111419110,Civil Engineering,State Level,DEFOPENS,66982,60.5043241
01114,"Sipna Shikshan Prasarak Mandal College of Engineering & Technology, Amravati",,111419110,Civil Engineering,State Level,VIIS,72221,56.5826603
01114,"Sipna Shikshan Prasarak Mandal College of Engineering & Technology, Amravati",,111424210,Computer Science and Engineering,State Level,"Legends:Start Character G-General, L-Ladies, End Character H-Home University, O-Other than Home University, S-State LevelS",36334,80.2788844
01114,"Sipna Shikshan Prasarak Mandal College of Engineering & Technology, Amravati",,111424610,Information Technology,State Level,"Legends:Start Character G-General, L-Ladies, End Character H-Home University, O-Other than Home University, S-State LevelS",94502,36.1594098
01114,"Sipna Shikshan Prasarak Mandal College of Engineering & Technology, Amravati",,111437210,Electronics and Telecommunication Engg,State Level,"Legends:Start Character G-General, L-Ladies, End Character H-Home University, O-Other than Home University, S-State LevelS",41654,77.0666918
01114,"Sipna Shikshan Prasarak Mandal College of Engineering & Technology, Amravati",,111437210,Electronics and Telecommunication Engg,State Level,Maharashtra State Seats - Cut Off Indicates State General Merit No. ; Figures in bracket Indicates MHT-CET PCM PercentileS,63974,62.3799839
01114,"Sipna Shikshan Prasarak Mandal College of Engineering & Technology, Amravati",,111461210,Mechanical Engineering,State Level,"Legends:Start Character G-General, L-Ladies, End Character H-Home University, O-Other than Home University, S-State LevelS",94625,36.1480075
01116,"Shri Shivaji Education Society's College of Engineering and Technology, Akola",,111619110,Civil Engineering,State Level,"Legends:Start Character G-General, L-Ladies, End Character H-Home University, O-Other than Home University, S-State LevelS",73148,55.257059
01116,"Shri Shivaji Education Society's College of Engineering and Technology, Akola",,111619110,Civil Engineering,State Level,Maharashtra State Seats - Cut Off Indicates State General Merit No. ; Figures in bracket Indicates MHT-CET PCM PercentileS,121167,2.757158
01116,"Shri Shivaji Education Society's College of Engineering and Technology, Akola",,111624210,Computer Science and Engineering,State Level,"Legends:Start Character G-General, L-Ladies, End Character H-Home University, O-Other than Home University, S-State LevelS",76064,53.7302794
01116,"Shri Shivaji Education Society's College of Engineering and Technology, Akola",,111624210,Computer Science and Engineering,State Level,I-NonS,52691,70.2135829
01116,"Shri Shivaji Education Society's College of Engineering and Technology, Akola",,111624210,Computer Science and Engineering,State Level,VIIS,62011,64.0075195
01116,"Shri Shivaji Education Society's College of Engineering and Technology, Akola",,111650710,Chemical Engineering,State Level,"Legends:Start Character G-General, L-Ladies, End Character H-Home University, O-Other than Home University, S-State LevelS",118602,7.0709457
01116,"Shri Shivaji Education Society's College of Engineering and Technology, Akola",,111661210,Mechanical Engineering,State Level,"Legends:Start Character G-General, L-Ladies, End Character H-Home University, O-Other than Home University, S-State LevelS",121958,1.4547046
01116,"Shri Shivaji Education Society's College of Engineering and Technology, Akola",,111661210,Mechanical Engineering,State Level,I-NonS,103422,26.9007793
01117,"Janata Shikshan Prasarak Mandal’s Babasaheb Naik College Of Engineering, Pusad",,111724210,Computer Science and Engineering,State Level,"Legends:Start Character G-General, L-Ladies, End Character H-Home University, O-Other than Home University, S-State LevelS",39228,78.3504176
01117,"Janata Shikshan Prasarak Mandal’s Babasaheb Naik College Of Engineering, Pusad",,111724210,Computer Science and Engineering,State Level,I-NonS,55216,68.5714285
01117,"Janata Shikshan Prasarak Mandal’s Babasaheb Naik College Of Engineering, Pusad",,111735610,Electrical Engg[Electronics and Power],State Level,"Legends:Start Character G-General, L-Ladies, End Character H-Home University, O-Other than Home University, S-State LevelS",93084,38.5667023
01117,"Janata Shikshan Prasarak Mandal’s Babasaheb Naik College Of Engineering, Pusad",,111761210,Mechanical Engineering,State Level,"Legends:Start Character G-General, L-Ladies, End Character H-Home University, O-Other than Home University, S-State LevelS",93417,38.17388
01117,"Janata Shikshan Prasarak Mandal’s Babasaheb Naik College Of Engineering, Pusad",,111761210,Mechanical Engineering,State Level,I-NonS,111640,17.0051501
01117,"Janata Shikshan Prasarak Mandal’s Babasaheb Naik College Of Engineering, Pusad",,111799510,Artificial Intelligence and Data Science,State Level,"Legends:Start Character G-General, L-Ladies, End Character H-Home University, O-Other than Home University, S-State LevelS",76882,52.4476185
01119,"Paramhansa Ramkrishna Maunibaba Shikshan Santha's , Anuradha Engineering College, Chikhali",,111924210,Computer Science and Engineering,State Level,"Legends:Start Character G-General, L-Ladies, End Character H-Home University, O-Other than Home University, S-State LevelS",65316,61.6697194
01119,"Paramhansa Ramkrishna Maunibaba Shikshan Santha's , Anuradha Engineering College, Chikhali",,111924610,Information Technology,State Level,"Legends:Start Character G-General, L-Ladies, End Character H-Home University, O-Other than Home University, S-State LevelS",32385,82.424443
01119,"Paramhansa Ramkrishna Maunibaba Shikshan Santha's , Anuradha Engineering College, Chikhali",,111924610,Information Technology,State Level,Maharashtra State Seats - Cut Off Indicates State General Merit No. ; Figures in bracket Indicates MHT-CET PCM PercentileS,60697,64.7353734
01119,"Paramhansa Ramkrishna Maunibaba Shikshan Santha's , Anuradha Engineering College, Chikhali",,111924610,Information Technology,State Level,I-NonS,49694,72.4718017
01119,"Paramhansa Ramkrishna Maunibaba Shikshan Santha's , Anuradha Engineering College, Chikhali",,111937210,Electronics and Telecommunication Engg,State Level,"Legends:Start Character G-General, L-Ladies, End Character H-Home University, O-Other than Home University, S-State LevelS",86301,44.7418375
01119,"Paramhansa Ramkrishna Maunibaba Shikshan Santha's , Anuradha Engineering College, Chikhali",,111961210,Mechanical Engineering,State Level,EWS,104083,26.2202423
01123,"Dr.Rajendra Gode Institute of Technology & Research, Amravati",,112319110,Civil Engineering,State Level,"Legends:Start Character G-General, L-Ladies, End Character H-Home University, O-Other than Home University, S-State LevelS",99212,32.1061359
01123,"Dr.Rajendra Gode Institute of Technology & Research, Amravati",,112319110,Civil Engineering,State Level,VIIS,105920,23.9542468
01123,"Dr.Rajendra Gode Institute of Technology & Research, Amravati",,112324210,Computer Science and Engineering,State Level,"Legends:Start Character G-General, L-Ladies, End Character H-Home University, O-Other than Home University, S-State LevelS",55674,68.2985361
01123,"Dr.Rajendra Gode Institute of Technology & Research, Amravati",,112324210,Computer Science and Engineering,State Level,Maharashtra State Seats - Cut Off Indicates State General Merit No. ; Figures in bracket Indicates MHT-CET PCM PercentileS,79744,50.5614783
01123,"Dr.Rajendra Gode Institute of Technology & Research, Amravati",,112324210,Computer Science and Engineering,State Level,VIIS,56779,67.447284
01123,"Dr.Rajendra Gode Institute of Technology & Research, Amravati",,112337210,Electronics and Telecommunication Engg,State Level,"Legends:Start Character G-General, L-Ladies, End Character H-Home University, O-Other than Home University, S-State LevelS",107968,21.8821184
01123,"Dr.Rajendra Gode Institute of Technology & Research, Amravati",,112337210,Electronics and Telecommunication Engg,State Level,I-NonS,65738,61.4673542
01123,"Dr.Rajendra Gode Institute of Technology & Research, Amravati",,112361210,Mechanical Engineering,State Level,"Legends:Start Character G-General, L-Ladies, End Character H-Home University, O-Other than Home University, S-State LevelS",87648,43.0138429
01123,"Dr.Rajendra Gode Institute of Technology & Research, Amravati",,112361210,Mechanical Engineering,State Level,I-NonS,94704,35.978039
01123,"Dr.Rajendra Gode Institute of Technology & Research, Amravati",,112361210,Mechanical Engineering,State Level,VIIS,97879,32.5908894
01125,"Dwarka Bahu Uddeshiya Gramin Vikas Foundation, Rajarshri Shahu College of Engineering, Buldhana",,112524210,Computer Science and Engineering,State Level,"Legends:Start Character G-General, L-Ladies, End Character H-Home University, O-Other than Home University, S-State LevelS",94282,36.1623265
01126,"Shri. Dadasaheb Gawai Charitable Trust's Dr. Smt. Kamaltai Gawai Institute of Engineering & Technology, Darapur, Amravati",,112624210,Computer Science and Engineering,State Level,"Legends:Start Character G-General, L-Ladies, End Character H-Home University, O-Other than Home University, S-State LevelS",71206,57.0638559
01126,"Shri. Dadasaheb Gawai Charitable Trust's Dr. Smt. Kamaltai Gawai Institute of Engineering & Technology, Darapur, Amravati",,112624210,Computer Science and Engineering,State Level,Maharashtra State Seats - Cut Off Indicates State General Merit No. ; Figures in bracket Indicates MHT-CET PCM PercentileS,110305,18.840167
01126,"Shri. Dadasaheb Gawai Charitable Trust's Dr. Smt. Kamaltai Gawai Institute of Engineering & Technology, Darapur, Amravati",,112661210,Mechanical Engineering,State Level,"Legends:Start Character G-General, L-Ladies, End Character H-Home University, O-Other than Home University, S-State LevelS",113848,14.2210761
01127,"Jagadambha Bahuuddeshiya Gramin Vikas Sanstha's Jagdambha College of Engineering and Technology, Yavatmal",,112724510,Computer Engineering,State Level,"Legends:Start Character G-General, L-Ladies, End Character H-Home University, O-Other than Home University, S-State LevelS",94948,35.8351101
01127,"Jagadambha Bahuuddeshiya Gramin Vikas Sanstha's Jagdambha College of Engineering and Technology, Yavatmal",,112724510,Computer Engineering,State Level,I-NonS,57475,67.1125395
01127,"Jagadambha Bahuuddeshiya Gramin Vikas Sanstha's Jagdambha College of Engineering and Technology, Yavatmal",,112729310,Electrical Engineering,State Level,"Legends:Start Character G-General, L-Ladies, End Character H-Home University, O-Other than Home University, S-State LevelS",97352,33.5099087
01127,"Jagadambha Bahuuddeshiya Gramin Vikas Sanstha's Jagdambha College of Engineering and Technology, Yavatmal",,112737210,Electronics and Telecommunication Engg,State Level,"Legends:Start Character G-General, L-Ladies, End Character H-Home University, O-Other than Home University, S-State LevelS",70578,57.4413646
01127,"Jagadambha Bahuuddeshiya Gramin Vikas Sanstha's Jagdambha College of Engineering and Technology, Yavatmal",,112737210,Electronics and Telecommunication Engg,State Level,Maharashtra State Seats - Cut Off Indicates State General Merit No. ; Figures in bracket Indicates MHT-CET PCM PercentileS,97558,33.083064
01128,"Prof Ram Meghe College of Engineering  and Management, Badnera",,112819110,Civil Engineering,State Level,EWS,109575,19.499854
01128,"Prof Ram Meghe College of Engineering  and Management, Badnera",,112824210,Computer Science and Engineering,State Level,EWS,48860,72.7060426
01128,"Prof Ram Meghe College of Engineering  and Management, Badnera",,112824610,Information Technology,State Level,"Legends:Start Character G-General, L-Ladies, End Character H-Home University, O-Other than Home University, S-State LevelS",58279,66.4465439
01128,"Prof Ram Meghe College of Engineering  and Management, Badnera",,112824610,Information Technology,State Level,I-NonS,42210,76.7344555
01128,"Prof Ram Meghe College of Engineering  and Management, Badnera",,112829310,Electrical Engineering,State Level,DEFOPENS,94777,35.978039
01128,"Prof Ram Meghe College of Engineering  and Management, Badnera",,112829310,Electrical Engineering,State Level,I-NonS,56501,67.4824177
01128,"Prof Ram Meghe College of Engineering  and Management, Badnera",,112837210,Electronics and Telecommunication Engg,State Level,"Legends:Start Character G-General, L-Ladies, End Character H-Home University, O-Other than Home University, S-State LevelS",61968,64.0075195
01180,"Sanmati Engineering College, Sawargaon Barde, Washim",,118024210,Computer Science and Engineering,State Level,"Legends:Start Character G-General, L-Ladies, End Character H-Home University, O-Other than Home University, S-State LevelS",79463,50.816249
01180,"Sanmati Engineering College, Sawargaon Barde, Washim",,118024210,Computer Science and Engineering,State Level,Maharashtra State Seats - Cut Off Indicates State General Merit No. ; Figures in bracket Indicates MHT-CET PCM PercentileS,103618,26.7890081
01180,"Sanmati Engineering College, Sawargaon Barde, Washim",,118024210,Computer Science and Engineering,State Level,I-NonS,74886,54.1664697
01180,"Sanmati Engineering College, Sawargaon Barde, Washim",,118024210,Computer Science and Engineering,State Level,VIIS,88100,42.7946749
01180,"Sanmati Engineering College, Sawargaon Barde, Washim",,118026310,Artificial Intelligence (AI) and Data Science,State Level,"Legends:Start Character G-General, L-Ladies, End Character H-Home University, O-Other than Home University, S-State LevelS",111643,17.0051501
01180,"Sanmati Engineering College, Sawargaon Barde, Washim",,118026310,Artificial Intelligence (AI) and Data Science,State Level,Maharashtra State Seats - Cut Off Indicates State General Merit No. ; Figures in bracket Indicates MHT-CET PCM PercentileS,103794,26.3140433
01180,"Sanmati Engineering College, Sawargaon Barde, Washim",,118026310,Artificial Intelligence (AI) and Data Science,State Level,I-NonS,83008,47.769552
01180,"Sanmati Engineering College, Sawargaon Barde, Washim",,118029310,Electrical Engineering,State Level,"Legends:Start Character G-General, L-Ladies, End Character H-Home University, O-Other than Home University, S-State LevelS",92023,39.3128682
01182,"Padmashri Dr. V.B.  Kolte College of Engineering, Malkapur, Buldhana",,118224210,Computer Science and Engineering,State Level,"Legends:Start Character G-General, L-Ladies, End Character H-Home University, O-Other than Home University, S-State LevelS",50553,71.4470469
01182,"Padmashri Dr. V.B.  Kolte College of Engineering, Malkapur, Buldhana",,118224210,Computer Science and Engineering,State Level,VIIS,76876,52.4476185
01182,"Padmashri Dr. V.B.  Kolte College of Engineering, Malkapur, Buldhana",,118229310,Electrical Engineering,State Level,"Legends:Start Character G-General, L-Ladies, End Character H-Home University, O-Other than Home University, S-State LevelS",114655,12.7995462
01182,"Padmashri Dr. V.B.  Kolte College of Engineering, Malkapur, Buldhana",,118229310,Electrical Engineering,State Level,I-NonS,62655,63.7147595
01182,"Padmashri Dr. V.B.  Kolte College of Engineering, Malkapur, Buldhana",,118261210,Mechanical Engineering,State Level,TFWS,92022,39.3128682
01265,"Mauli Group of Institutions, College of Engineering and Technology, Shegaon.",,126519110,Civil Engineering,State Level,"Legends:Start Character G-General, L-Ladies, End Character H-Home University, O-Other than Home University, S-State LevelS",87107,43.3051128
01265,"Mauli Group of Institutions, College of Engineering and Technology, Shegaon.",,126519110,Civil Engineering,State Level,VIIS,109059,20.232792
01265,"Mauli Group of Institutions, College of Engineering and Technology, Shegaon.",,126524210,Computer Science and Engineering,State Level,"Legends:Start Character G-General, L-Ladies, End Character H-Home University, O-Other than Home University, S-State LevelS",35003,80.9167266
01265,"Mauli Group of Institutions, College of Engineering and Technology, Shegaon.",,126537210,Electronics and Telecommunication Engg,State Level,DEFOPENS,57937,66.5894149
01265,"Mauli Group of Institutions, College of Engineering and Technology, Shegaon.",,126561210,Mechanical Engineering,State Level,"Legends:Start Character G-General, L-Ladies, End Character H-Home University, O-Other than Home University, S-State LevelS",112886,15.1013848
01265,"Mauli Group of Institutions, College of Engineering and Technology, Shegaon.",,126561210,Mechanical Engineering,State Level,I-NonS,78300,51.2359011
01268,"Siddhivinayak Technical Campus, School of Engineering & Research Technology, Shirasgon, Nile",,126837210,Electronics and Telecommunication Engg,State Level,"Legends:Start Character G-General, L-Ladies, End Character H-Home University, O-Other than Home University, S-State LevelS",102464,28.4665226
01268,"Siddhivinayak Technical Campus, School of Engineering & Research Technology, Shirasgon, Nile",,126837210,Electronics and Telecommunication Engg,State Level,I-NonS,101175,29.3331437
01276,"Manav School of Engineering & Technology, Gut No. 1035 Nagpur Surat Highway, NH No. 6 Tal.Vyala, Balapur, Akola,  444302",,127624510,Computer Engineering,State Level,DEFOPENS,95080,35.8351101
01276,"Manav School of Engineering & Technology, Gut No. 1035 Nagpur Surat Highway, NH No. 6 Tal.Vyala, Balapur, Akola,  444302",,127624510,Computer Engineering,State Level,I-NonS,62143,63.7783399
02008,"Government College of Engineering,  Aurangabad",,200819110,Civil Engineering,State Level,"Legends:Start Character G-General, L-Ladies, End Character H-Home University, O-Other than Home University, S-State LevelS",39092,78.482599
02008,"Government College of Engineering,  Aurangabad",,200819110,Civil Engineering,State Level,Maharashtra State Seats - Cut Off Indicates State General Merit No. ; Figures in bracket Indicates MHT-CET PCM PercentileS,49561,72.4718017
02008,"Government College of Engineering,  Aurangabad",,200819110,Civil Engineering,State Level,DS,87755,42.8034319
02008,"Government College of Engineering,  Aurangabad",,200819110,Civil Engineering,State Level,State Common Entrance Test CellS,72038,56.7650587
02008,"Government College of Engineering,  Aurangabad",,200819110,Civil Engineering,State Level,Cut Off List for Maharashtra & Minority Seats of CAP Round - III for the Admission to the First Year Under Graduate Technical Courses in Engineering and Technology (4 Years) &S,56750,67.447284
02008,"Government College of Engineering,  Aurangabad",,200819110,Civil Engineering,State Level,Master of Engineering and Technology (Integrated 5 Years) Admissions A.Y. 2022-23S,41389,77.0895594
02008,"Government College of Engineering,  Aurangabad",,200819110,Civil Engineering,State Level,GOPENS,76763,52.4476185
02008,"Government College of Engineering,  Aurangabad",,200819110,Civil Engineering,State Level,GSCS,30381,83.4474115
02008,"Government College of Engineering,  Aurangabad",,200819110,Civil Engineering,State Level,GSTS,37213,79.5912465
02008,"Government College of Engineering,  Aurangabad",,200819110,Civil Engineering,State Level,I-NonS,40910,77.6049916
02008,"Government College of Engineering,  Aurangabad",,200819110,Civil Engineering,State Level,VIIS,45112,74.9700023
02008,"Government College of Engineering,  Aurangabad",,200824210,Computer Science and Engineering,State Level,GOPENS,5819,96.7743504
02008,"Government College of Engineering,  Aurangabad",,200824210,Computer Science and Engineering,State Level,GSTS,54321,69.1685966
02008,"Government College of Engineering,  Aurangabad",,200824210,Computer Science and Engineering,State Level,GOBCS,7079,96.0985326
02008,"Government College of Engineering,  Aurangabad",,200824210,Computer Science and Engineering,State Level,LOBCS,10500,94.280976
02008,"Government College of Engineering,  Aurangabad",,200824210,Computer Science and Engineering,State Level,ORPHAN,6320,96.4929764
02008,"Government College of Engineering,  Aurangabad",,200824210,Computer Science and Engineering,State Level,VIIS,5874,96.7544456
02008,"Government College of Engineering,  Aurangabad",,200824610,Information Technology,State Level,GOPENS,9092,95.0512832
02008,"Government College of Engineering,  Aurangabad",,200824610,Information Technology,State Level,GOBCS,9633,94.7170538
02008,"Government College of Engineering,  Aurangabad",,200824610,Information Technology,State Level,LOBCS,12419,93.3030001
02008,"Government College of Engineering,  Aurangabad",,200824610,Information Technology,State Level,PWDOPENS,5523,96.9198881
02008,"Government College of Engineering,  Aurangabad",,200824610,Information Technology,State Level,TFWS,8450,95.3393686
02008,"Government College of Engineering,  Aurangabad",,200824610,Information Technology,State Level,I-NonS,8780,95.2051835
02008,"Government College of Engineering,  Aurangabad",,200824610,Information Technology,State Level,VIIS,9600,94.7358445
02008,"Government College of Engineering,  Aurangabad",,200829310,Electrical Engineering,State Level,GOPENS,22455,87.9005604
02008,"Government College of Engineering,  Aurangabad",,200829310,Electrical Engineering,State Level,GSCS,27657,85.0225065
02008,"Government College of Engineering,  Aurangabad",,200829310,Electrical Engineering,State Level,GOBCS,29144,84.1949276
02008,"Government College of Engineering,  Aurangabad",,200829310,Electrical Engineering,State Level,LOPENS,20654,88.9568225
02008,"Government College of Engineering,  Aurangabad",,200829310,Electrical Engineering,State Level,LSCS,33514,81.7575556
02008,"Government College of Engineering,  Aurangabad",,200829310,Electrical Engineering,State Level,LNT2S,53113,69.7082914
02008,"Government College of Engineering,  Aurangabad",,200829310,Electrical Engineering,State Level,LOBCS,18876,89.8892235
02008,"Government College of Engineering,  Aurangabad",,200837210,Electronics and Telecommunication Engg,State Level,"Legends:Start Character G-General, L-Ladies, End Character H-Home University, O-Other than Home University, S-State LevelS",16390,91.1518646
02008,"Government College of Engineering,  Aurangabad",,200837210,Electronics and Telecommunication Engg,State Level,Maharashtra State Seats - Cut Off Indicates State General Merit No. ; Figures in bracket Indicates MHT-CET PCM PercentileS,20166,89.0980466
02008,"Government College of Engineering,  Aurangabad",,200837210,Electronics and Telecommunication Engg,State Level,DS,17142,90.7746979
02008,"Government College of Engineering,  Aurangabad",,200837210,Electronics and Telecommunication Engg,State Level,State Common Entrance Test CellS,14780,92.0273348
02008,"Government College of Engineering,  Aurangabad",,200837210,Electronics and Telecommunication Engg,State Level,Cut Off List for Maharashtra & Minority Seats of CAP Round - III for the Admission to the First Year Under Graduate Technical Courses in Engineering and Technology (4 Years) &S,11488,93.7701957
02008,"Government College of Engineering,  Aurangabad",,200837210,Electronics and Telecommunication Engg,State Level,Master of Engineering and Technology (Integrated 5 Years) Admissions A.Y. 2022-23S,14762,92.0273348
02008,"Government College of Engineering,  Aurangabad",,200861210,Mechanical Engineering,State Level,GOPENS,35659,80.5501725
02008,"Government College of Engineering,  Aurangabad",,200861210,Mechanical Engineering,State Level,GSCS,39840,78.1473584
02008,"Government College of Engineering,  Aurangabad",,200861210,Mechanical Engineering,State Level,GNT2S,43267,75.8471965
02008,"Government College of Engineering,  Aurangabad",,200861210,Mechanical Engineering,State Level,GOBCS,40310,78.0555027
02008,"Government College of Engineering,  Aurangabad",,200861210,Mechanical Engineering,State Level,LOPENS,36834,79.8656107
02008,"Government College of Engineering,  Aurangabad",,200861210,Mechanical Engineering,State Level,LSCS,60629,64.886326
02008,"Government College of Engineering,  Aurangabad",,200861210,Mechanical Engineering,State Level,LSTS,56122,67.9791157
02008,"Government College of Engineering,  Aurangabad",,200861210,Mechanical Engineering,State Level,LOBCS,51908,70.9263207
02008,"Government College of Engineering,  Aurangabad",,200861210,Mechanical Engineering,State Level,I-NonS,31682,82.8743796
02008,"Government College of Engineering,  Aurangabad",,200861210,Mechanical Engineering,State Level,VIIS,35629,80.6275908
02020,"Shri Guru Gobind Singhji Institute of Engineering and Technology, Nanded",,202019110,Civil Engineering,State Level,"Legends:Start Character G-General, L-Ladies, End Character H-Home University, O-Other than Home University, S-State LevelS",55947,67.9791157
02020,"Shri Guru Gobind Singhji Institute of Engineering and Technology, Nanded",,202019110,Civil Engineering,State Level,Maharashtra State Seats - Cut Off Indicates State General Merit No. ; Figures in bracket Indicates MHT-CET PCM PercentileS,75997,53.7302794
02020,"Shri Guru Gobind Singhji Institute of Engineering and Technology, Nanded",,202019110,Civil Engineering,State Level,DS,66249,60.7344231
02020,"Shri Guru Gobind Singhji Institute of Engineering and Technology, Nanded",,202019110,Civil Engineering,State Level,State Common Entrance Test CellS,51212,71.1253958
02020,"Shri Guru Gobind Singhji Institute of Engineering and Technology, Nanded",,202019110,Civil Engineering,State Level,Cut Off List for Maharashtra & Minority Seats of CAP Round - III for the Admission to the First Year Under Graduate Technical Courses in Engineering and Technology (4 Years) &S,75550,53.926243
02020,"Shri Guru Gobind Singhji Institute of Engineering and Technology, Nanded",,202019110,Civil Engineering,State Level,Master of Engineering and Technology (Integrated 5 Years) Admissions A.Y. 2022-23S,52330,70.7220669
02020,"Shri Guru Gobind Singhji Institute of Engineering and Technology, Nanded",,202019110,Civil Engineering,State Level,VIIS,57250,67.2875491
02020,"Shri Guru Gobind Singhji Institute of Engineering and Technology, Nanded",,202024210,Computer Science and Engineering,State Level,GOPENS,6447,96.4386357
02020,"Shri Guru Gobind Singhji Institute of Engineering and Technology, Nanded",,202024210,Computer Science and Engineering,State Level,GSTS,64471,62.0823842
02020,"Shri Guru Gobind Singhji Institute of Engineering and Technology, Nanded",,202024210,Computer Science and Engineering,State Level,GOBCS,9810,94.6532277
02020,"Shri Guru Gobind Singhji Institute of Engineering and Technology, Nanded",,202024210,Computer Science and Engineering,State Level,LOPENS,10126,94.4989339
02020,"Shri Guru Gobind Singhji Institute of Engineering and Technology, Nanded",,202024210,Computer Science and Engineering,State Level,LOBCS,11275,93.8419335
02020,"Shri Guru Gobind Singhji Institute of Engineering and Technology, Nanded",,202024610,Information Technology,State Level,GOPENS,8417,95.3875689
02020,"Shri Guru Gobind Singhji Institute of Engineering and Technology, Nanded",,202024610,Information Technology,State Level,GSCS,15707,91.5409302
02020,"Shri Guru Gobind Singhji Institute of Engineering and Technology, Nanded",,202024610,Information Technology,State Level,GOBCS,10991,94.0440653
02020,"Shri Guru Gobind Singhji Institute of Engineering and Technology, Nanded",,202024610,Information Technology,State Level,LOPENS,11581,93.7421047
02020,"Shri Guru Gobind Singhji Institute of Engineering and Technology, Nanded",,202024610,Information Technology,State Level,LOBCS,11883,93.5685145
02020,"Shri Guru Gobind Singhji Institute of Engineering and Technology, Nanded",,202024610,Information Technology,State Level,VIIS,10614,94.2233079
02020,"Shri Guru Gobind Singhji Institute of Engineering and Technology, Nanded",,202029310,Electrical Engineering,State Level,GOBCS,31280,83.1650789
02020,"Shri Guru Gobind Singhji Institute of Engineering and Technology, Nanded",,202029310,Electrical Engineering,State Level,LOPENS,26584,85.6913808
02020,"Shri Guru Gobind Singhji Institute of Engineering and Technology, Nanded",,202029310,Electrical Engineering,State Level,TFWS,32787,82.3797757
02020,"Shri Guru Gobind Singhji Institute of Engineering and Technology, Nanded",,202029310,Electrical Engineering,State Level,EWS,30579,83.4045178
02020,"Shri Guru Gobind Singhji Institute of Engineering and Technology, Nanded",,202037210,Electronics and Telecommunication Engg,State Level,"Legends:Start Character G-General, L-Ladies, End Character H-Home University, O-Other than Home University, S-State LevelS",16958,90.8966299
02020,"Shri Guru Gobind Singhji Institute of Engineering and Technology, Nanded",,202037210,Electronics and Telecommunication Engg,State Level,Maharashtra State Seats - Cut Off Indicates State General Merit No. ; Figures in bracket Indicates MHT-CET PCM PercentileS,21628,88.3304859
02020,"Shri Guru Gobind Singhji Institute of Engineering and Technology, Nanded",,202037210,Electronics and Telecommunication Engg,State Level,DS,14509,92.2149174
02020,"Shri Guru Gobind Singhji Institute of Engineering and Technology, Nanded",,202037210,Electronics and Telecommunication Engg,State Level,State Common Entrance Test CellS,16375,91.1518646
02020,"Shri Guru Gobind Singhji Institute of Engineering and Technology, Nanded",,202046610,Instrumentation Engineering,State Level,GOBCS,24941,86.5233044
02020,"Shri Guru Gobind Singhji Institute of Engineering and Technology, Nanded",,202046610,Instrumentation Engineering,State Level,LVJS,111651,17.0051501
02020,"Shri Guru Gobind Singhji Institute of Engineering and Technology, Nanded",,202050710,Chemical Engineering,State Level,GOPENS,10712,94.2082563
02020,"Shri Guru Gobind Singhji Institute of Engineering and Technology, Nanded",,202050710,Chemical Engineering,State Level,LSTS,48408,72.8897104
02020,"Shri Guru Gobind Singhji Institute of Engineering and Technology, Nanded",,202050710,Chemical Engineering,State Level,PWDOPENS,64600,61.9054461
02020,"Shri Guru Gobind Singhji Institute of Engineering and Technology, Nanded",,202050710,Chemical Engineering,State Level,I-NonS,40464,77.9458986
02020,"Shri Guru Gobind Singhji Institute of Engineering and Technology, Nanded",,202060610,Production Engineering,State Level,GOPENS,78941,51.1072039
02020,"Shri Guru Gobind Singhji Institute of Engineering and Technology, Nanded",,202060610,Production Engineering,State Level,GSTS,107193,22.4871071
02020,"Shri Guru Gobind Singhji Institute of Engineering and Technology, Nanded",,202060610,Production Engineering,State Level,GNT2S,78566,51.2359011
02020,"Shri Guru Gobind Singhji Institute of Engineering and Technology, Nanded",,202060610,Production Engineering,State Level,GOBCS,63968,62.3799839
02020,"Shri Guru Gobind Singhji Institute of Engineering and Technology, Nanded",,202060610,Production Engineering,State Level,LOPENS,61011,64.4979119
02020,"Shri Guru Gobind Singhji Institute of Engineering and Technology, Nanded",,202060610,Production Engineering,State Level,I-NonS,80522,49.4442605
02020,"Shri Guru Gobind Singhji Institute of Engineering and Technology, Nanded",,202060610,Production Engineering,State Level,VIIS,96053,35.3945703
02020,"Shri Guru Gobind Singhji Institute of Engineering and Technology, Nanded",,202061210,Mechanical Engineering,State Level,"Legends:Start Character G-General, L-Ladies, End Character H-Home University, O-Other than Home University, S-State LevelS",44569,75.4846987
02020,"Shri Guru Gobind Singhji Institute of Engineering and Technology, Nanded",,202061210,Mechanical Engineering,State Level,Maharashtra State Seats - Cut Off Indicates State General Merit No. ; Figures in bracket Indicates MHT-CET PCM PercentileS,103432,26.7890081
02020,"Shri Guru Gobind Singhji Institute of Engineering and Technology, Nanded",,202061210,Mechanical Engineering,State Level,DS,86027,44.7418375
02020,"Shri Guru Gobind Singhji Institute of Engineering and Technology, Nanded",,202061210,Mechanical Engineering,State Level,State Common Entrance Test CellS,76256,53.7001897
02020,"Shri Guru Gobind Singhji Institute of Engineering and Technology, Nanded",,202061210,Mechanical Engineering,State Level,Cut Off List for Maharashtra & Minority Seats of CAP Round - III for the Admission to the First Year Under Graduate Technical Courses in Engineering and Technology (4 Years) &S,35268,80.8718313
02020,"Shri Guru Gobind Singhji Institute of Engineering and Technology, Nanded",,202061210,Mechanical Engineering,State Level,Master of Engineering and Technology (Integrated 5 Years) Admissions A.Y. 2022-23S,47375,73.5739966
02020,"Shri Guru Gobind Singhji Institute of Engineering and Technology, Nanded",,202061210,Mechanical Engineering,State Level,I-NonS,46996,74.0962113
02020,"Shri Guru Gobind Singhji Institute of Engineering and Technology, Nanded",,202061210,Mechanical Engineering,State Level,VIIS,49325,72.5765063
02020,"Shri Guru Gobind Singhji Institute of Engineering and Technology, Nanded",,202089610,Textile Technology,State Level,GOPENS,88222,42.7946749
02020,"Shri Guru Gobind Singhji Institute of Engineering and Technology, Nanded",,202089610,Textile Technology,State Level,GNT2S,115666,11.3082039
02020,"Shri Guru Gobind Singhji Institute of Engineering and Technology, Nanded",,202089610,Textile Technology,State Level,LOPENS,75607,53.926243
02020,"Shri Guru Gobind Singhji Institute of Engineering and Technology, Nanded",,202089610,Textile Technology,State Level,TFWS,49023,72.6414198
02020,"Shri Guru Gobind Singhji Institute of Engineering and Technology, Nanded",,202089610,Textile Technology,State Level,EWS,74629,54.1664697
02021,"University Department of Chemical Technology, Aurangabad",,202150310,Food Technology,State Level,"Legends:Start Character G-General, L-Ladies, End Character H-Home University, O-Other than Home University, S-State LevelS",35549,80.6275908
02021,"University Department of Chemical Technology, Aurangabad",,202150310,Food Technology,State Level,I-NonS,89787,41.4815869
02021,"University Department of Chemical Technology, Aurangabad",,202181610,Pharmaceutical and Fine Chemical Technology,State Level,EWS,102354,28.4814025
02032,"Institute of Chemical Technology, Mumbai Marathwada off campus, Jalna",,203290410,Chemical Engineering,State Level,"Legends:Start Character G-General, L-Ladies, End Character H-Home University, O-Other than Home University, S-State LevelS",39569,78.3496848
02032,"Institute of Chemical Technology, Mumbai Marathwada off campus, Jalna",,203290410,Chemical Engineering,State Level,Maharashtra State Seats - Cut Off Indicates State General Merit No. ; Figures in bracket Indicates MHT-CET PCM PercentileS,86617,44.6471616
02032,"Institute of Chemical Technology, Mumbai Marathwada off campus, Jalna",,203290410,Chemical Engineering,State Level,DS,87259,43.3051128
02032,"Institute of Chemical Technology, Mumbai Marathwada off campus, Jalna",,203290410,Chemical Engineering,State Level,State Common Entrance Test CellS,41368,77.0895594
02032,"Institute of Chemical Technology, Mumbai Marathwada off campus, Jalna",,203290410,Chemical Engineering,State Level,Cut Off List for Maharashtra & Minority Seats of CAP Round - III for the Admission to the First Year Under Graduate Technical Courses in Engineering and Technology (4 Years) &S,44326,75.5619344
02032,"Institute of Chemical Technology, Mumbai Marathwada off campus, Jalna",,203290410,Chemical Engineering,State Level,Master of Engineering and Technology (Integrated 5 Years) Admissions A.Y. 2022-23S,59813,65.2657662
02032,"Institute of Chemical Technology, Mumbai Marathwada off campus, Jalna",,203290410,Chemical Engineering,State Level,GOPENS,30762,83.3155184
02032,"Institute of Chemical Technology, Mumbai Marathwada off campus, Jalna",,203290410,Chemical Engineering,State Level,GSCS,5881,96.7270799
02032,"Institute of Chemical Technology, Mumbai Marathwada off campus, Jalna",,203290410,Chemical Engineering,State Level,GSTS,92654,38.6417086
02032,"Institute of Chemical Technology, Mumbai Marathwada off campus, Jalna",,203290410,Chemical Engineering,State Level,I-NonS,36539,80.1068911
02032,"Institute of Chemical Technology, Mumbai Marathwada off campus, Jalna",,203290410,Chemical Engineering,State Level,VIIS,42232,76.7344555
02111,"Everest Education Society, Group of Institutions (Integrated Campus), Ohar",,211124210,Computer Science and Engineering,State Level,"Legends:Start Character G-General, L-Ladies, End Character H-Home University, O-Other than Home University, S-State LevelS",101325,29.2342823
02111,"Everest Education Society, Group of Institutions (Integrated Campus), Ohar",,211124210,Computer Science and Engineering,State Level,Maharashtra State Seats - Cut Off Indicates State General Merit No. ; Figures in bracket Indicates MHT-CET PCM PercentileS,65511,61.4673542
02111,"Everest Education Society, Group of Institutions (Integrated Campus), Ohar",,211129310,Electrical Engineering,State Level,"Legends:Start Character G-General, L-Ladies, End Character H-Home University, O-Other than Home University, S-State LevelS",115525,12.099832
02112,"Shree Yash Pratishthan, Shreeyash College of Engineering and Technology, Aurangabad",,211219110,Civil Engineering,State Level,EWS,98935,32.2127079
02112,"Shree Yash Pratishthan, Shreeyash College of Engineering and Technology, Aurangabad",,211224210,Computer Science and Engineering,State Level,"Legends:Start Character G-General, L-Ladies, End Character H-Home University, O-Other than Home University, S-State LevelS",44487,75.4846987
02112,"Shree Yash Pratishthan, Shreeyash College of Engineering and Technology, Aurangabad",,211224210,Computer Science and Engineering,State Level,Maharashtra State Seats - Cut Off Indicates State General Merit No. ; Figures in bracket Indicates MHT-CET PCM PercentileS,52810,70.0988506
02112,"Shree Yash Pratishthan, Shreeyash College of Engineering and Technology, Aurangabad",,211224210,Computer Science and Engineering,State Level,I-NonS,51037,71.197687
02112,"Shree Yash Pratishthan, Shreeyash College of Engineering and Technology, Aurangabad",,211224210,Computer Science and Engineering,State Level,VIIS,53150,69.7082914
02112,"Shree Yash Pratishthan, Shreeyash College of Engineering and Technology, Aurangabad",,211229310,Electrical Engineering,State Level,"Legends:Start Character G-General, L-Ladies, End Character H-Home University, O-Other than Home University, S-State LevelS",93545,37.5478565
02112,"Shree Yash Pratishthan, Shreeyash College of Engineering and Technology, Aurangabad",,211229310,Electrical Engineering,State Level,Maharashtra State Seats - Cut Off Indicates State General Merit No. ; Figures in bracket Indicates MHT-CET PCM PercentileS,83597,46.4456321
02112,"Shree Yash Pratishthan, Shreeyash College of Engineering and Technology, Aurangabad",,211229310,Electrical Engineering,State Level,I-NonS,108250,21.5067519
02112,"Shree Yash Pratishthan, Shreeyash College of Engineering and Technology, Aurangabad",,211261210,Mechanical Engineering,State Level,"Legends:Start Character G-General, L-Ladies, End Character H-Home University, O-Other than Home University, S-State LevelS",113580,14.6195704
02112,"Shree Yash Pratishthan, Shreeyash College of Engineering and Technology, Aurangabad",,211261210,Mechanical Engineering,State Level,I-NonS,121922,1.4996203
02112,"Shree Yash Pratishthan, Shreeyash College of Engineering and Technology, Aurangabad",,211284410,Electronics and Computer Engineering,State Level,"Legends:Start Character G-General, L-Ladies, End Character H-Home University, O-Other than Home University, S-State LevelS",67186,60.0860804
02113,"G. S. Mandal's Maharashtra Institute of Technology, Aurangabad",,211301110,Agricultural Engineering,State Level,GOPENS,119393,5.8080688
02113,"G. S. Mandal's Maharashtra Institute of Technology, Aurangabad",,211301110,Agricultural Engineering,State Level,GOBCS,120662,3.5945703
02113,"G. S. Mandal's Maharashtra Institute of Technology, Aurangabad",,211301110,Agricultural Engineering,State Level,LOPENS,90548,39.8713522
02113,"G. S. Mandal's Maharashtra Institute of Technology, Aurangabad",,211301110,Agricultural Engineering,State Level,PWDOPENS,38554,79.0746326
02113,"G. S. Mandal's Maharashtra Institute of Technology, Aurangabad",,211301110,Agricultural Engineering,State Level,I-NonS,121258,2.6528094
02113,"G. S. Mandal's Maharashtra Institute of Technology, Aurangabad",,211319110,Civil Engineering,State Level,GOPENS,121516,2.1470211
02113,"G. S. Mandal's Maharashtra Institute of Technology, Aurangabad",,211319110,Civil Engineering,State Level,LOPENS,121497,2.3327106
02113,"G. S. Mandal's Maharashtra Institute of Technology, Aurangabad",,211319110,Civil Engineering,State Level,LVJS,119380,5.8080688
02113,"G. S. Mandal's Maharashtra Institute of Technology, Aurangabad",,211319110,Civil Engineering,State Level,LOBCS,103187,26.9007793
02113,"G. S. Mandal's Maharashtra Institute of Technology, Aurangabad",,211319110,Civil Engineering,State Level,I-NonS,117854,8.3872203
02113,"G. S. Mandal's Maharashtra Institute of Technology, Aurangabad",,211319110,Civil Engineering,State Level,I-NonS,115429,12.099832
02113,"G. S. Mandal's Maharashtra Institute of Technology, Aurangabad",,211319110,Civil Engineering,State Level,VIIS,121848,1.5954882
02113,"G. S. Mandal's Maharashtra Institute of Technology, Aurangabad",,211324210,Computer Science and Engineering,State Level,GOPENS,28743,84.2697705
02113,"G. S. Mandal's Maharashtra Institute of Technology, Aurangabad",,211324210,Computer Science and Engineering,State Level,GSTS,38224,79.1656813
02113,"G. S. Mandal's Maharashtra Institute of Technology, Aurangabad",,211324210,Computer Science and Engineering,State Level,LOPENS,45814,74.5106403
02113,"G. S. Mandal's Maharashtra Institute of Technology, Aurangabad",,211324210,Computer Science and Engineering,State Level,LSCS,38576,79.0746326
02113,"G. S. Mandal's Maharashtra Institute of Technology, Aurangabad",,211324210,Computer Science and Engineering,State Level,LOBCS,16067,91.3297266
02113,"G. S. Mandal's Maharashtra Institute of Technology, Aurangabad",,211324210,Computer Science and Engineering,State Level,PWDOPENS,28860,84.2332613
02113,"G. S. Mandal's Maharashtra Institute of Technology, Aurangabad",,211324210,Computer Science and Engineering,State Level,I-NonS,28775,84.2697705
02113,"G. S. Mandal's Maharashtra Institute of Technology, Aurangabad",,211324210,Computer Science and Engineering,State Level,VIIS,31726,82.7324478
02113,"G. S. Mandal's Maharashtra Institute of Technology, Aurangabad",,211325710,Computer Science and Design,State Level,GOPENS,47247,73.5739966
02113,"G. S. Mandal's Maharashtra Institute of Technology, Aurangabad",,211325710,Computer Science and Design,State Level,LOPENS,47395,73.5739966
02113,"G. S. Mandal's Maharashtra Institute of Technology, Aurangabad",,211325710,Computer Science and Design,State Level,LSCS,56338,67.7143135
02113,"G. S. Mandal's Maharashtra Institute of Technology, Aurangabad",,211325710,Computer Science and Design,State Level,VIIS,45316,74.745321
02113,"G. S. Mandal's Maharashtra Institute of Technology, Aurangabad",,211326310,Artificial Intelligence (AI) and Data Science,State Level,"Legends:Start Character G-General, L-Ladies, End Character H-Home University, O-Other than Home University, S-State LevelS",40404,77.9458986
02113,"G. S. Mandal's Maharashtra Institute of Technology, Aurangabad",,211326310,Artificial Intelligence (AI) and Data Science,State Level,Maharashtra State Seats - Cut Off Indicates State General Merit No. ; Figures in bracket Indicates MHT-CET PCM PercentileS,41776,77.0311313
02113,"G. S. Mandal's Maharashtra Institute of Technology, Aurangabad",,211326310,Artificial Intelligence (AI) and Data Science,State Level,DS,41521,77.0666918
02113,"G. S. Mandal's Maharashtra Institute of Technology, Aurangabad",,211329310,Electrical Engineering,State Level,GOPENS,75178,54.124615
02113,"G. S. Mandal's Maharashtra Institute of Technology, Aurangabad",,211329310,Electrical Engineering,State Level,GSTS,84638,45.9187639
02113,"G. S. Mandal's Maharashtra Institute of Technology, Aurangabad",,211329310,Electrical Engineering,State Level,GOBCS,70447,57.6946774
02113,"G. S. Mandal's Maharashtra Institute of Technology, Aurangabad",,211329310,Electrical Engineering,State Level,LOPENS,63280,63.088298
02113,"G. S. Mandal's Maharashtra Institute of Technology, Aurangabad",,211329310,Electrical Engineering,State Level,I-NonS,68079,59.5292331
02113,"G. S. Mandal's Maharashtra Institute of Technology, Aurangabad",,211329310,Electrical Engineering,State Level,I-NonS,65516,61.4673542
02113,"G. S. Mandal's Maharashtra Institute of Technology, Aurangabad",,211329310,Electrical Engineering,State Level,VIIS,81040,48.9390238
02113,"G. S. Mandal's Maharashtra Institute of Technology, Aurangabad",,211350110,Plastic and Polymer Engineering,State Level,GOPENS,118662,6.973842
02113,"G. S. Mandal's Maharashtra Institute of Technology, Aurangabad",,211350110,Plastic and Polymer Engineering,State Level,EWS,121531,2.1470211
02113,"G. S. Mandal's Maharashtra Institute of Technology, Aurangabad",,211361210,Mechanical Engineering,State Level,"Legends:Start Character G-General, L-Ladies, End Character H-Home University, O-Other than Home University, S-State LevelS",83307,46.941483
02113,"G. S. Mandal's Maharashtra Institute of Technology, Aurangabad",,211361210,Mechanical Engineering,State Level,Maharashtra State Seats - Cut Off Indicates State General Merit No. ; Figures in bracket Indicates MHT-CET PCM PercentileS,118613,7.0709457
02113,"G. S. Mandal's Maharashtra Institute of Technology, Aurangabad",,211361210,Mechanical Engineering,State Level,DS,100157,30.5619889
02113,"G. S. Mandal's Maharashtra Institute of Technology, Aurangabad",,211361210,Mechanical Engineering,State Level,State Common Entrance Test CellS,121312,2.5896414
02113,"G. S. Mandal's Maharashtra Institute of Technology, Aurangabad",,211361210,Mechanical Engineering,State Level,Cut Off List for Maharashtra & Minority Seats of CAP Round - III for the Admission to the First Year Under Graduate Technical Courses in Engineering and Technology (4 Years) &S,113910,14.2210761
02113,"G. S. Mandal's Maharashtra Institute of Technology, Aurangabad",,211361210,Mechanical Engineering,State Level,Master of Engineering and Technology (Integrated 5 Years) Admissions A.Y. 2022-23S,95457,35.6983743
02113,"G. S. Mandal's Maharashtra Institute of Technology, Aurangabad",,211361210,Mechanical Engineering,State Level,GOPENS,113810,14.2210761
02113,"G. S. Mandal's Maharashtra Institute of Technology, Aurangabad",,211361210,Mechanical Engineering,State Level,GSCS,72765,55.8902921
02113,"G. S. Mandal's Maharashtra Institute of Technology, Aurangabad",,211361210,Mechanical Engineering,State Level,GNT1S,119146,6.3771146
02113,"G. S. Mandal's Maharashtra Institute of Technology, Aurangabad",,211361210,Mechanical Engineering,State Level,I-NonS,81855,48.2601391
02113,"G. S. Mandal's Maharashtra Institute of Technology, Aurangabad",,211361210,Mechanical Engineering,State Level,I-NonS,85205,45.2718114
02113,"G. S. Mandal's Maharashtra Institute of Technology, Aurangabad",,211361210,Mechanical Engineering,State Level,VIIS,89238,42.0206383
02113,"G. S. Mandal's Maharashtra Institute of Technology, Aurangabad",,211384410,Electronics and Computer Engineering,State Level,GOPENS,39239,78.3504176
02113,"G. S. Mandal's Maharashtra Institute of Technology, Aurangabad",,211384410,Electronics and Computer Engineering,State Level,PWDOPENS,93680,37.5478565
02113,"G. S. Mandal's Maharashtra Institute of Technology, Aurangabad",,211384410,Electronics and Computer Engineering,State Level,I-NonS,40493,77.9458986
02113,"G. S. Mandal's Maharashtra Institute of Technology, Aurangabad",,211399510,Artificial Intelligence and Data Science,State Level,GOPENS,43788,75.67388
02113,"G. S. Mandal's Maharashtra Institute of Technology, Aurangabad",,211399510,Artificial Intelligence and Data Science,State Level,LOPENS,43584,75.7886771
02113,"G. S. Mandal's Maharashtra Institute of Technology, Aurangabad",,211399510,Artificial Intelligence and Data Science,State Level,LSTS,25668,86.2044419
02113,"G. S. Mandal's Maharashtra Institute of Technology, Aurangabad",,211399510,Artificial Intelligence and Data Science,State Level,I-NonS,34487,81.4005843
02113,"G. S. Mandal's Maharashtra Institute of Technology, Aurangabad",,211399510,Artificial Intelligence and Data Science,State Level,VIIS,43650,75.67388
02114,"Deogiri Institute of Engineering and Management Studies, Aurangabad",,211419110,Civil Engineering,State Level,"Legends:Start Character G-General, L-Ladies, End Character H-Home University, O-Other than Home University, S-State LevelS",55276,68.5714285
02114,"Deogiri Institute of Engineering and Management Studies, Aurangabad",,211419110,Civil Engineering,State Level,Maharashtra State Seats - Cut Off Indicates State General Merit No. ; Figures in bracket Indicates MHT-CET PCM PercentileS,86663,44.6471616
02114,"Deogiri Institute of Engineering and Management Studies, Aurangabad",,211419110,Civil Engineering,State Level,VIIS,103246,26.9007793
02114,"Deogiri Institute of Engineering and Management Studies, Aurangabad",,211437210,Electronics and Telecommunication Engg,State Level,"Legends:Start Character G-General, L-Ladies, End Character H-Home University, O-Other than Home University, S-State LevelS",79692,50.5614783
02114,"Deogiri Institute of Engineering and Management Studies, Aurangabad",,211437210,Electronics and Telecommunication Engg,State Level,Maharashtra State Seats - Cut Off Indicates State General Merit No. ; Figures in bracket Indicates MHT-CET PCM PercentileS,42636,76.5571858
02114,"Deogiri Institute of Engineering and Management Studies, Aurangabad",,211437210,Electronics and Telecommunication Engg,State Level,DS,48238,72.8974176
02114,"Deogiri Institute of Engineering and Management Studies, Aurangabad",,211461210,Mechanical Engineering,State Level,"Legends:Start Character G-General, L-Ladies, End Character H-Home University, O-Other than Home University, S-State LevelS",71213,57.0638559
02114,"Deogiri Institute of Engineering and Management Studies, Aurangabad",,211461210,Mechanical Engineering,State Level,Maharashtra State Seats - Cut Off Indicates State General Merit No. ; Figures in bracket Indicates MHT-CET PCM PercentileS,84764,45.9187639
02114,"Deogiri Institute of Engineering and Management Studies, Aurangabad",,211461210,Mechanical Engineering,State Level,VIIS,87655,43.0138429
02116,"Matoshri Pratishan's Group of Institutions (Integrated Campus), Kupsarwadi , Nanded",,211624210,Computer Science and Engineering,State Level,TFWS,65901,61.2621174
02116,"Matoshri Pratishan's Group of Institutions (Integrated Campus), Kupsarwadi , Nanded",,211624210,Computer Science and Engineering,State Level,EWS,63724,62.3954246
02116,"Matoshri Pratishan's Group of Institutions (Integrated Campus), Kupsarwadi , Nanded",,211629710,Electrical and Electronics Engineering,State Level,EWS,97441,33.083064
02116,"Matoshri Pratishan's Group of Institutions (Integrated Campus), Kupsarwadi , Nanded",,211691110,Computer Science and Engineering(Artificial Intelligence and Machine Learning),State Level,"Legends:Start Character G-General, L-Ladies, End Character H-Home University, O-Other than Home University, S-State LevelS",76353,52.8246408
02116,"Matoshri Pratishan's Group of Institutions (Integrated Campus), Kupsarwadi , Nanded",,211691110,Computer Science and Engineering(Artificial Intelligence and Machine Learning),State Level,Maharashtra State Seats - Cut Off Indicates State General Merit No. ; Figures in bracket Indicates MHT-CET PCM PercentileS,75401,53.926243
02116,"Matoshri Pratishan's Group of Institutions (Integrated Campus), Kupsarwadi , Nanded",,211691110,Computer Science and Engineering(Artificial Intelligence and Machine Learning),State Level,I-NonS,88293,42.7946749
02127,"Mahatma Gandhi Missions College of Engineering, Hingoli Rd, Nanded.",,212719110,Civil Engineering,State Level,"Legends:Start Character G-General, L-Ladies, End Character H-Home University, O-Other than Home University, S-State LevelS",106981,22.9132251
02127,"Mahatma Gandhi Missions College of Engineering, Hingoli Rd, Nanded.",,212719110,Civil Engineering,State Level,I-NonS,114074,13.7713294
02127,"Mahatma Gandhi Missions College of Engineering, Hingoli Rd, Nanded.",,212724610,Information Technology,State Level,"Legends:Start Character G-General, L-Ladies, End Character H-Home University, O-Other than Home University, S-State LevelS",43810,75.6487214
02127,"Mahatma Gandhi Missions College of Engineering, Hingoli Rd, Nanded.",,212761210,Mechanical Engineering,State Level,"Legends:Start Character G-General, L-Ladies, End Character H-Home University, O-Other than Home University, S-State LevelS",91340,39.4227966
02129,"M.S. Bidve Engineering College, Latur",,212919110,Civil Engineering,State Level,"Legends:Start Character G-General, L-Ladies, End Character H-Home University, O-Other than Home University, S-State LevelS",91913,39.3128682
02129,"M.S. Bidve Engineering College, Latur",,212924610,Information Technology,State Level,EWS,25185,86.402198
02129,"M.S. Bidve Engineering College, Latur",,212929810,Electrical Engg [Electrical and Power],State Level,"Legends:Start Character G-General, L-Ladies, End Character H-Home University, O-Other than Home University, S-State LevelS",112041,16.5815096
02129,"M.S. Bidve Engineering College, Latur",,212961210,Mechanical Engineering,State Level,EWS,113126,14.9912318
02130,"Terna Public Charitable Trust's College of Engineering, Osmanabad",,213024210,Computer Science and Engineering,State Level,"Legends:Start Character G-General, L-Ladies, End Character H-Home University, O-Other than Home University, S-State LevelS",45627,74.5211181
02130,"Terna Public Charitable Trust's College of Engineering, Osmanabad",,213037210,Electronics and Telecommunication Engg,State Level,"Legends:Start Character G-General, L-Ladies, End Character H-Home University, O-Other than Home University, S-State LevelS",76063,53.7302794
02130,"Terna Public Charitable Trust's College of Engineering, Osmanabad",,213037210,Electronics and Telecommunication Engg,State Level,I-NonS,90310,41.1873138
02130,"Terna Public Charitable Trust's College of Engineering, Osmanabad",,213099510,Artificial Intelligence and Data Science,State Level,ORPHAN,69805,57.9292585
02131,"Shree Tuljabhavani College of Engineering, Tuljapur",,213119110,Civil Engineering,State Level,"Legends:Start Character G-General, L-Ladies, End Character H-Home University, O-Other than Home University, S-State LevelS",119889,5.2450064
02131,"Shree Tuljabhavani College of Engineering, Tuljapur",,213124210,Computer Science and Engineering,State Level,DEFOPENS,47967,72.9031949
02131,"Shree Tuljabhavani College of Engineering, Tuljapur",,213124210,Computer Science and Engineering,State Level,I-NonS,49580,72.4718017
02131,"Shree Tuljabhavani College of Engineering, Tuljapur",,213137210,Electronics and Telecommunication Engg,State Level,"Legends:Start Character G-General, L-Ladies, End Character H-Home University, O-Other than Home University, S-State LevelS",57861,66.8137813
02131,"Shree Tuljabhavani College of Engineering, Tuljapur",,213137210,Electronics and Telecommunication Engg,State Level,I-NonS,79801,50.5614783
02131,"Shree Tuljabhavani College of Engineering, Tuljapur",,213161210,Mechanical Engineering,State Level,EWS,113338,14.7866072
02133,"Mahatma Basaweshwar Education Society's College of Engineering, Ambejogai",,213384410,Electronics and Computer Engineering,State Level,"Legends:Start Character G-General, L-Ladies, End Character H-Home University, O-Other than Home University, S-State LevelS",81767,48.2601391
02134,"Peoples Education Society's College of Engineering, Aurangabad",,213419110,Civil Engineering,State Level,"Legends:Start Character G-General, L-Ladies, End Character H-Home University, O-Other than Home University, S-State LevelS",118884,6.7586339
02134,"Peoples Education Society's College of Engineering, Aurangabad",,213424210,Computer Science and Engineering,State Level,"Legends:Start Character G-General, L-Ladies, End Character H-Home University, O-Other than Home University, S-State LevelS",48977,72.6414198
02134,"Peoples Education Society's College of Engineering, Aurangabad",,213429310,Electrical Engineering,State Level,"Legends:Start Character G-General, L-Ladies, End Character H-Home University, O-Other than Home University, S-State LevelS",98324,32.3435843
02134,"Peoples Education Society's College of Engineering, Aurangabad",,213461510,Mechanical & Automation Engineering,State Level,"Legends:Start Character G-General, L-Ladies, End Character H-Home University, O-Other than Home University, S-State LevelS",114772,12.7559948
02134,"Peoples Education Society's College of Engineering, Aurangabad",,213491210,Computer Science and Engineering(Data Science),State Level,TFWS,67128,60.0860804
02134,"Peoples Education Society's College of Engineering, Aurangabad",,213491210,Computer Science and Engineering(Data Science),State Level,EWS,67498,59.7201871
02135,"Hi-Tech Institute of Technology, Aurangabad",,213519110,Civil Engineering,State Level,"Legends:Start Character G-General, L-Ladies, End Character H-Home University, O-Other than Home University, S-State LevelS",63010,63.088298
02135,"Hi-Tech Institute of Technology, Aurangabad",,213519110,Civil Engineering,State Level,Maharashtra State Seats - Cut Off Indicates State General Merit No. ; Figures in bracket Indicates MHT-CET PCM PercentileS,115507,12.099832
02135,"Hi-Tech Institute of Technology, Aurangabad",,213524210,Computer Science and Engineering,State Level,"Legends:Start Character G-General, L-Ladies, End Character H-Home University, O-Other than Home University, S-State LevelS",50691,71.4470469
02135,"Hi-Tech Institute of Technology, Aurangabad",,213524210,Computer Science and Engineering,State Level,Maharashtra State Seats - Cut Off Indicates State General Merit No. ; Figures in bracket Indicates MHT-CET PCM PercentileS,71085,57.2112851
02135,"Hi-Tech Institute of Technology, Aurangabad",,213524210,Computer Science and Engineering,State Level,VIIS,66327,60.7344231
02135,"Hi-Tech Institute of Technology, Aurangabad",,213561210,Mechanical Engineering,State Level,"Legends:Start Character G-General, L-Ladies, End Character H-Home University, O-Other than Home University, S-State LevelS",105517,24.8766135
02135,"Hi-Tech Institute of Technology, Aurangabad",,213561210,Mechanical Engineering,State Level,Maharashtra State Seats - Cut Off Indicates State General Merit No. ; Figures in bracket Indicates MHT-CET PCM PercentileS,103740,26.3140433
02135,"Hi-Tech Institute of Technology, Aurangabad",,213561210,Mechanical Engineering,State Level,I-NonS,118994,6.6563016
02135,"Hi-Tech Institute of Technology, Aurangabad",,213591110,Computer Science and Engineering(Artificial Intelligence and Machine Learning),State Level,"Legends:Start Character G-General, L-Ladies, End Character H-Home University, O-Other than Home University, S-State LevelS",57411,67.1125395
02135,"Hi-Tech Institute of Technology, Aurangabad",,213591110,Computer Science and Engineering(Artificial Intelligence and Machine Learning),State Level,Maharashtra State Seats - Cut Off Indicates State General Merit No. ; Figures in bracket Indicates MHT-CET PCM PercentileS,68447,59.4192464
02136,"Aditya Engineering College , Beed",,213624210,Computer Science and Engineering,State Level,"Legends:Start Character G-General, L-Ladies, End Character H-Home University, O-Other than Home University, S-State LevelS",98277,32.3435843
02136,"Aditya Engineering College , Beed",,213624210,Computer Science and Engineering,State Level,I-NonS,98479,32.3435843
02136,"Aditya Engineering College , Beed",,213624210,Computer Science and Engineering,State Level,VIIS,94306,36.1594098
02136,"Aditya Engineering College , Beed",,213624610,Information Technology,State Level,"Legends:Start Character G-General, L-Ladies, End Character H-Home University, O-Other than Home University, S-State LevelS",73697,54.912555
02136,"Aditya Engineering College , Beed",,213624610,Information Technology,State Level,I-NonS,96020,35.3945703
02136,"Aditya Engineering College , Beed",,213637210,Electronics and Telecommunication Engg,State Level,"Legends:Start Character G-General, L-Ladies, End Character H-Home University, O-Other than Home University, S-State LevelS",89040,42.0206383
02136,"Aditya Engineering College , Beed",,213661210,Mechanical Engineering,State Level,EWS,55140,68.5714285
02136,"Aditya Engineering College , Beed",,213691210,Computer Science and Engineering(Data Science),State Level,"Legends:Start Character G-General, L-Ladies, End Character H-Home University, O-Other than Home University, S-State LevelS",107494,22.2500723
02136,"Aditya Engineering College , Beed",,213692110,Artificial Intelligence and Machine Learning,State Level,TFWS,117962,8.2596443
02137,"Nagnathappa Halge Engineering  College, Parli, Beed",,213724210,Computer Science and Engineering,State Level,"Legends:Start Character G-General, L-Ladies, End Character H-Home University, O-Other than Home University, S-State LevelS",105501,24.8766135
02138,"Matsyodari Shikshan Sansatha's College of Engineering and Technology, Jalna",,213819110,Civil Engineering,State Level,EWS,91134,39.5925136
02138,"Matsyodari Shikshan Sansatha's College of Engineering and Technology, Jalna",,213824210,Computer Science and Engineering,State Level,"Legends:Start Character G-General, L-Ladies, End Character H-Home University, O-Other than Home University, S-State LevelS",44480,75.4846987
02138,"Matsyodari Shikshan Sansatha's College of Engineering and Technology, Jalna",,213824210,Computer Science and Engineering,State Level,I-NonS,72490,56.3628587
02138,"Matsyodari Shikshan Sansatha's College of Engineering and Technology, Jalna",,213829310,Electrical Engineering,State Level,"Legends:Start Character G-General, L-Ladies, End Character H-Home University, O-Other than Home University, S-State LevelS",88542,42.5186027
02138,"Matsyodari Shikshan Sansatha's College of Engineering and Technology, Jalna",,213829310,Electrical Engineering,State Level,I-NonS,99929,31.5015186
02138,"Matsyodari Shikshan Sansatha's College of Engineering and Technology, Jalna",,213861210,Mechanical Engineering,State Level,"Legends:Start Character G-General, L-Ladies, End Character H-Home University, O-Other than Home University, S-State LevelS",97979,32.5908894
02250,"Aurangabad College of Engineering,  Naygaon Savangi, Aurangabad",,225024210,Computer Science and Engineering,State Level,"Legends:Start Character G-General, L-Ladies, End Character H-Home University, O-Other than Home University, S-State LevelS",59853,65.2657662
02250,"Aurangabad College of Engineering,  Naygaon Savangi, Aurangabad",,225029310,Electrical Engineering,State Level,EWS,98257,32.4992712
02250,"Aurangabad College of Engineering,  Naygaon Savangi, Aurangabad",,225037210,Electronics and Telecommunication Engg,State Level,"Legends:Start Character G-General, L-Ladies, End Character H-Home University, O-Other than Home University, S-State LevelS",79736,50.5614783
02252,"Marathwada Shikshan Prasarak Mandal's Shri Shivaji Institute of Engineering and Management Studies, Parbhani",,225229710,Electrical and Electronics Engineering,State Level,"Legends:Start Character G-General, L-Ladies, End Character H-Home University, O-Other than Home University, S-State LevelS",111085,17.5316365
02252,"Marathwada Shikshan Prasarak Mandal's Shri Shivaji Institute of Engineering and Management Studies, Parbhani",,225261210,Mechanical Engineering,State Level,EWS,74433,54.1780657
02254,"Vilasrao Deshmukh Foundation Group of Institutions, Latur",,225424510,Computer Engineering,State Level,"Legends:Start Character G-General, L-Ladies, End Character H-Home University, O-Other than Home University, S-State LevelS",71439,56.8099848
02254,"Vilasrao Deshmukh Foundation Group of Institutions, Latur",,225429310,Electrical Engineering,State Level,EWS,111969,16.5815096
02254,"Vilasrao Deshmukh Foundation Group of Institutions, Latur",,225437210,Electronics and Telecommunication Engg,State Level,"Legends:Start Character G-General, L-Ladies, End Character H-Home University, O-Other than Home University, S-State LevelS",73316,55.2181517
02254,"Vilasrao Deshmukh Foundation Group of Institutions, Latur",,225437210,Electronics and Telecommunication Engg,State Level,I-NonS,108401,21.2317049
02508,GRAMIN TECHNICAL AND MANAGEMENT CAMPUS NANDED.,,250824510,Computer Engineering,State Level,"Legends:Start Character G-General, L-Ladies, End Character H-Home University, O-Other than Home University, S-State LevelS",53488,69.6045087
02508,GRAMIN TECHNICAL AND MANAGEMENT CAMPUS NANDED.,,250861210,Mechanical Engineering,State Level,"Legends:Start Character G-General, L-Ladies, End Character H-Home University, O-Other than Home University, S-State LevelS",120307,4.3340532
02516,International Centre Of Excellence In Engineering  and Management (ICEEM),,251624210,Computer Science and Engineering,State Level,DEFOPENS,73778,54.912555
02516,International Centre Of Excellence In Engineering  and Management (ICEEM),,251624210,Computer Science and Engineering,State Level,I-NonS,69223,58.8113371
02522,"STMEI's Sandipani Technical Campus-Faculty of Engineering, Latur.",,252224510,Computer Engineering,State Level,"Legends:Start Character G-General, L-Ladies, End Character H-Home University, O-Other than Home University, S-State LevelS",73042,55.257059
02522,"STMEI's Sandipani Technical Campus-Faculty of Engineering, Latur.",,252237210,Electronics and Telecommunication Engg,State Level,"Legends:Start Character G-General, L-Ladies, End Character H-Home University, O-Other than Home University, S-State LevelS",96505,34.6668564
02533,"CSMSS Chh. Shahu College of Engineering, Aurangabad",,253319110,Civil Engineering,State Level,"Legends:Start Character G-General, L-Ladies, End Character H-Home University, O-Other than Home University, S-State LevelS",63667,62.3954246
02533,"CSMSS Chh. Shahu College of Engineering, Aurangabad",,253319110,Civil Engineering,State Level,I-NonS,93659,37.5478565
02533,"CSMSS Chh. Shahu College of Engineering, Aurangabad",,253319110,Civil Engineering,State Level,VIIS,107186,22.4871071
02533,"CSMSS Chh. Shahu College of Engineering, Aurangabad",,253324210,Computer Science and Engineering,State Level,"Legends:Start Character G-General, L-Ladies, End Character H-Home University, O-Other than Home University, S-State LevelS",111153,17.5316365
02533,"CSMSS Chh. Shahu College of Engineering, Aurangabad",,253324210,Computer Science and Engineering,State Level,Maharashtra State Seats - Cut Off Indicates State General Merit No. ; Figures in bracket Indicates MHT-CET PCM PercentileS,20970,88.7433193
02533,"CSMSS Chh. Shahu College of Engineering, Aurangabad",,253361210,Mechanical Engineering,State Level,EWS,88521,42.5186027
02533,"CSMSS Chh. Shahu College of Engineering, Aurangabad",,253384410,Electronics and Computer Engineering,State Level,"Legends:Start Character G-General, L-Ladies, End Character H-Home University, O-Other than Home University, S-State LevelS",46919,74.1161376
03012,"Veermata Jijabai Technological Institute(VJTI), Matunga, Mumbai",,301219110,Civil Engineering,State Level,GOPENS,4991,97.2106063
03012,"Veermata Jijabai Technological Institute(VJTI), Matunga, Mumbai",,301219110,Civil Engineering,State Level,LOPENS,7859,95.7059576
03012,"Veermata Jijabai Technological Institute(VJTI), Matunga, Mumbai",,301219110,Civil Engineering,State Level,LSCS,26955,85.5965895
03012,"Veermata Jijabai Technological Institute(VJTI), Matunga, Mumbai",,301219110,Civil Engineering,State Level,ORPHAN,12604,93.1714502
03012,"Veermata Jijabai Technological Institute(VJTI), Matunga, Mumbai",,301219110,Civil Engineering,State Level,VIIS,5405,96.9477226
03012,"Veermata Jijabai Technological Institute(VJTI), Matunga, Mumbai",,301224510,Computer Engineering,State Level,GOPENS,229,99.8176145
03012,"Veermata Jijabai Technological Institute(VJTI), Matunga, Mumbai",,301224510,Computer Engineering,State Level,GOBCS,564,99.5918763
03012,"Veermata Jijabai Technological Institute(VJTI), Matunga, Mumbai",,301224510,Computer Engineering,State Level,LOPENS,199,99.8298435
03012,"Veermata Jijabai Technological Institute(VJTI), Matunga, Mumbai",,301224510,Computer Engineering,State Level,LSCS,4503,97.4595952
03012,"Veermata Jijabai Technological Institute(VJTI), Matunga, Mumbai",,301224510,Computer Engineering,State Level,TFWS,189,99.843394
03012,"Veermata Jijabai Technological Institute(VJTI), Matunga, Mumbai",,301224510,Computer Engineering,State Level,PWDROBCS,20517,88.9823699
03012,"Veermata Jijabai Technological Institute(VJTI), Matunga, Mumbai",,301224610,Information Technology,State Level,GOPENS,415,99.6872778
03012,"Veermata Jijabai Technological Institute(VJTI), Matunga, Mumbai",,301224610,Information Technology,State Level,GOBCS,595,99.5735607
03012,"Veermata Jijabai Technological Institute(VJTI), Matunga, Mumbai",,301224610,Information Technology,State Level,LOPENS,687,99.5200383
03012,"Veermata Jijabai Technological Institute(VJTI), Matunga, Mumbai",,301224610,Information Technology,State Level,TFWS,428,99.6837598
03012,"Veermata Jijabai Technological Institute(VJTI), Matunga, Mumbai",,301224610,Information Technology,State Level,EWS,634,99.5506787
03012,"Veermata Jijabai Technological Institute(VJTI), Matunga, Mumbai",,301229310,Electrical Engineering,State Level,GOPENS,2640,98.4461129
03012,"Veermata Jijabai Technological Institute(VJTI), Matunga, Mumbai",,301229310,Electrical Engineering,State Level,GSCS,11168,93.9573805
03012,"Veermata Jijabai Technological Institute(VJTI), Matunga, Mumbai",,301229310,Electrical Engineering,State Level,GOBCS,3401,98.0374453
03012,"Veermata Jijabai Technological Institute(VJTI), Matunga, Mumbai",,301229310,Electrical Engineering,State Level,LOPENS,2453,98.543253
03012,"Veermata Jijabai Technological Institute(VJTI), Matunga, Mumbai",,301229310,Electrical Engineering,State Level,LOBCS,7215,96.0282477
03012,"Veermata Jijabai Technological Institute(VJTI), Matunga, Mumbai",,301229310,Electrical Engineering,State Level,TFWS,3746,97.8550081
03012,"Veermata Jijabai Technological Institute(VJTI), Matunga, Mumbai",,301229310,Electrical Engineering,State Level,VIIS,2642,98.4461129
03012,"Veermata Jijabai Technological Institute(VJTI), Matunga, Mumbai",,301237210,Electronics and Telecommunication Engg,State Level,"Legends:Start Character G-General, L-Ladies, End Character H-Home University, O-Other than Home University, S-State LevelS",991,99.344087
03012,"Veermata Jijabai Technological Institute(VJTI), Matunga, Mumbai",,301237210,Electronics and Telecommunication Engg,State Level,Maharashtra State Seats - Cut Off Indicates State General Merit No. ; Figures in bracket Indicates MHT-CET PCM PercentileS,1481,99.0665719
03012,"Veermata Jijabai Technological Institute(VJTI), Matunga, Mumbai",,301237210,Electronics and Telecommunication Engg,State Level,DS,981,99.352924
03012,"Veermata Jijabai Technological Institute(VJTI), Matunga, Mumbai",,301237210,Electronics and Telecommunication Engg,State Level,State Common Entrance Test CellS,1286,99.1705768
03012,"Veermata Jijabai Technological Institute(VJTI), Matunga, Mumbai",,301237210,Electronics and Telecommunication Engg,State Level,Cut Off List for Maharashtra & Minority Seats of CAP Round - III for the Admission to the First Year Under Graduate Technical Courses in Engineering and Technology (4 Years) &S,1819,98.8817121
03012,"Veermata Jijabai Technological Institute(VJTI), Matunga, Mumbai",,301237210,Electronics and Telecommunication Engg,State Level,VIIS,1021,99.3261199
03012,"Veermata Jijabai Technological Institute(VJTI), Matunga, Mumbai",,301237610,Electronics Engineering,State Level,GOPENS,1089,99.2843262
03012,"Veermata Jijabai Technological Institute(VJTI), Matunga, Mumbai",,301237610,Electronics Engineering,State Level,GSCS,9599,94.7358445
03012,"Veermata Jijabai Technological Institute(VJTI), Matunga, Mumbai",,301237610,Electronics Engineering,State Level,GOBCS,2330,98.6033117
03012,"Veermata Jijabai Technological Institute(VJTI), Matunga, Mumbai",,301237610,Electronics Engineering,State Level,LOPENS,1512,99.0640748
03012,"Veermata Jijabai Technological Institute(VJTI), Matunga, Mumbai",,301237610,Electronics Engineering,State Level,LOBCS,5979,96.6535898
03012,"Veermata Jijabai Technological Institute(VJTI), Matunga, Mumbai",,301237610,Electronics Engineering,State Level,TFWS,1531,99.0398713
03012,"Veermata Jijabai Technological Institute(VJTI), Matunga, Mumbai",,301237610,Electronics Engineering,State Level,EWS,3347,98.0516956
03012,"Veermata Jijabai Technological Institute(VJTI), Matunga, Mumbai",,301261210,Mechanical Engineering,State Level,GOPENS,2813,98.341849
03012,"Veermata Jijabai Technological Institute(VJTI), Matunga, Mumbai",,301261210,Mechanical Engineering,State Level,GOBCS,5243,97.0533982
03012,"Veermata Jijabai Technological Institute(VJTI), Matunga, Mumbai",,301261210,Mechanical Engineering,State Level,LNT1S,43373,75.8471965
03012,"Veermata Jijabai Technological Institute(VJTI), Matunga, Mumbai",,301261210,Mechanical Engineering,State Level,TFWS,2408,98.5583967
03012,"Veermata Jijabai Technological Institute(VJTI), Matunga, Mumbai",,301261210,Mechanical Engineering,State Level,VIIS,2821,98.341849
03012,"Veermata Jijabai Technological Institute(VJTI), Matunga, Mumbai",,301262610,Production Engineering[Sandwich],State Level,GOPENS,11173,93.9573805
03012,"Veermata Jijabai Technological Institute(VJTI), Matunga, Mumbai",,301262610,Production Engineering[Sandwich],State Level,GSCS,18486,90.0081429
03012,"Veermata Jijabai Technological Institute(VJTI), Matunga, Mumbai",,301262610,Production Engineering[Sandwich],State Level,GSTS,12673,93.1647267
03012,"Veermata Jijabai Technological Institute(VJTI), Matunga, Mumbai",,301262610,Production Engineering[Sandwich],State Level,GOBCS,48924,72.7060426
03012,"Veermata Jijabai Technological Institute(VJTI), Matunga, Mumbai",,301262610,Production Engineering[Sandwich],State Level,LVJS,7404,95.9333398
03012,"Veermata Jijabai Technological Institute(VJTI), Matunga, Mumbai",,301262610,Production Engineering[Sandwich],State Level,I-NonS,13053,92.9348086
03012,"Veermata Jijabai Technological Institute(VJTI), Matunga, Mumbai",,301262610,Production Engineering[Sandwich],State Level,VIIS,11726,93.6474925
03012,"Veermata Jijabai Technological Institute(VJTI), Matunga, Mumbai",,301289610,Textile Technology,State Level,"Legends:Start Character G-General, L-Ladies, End Character H-Home University, O-Other than Home University, S-State LevelS",21932,88.1677532
03012,"Veermata Jijabai Technological Institute(VJTI), Matunga, Mumbai",,301289610,Textile Technology,State Level,Maharashtra State Seats - Cut Off Indicates State General Merit No. ; Figures in bracket Indicates MHT-CET PCM PercentileS,25332,86.3666603
03012,"Veermata Jijabai Technological Institute(VJTI), Matunga, Mumbai",,301289610,Textile Technology,State Level,DS,33155,81.9995261
03012,"Veermata Jijabai Technological Institute(VJTI), Matunga, Mumbai",,301289610,Textile Technology,State Level,State Common Entrance Test CellS,16876,90.9190268
03012,"Veermata Jijabai Technological Institute(VJTI), Matunga, Mumbai",,301289610,Textile Technology,State Level,Cut Off List for Maharashtra & Minority Seats of CAP Round - III for the Admission to the First Year Under Graduate Technical Courses in Engineering and Technology (4 Years) &S,80102,49.556541
03012,"Veermata Jijabai Technological Institute(VJTI), Matunga, Mumbai",,301289610,Textile Technology,State Level,Master of Engineering and Technology (Integrated 5 Years) Admissions A.Y. 2022-23S,45386,74.745321
03012,"Veermata Jijabai Technological Institute(VJTI), Matunga, Mumbai",,301289610,Textile Technology,State Level,GOPENS,23959,87.0728364
03012,"Veermata Jijabai Technological Institute(VJTI), Matunga, Mumbai",,301289610,Textile Technology,State Level,GSCS,12821,93.1221502
03012,"Veermata Jijabai Technological Institute(VJTI), Matunga, Mumbai",,301289610,Textile Technology,State Level,GSTS,29310,84.1506751
03012,"Veermata Jijabai Technological Institute(VJTI), Matunga, Mumbai",,301289610,Textile Technology,State Level,I-NonS,22363,87.985064
03012,"Veermata Jijabai Technological Institute(VJTI), Matunga, Mumbai",,301289610,Textile Technology,State Level,I-NonS,27139,85.4043578
03012,"Veermata Jijabai Technological Institute(VJTI), Matunga, Mumbai",,301289610,Textile Technology,State Level,VIIS,23945,87.0728364
03014,"Sardar Patel College of Engineering, Andheri",,301419110,Civil Engineering,State Level,"Legends:Start Character G-General, L-Ladies, End Character H-Home University, O-Other than Home University, S-State LevelS",10070,94.5114997
03014,"Sardar Patel College of Engineering, Andheri",,301419110,Civil Engineering,State Level,Maharashtra State Seats - Cut Off Indicates State General Merit No. ; Figures in bracket Indicates MHT-CET PCM PercentileS,27784,84.9850573
03014,"Sardar Patel College of Engineering, Andheri",,301419110,Civil Engineering,State Level,DS,25744,86.1713847
03014,"Sardar Patel College of Engineering, Andheri",,301419110,Civil Engineering,State Level,State Common Entrance Test CellS,21540,88.4671878
03014,"Sardar Patel College of Engineering, Andheri",,301419110,Civil Engineering,State Level,I-NonS,11904,93.5655058
03014,"Sardar Patel College of Engineering, Andheri",,301419110,Civil Engineering,State Level,VIIS,12045,93.4748809
03014,"Sardar Patel College of Engineering, Andheri",,301429310,Electrical Engineering,State Level,GOPENS,6883,96.1919816
03014,"Sardar Patel College of Engineering, Andheri",,301429310,Electrical Engineering,State Level,GNT2S,8146,95.5219582
03014,"Sardar Patel College of Engineering, Andheri",,301429310,Electrical Engineering,State Level,GOBCS,9820,94.6506656
03014,"Sardar Patel College of Engineering, Andheri",,301429310,Electrical Engineering,State Level,LSCS,23972,87.0728364
03014,"Sardar Patel College of Engineering, Andheri",,301429310,Electrical Engineering,State Level,LNT1S,55660,68.3772406
03014,"Sardar Patel College of Engineering, Andheri",,301429310,Electrical Engineering,State Level,TFWS,6105,96.6113949
03014,"Sardar Patel College of Engineering, Andheri",,301429310,Electrical Engineering,State Level,DEFROBCS,25496,86.3122546
03014,"Sardar Patel College of Engineering, Andheri",,301429310,Electrical Engineering,State Level,VIIS,6940,96.1736745
03014,"Sardar Patel College of Engineering, Andheri",,301461210,Mechanical Engineering,State Level,GOPENS,6544,96.3500502
03014,"Sardar Patel College of Engineering, Andheri",,301461210,Mechanical Engineering,State Level,GSCS,12096,93.4712841
03014,"Sardar Patel College of Engineering, Andheri",,301461210,Mechanical Engineering,State Level,GVJS,37701,79.4751328
03014,"Sardar Patel College of Engineering, Andheri",,301461210,Mechanical Engineering,State Level,GOBCS,11450,93.774898
03014,"Sardar Patel College of Engineering, Andheri",,301461210,Mechanical Engineering,State Level,LOPENS,10589,94.2383135
03014,"Sardar Patel College of Engineering, Andheri",,301461210,Mechanical Engineering,State Level,LNT2S,75610,53.926243
03014,"Sardar Patel College of Engineering, Andheri",,301461210,Mechanical Engineering,State Level,TFWS,9498,94.8367501
03014,"Sardar Patel College of Engineering, Andheri",,301461210,Mechanical Engineering,State Level,VIIS,6719,96.3024228
03033,"Dr. Babasaheb Ambedkar Technological University, Lonere",,303319110,Civil Engineering,State Level,"Legends:Start Character G-General, L-Ladies, End Character H-Home University, O-Other than Home University, S-State LevelS",97976,32.5908894
03033,"Dr. Babasaheb Ambedkar Technological University, Lonere",,303324510,Computer Engineering,State Level,GOPENS,18529,90.0081429
03033,"Dr. Babasaheb Ambedkar Technological University, Lonere",,303324510,Computer Engineering,State Level,GSCS,32784,82.3797757
03033,"Dr. Babasaheb Ambedkar Technological University, Lonere",,303324510,Computer Engineering,State Level,GNT3S,33098,81.9995261
03033,"Dr. Babasaheb Ambedkar Technological University, Lonere",,303324510,Computer Engineering,State Level,GOBCS,28110,84.8685155
03033,"Dr. Babasaheb Ambedkar Technological University, Lonere",,303324510,Computer Engineering,State Level,LOPENS,29737,84.0382056
03033,"Dr. Babasaheb Ambedkar Technological University, Lonere",,303324510,Computer Engineering,State Level,LSCS,31699,82.8743796
03033,"Dr. Babasaheb Ambedkar Technological University, Lonere",,303324510,Computer Engineering,State Level,LOBCS,34115,81.429386
03033,"Dr. Babasaheb Ambedkar Technological University, Lonere",,303324510,Computer Engineering,State Level,TFWS,22961,87.6060476
03033,"Dr. Babasaheb Ambedkar Technological University, Lonere",,303324510,Computer Engineering,State Level,303324513K - Computer EngineeringS,14712,92.0451859
03033,"Dr. Babasaheb Ambedkar Technological University, Lonere",,303324610,Information Technology,State Level,GOPENS,33716,81.6350139
03033,"Dr. Babasaheb Ambedkar Technological University, Lonere",,303324610,Information Technology,State Level,GSCS,42485,76.5675144
03033,"Dr. Babasaheb Ambedkar Technological University, Lonere",,303324610,Information Technology,State Level,GSTS,34582,81.3782643
03033,"Dr. Babasaheb Ambedkar Technological University, Lonere",,303324610,Information Technology,State Level,GNT2S,46440,74.2012741
03033,"Dr. Babasaheb Ambedkar Technological University, Lonere",,303324610,Information Technology,State Level,GNT3S,36556,80.1068911
03033,"Dr. Babasaheb Ambedkar Technological University, Lonere",,303324610,Information Technology,State Level,GOBCS,36246,80.3744535
03033,"Dr. Babasaheb Ambedkar Technological University, Lonere",,303324610,Information Technology,State Level,LOPENS,55055,68.7024004
03033,"Dr. Babasaheb Ambedkar Technological University, Lonere",,303324610,Information Technology,State Level,LSCS,39334,78.3504176
03033,"Dr. Babasaheb Ambedkar Technological University, Lonere",,303324610,Information Technology,State Level,LOBCS,33346,81.8334533
03033,"Dr. Babasaheb Ambedkar Technological University, Lonere",,303324610,Information Technology,State Level,TFWS,33964,81.5143923
03033,"Dr. Babasaheb Ambedkar Technological University, Lonere",,303324610,Information Technology,State Level,VIIS,34037,81.5143923
03033,"Dr. Babasaheb Ambedkar Technological University, Lonere",,303329310,Electrical Engineering,State Level,"Legends:Start Character G-General, L-Ladies, End Character H-Home University, O-Other than Home University, S-State LevelS",94864,35.978039
03033,"Dr. Babasaheb Ambedkar Technological University, Lonere",,303329310,Electrical Engineering,State Level,Maharashtra State Seats - Cut Off Indicates State General Merit No. ; Figures in bracket Indicates MHT-CET PCM PercentileS,117549,8.6023034
03033,"Dr. Babasaheb Ambedkar Technological University, Lonere",,303329310,Electrical Engineering,State Level,DS,122341,0.6362672
03033,"Dr. Babasaheb Ambedkar Technological University, Lonere",,303329310,Electrical Engineering,State Level,State Common Entrance Test CellS,113396,14.7866072
03033,"Dr. Babasaheb Ambedkar Technological University, Lonere",,303329310,Electrical Engineering,State Level,Cut Off List for Maharashtra & Minority Seats of CAP Round - III for the Admission to the First Year Under Graduate Technical Courses in Engineering and Technology (4 Years) &S,115756,11.3082039
03033,"Dr. Babasaheb Ambedkar Technological University, Lonere",,303329310,Electrical Engineering,State Level,I-NonS,99319,32.1061359
03033,"Dr. Babasaheb Ambedkar Technological University, Lonere",,303329310,Electrical Engineering,State Level,I-NonS,90802,39.6081812
03033,"Dr. Babasaheb Ambedkar Technological University, Lonere",,303329310,Electrical Engineering,State Level,VIIS,117656,8.6023034
03033,"Dr. Babasaheb Ambedkar Technological University, Lonere",,303329310,Electrical Engineering,State Level,303329313K - Electrical EngineeringS,102672,28.1605922
03033,"Dr. Babasaheb Ambedkar Technological University, Lonere",,303337210,Electronics and Telecommunication Engg,State Level,GOPENS,58242,66.4465439
03033,"Dr. Babasaheb Ambedkar Technological University, Lonere",,303337210,Electronics and Telecommunication Engg,State Level,GSCS,67429,59.7201871
03033,"Dr. Babasaheb Ambedkar Technological University, Lonere",,303337210,Electronics and Telecommunication Engg,State Level,GVJS,64909,61.8814494
03033,"Dr. Babasaheb Ambedkar Technological University, Lonere",,303337210,Electronics and Telecommunication Engg,State Level,GOBCS,45546,74.5211181
03033,"Dr. Babasaheb Ambedkar Technological University, Lonere",,303337210,Electronics and Telecommunication Engg,State Level,LOPENS,73531,55.2181517
03033,"Dr. Babasaheb Ambedkar Technological University, Lonere",,303337210,Electronics and Telecommunication Engg,State Level,LSCS,52743,70.2135829
03033,"Dr. Babasaheb Ambedkar Technological University, Lonere",,303337210,Electronics and Telecommunication Engg,State Level,LSTS,36927,79.8656107
03033,"Dr. Babasaheb Ambedkar Technological University, Lonere",,303337210,Electronics and Telecommunication Engg,State Level,I-NonS,58452,66.2395008
03033,"Dr. Babasaheb Ambedkar Technological University, Lonere",,303337210,Electronics and Telecommunication Engg,State Level,VIIS,60338,65.2400587
03033,"Dr. Babasaheb Ambedkar Technological University, Lonere",,303337810,Electronics Engineering ( VLSI Design and Technology),State Level,"Legends:Start Character G-General, L-Ladies, End Character H-Home University, O-Other than Home University, S-State LevelS",117288,9.244495
03033,"Dr. Babasaheb Ambedkar Technological University, Lonere",,303337810,Electronics Engineering ( VLSI Design and Technology),State Level,Maharashtra State Seats - Cut Off Indicates State General Merit No. ; Figures in bracket Indicates MHT-CET PCM PercentileS,89190,42.0206383
03033,"Dr. Babasaheb Ambedkar Technological University, Lonere",,303337810,Electronics Engineering ( VLSI Design and Technology),State Level,DS,121268,2.6528094
03033,"Dr. Babasaheb Ambedkar Technological University, Lonere",,303337810,Electronics Engineering ( VLSI Design and Technology),State Level,I-NonS,80208,49.556541
03033,"Dr. Babasaheb Ambedkar Technological University, Lonere",,303337810,Electronics Engineering ( VLSI Design and Technology),State Level,I-NonS,70277,57.6946774
03033,"Dr. Babasaheb Ambedkar Technological University, Lonere",,303337810,Electronics Engineering ( VLSI Design and Technology),State Level,VIIS,106929,22.9132251
03033,"Dr. Babasaheb Ambedkar Technological University, Lonere",,303350710,Chemical Engineering,State Level,GOPENS,88772,42.3018437
03033,"Dr. Babasaheb Ambedkar Technological University, Lonere",,303350710,Chemical Engineering,State Level,GSCS,105670,23.9925869
03033,"Dr. Babasaheb Ambedkar Technological University, Lonere",,303350710,Chemical Engineering,State Level,GSTS,97604,33.083064
03033,"Dr. Babasaheb Ambedkar Technological University, Lonere",,303350710,Chemical Engineering,State Level,GNT2S,98803,32.2621925
03033,"Dr. Babasaheb Ambedkar Technological University, Lonere",,303350710,Chemical Engineering,State Level,GNT3S,121240,2.7133624
03033,"Dr. Babasaheb Ambedkar Technological University, Lonere",,303350710,Chemical Engineering,State Level,I-NonS,92686,38.6417086
03033,"Dr. Babasaheb Ambedkar Technological University, Lonere",,303350710,Chemical Engineering,State Level,VIIS,114769,12.7559948
03033,"Dr. Babasaheb Ambedkar Technological University, Lonere",,303350710,Chemical Engineering,State Level,303350713K - Chemical EngineeringS,59761,65.5958943
03033,"Dr. Babasaheb Ambedkar Technological University, Lonere",,303352710,Petro Chemical Engineering,State Level,GOPENS,109778,19.2567241
03033,"Dr. Babasaheb Ambedkar Technological University, Lonere",,303361210,Mechanical Engineering,State Level,"Legends:Start Character G-General, L-Ladies, End Character H-Home University, O-Other than Home University, S-State LevelS",64016,62.3799839
03033,"Dr. Babasaheb Ambedkar Technological University, Lonere",,303361210,Mechanical Engineering,State Level,Maharashtra State Seats - Cut Off Indicates State General Merit No. ; Figures in bracket Indicates MHT-CET PCM PercentileS,108212,21.5067519
03033,"Dr. Babasaheb Ambedkar Technological University, Lonere",,303361210,Mechanical Engineering,State Level,DS,60761,64.7353734
03033,"Dr. Babasaheb Ambedkar Technological University, Lonere",,303361210,Mechanical Engineering,State Level,State Common Entrance Test CellS,101372,29.2342823
03033,"Dr. Babasaheb Ambedkar Technological University, Lonere",,303361210,Mechanical Engineering,State Level,Cut Off List for Maharashtra & Minority Seats of CAP Round - III for the Admission to the First Year Under Graduate Technical Courses in Engineering and Technology (4 Years) &S,78138,51.2600953
03035,"Usha Mittal Institute of Technology SNDT  Women's University, Mumbai",,,Mechanical Engineering,State Level,"Legends:Start Character G-General, L-Ladies, End Character H-Home University, O-Other than Home University, S-State LevelS",21594,88.3304859
03035,"Usha Mittal Institute of Technology SNDT  Women's University, Mumbai",,,Mechanical Engineering,State Level,Maharashtra State Seats - Cut Off Indicates State General Merit No. ; Figures in bracket Indicates MHT-CET PCM PercentileS,30396,83.4474115
03035,"Usha Mittal Institute of Technology SNDT  Women's University, Mumbai",,,Mechanical Engineering,State Level,DS,32461,82.4069575
03035,"Usha Mittal Institute of Technology SNDT  Women's University, Mumbai",,,Mechanical Engineering,State Level,State Common Entrance Test CellS,31653,82.8743796
03035,"Usha Mittal Institute of Technology SNDT  Women's University, Mumbai",,,Mechanical Engineering,State Level,Cut Off List for Maharashtra & Minority Seats of CAP Round - III for the Admission to the First Year Under Graduate Technical Courses in Engineering and Technology (4 Years) &S,24421,86.8703589
03035,"Usha Mittal Institute of Technology SNDT  Women's University, Mumbai",,,Mechanical Engineering,State Level,I-NonS,22975,87.6060476
03035,"Usha Mittal Institute of Technology SNDT  Women's University, Mumbai",,,Mechanical Engineering,State Level,VIIS,23272,87.4840478
03035,"Usha Mittal Institute of Technology SNDT  Women's University, Mumbai",,,Mechanical Engineering,State Level,303524650F - Information TechnologyS,27443,85.0880607
03035,"Usha Mittal Institute of Technology SNDT  Women's University, Mumbai",,,Mechanical Engineering,State Level,LOPENS,39954,78.1473584
03035,"Usha Mittal Institute of Technology SNDT  Women's University, Mumbai",,,Mechanical Engineering,State Level,LSCS,32705,82.3877908
03035,"Usha Mittal Institute of Technology SNDT  Women's University, Mumbai",,,Mechanical Engineering,State Level,LOBCS,43884,75.6487214
03035,"Usha Mittal Institute of Technology SNDT  Women's University, Mumbai",,,Mechanical Engineering,State Level,DEFOPENS,65665,61.4673542
03035,"Usha Mittal Institute of Technology SNDT  Women's University, Mumbai",,,Mechanical Engineering,State Level,DEFROBCS,38501,79.1079584
03035,"Usha Mittal Institute of Technology SNDT  Women's University, Mumbai",,,Mechanical Engineering,State Level,VIIS,32067,82.59776
03035,"Usha Mittal Institute of Technology SNDT  Women's University, Mumbai",,,Mechanical Engineering,State Level,303525450F - Computer Science and TechnologyS,33167,81.9995261
03035,"Usha Mittal Institute of Technology SNDT  Women's University, Mumbai",,,Mechanical Engineering,State Level,VIIS,33853,81.6296507
03035,"Usha Mittal Institute of Technology SNDT  Women's University, Mumbai",,,Mechanical Engineering,State Level,303537050F - Electronics and Communication EngineeringS,55562,68.3772406
03035,"Usha Mittal Institute of Technology SNDT  Women's University, Mumbai",,,Mechanical Engineering,State Level,LOPENS,109416,19.8474395
03035,"Usha Mittal Institute of Technology SNDT  Women's University, Mumbai",,,Mechanical Engineering,State Level,LSCS,105892,23.9542468
03035,"Usha Mittal Institute of Technology SNDT  Women's University, Mumbai",,,Mechanical Engineering,State Level,LSTS,78855,51.1072039
03035,"Usha Mittal Institute of Technology SNDT  Women's University, Mumbai",,,Mechanical Engineering,State Level,I-NonS,71158,57.0638559
03035,"Usha Mittal Institute of Technology SNDT  Women's University, Mumbai",,,Mechanical Engineering,State Level,VIIS,68527,59.4192464
03035,"Usha Mittal Institute of Technology SNDT  Women's University, Mumbai",,,Mechanical Engineering,State Level,"Legends:Start Character G-General, L-Ladies, End Character H-Home University, O-Other than Home University, S-State LevelS",37547,79.5309168
03035,"Usha Mittal Institute of Technology SNDT  Women's University, Mumbai",,,Mechanical Engineering,State Level,Maharashtra State Seats - Cut Off Indicates State General Merit No. ; Figures in bracket Indicates MHT-CET PCM PercentileS,75494,53.926243
03035,"Usha Mittal Institute of Technology SNDT  Women's University, Mumbai",,,Mechanical Engineering,State Level,DS,96961,34.1210946
03035,"Usha Mittal Institute of Technology SNDT  Women's University, Mumbai",,,Mechanical Engineering,State Level,State Common Entrance Test CellS,44493,75.4846987
03035,"Usha Mittal Institute of Technology SNDT  Women's University, Mumbai",,,Mechanical Engineering,State Level,VIIS,37775,79.4751328
03036,"Institute of Chemical Technology, Matunga, Mumbai",,303650710,Chemical Engineering,State Level,"Legends:Start Character G-General, L-Ladies, End Character H-Home University, O-Other than Home University, S-State LevelS",1566,99.0223993
03036,"Institute of Chemical Technology, Matunga, Mumbai",,303650710,Chemical Engineering,State Level,Maharashtra State Seats - Cut Off Indicates State General Merit No. ; Figures in bracket Indicates MHT-CET PCM PercentileS,8283,95.4571374
03036,"Institute of Chemical Technology, Matunga, Mumbai",,303650710,Chemical Engineering,State Level,DS,4857,97.2697226
03036,"Institute of Chemical Technology, Matunga, Mumbai",,303650710,Chemical Engineering,State Level,State Common Entrance Test CellS,5162,97.1042658
03036,"Institute of Chemical Technology, Matunga, Mumbai",,303650710,Chemical Engineering,State Level,I-NonS,1785,98.9121695
03036,"Institute of Chemical Technology, Matunga, Mumbai",,303651110,Dyestuff Technology,State Level,GOPENS,13176,92.8629709
03036,"Institute of Chemical Technology, Matunga, Mumbai",,303651110,Dyestuff Technology,State Level,GSTS,30217,83.5863377
03036,"Institute of Chemical Technology, Matunga, Mumbai",,303651110,Dyestuff Technology,State Level,I-NonS,19969,89.2748671
03036,"Institute of Chemical Technology, Matunga, Mumbai",,303651110,Dyestuff Technology,State Level,VIIS,20184,89.0980466
03036,"Institute of Chemical Technology, Matunga, Mumbai",,303651210,"Oil,Oleochemicals and Surfactants Technology",State Level,GOPENS,7721,95.7632883
03036,"Institute of Chemical Technology, Matunga, Mumbai",,303651210,"Oil,Oleochemicals and Surfactants Technology",State Level,I-NonS,8923,95.1190305
03036,"Institute of Chemical Technology, Matunga, Mumbai",,303651310,Pharmaceuticals Chemistry and Technology,State Level,GOPENS,5825,96.7743504
03036,"Institute of Chemical Technology, Matunga, Mumbai",,303651310,Pharmaceuticals Chemistry and Technology,State Level,GNT1S,42019,76.9900203
03036,"Institute of Chemical Technology, Matunga, Mumbai",,303651310,Pharmaceuticals Chemistry and Technology,State Level,EWS,7598,95.8019426
03036,"Institute of Chemical Technology, Matunga, Mumbai",,303651410,Fibres and Textile Processing Technology,State Level,"Legends:Start Character G-General, L-Ladies, End Character H-Home University, O-Other than Home University, S-State LevelS",21324,88.5350016
03036,"Institute of Chemical Technology, Matunga, Mumbai",,303651410,Fibres and Textile Processing Technology,State Level,Maharashtra State Seats - Cut Off Indicates State General Merit No. ; Figures in bracket Indicates MHT-CET PCM PercentileS,33220,81.984042
03036,"Institute of Chemical Technology, Matunga, Mumbai",,303651410,Fibres and Textile Processing Technology,State Level,VIIS,22640,87.8843875
03036,"Institute of Chemical Technology, Matunga, Mumbai",,303651910,Polymer Engineering and Technology,State Level,TFWS,15585,91.586273
03036,"Institute of Chemical Technology, Matunga, Mumbai",,303651910,Polymer Engineering and Technology,State Level,EWS,22066,88.1374722
03036,"Institute of Chemical Technology, Matunga, Mumbai",,303653410,Food Engineering and Technology,State Level,GOPENS,5937,96.6737739
03042,"Government College of Engineering, Ratnagiri",,304229310,Electrical Engineering,State Level,"Legends:Start Character G-General, L-Ladies, End Character H-Home University, O-Other than Home University, S-State LevelS",114604,12.7995462
03042,"Government College of Engineering, Ratnagiri",,304291810,Civil and infrastructure Engineering,State Level,"Legends:Start Character G-General, L-Ladies, End Character H-Home University, O-Other than Home University, S-State LevelS",86785,43.3167495
03042,"Government College of Engineering, Ratnagiri",,304299510,Artificial Intelligence and Data Science,State Level,"Legends:Start Character G-General, L-Ladies, End Character H-Home University, O-Other than Home University, S-State LevelS",54531,69.1685966
03042,"Government College of Engineering, Ratnagiri",,304299510,Artificial Intelligence and Data Science,State Level,Maharashtra State Seats - Cut Off Indicates State General Merit No. ; Figures in bracket Indicates MHT-CET PCM PercentileS,22460,87.9005604
03042,"Government College of Engineering, Ratnagiri",,304299510,Artificial Intelligence and Data Science,State Level,DS,43122,76.2706983
03135,"Manjara Charitable Trust's Rajiv Gandhi Institute of Technology, Mumbai",,313524510,Computer Engineering,State Level,"Legends:Start Character G-General, L-Ladies, End Character H-Home University, O-Other than Home University, S-State LevelS",20230,89.082417
03135,"Manjara Charitable Trust's Rajiv Gandhi Institute of Technology, Mumbai",,313524610,Information Technology,State Level,"Legends:Start Character G-General, L-Ladies, End Character H-Home University, O-Other than Home University, S-State LevelS",13555,92.6330411
03135,"Manjara Charitable Trust's Rajiv Gandhi Institute of Technology, Mumbai",,313537210,Electronics and Telecommunication Engg,State Level,"Legends:Start Character G-General, L-Ladies, End Character H-Home University, O-Other than Home University, S-State LevelS",34703,81.0304563
03135,"Manjara Charitable Trust's Rajiv Gandhi Institute of Technology, Mumbai",,313537210,Electronics and Telecommunication Engg,State Level,Maharashtra State Seats - Cut Off Indicates State General Merit No. ; Figures in bracket Indicates MHT-CET PCM PercentileS,42552,76.5675144
03135,"Manjara Charitable Trust's Rajiv Gandhi Institute of Technology, Mumbai",,313561210,Mechanical Engineering,State Level,"Legends:Start Character G-General, L-Ladies, End Character H-Home University, O-Other than Home University, S-State LevelS",95425,35.6983743
03135,"Manjara Charitable Trust's Rajiv Gandhi Institute of Technology, Mumbai",,313599510,Artificial Intelligence and Data Science,State Level,"Legends:Start Character G-General, L-Ladies, End Character H-Home University, O-Other than Home University, S-State LevelS",29491,84.1495823
03139,"Vidyalankar Institute of Technology,Wadala, Mumbai",,313924510,Computer Engineering,State Level,"Legends:Start Character G-General, L-Ladies, End Character H-Home University, O-Other than Home University, S-State LevelS",6453,96.4273868
03139,"Vidyalankar Institute of Technology,Wadala, Mumbai",,313924510,Computer Engineering,State Level,Maharashtra State Seats - Cut Off Indicates State General Merit No. ; Figures in bracket Indicates MHT-CET PCM PercentileS,48827,72.7060426
03139,"Vidyalankar Institute of Technology,Wadala, Mumbai",,313924510,Computer Engineering,State Level,DS,17396,90.6493875
03139,"Vidyalankar Institute of Technology,Wadala, Mumbai",,313924510,Computer Engineering,State Level,State Common Entrance Test CellS,8345,95.445301
03139,"Vidyalankar Institute of Technology,Wadala, Mumbai",,313924510,Computer Engineering,State Level,Cut Off List for Maharashtra & Minority Seats of CAP Round - III for the Admission to the First Year Under Graduate Technical Courses in Engineering and Technology (4 Years) &S,7282,95.9847681
03139,"Vidyalankar Institute of Technology,Wadala, Mumbai",,313924510,Computer Engineering,State Level,Master of Engineering and Technology (Integrated 5 Years) Admissions A.Y. 2022-23S,8065,95.582729
03139,"Vidyalankar Institute of Technology,Wadala, Mumbai",,313924510,Computer Engineering,State Level,GOPENS,9331,94.9082722
03139,"Vidyalankar Institute of Technology,Wadala, Mumbai",,313924610,Information Technology,State Level,GOPENS,9132,95.0419966
03139,"Vidyalankar Institute of Technology,Wadala, Mumbai",,313924610,Information Technology,State Level,GSTS,85547,44.986801
03139,"Vidyalankar Institute of Technology,Wadala, Mumbai",,313924610,Information Technology,State Level,GOBCS,11072,94.0029697
03139,"Vidyalankar Institute of Technology,Wadala, Mumbai",,313924610,Information Technology,State Level,LOPENS,10485,94.29291
03139,"Vidyalankar Institute of Technology,Wadala, Mumbai",,313924610,Information Technology,State Level,LOBCS,15728,91.5409302
03139,"Vidyalankar Institute of Technology,Wadala, Mumbai",,313924610,Information Technology,State Level,TFWS,7087,96.0985326
03139,"Vidyalankar Institute of Technology,Wadala, Mumbai",,313924610,Information Technology,State Level,EWS,11444,93.774898
03139,"Vidyalankar Institute of Technology,Wadala, Mumbai",,313937210,Electronics and Telecommunication Engg,State Level,GOPENS,26713,85.6396122
03139,"Vidyalankar Institute of Technology,Wadala, Mumbai",,313937210,Electronics and Telecommunication Engg,State Level,GSCS,29716,84.0382056
03139,"Vidyalankar Institute of Technology,Wadala, Mumbai",,313937210,Electronics and Telecommunication Engg,State Level,GSTS,29324,84.1506751
03139,"Vidyalankar Institute of Technology,Wadala, Mumbai",,313937210,Electronics and Telecommunication Engg,State Level,GOBCS,23957,87.0728364
03139,"Vidyalankar Institute of Technology,Wadala, Mumbai",,313937210,Electronics and Telecommunication Engg,State Level,LOPENS,65618,61.4673542
03139,"Vidyalankar Institute of Technology,Wadala, Mumbai",,313937210,Electronics and Telecommunication Engg,State Level,LSCS,58628,66.2395008
03139,"Vidyalankar Institute of Technology,Wadala, Mumbai",,313937210,Electronics and Telecommunication Engg,State Level,LNT1S,57762,66.8137813
03139,"Vidyalankar Institute of Technology,Wadala, Mumbai",,313937210,Electronics and Telecommunication Engg,State Level,LNT2S,19185,89.629736
03139,"Vidyalankar Institute of Technology,Wadala, Mumbai",,313937210,Electronics and Telecommunication Engg,State Level,PWDOPENS,40906,77.6049916
03139,"Vidyalankar Institute of Technology,Wadala, Mumbai",,313937210,Electronics and Telecommunication Engg,State Level,I-NonS,27516,85.0403264
03139,"Vidyalankar Institute of Technology,Wadala, Mumbai",,313937210,Electronics and Telecommunication Engg,State Level,VIIS,28116,84.8685155
03139,"Vidyalankar Institute of Technology,Wadala, Mumbai",,313946110,Bio Medical Engineering,State Level,GOPENS,56706,67.4824177
03139,"Vidyalankar Institute of Technology,Wadala, Mumbai",,313946110,Bio Medical Engineering,State Level,GSCS,68146,59.5292331
03139,"Vidyalankar Institute of Technology,Wadala, Mumbai",,313946110,Bio Medical Engineering,State Level,GNT1S,83603,46.4456321
03139,"Vidyalankar Institute of Technology,Wadala, Mumbai",,313946110,Bio Medical Engineering,State Level,GNT2S,60856,64.7353734
03139,"Vidyalankar Institute of Technology,Wadala, Mumbai",,313946110,Bio Medical Engineering,State Level,GOBCS,69216,58.8113371
03139,"Vidyalankar Institute of Technology,Wadala, Mumbai",,313946110,Bio Medical Engineering,State Level,I-NonS,39151,78.482599
03139,"Vidyalankar Institute of Technology,Wadala, Mumbai",,313946110,Bio Medical Engineering,State Level,VIIS,70402,57.6946774
03139,"Vidyalankar Institute of Technology,Wadala, Mumbai",,313990010,Electronics and Computer Science,State Level,"Legends:Start Character G-General, L-Ladies, End Character H-Home University, O-Other than Home University, S-State LevelS",19051,89.7480201
03139,"Vidyalankar Institute of Technology,Wadala, Mumbai",,313990010,Electronics and Computer Science,State Level,Maharashtra State Seats - Cut Off Indicates State General Merit No. ; Figures in bracket Indicates MHT-CET PCM PercentileS,27916,84.9772018
03139,"Vidyalankar Institute of Technology,Wadala, Mumbai",,313990010,Electronics and Computer Science,State Level,DS,27592,85.0403264
03139,"Vidyalankar Institute of Technology,Wadala, Mumbai",,313990010,Electronics and Computer Science,State Level,State Common Entrance Test CellS,17052,90.8078665
03139,"Vidyalankar Institute of Technology,Wadala, Mumbai",,313990010,Electronics and Computer Science,State Level,Cut Off List for Maharashtra & Minority Seats of CAP Round - III for the Admission to the First Year Under Graduate Technical Courses in Engineering and Technology (4 Years) &S,14354,92.2448203
03139,"Vidyalankar Institute of Technology,Wadala, Mumbai",,313990010,Electronics and Computer Science,State Level,Master of Engineering and Technology (Integrated 5 Years) Admissions A.Y. 2022-23S,35874,80.5336015
03139,"Vidyalankar Institute of Technology,Wadala, Mumbai",,313990010,Electronics and Computer Science,State Level,VIIS,20087,89.1304347
03146,"Jawahar Education Society's Annasaheb Chudaman Patil College of Engineering,Kharghar, Navi Mumbai",,314624510,Computer Engineering,State Level,"Legends:Start Character G-General, L-Ladies, End Character H-Home University, O-Other than Home University, S-State LevelS",34329,81.4109415
03146,"Jawahar Education Society's Annasaheb Chudaman Patil College of Engineering,Kharghar, Navi Mumbai",,314624610,Information Technology,State Level,"Legends:Start Character G-General, L-Ladies, End Character H-Home University, O-Other than Home University, S-State LevelS",14491,92.2149174
03146,"Jawahar Education Society's Annasaheb Chudaman Patil College of Engineering,Kharghar, Navi Mumbai",,314629310,Electrical Engineering,State Level,"Legends:Start Character G-General, L-Ladies, End Character H-Home University, O-Other than Home University, S-State LevelS",89282,42.0206383
03146,"Jawahar Education Society's Annasaheb Chudaman Patil College of Engineering,Kharghar, Navi Mumbai",,314637210,Electronics and Telecommunication Engg,State Level,"Legends:Start Character G-General, L-Ladies, End Character H-Home University, O-Other than Home University, S-State LevelS",55876,68.2985361
03146,"Jawahar Education Society's Annasaheb Chudaman Patil College of Engineering,Kharghar, Navi Mumbai",,314692010,Computer Science and Engineering (Internet of Things and Cyber Security Including Block Chain,State Level,DEFOPENS,34796,81.0304563
03147,"Saraswati Education Society, Yadavrao Tasgaonkar  Institute of Engineering & Technology, Karjat",,314719110,Civil Engineering,State Level,EWS,84849,45.6704109
03147,"Saraswati Education Society, Yadavrao Tasgaonkar  Institute of Engineering & Technology, Karjat",,314724510,Computer Engineering,State Level,DEFOPENS,83563,46.4456321
03147,"Saraswati Education Society, Yadavrao Tasgaonkar  Institute of Engineering & Technology, Karjat",,314724510,Computer Engineering,State Level,I-NonS,71205,57.0638559
03147,"Saraswati Education Society, Yadavrao Tasgaonkar  Institute of Engineering & Technology, Karjat",,314724510,Computer Engineering,State Level,VIIS,69786,57.9292585
03148,"Mahavir Education Trust's Shah & Anchor Kutchhi Engineering College, Mumbai",,314824510,Computer Engineering,State Level,"Legends:Start Character G-General, L-Ladies, End Character H-Home University, O-Other than Home University, S-State LevelS",36250,80.3744535
03148,"Mahavir Education Trust's Shah & Anchor Kutchhi Engineering College, Mumbai",,314824610,Information Technology,State Level,"Legends:Start Character G-General, L-Ladies, End Character H-Home University, O-Other than Home University, S-State LevelS",40188,78.0555027
03148,"Mahavir Education Trust's Shah & Anchor Kutchhi Engineering College, Mumbai",,314825210,Cyber Security,State Level,"Legends:Start Character G-General, L-Ladies, End Character H-Home University, O-Other than Home University, S-State LevelS",108809,20.3613489
03148,"Mahavir Education Trust's Shah & Anchor Kutchhi Engineering College, Mumbai",,314825210,Cyber Security,State Level,Maharashtra State Seats - Cut Off Indicates State General Merit No. ; Figures in bracket Indicates MHT-CET PCM PercentileS,20863,88.786703
03148,"Mahavir Education Trust's Shah & Anchor Kutchhi Engineering College, Mumbai",,314825210,Cyber Security,State Level,Minority Seats Allotted to Maharashtra State Candidature CandidatesS,22090,88.0916175
03148,"Mahavir Education Trust's Shah & Anchor Kutchhi Engineering College, Mumbai",,314837210,Electronics and Telecommunication Engg,State Level,"Legends:Start Character G-General, L-Ladies, End Character H-Home University, O-Other than Home University, S-State LevelS",119799,5.2699106
03148,"Mahavir Education Trust's Shah & Anchor Kutchhi Engineering College, Mumbai",,314837210,Electronics and Telecommunication Engg,State Level,Minority Seats Allotted to Maharashtra State Candidature CandidatesS,48974,72.7060426
03148,"Mahavir Education Trust's Shah & Anchor Kutchhi Engineering College, Mumbai",,314890010,Electronics and Computer Science,State Level,"Legends:Start Character G-General, L-Ladies, End Character H-Home University, O-Other than Home University, S-State LevelS",104087,26.2202423
03148,"Mahavir Education Trust's Shah & Anchor Kutchhi Engineering College, Mumbai",,314890010,Electronics and Computer Science,State Level,Minority Seats Allotted to Maharashtra State Candidature CandidatesS,38303,79.1656813
03148,"Mahavir Education Trust's Shah & Anchor Kutchhi Engineering College, Mumbai",,314899510,Artificial Intelligence and Data Science,State Level,"Legends:Start Character G-General, L-Ladies, End Character H-Home University, O-Other than Home University, S-State LevelS",51500,70.9370842
03154,"Saraswati Education Society's Saraswati College of Engineering,Kharghar Navi Mumbai",,315424510,Computer Engineering,State Level,"Legends:Start Character G-General, L-Ladies, End Character H-Home University, O-Other than Home University, S-State LevelS",35827,80.5336015
03154,"Saraswati Education Society's Saraswati College of Engineering,Kharghar Navi Mumbai",,315424610,Information Technology,State Level,"Legends:Start Character G-General, L-Ladies, End Character H-Home University, O-Other than Home University, S-State LevelS",16699,91.0449886
03154,"Saraswati Education Society's Saraswati College of Engineering,Kharghar Navi Mumbai",,315424610,Information Technology,State Level,Maharashtra State Seats - Cut Off Indicates State General Merit No. ; Figures in bracket Indicates MHT-CET PCM PercentileS,43402,75.8471965
03175,"M.G.M.'s College of Engineering and Technology, Kamothe, Navi Mumbai",,317519110,Civil Engineering,State Level,EWS,60621,64.886326
03175,"M.G.M.'s College of Engineering and Technology, Kamothe, Navi Mumbai",,317524510,Computer Engineering,State Level,"Legends:Start Character G-General, L-Ladies, End Character H-Home University, O-Other than Home University, S-State LevelS",23792,87.1226124
03175,"M.G.M.'s College of Engineering and Technology, Kamothe, Navi Mumbai",,317524510,Computer Engineering,State Level,Maharashtra State Seats - Cut Off Indicates State General Merit No. ; Figures in bracket Indicates MHT-CET PCM PercentileS,29669,84.0382056
03175,"M.G.M.'s College of Engineering and Technology, Kamothe, Navi Mumbai",,317524610,Information Technology,State Level,"Legends:Start Character G-General, L-Ladies, End Character H-Home University, O-Other than Home University, S-State LevelS",84033,46.1727561
03175,"M.G.M.'s College of Engineering and Technology, Kamothe, Navi Mumbai",,317524610,Information Technology,State Level,Maharashtra State Seats - Cut Off Indicates State General Merit No. ; Figures in bracket Indicates MHT-CET PCM PercentileS,39170,78.482599
03175,"M.G.M.'s College of Engineering and Technology, Kamothe, Navi Mumbai",,317529310,Electrical Engineering,State Level,"Legends:Start Character G-General, L-Ladies, End Character H-Home University, O-Other than Home University, S-State LevelS",106641,23.2238494
03175,"M.G.M.'s College of Engineering and Technology, Kamothe, Navi Mumbai",,317537210,Electronics and Telecommunication Engg,State Level,"Legends:Start Character G-General, L-Ladies, End Character H-Home University, O-Other than Home University, S-State LevelS",54314,69.1685966
03175,"M.G.M.'s College of Engineering and Technology, Kamothe, Navi Mumbai",,317537210,Electronics and Telecommunication Engg,State Level,VIIS,56851,67.447284
03175,"M.G.M.'s College of Engineering and Technology, Kamothe, Navi Mumbai",,317550710,Chemical Engineering,State Level,"Legends:Start Character G-General, L-Ladies, End Character H-Home University, O-Other than Home University, S-State LevelS",102027,28.6995083
03176,"Thakur College of Engineering and Technology, Kandivali, Mumbai",,317619110,Civil Engineering,State Level,GOPENS,49127,72.6414198
03176,"Thakur College of Engineering and Technology, Kandivali, Mumbai",,317619110,Civil Engineering,State Level,LOPENS,102651,28.1605922
03176,"Thakur College of Engineering and Technology, Kandivali, Mumbai",,317619110,Civil Engineering,State Level,MI,115857,11.2993545
03176,"Thakur College of Engineering and Technology, Kandivali, Mumbai",,317619110,Civil Engineering,State Level,MH,72230,56.5826603
03176,"Thakur College of Engineering and Technology, Kandivali, Mumbai",,317624510,Computer Engineering,State Level,GOPENS,7054,96.1081543
03176,"Thakur College of Engineering and Technology, Kandivali, Mumbai",,317624510,Computer Engineering,State Level,LOPENS,8857,95.1396321
03176,"Thakur College of Engineering and Technology, Kandivali, Mumbai",,317624510,Computer Engineering,State Level,MI,13317,92.8198061
03176,"Thakur College of Engineering and Technology, Kandivali, Mumbai",,317624610,Information Technology,State Level,GOPENS,9577,94.7959618
03176,"Thakur College of Engineering and Technology, Kandivali, Mumbai",,317624610,Information Technology,State Level,LOPENS,11498,93.7701957
03176,"Thakur College of Engineering and Technology, Kandivali, Mumbai",,317624610,Information Technology,State Level,MI,16999,90.8511759
03176,"Thakur College of Engineering and Technology, Kandivali, Mumbai",,317625310,Internet of Things (IoT),State Level,GOPENS,10662,94.2133903
03176,"Thakur College of Engineering and Technology, Kandivali, Mumbai",,317625310,Internet of Things (IoT),State Level,LOPENS,14458,92.2302228
03176,"Thakur College of Engineering and Technology, Kandivali, Mumbai",,317625310,Internet of Things (IoT),State Level,MI,27730,85.0225065
03176,"Thakur College of Engineering and Technology, Kandivali, Mumbai",,317625910,Mechanical and Mechatronics Engineering (Additive Manufacturing),State Level,"Legends:Start Character G-General, L-Ladies, End Character H-Home University, O-Other than Home University, S-State LevelS",34016,81.5143923
03176,"Thakur College of Engineering and Technology, Kandivali, Mumbai",,317625910,Mechanical and Mechatronics Engineering (Additive Manufacturing),State Level,Maharashtra State Seats - Cut Off Indicates State General Merit No. ; Figures in bracket Indicates MHT-CET PCM PercentileS,80026,49.556541
03176,"Thakur College of Engineering and Technology, Kandivali, Mumbai",,317625910,Mechanical and Mechatronics Engineering (Additive Manufacturing),State Level,DS,103507,26.7890081
03176,"Thakur College of Engineering and Technology, Kandivali, Mumbai",,317625910,Mechanical and Mechatronics Engineering (Additive Manufacturing),State Level,MH,93465,67.7060203
03176,"Thakur College of Engineering and Technology, Kandivali, Mumbai",,317637210,Electronics and Telecommunication Engg,State Level,GOPENS,22464,87.9005604
03176,"Thakur College of Engineering and Technology, Kandivali, Mumbai",,317637210,Electronics and Telecommunication Engg,State Level,LOPENS,24132,87.0240046
03176,"Thakur College of Engineering and Technology, Kandivali, Mumbai",,317637210,Electronics and Telecommunication Engg,State Level,MI,39107,78.482599
03176,"Thakur College of Engineering and Technology, Kandivali, Mumbai",,317637210,Electronics and Telecommunication Engg,State Level,TFWS,22357,87.985064
03176,"Thakur College of Engineering and Technology, Kandivali, Mumbai",,317661210,Mechanical Engineering,State Level,GOPENS,29809,83.9142978
03176,"Thakur College of Engineering and Technology, Kandivali, Mumbai",,317661210,Mechanical Engineering,State Level,MI,116459,10.4981278
03176,"Thakur College of Engineering and Technology, Kandivali, Mumbai",,317690010,Electronics and Computer Science,State Level,GOPENS,19831,89.3887863
03176,"Thakur College of Engineering and Technology, Kandivali, Mumbai",,317690010,Electronics and Computer Science,State Level,LOPENS,14516,92.2149174
03176,"Thakur College of Engineering and Technology, Kandivali, Mumbai",,317690010,Electronics and Computer Science,State Level,MI,28376,84.6811929
03176,"Thakur College of Engineering and Technology, Kandivali, Mumbai",,317690010,Electronics and Computer Science,State Level,TFWS,19603,89.4839384
03176,"Thakur College of Engineering and Technology, Kandivali, Mumbai",,317691010,Computer Science and Engineering(Cyber Security),State Level,"Legends:Start Character G-General, L-Ladies, End Character H-Home University, O-Other than Home University, S-State LevelS",11860,93.5685145
03176,"Thakur College of Engineering and Technology, Kandivali, Mumbai",,317691010,Computer Science and Engineering(Cyber Security),State Level,Maharashtra State Seats - Cut Off Indicates State General Merit No. ; Figures in bracket Indicates MHT-CET PCM PercentileS,13623,92.6265538
03176,"Thakur College of Engineering and Technology, Kandivali, Mumbai",,317691010,Computer Science and Engineering(Cyber Security),State Level,DS,14852,91.973466
03176,"Thakur College of Engineering and Technology, Kandivali, Mumbai",,317691010,Computer Science and Engineering(Cyber Security),State Level,State Common Entrance Test CellS,9764,94.6591943
03176,"Thakur College of Engineering and Technology, Kandivali, Mumbai",,317692110,Artificial Intelligence and Machine Learning,State Level,GOPENS,11155,93.9573805
03176,"Thakur College of Engineering and Technology, Kandivali, Mumbai",,317692110,Artificial Intelligence and Machine Learning,State Level,MI,21850,88.2419713
03176,"Thakur College of Engineering and Technology, Kandivali, Mumbai",,317699510,Artificial Intelligence and Data Science,State Level,GOPENS,11619,93.7141189
03176,"Thakur College of Engineering and Technology, Kandivali, Mumbai",,317699510,Artificial Intelligence and Data Science,State Level,LOPENS,12617,93.1714502
03176,"Thakur College of Engineering and Technology, Kandivali, Mumbai",,317699510,Artificial Intelligence and Data Science,State Level,MI,20772,88.795558
03182,"Thadomal Shahani Engineering College, Bandra, Mumbai",,318224510,Computer Engineering,State Level,"Legends:Start Character G-General, L-Ladies, End Character H-Home University, O-Other than Home University, S-State LevelS",22287,88.024958
03182,"Thadomal Shahani Engineering College, Bandra, Mumbai",,318224610,Information Technology,State Level,"Legends:Start Character G-General, L-Ladies, End Character H-Home University, O-Other than Home University, S-State LevelS",86612,44.6471616
03182,"Thadomal Shahani Engineering College, Bandra, Mumbai",,318224610,Information Technology,State Level,Minority Seats Allotted to Maharashtra State Candidature CandidatesS,4468,97.4624596
03182,"Thadomal Shahani Engineering College, Bandra, Mumbai",,318299510,Artificial Intelligence and Data Science,State Level,"Legends:Start Character G-General, L-Ladies, End Character H-Home University, O-Other than Home University, S-State LevelS",113515,14.6195704
03182,"Thadomal Shahani Engineering College, Bandra, Mumbai",,318299510,Artificial Intelligence and Data Science,State Level,Maharashtra State Seats - Cut Off Indicates State General Merit No. ; Figures in bracket Indicates MHT-CET PCM PercentileS,5292,97.0468035
03182,"Thadomal Shahani Engineering College, Bandra, Mumbai",,318299510,Artificial Intelligence and Data Science,State Level,Minority Seats Allotted to Maharashtra State Candidature CandidatesS,6927,96.1795056
03183,"Anjuman-I-Islam's M.H. Saboo Siddik College of Engineering, Byculla, Mumbai",,318319110,Civil Engineering,State Level,"Legends:Start Character G-General, L-Ladies, End Character H-Home University, O-Other than Home University, S-State LevelS",107203,22.4871071
03183,"Anjuman-I-Islam's M.H. Saboo Siddik College of Engineering, Byculla, Mumbai",,318319110,Civil Engineering,State Level,Maharashtra State Seats - Cut Off Indicates State General Merit No. ; Figures in bracket Indicates MHT-CET PCM PercentileS,61190,64.4979119
03183,"Anjuman-I-Islam's M.H. Saboo Siddik College of Engineering, Byculla, Mumbai",,318324510,Computer Engineering,State Level,"Legends:Start Character G-General, L-Ladies, End Character H-Home University, O-Other than Home University, S-State LevelS",24241,86.9511499
03183,"Anjuman-I-Islam's M.H. Saboo Siddik College of Engineering, Byculla, Mumbai",,318324610,Information Technology,State Level,"Legends:Start Character G-General, L-Ladies, End Character H-Home University, O-Other than Home University, S-State LevelS",36774,79.8656107
03183,"Anjuman-I-Islam's M.H. Saboo Siddik College of Engineering, Byculla, Mumbai",,318337210,Electronics and Telecommunication Engg,State Level,"Legends:Start Character G-General, L-Ladies, End Character H-Home University, O-Other than Home University, S-State LevelS",61416,64.0609282
03183,"Anjuman-I-Islam's M.H. Saboo Siddik College of Engineering, Byculla, Mumbai",,318337210,Electronics and Telecommunication Engg,State Level,Maharashtra State Seats - Cut Off Indicates State General Merit No. ; Figures in bracket Indicates MHT-CET PCM PercentileS,39355,78.3504176
03183,"Anjuman-I-Islam's M.H. Saboo Siddik College of Engineering, Byculla, Mumbai",,318361210,Mechanical Engineering,State Level,MI,113363,14.7866072
03183,"Anjuman-I-Islam's M.H. Saboo Siddik College of Engineering, Byculla, Mumbai",,318392010,Computer Science and Engineering (Internet of Things and Cyber Security Including Block Chain,State Level,"Legends:Start Character G-General, L-Ladies, End Character H-Home University, O-Other than Home University, S-State LevelS",36023,80.4540499
03184,"Fr. Conceicao Rodrigues College of Engineering, Bandra,Mumbai",,318424510,Computer Engineering,State Level,"Legends:Start Character G-General, L-Ladies, End Character H-Home University, O-Other than Home University, S-State LevelS",20446,88.9823699
03184,"Fr. Conceicao Rodrigues College of Engineering, Bandra,Mumbai",,318490010,Electronics and Computer Science,State Level,"Legends:Start Character G-General, L-Ladies, End Character H-Home University, O-Other than Home University, S-State LevelS",62599,63.7147595
03184,"Fr. Conceicao Rodrigues College of Engineering, Bandra,Mumbai",,318499510,Artificial Intelligence and Data Science,State Level,MI,23808,87.1226124
03185,"Vivekanand Education Society's Institute of Technology, Chembur, Mumbai",,318524510,Computer Engineering,State Level,"Legends:Start Character G-General, L-Ladies, End Character H-Home University, O-Other than Home University, S-State LevelS",2700,98.4097331
03185,"Vivekanand Education Society's Institute of Technology, Chembur, Mumbai",,318524610,Information Technology,State Level,"Legends:Start Character G-General, L-Ladies, End Character H-Home University, O-Other than Home University, S-State LevelS",104628,25.7906003
03185,"Vivekanand Education Society's Institute of Technology, Chembur, Mumbai",,318524610,Information Technology,State Level,Maharashtra State Seats - Cut Off Indicates State General Merit No. ; Figures in bracket Indicates MHT-CET PCM PercentileS,4475,97.4624596
03185,"Vivekanand Education Society's Institute of Technology, Chembur, Mumbai",,318591610,Automation and Robotics,State Level,TFWS,29079,84.2234647
03185,"Vivekanand Education Society's Institute of Technology, Chembur, Mumbai",,318591610,Automation and Robotics,State Level,Minority Seats Allotted to Maharashtra State Candidature CandidatesS,28129,84.8685155
03185,"Vivekanand Education Society's Institute of Technology, Chembur, Mumbai",,318599510,Artificial Intelligence and Data Science,State Level,"Legends:Start Character G-General, L-Ladies, End Character H-Home University, O-Other than Home University, S-State LevelS",9745,94.6591943
03185,"Vivekanand Education Society's Institute of Technology, Chembur, Mumbai",,318599510,Artificial Intelligence and Data Science,State Level,Minority Seats Allotted to Maharashtra State Candidature CandidatesS,8972,95.1149971
03187,"N.Y.S.S.'s Datta Meghe College of Engineering, Airoli, Navi Mumbai",,318719110,Civil Engineering,State Level,"Legends:Start Character G-General, L-Ladies, End Character H-Home University, O-Other than Home University, S-State LevelS",85618,44.986801
03187,"N.Y.S.S.'s Datta Meghe College of Engineering, Airoli, Navi Mumbai",,318719110,Civil Engineering,State Level,Maharashtra State Seats - Cut Off Indicates State General Merit No. ; Figures in bracket Indicates MHT-CET PCM PercentileS,89427,41.9139826
03187,"N.Y.S.S.'s Datta Meghe College of Engineering, Airoli, Navi Mumbai",,318719110,Civil Engineering,State Level,I-NonS,118343,7.4458997
03187,"N.Y.S.S.'s Datta Meghe College of Engineering, Airoli, Navi Mumbai",,318724510,Computer Engineering,State Level,"Legends:Start Character G-General, L-Ladies, End Character H-Home University, O-Other than Home University, S-State LevelS",25690,86.2044419
03187,"N.Y.S.S.'s Datta Meghe College of Engineering, Airoli, Navi Mumbai",,318724610,Information Technology,State Level,"Legends:Start Character G-General, L-Ladies, End Character H-Home University, O-Other than Home University, S-State LevelS",28357,84.6811929
03187,"N.Y.S.S.'s Datta Meghe College of Engineering, Airoli, Navi Mumbai",,318737210,Electronics and Telecommunication Engg,State Level,"Legends:Start Character G-General, L-Ladies, End Character H-Home University, O-Other than Home University, S-State LevelS",58137,66.4465439
03187,"N.Y.S.S.'s Datta Meghe College of Engineering, Airoli, Navi Mumbai",,318750710,Chemical Engineering,State Level,"Legends:Start Character G-General, L-Ladies, End Character H-Home University, O-Other than Home University, S-State LevelS",78756,51.1072039
03187,"N.Y.S.S.'s Datta Meghe College of Engineering, Airoli, Navi Mumbai",,318750710,Chemical Engineering,State Level,Maharashtra State Seats - Cut Off Indicates State General Merit No. ; Figures in bracket Indicates MHT-CET PCM PercentileS,84854,45.6704109
03187,"N.Y.S.S.'s Datta Meghe College of Engineering, Airoli, Navi Mumbai",,318761210,Mechanical Engineering,State Level,"Legends:Start Character G-General, L-Ladies, End Character H-Home University, O-Other than Home University, S-State LevelS",30833,83.3155184
03187,"N.Y.S.S.'s Datta Meghe College of Engineering, Airoli, Navi Mumbai",,318761210,Mechanical Engineering,State Level,I-NonS,109120,20.232792
03187,"N.Y.S.S.'s Datta Meghe College of Engineering, Airoli, Navi Mumbai",,318799510,Artificial Intelligence and Data Science,State Level,TFWS,22705,87.7973797
03187,"N.Y.S.S.'s Datta Meghe College of Engineering, Airoli, Navi Mumbai",,318799510,Artificial Intelligence and Data Science,State Level,EWS,42367,76.6964455
03188,"Vasantdada Patil Pratishthan's College Of Engineering and Visual Arts, Sion, Mumbai",,318824510,Computer Engineering,State Level,"Legends:Start Character G-General, L-Ladies, End Character H-Home University, O-Other than Home University, S-State LevelS",43424,75.8471965
03188,"Vasantdada Patil Pratishthan's College Of Engineering and Visual Arts, Sion, Mumbai",,318824510,Computer Engineering,State Level,Maharashtra State Seats - Cut Off Indicates State General Merit No. ; Figures in bracket Indicates MHT-CET PCM PercentileS,22428,87.9005604
03188,"Vasantdada Patil Pratishthan's College Of Engineering and Visual Arts, Sion, Mumbai",,318824510,Computer Engineering,State Level,VIIS,11534,93.7594912
03188,"Vasantdada Patil Pratishthan's College Of Engineering and Visual Arts, Sion, Mumbai",,318824610,Information Technology,State Level,"Legends:Start Character G-General, L-Ladies, End Character H-Home University, O-Other than Home University, S-State LevelS",75321,54.124615
03188,"Vasantdada Patil Pratishthan's College Of Engineering and Visual Arts, Sion, Mumbai",,318824610,Information Technology,State Level,Maharashtra State Seats - Cut Off Indicates State General Merit No. ; Figures in bracket Indicates MHT-CET PCM PercentileS,39519,78.3496848
03188,"Vasantdada Patil Pratishthan's College Of Engineering and Visual Arts, Sion, Mumbai",,318826310,Artificial Intelligence (AI) and Data Science,State Level,"Legends:Start Character G-General, L-Ladies, End Character H-Home University, O-Other than Home University, S-State LevelS",40619,77.8495773
03189,"Bharati Vidyapeeth College of Engineering,  Navi Mumbai",,318924610,Information Technology,State Level,"Legends:Start Character G-General, L-Ladies, End Character H-Home University, O-Other than Home University, S-State LevelS",21026,88.664007
03189,"Bharati Vidyapeeth College of Engineering,  Navi Mumbai",,318937210,Electronics and Telecommunication Engg,State Level,"Legends:Start Character G-General, L-Ladies, End Character H-Home University, O-Other than Home University, S-State LevelS",53128,69.7082914
03189,"Bharati Vidyapeeth College of Engineering,  Navi Mumbai",,318937210,Electronics and Telecommunication Engg,State Level,I-NonS,41754,77.0311313
03189,"Bharati Vidyapeeth College of Engineering,  Navi Mumbai",,318946610,Instrumentation Engineering,State Level,"Legends:Start Character G-General, L-Ladies, End Character H-Home University, O-Other than Home University, S-State LevelS",76060,53.7302794
03189,"Bharati Vidyapeeth College of Engineering,  Navi Mumbai",,318946610,Instrumentation Engineering,State Level,I-NonS,24803,86.5823024
03189,"Bharati Vidyapeeth College of Engineering,  Navi Mumbai",,318946610,Instrumentation Engineering,State Level,VIIS,108513,20.8205322
03189,"Bharati Vidyapeeth College of Engineering,  Navi Mumbai",,318950710,Chemical Engineering,State Level,"Legends:Start Character G-General, L-Ladies, End Character H-Home University, O-Other than Home University, S-State LevelS",76125,53.7302794
03189,"Bharati Vidyapeeth College of Engineering,  Navi Mumbai",,318950710,Chemical Engineering,State Level,I-NonS,12787,93.1330675
03189,"Bharati Vidyapeeth College of Engineering,  Navi Mumbai",,318961210,Mechanical Engineering,State Level,"Legends:Start Character G-General, L-Ladies, End Character H-Home University, O-Other than Home University, S-State LevelS",73318,55.2181517
03189,"Bharati Vidyapeeth College of Engineering,  Navi Mumbai",,318961210,Mechanical Engineering,State Level,Maharashtra State Seats - Cut Off Indicates State General Merit No. ; Figures in bracket Indicates MHT-CET PCM PercentileS,51910,70.9263207
03190,"Terna Engineering College, Nerul, Navi Mumbai",,319019110,Civil Engineering,State Level,"Legends:Start Character G-General, L-Ladies, End Character H-Home University, O-Other than Home University, S-State LevelS",91176,39.5925136
03190,"Terna Engineering College, Nerul, Navi Mumbai",,319024510,Computer Engineering,State Level,"Legends:Start Character G-General, L-Ladies, End Character H-Home University, O-Other than Home University, S-State LevelS",22149,88.0916175
03190,"Terna Engineering College, Nerul, Navi Mumbai",,319024610,Information Technology,State Level,"Legends:Start Character G-General, L-Ladies, End Character H-Home University, O-Other than Home University, S-State LevelS",24361,86.9162467
03190,"Terna Engineering College, Nerul, Navi Mumbai",,319026310,Artificial Intelligence (AI) and Data Science,State Level,EWS,31115,83.2284916
03190,"Terna Engineering College, Nerul, Navi Mumbai",,319037210,Electronics and Telecommunication Engg,State Level,"Legends:Start Character G-General, L-Ladies, End Character H-Home University, O-Other than Home University, S-State LevelS",34398,81.4109415
03190,"Terna Engineering College, Nerul, Navi Mumbai",,319037210,Electronics and Telecommunication Engg,State Level,Maharashtra State Seats - Cut Off Indicates State General Merit No. ; Figures in bracket Indicates MHT-CET PCM PercentileS,43920,75.6487214
03190,"Terna Engineering College, Nerul, Navi Mumbai",,319037610,Electronics Engineering,State Level,"Legends:Start Character G-General, L-Ladies, End Character H-Home University, O-Other than Home University, S-State LevelS",67185,60.0860804
03190,"Terna Engineering College, Nerul, Navi Mumbai",,319061210,Mechanical Engineering,State Level,"Legends:Start Character G-General, L-Ladies, End Character H-Home University, O-Other than Home University, S-State LevelS",117520,8.7583305
03190,"Terna Engineering College, Nerul, Navi Mumbai",,319062410,Mechatronics Engineering,State Level,"Legends:Start Character G-General, L-Ladies, End Character H-Home University, O-Other than Home University, S-State LevelS",111899,16.7412669
03190,"Terna Engineering College, Nerul, Navi Mumbai",,319062410,Mechatronics Engineering,State Level,I-NonS,94397,36.1594098
03192,"Smt. Indira Gandhi College of Engineering, Navi Mumbai",,319224510,Computer Engineering,State Level,"Legends:Start Character G-General, L-Ladies, End Character H-Home University, O-Other than Home University, S-State LevelS",34511,81.4005843
03192,"Smt. Indira Gandhi College of Engineering, Navi Mumbai",,319229310,Electrical Engineering,State Level,"Legends:Start Character G-General, L-Ladies, End Character H-Home University, O-Other than Home University, S-State LevelS",103001,27.3337429
03192,"Smt. Indira Gandhi College of Engineering, Navi Mumbai",,319229310,Electrical Engineering,State Level,I-NonS,97105,33.5099087
03192,"Smt. Indira Gandhi College of Engineering, Navi Mumbai",,319292010,Computer Science and Engineering (Internet of Things and Cyber Security Including Block Chain,State Level,DEFOPENS,93469,38.17388
03192,"Smt. Indira Gandhi College of Engineering, Navi Mumbai",,319292010,Computer Science and Engineering (Internet of Things and Cyber Security Including Block Chain,State Level,TFWS,28520,84.6390824
03192,"Smt. Indira Gandhi College of Engineering, Navi Mumbai",,319292010,Computer Science and Engineering (Internet of Things and Cyber Security Including Block Chain,State Level,EWS,41923,76.9900203
03193,"Shivajirao S. Jondhale College of Engineering, Dombivali,Mumbai",,319324510,Computer Engineering,State Level,"Legends:Start Character G-General, L-Ladies, End Character H-Home University, O-Other than Home University, S-State LevelS",63129,63.088298
03193,"Shivajirao S. Jondhale College of Engineering, Dombivali,Mumbai",,319324510,Computer Engineering,State Level,Maharashtra State Seats - Cut Off Indicates State General Merit No. ; Figures in bracket Indicates MHT-CET PCM PercentileS,40458,77.9458986
03193,"Shivajirao S. Jondhale College of Engineering, Dombivali,Mumbai",,319324610,Information Technology,State Level,"Legends:Start Character G-General, L-Ladies, End Character H-Home University, O-Other than Home University, S-State LevelS",47316,73.5739966
03193,"Shivajirao S. Jondhale College of Engineering, Dombivali,Mumbai",,319337210,Electronics and Telecommunication Engg,State Level,"Legends:Start Character G-General, L-Ladies, End Character H-Home University, O-Other than Home University, S-State LevelS",75117,54.124615
03193,"Shivajirao S. Jondhale College of Engineering, Dombivali,Mumbai",,319337210,Electronics and Telecommunication Engg,State Level,I-NonS,64292,62.0823842
03193,"Shivajirao S. Jondhale College of Engineering, Dombivali,Mumbai",,319392110,Artificial Intelligence and Machine Learning,State Level,"Legends:Start Character G-General, L-Ladies, End Character H-Home University, O-Other than Home University, S-State LevelS",34436,81.4005843
03194,"Vidyavardhini's College of Engineering and Technology, Vasai",,319424510,Computer Engineering,State Level,"Legends:Start Character G-General, L-Ladies, End Character H-Home University, O-Other than Home University, S-State LevelS",75011,54.124615
03194,"Vidyavardhini's College of Engineering and Technology, Vasai",,319424510,Computer Engineering,State Level,Maharashtra State Seats - Cut Off Indicates State General Merit No. ; Figures in bracket Indicates MHT-CET PCM PercentileS,21906,88.1677532
03194,"Vidyavardhini's College of Engineering and Technology, Vasai",,319424510,Computer Engineering,State Level,I-NonS,23439,87.4167744
03194,"Vidyavardhini's College of Engineering and Technology, Vasai",,319424610,Information Technology,State Level,"Legends:Start Character G-General, L-Ladies, End Character H-Home University, O-Other than Home University, S-State LevelS",34737,81.0304563
03194,"Vidyavardhini's College of Engineering and Technology, Vasai",,319437210,Electronics and Telecommunication Engg,State Level,"Legends:Start Character G-General, L-Ladies, End Character H-Home University, O-Other than Home University, S-State LevelS",36133,80.3744535
03194,"Vidyavardhini's College of Engineering and Technology, Vasai",,319437210,Electronics and Telecommunication Engg,State Level,Maharashtra State Seats - Cut Off Indicates State General Merit No. ; Figures in bracket Indicates MHT-CET PCM PercentileS,60685,64.7353734
03194,"Vidyavardhini's College of Engineering and Technology, Vasai",,319461210,Mechanical Engineering,State Level,"Legends:Start Character G-General, L-Ladies, End Character H-Home University, O-Other than Home University, S-State LevelS",109314,20.1763116
03194,"Vidyavardhini's College of Engineering and Technology, Vasai",,319491210,Computer Science and Engineering(Data Science),State Level,"Legends:Start Character G-General, L-Ladies, End Character H-Home University, O-Other than Home University, S-State LevelS",87922,42.8034319
03194,"Vidyavardhini's College of Engineering and Technology, Vasai",,319499510,Artificial Intelligence and Data Science,State Level,"Legends:Start Character G-General, L-Ladies, End Character H-Home University, O-Other than Home University, S-State LevelS",40562,77.8495773
03196,"Lokmanya Tilak College of Engineering, Kopar Khairane, Navi Mumbai",,319624510,Computer Engineering,State Level,"Legends:Start Character G-General, L-Ladies, End Character H-Home University, O-Other than Home University, S-State LevelS",26654,85.6827453
03196,"Lokmanya Tilak College of Engineering, Kopar Khairane, Navi Mumbai",,319629310,Electrical Engineering,State Level,"Legends:Start Character G-General, L-Ladies, End Character H-Home University, O-Other than Home University, S-State LevelS",94415,36.1594098
03196,"Lokmanya Tilak College of Engineering, Kopar Khairane, Navi Mumbai",,319629310,Electrical Engineering,State Level,Minority Seats Allotted to Maharashtra State Candidature CandidatesS,122168,28.3445579
03196,"Lokmanya Tilak College of Engineering, Kopar Khairane, Navi Mumbai",,319637210,Electronics and Telecommunication Engg,State Level,"Legends:Start Character G-General, L-Ladies, End Character H-Home University, O-Other than Home University, S-State LevelS",72873,55.8902921
03196,"Lokmanya Tilak College of Engineering, Kopar Khairane, Navi Mumbai",,319691110,Computer Science and Engineering(Artificial Intelligence and Machine Learning),State Level,MI,37604,79.5309168
03196,"Lokmanya Tilak College of Engineering, Kopar Khairane, Navi Mumbai",,319691210,Computer Science and Engineering(Data Science),State Level,MI,34982,80.9167266
03196,"Lokmanya Tilak College of Engineering, Kopar Khairane, Navi Mumbai",,319692010,Computer Science and Engineering (Internet of Things and Cyber Security Including Block Chain,State Level,"Legends:Start Character G-General, L-Ladies, End Character H-Home University, O-Other than Home University, S-State LevelS",42096,76.7344555
03197,"Agnel Charities' FR. C. Rodrigues Institute of Technology, Vashi, Navi Mumbai",,319724510,Computer Engineering,State Level,"Legends:Start Character G-General, L-Ladies, End Character H-Home University, O-Other than Home University, S-State LevelS",42788,76.5571858
03197,"Agnel Charities' FR. C. Rodrigues Institute of Technology, Vashi, Navi Mumbai",,319724610,Information Technology,State Level,"Legends:Start Character G-General, L-Ladies, End Character H-Home University, O-Other than Home University, S-State LevelS",64186,62.3799839
03198,"Konkan Gyanpeeth College of Engineering, Karjat",,319824210,Computer Science and Engineering,State Level,TFWS,59153,66.0248119
03198,"Konkan Gyanpeeth College of Engineering, Karjat",,319824210,Computer Science and Engineering,State Level,EWS,76912,52.4476185
03198,"Konkan Gyanpeeth College of Engineering, Karjat",,319824510,Computer Engineering,State Level,"Legends:Start Character G-General, L-Ladies, End Character H-Home University, O-Other than Home University, S-State LevelS",69402,58.8006082
03198,"Konkan Gyanpeeth College of Engineering, Karjat",,319824610,Information Technology,State Level,"Legends:Start Character G-General, L-Ladies, End Character H-Home University, O-Other than Home University, S-State LevelS",51316,71.1253958
03198,"Konkan Gyanpeeth College of Engineering, Karjat",,319824610,Information Technology,State Level,I-NonS,44307,75.5619344
03198,"Konkan Gyanpeeth College of Engineering, Karjat",,319861210,Mechanical Engineering,State Level,EWS,121950,1.4605095
03198,"Konkan Gyanpeeth College of Engineering, Karjat",,319899510,Artificial Intelligence and Data Science,State Level,"Legends:Start Character G-General, L-Ladies, End Character H-Home University, O-Other than Home University, S-State LevelS",58656,66.2395008
03198,"Konkan Gyanpeeth College of Engineering, Karjat",,319899510,Artificial Intelligence and Data Science,State Level,I-NonS,61247,64.4979119
03198,"Konkan Gyanpeeth College of Engineering, Karjat",,319899510,Artificial Intelligence and Data Science,State Level,VIIS,63858,62.3954246
03199,"Shri Vile Parle Kelvani Mandal's Dwarkadas J. Sanghvi College of Engineering, Vile Parle,Mumbai",,319924510,Computer Engineering,State Level,"Legends:Start Character G-General, L-Ladies, End Character H-Home University, O-Other than Home University, S-State LevelS",1616,98.9954986
03199,"Shri Vile Parle Kelvani Mandal's Dwarkadas J. Sanghvi College of Engineering, Vile Parle,Mumbai",,319924510,Computer Engineering,State Level,Maharashtra State Seats - Cut Off Indicates State General Merit No. ; Figures in bracket Indicates MHT-CET PCM PercentileS,2591,98.4671602
03199,"Shri Vile Parle Kelvani Mandal's Dwarkadas J. Sanghvi College of Engineering, Vile Parle,Mumbai",,319924510,Computer Engineering,State Level,DS,920,99.3822467
03199,"Shri Vile Parle Kelvani Mandal's Dwarkadas J. Sanghvi College of Engineering, Vile Parle,Mumbai",,319924510,Computer Engineering,State Level,State Common Entrance Test CellS,1071,99.2957413
03199,"Shri Vile Parle Kelvani Mandal's Dwarkadas J. Sanghvi College of Engineering, Vile Parle,Mumbai",,319924610,Information Technology,State Level,GOPENS,2613,98.4625863
03199,"Shri Vile Parle Kelvani Mandal's Dwarkadas J. Sanghvi College of Engineering, Vile Parle,Mumbai",,319924610,Information Technology,State Level,LOPENS,3531,97.964123
03199,"Shri Vile Parle Kelvani Mandal's Dwarkadas J. Sanghvi College of Engineering, Vile Parle,Mumbai",,319924610,Information Technology,State Level,MI,2147,98.7115006
03199,"Shri Vile Parle Kelvani Mandal's Dwarkadas J. Sanghvi College of Engineering, Vile Parle,Mumbai",,319926310,Artificial Intelligence (AI) and Data Science,State Level,GOPENS,3827,97.8065754
03199,"Shri Vile Parle Kelvani Mandal's Dwarkadas J. Sanghvi College of Engineering, Vile Parle,Mumbai",,319926310,Artificial Intelligence (AI) and Data Science,State Level,LOPENS,4359,97.5329973
03199,"Shri Vile Parle Kelvani Mandal's Dwarkadas J. Sanghvi College of Engineering, Vile Parle,Mumbai",,319926310,Artificial Intelligence (AI) and Data Science,State Level,MI,7629,95.8019426
03199,"Shri Vile Parle Kelvani Mandal's Dwarkadas J. Sanghvi College of Engineering, Vile Parle,Mumbai",,319937210,Electronics and Telecommunication Engg,State Level,GOPENS,8076,95.582729
03199,"Shri Vile Parle Kelvani Mandal's Dwarkadas J. Sanghvi College of Engineering, Vile Parle,Mumbai",,319937210,Electronics and Telecommunication Engg,State Level,LOPENS,10852,94.0838243
03199,"Shri Vile Parle Kelvani Mandal's Dwarkadas J. Sanghvi College of Engineering, Vile Parle,Mumbai",,319937210,Electronics and Telecommunication Engg,State Level,MI,16844,90.92848
03199,"Shri Vile Parle Kelvani Mandal's Dwarkadas J. Sanghvi College of Engineering, Vile Parle,Mumbai",,319937210,Electronics and Telecommunication Engg,State Level,TFWS,7857,95.7059576
03199,"Shri Vile Parle Kelvani Mandal's Dwarkadas J. Sanghvi College of Engineering, Vile Parle,Mumbai",,319961210,Mechanical Engineering,State Level,"Legends:Start Character G-General, L-Ladies, End Character H-Home University, O-Other than Home University, S-State LevelS",19408,89.5284491
03199,"Shri Vile Parle Kelvani Mandal's Dwarkadas J. Sanghvi College of Engineering, Vile Parle,Mumbai",,319961210,Mechanical Engineering,State Level,Maharashtra State Seats - Cut Off Indicates State General Merit No. ; Figures in bracket Indicates MHT-CET PCM PercentileS,31017,83.2493822
03199,"Shri Vile Parle Kelvani Mandal's Dwarkadas J. Sanghvi College of Engineering, Vile Parle,Mumbai",,319961210,Mechanical Engineering,State Level,DS,105871,23.9542468
03199,"Shri Vile Parle Kelvani Mandal's Dwarkadas J. Sanghvi College of Engineering, Vile Parle,Mumbai",,319961210,Mechanical Engineering,State Level,State Common Entrance Test CellS,17929,90.3656056
03199,"Shri Vile Parle Kelvani Mandal's Dwarkadas J. Sanghvi College of Engineering, Vile Parle,Mumbai",,319961210,Mechanical Engineering,State Level,MH,21343,88.4908068
03199,"Shri Vile Parle Kelvani Mandal's Dwarkadas J. Sanghvi College of Engineering, Vile Parle,Mumbai",,319991210,Computer Science and Engineering(Data Science),State Level,GOPENS,3277,98.1031757
03199,"Shri Vile Parle Kelvani Mandal's Dwarkadas J. Sanghvi College of Engineering, Vile Parle,Mumbai",,319991210,Computer Science and Engineering(Data Science),State Level,LOPENS,4152,97.6387134
03199,"Shri Vile Parle Kelvani Mandal's Dwarkadas J. Sanghvi College of Engineering, Vile Parle,Mumbai",,319991210,Computer Science and Engineering(Data Science),State Level,MI,6697,96.3074531
03199,"Shri Vile Parle Kelvani Mandal's Dwarkadas J. Sanghvi College of Engineering, Vile Parle,Mumbai",,319991210,Computer Science and Engineering(Data Science),State Level,TFWS,2853,98.3393328
03199,"Shri Vile Parle Kelvani Mandal's Dwarkadas J. Sanghvi College of Engineering, Vile Parle,Mumbai",,319992010,Computer Science and Engineering (Internet of Things and Cyber Security Including Block Chain,State Level,GOPENS,3770,97.8540978
03199,"Shri Vile Parle Kelvani Mandal's Dwarkadas J. Sanghvi College of Engineering, Vile Parle,Mumbai",,319992010,Computer Science and Engineering (Internet of Things and Cyber Security Including Block Chain,State Level,MI,11317,93.8349561
03199,"Shri Vile Parle Kelvani Mandal's Dwarkadas J. Sanghvi College of Engineering, Vile Parle,Mumbai",,319992110,Artificial Intelligence and Machine Learning,State Level,GOPENS,4028,97.6981613
03199,"Shri Vile Parle Kelvani Mandal's Dwarkadas J. Sanghvi College of Engineering, Vile Parle,Mumbai",,319992110,Artificial Intelligence and Machine Learning,State Level,LOPENS,4875,97.2642188
03199,"Shri Vile Parle Kelvani Mandal's Dwarkadas J. Sanghvi College of Engineering, Vile Parle,Mumbai",,319992110,Artificial Intelligence and Machine Learning,State Level,TFWS,4554,97.4311569
03200,"Hope Foundation and research center's  Finolex Academy of Management and Technology, Ratnagiri",,320050710,Chemical Engineering,State Level,"Legends:Start Character G-General, L-Ladies, End Character H-Home University, O-Other than Home University, S-State LevelS",107687,22.1694264
03200,"Hope Foundation and research center's  Finolex Academy of Management and Technology, Ratnagiri",,320061210,Mechanical Engineering,State Level,DEFOPENS,119607,5.5537174
03200,"Hope Foundation and research center's  Finolex Academy of Management and Technology, Ratnagiri",,320061210,Mechanical Engineering,State Level,I-NonS,122527,0.2490779
03201,"Rizvi Education Society's Rizvi College of Engineering, Bandra,Mumbai",,320119110,Civil Engineering,State Level,"Legends:Start Character G-General, L-Ladies, End Character H-Home University, O-Other than Home University, S-State LevelS",110652,18.3037194
03201,"Rizvi Education Society's Rizvi College of Engineering, Bandra,Mumbai",,320119110,Civil Engineering,State Level,Maharashtra State Seats - Cut Off Indicates State General Merit No. ; Figures in bracket Indicates MHT-CET PCM PercentileS,51756,70.9263207
03201,"Rizvi Education Society's Rizvi College of Engineering, Bandra,Mumbai",,320124510,Computer Engineering,State Level,MI,32782,82.3797757
03201,"Rizvi Education Society's Rizvi College of Engineering, Bandra,Mumbai",,320161210,Mechanical Engineering,State Level,"Legends:Start Character G-General, L-Ladies, End Character H-Home University, O-Other than Home University, S-State LevelS",122246,0.8745505
03201,"Rizvi Education Society's Rizvi College of Engineering, Bandra,Mumbai",,320190010,Electronics and Computer Science,State Level,"Legends:Start Character G-General, L-Ladies, End Character H-Home University, O-Other than Home University, S-State LevelS",40692,77.8495773
03201,"Rizvi Education Society's Rizvi College of Engineering, Bandra,Mumbai",,320199510,Artificial Intelligence and Data Science,State Level,"Legends:Start Character G-General, L-Ladies, End Character H-Home University, O-Other than Home University, S-State LevelS",39324,78.3504176
03202,Rajendra Mane College of Engineering & Technology  Ambav Deorukh,,320224510,Computer Engineering,State Level,"Legends:Start Character G-General, L-Ladies, End Character H-Home University, O-Other than Home University, S-State LevelS",77889,51.6740911
03203,"Atharva College of Engineering,Malad(West),Mumbai",,320324510,Computer Engineering,State Level,"Legends:Start Character G-General, L-Ladies, End Character H-Home University, O-Other than Home University, S-State LevelS",28524,84.6390824
03203,"Atharva College of Engineering,Malad(West),Mumbai",,320324610,Information Technology,State Level,"Legends:Start Character G-General, L-Ladies, End Character H-Home University, O-Other than Home University, S-State LevelS",11710,93.6527455
03203,"Atharva College of Engineering,Malad(West),Mumbai",,320324610,Information Technology,State Level,Maharashtra State Seats - Cut Off Indicates State General Merit No. ; Figures in bracket Indicates MHT-CET PCM PercentileS,31872,82.6809987
03203,"Atharva College of Engineering,Malad(West),Mumbai",,320324610,Information Technology,State Level,VIIS,18324,90.1338268
03203,"Atharva College of Engineering,Malad(West),Mumbai",,320329310,Electrical Engineering,State Level,"Legends:Start Character G-General, L-Ladies, End Character H-Home University, O-Other than Home University, S-State LevelS",116148,10.6465496
03203,"Atharva College of Engineering,Malad(West),Mumbai",,320329310,Electrical Engineering,State Level,I-NonS,53059,69.7082914
03203,"Atharva College of Engineering,Malad(West),Mumbai",,320337210,Electronics and Telecommunication Engg,State Level,"Legends:Start Character G-General, L-Ladies, End Character H-Home University, O-Other than Home University, S-State LevelS",33317,81.984042
03203,"Atharva College of Engineering,Malad(West),Mumbai",,320337210,Electronics and Telecommunication Engg,State Level,Maharashtra State Seats - Cut Off Indicates State General Merit No. ; Figures in bracket Indicates MHT-CET PCM PercentileS,55215,68.5714285
03203,"Atharva College of Engineering,Malad(West),Mumbai",,320390010,Electronics and Computer Science,State Level,"Legends:Start Character G-General, L-Ladies, End Character H-Home University, O-Other than Home University, S-State LevelS",45604,74.5211181
03204,"St. Francis Institute of Technology,Borivali, Mumbai",,320424510,Computer Engineering,State Level,"Legends:Start Character G-General, L-Ladies, End Character H-Home University, O-Other than Home University, S-State LevelS",31097,83.2284916
03204,"St. Francis Institute of Technology,Borivali, Mumbai",,320424610,Information Technology,State Level,"Legends:Start Character G-General, L-Ladies, End Character H-Home University, O-Other than Home University, S-State LevelS",50770,71.2367422
03204,"St. Francis Institute of Technology,Borivali, Mumbai",,320437210,Electronics and Telecommunication Engg,State Level,"Legends:Start Character G-General, L-Ladies, End Character H-Home University, O-Other than Home University, S-State LevelS",98751,32.2621925
03204,"St. Francis Institute of Technology,Borivali, Mumbai",,320437210,Electronics and Telecommunication Engg,State Level,Minority Seats Allotted to Maharashtra State Candidature CandidatesS,41990,76.9900203
03206,"S.S.P.M.'s College of Engineering, Kankavli",,320624510,Computer Engineering,State Level,"Legends:Start Character G-General, L-Ladies, End Character H-Home University, O-Other than Home University, S-State LevelS",26132,85.8567675
03206,"S.S.P.M.'s College of Engineering, Kankavli",,320624510,Computer Engineering,State Level,Maharashtra State Seats - Cut Off Indicates State General Merit No. ; Figures in bracket Indicates MHT-CET PCM PercentileS,56167,67.9791157
03206,"S.S.P.M.'s College of Engineering, Kankavli",,320629310,Electrical Engineering,State Level,"Legends:Start Character G-General, L-Ladies, End Character H-Home University, O-Other than Home University, S-State LevelS",111726,17.0051501
03206,"S.S.P.M.'s College of Engineering, Kankavli",,320661210,Mechanical Engineering,State Level,EWS,117063,9.5134004
03206,"S.S.P.M.'s College of Engineering, Kankavli",,320662410,Mechatronics Engineering,State Level,"Legends:Start Character G-General, L-Ladies, End Character H-Home University, O-Other than Home University, S-State LevelS",88967,42.3018437
03206,"S.S.P.M.'s College of Engineering, Kankavli",,320691110,Computer Science and Engineering(Artificial Intelligence and Machine Learning),State Level,EWS,71784,56.7650587
03207,"Mahatma Education Society's Pillai College of Engineering, New Panvel",,320724510,Computer Engineering,State Level,"Legends:Start Character G-General, L-Ladies, End Character H-Home University, O-Other than Home University, S-State LevelS",12843,93.0830039
03207,"Mahatma Education Society's Pillai College of Engineering, New Panvel",,320724510,Computer Engineering,State Level,Maharashtra State Seats - Cut Off Indicates State General Merit No. ; Figures in bracket Indicates MHT-CET PCM PercentileS,95716,35.6598862
03207,"Mahatma Education Society's Pillai College of Engineering, New Panvel",,320724510,Computer Engineering,State Level,MH,16211,91.2460306
03207,"Mahatma Education Society's Pillai College of Engineering, New Panvel",,320724610,Information Technology,State Level,GOPENS,16474,91.1038771
03207,"Mahatma Education Society's Pillai College of Engineering, New Panvel",,320724610,Information Technology,State Level,LOPENS,20270,89.082417
03207,"Mahatma Education Society's Pillai College of Engineering, New Panvel",,320724610,Information Technology,State Level,MH,20385,89.0325033
03207,"Mahatma Education Society's Pillai College of Engineering, New Panvel",,320737210,Electronics and Telecommunication Engg,State Level,GOPENS,34594,81.3782643
03207,"Mahatma Education Society's Pillai College of Engineering, New Panvel",,320737210,Electronics and Telecommunication Engg,State Level,LOPENS,44728,75.3508645
03207,"Mahatma Education Society's Pillai College of Engineering, New Panvel",,320737210,Electronics and Telecommunication Engg,State Level,MI,43427,75.8064516
03207,"Mahatma Education Society's Pillai College of Engineering, New Panvel",,320737210,Electronics and Telecommunication Engg,State Level,MH,48377,72.8897104
03207,"Mahatma Education Society's Pillai College of Engineering, New Panvel",,320760210,Automobile Engineering,State Level,GOPENS,90018,41.1873138
03207,"Mahatma Education Society's Pillai College of Engineering, New Panvel",,320760210,Automobile Engineering,State Level,MH,116583,10.4564832
03207,"Mahatma Education Society's Pillai College of Engineering, New Panvel",,320761210,Mechanical Engineering,State Level,"Legends:Start Character G-General, L-Ladies, End Character H-Home University, O-Other than Home University, S-State LevelS",52066,70.8665527
03207,"Mahatma Education Society's Pillai College of Engineering, New Panvel",,320761210,Mechanical Engineering,State Level,MH,115950,21.5201938
03207,"Mahatma Education Society's Pillai College of Engineering, New Panvel",,320790010,Electronics and Computer Science,State Level,MI,27926,84.9772018
03208,"Don Bosco Institute of Technology, Mumbai",,320824510,Computer Engineering,State Level,"Legends:Start Character G-General, L-Ladies, End Character H-Home University, O-Other than Home University, S-State LevelS",9666,94.7163569
03208,"Don Bosco Institute of Technology, Mumbai",,320824610,Information Technology,State Level,"Legends:Start Character G-General, L-Ladies, End Character H-Home University, O-Other than Home University, S-State LevelS",108928,20.3613489
03208,"Don Bosco Institute of Technology, Mumbai",,320824610,Information Technology,State Level,Maharashtra State Seats - Cut Off Indicates State General Merit No. ; Figures in bracket Indicates MHT-CET PCM PercentileS,8903,95.1315916
03209,K J Somaiya Institute of Technology,,320924510,Computer Engineering,State Level,"Legends:Start Character G-General, L-Ladies, End Character H-Home University, O-Other than Home University, S-State LevelS",6033,96.6258699
03209,K J Somaiya Institute of Technology,,320924510,Computer Engineering,State Level,Maharashtra State Seats - Cut Off Indicates State General Merit No. ; Figures in bracket Indicates MHT-CET PCM PercentileS,7976,95.6090182
03209,K J Somaiya Institute of Technology,,320924510,Computer Engineering,State Level,DS,21402,88.4908068
03209,K J Somaiya Institute of Technology,,320924510,Computer Engineering,State Level,State Common Entrance Test CellS,2893,98.3058086
03209,K J Somaiya Institute of Technology,,320924610,Information Technology,State Level,GOPENS,7593,95.8064205
03209,K J Somaiya Institute of Technology,,320924610,Information Technology,State Level,LOPENS,10004,94.5628072
03209,K J Somaiya Institute of Technology,,320924610,Information Technology,State Level,MI,22365,87.985064
03209,K J Somaiya Institute of Technology,,320924610,Information Technology,State Level,TFWS,4127,97.6403619
03209,K J Somaiya Institute of Technology,,320937210,Electronics and Telecommunication Engg,State Level,GOPENS,19469,89.5056923
03209,K J Somaiya Institute of Technology,,320937210,Electronics and Telecommunication Engg,State Level,LOPENS,15748,91.5164369
03209,K J Somaiya Institute of Technology,,320937210,Electronics and Telecommunication Engg,State Level,MI,107409,22.2500723
03209,K J Somaiya Institute of Technology,,320937210,Electronics and Telecommunication Engg,State Level,TFWS,12371,93.3189344
03209,K J Somaiya Institute of Technology,,320937210,Electronics and Telecommunication Engg,State Level,MH,20436,89.0325033
03209,K J Somaiya Institute of Technology,,320999510,Artificial Intelligence and Data Science,State Level,GOPENS,9755,94.6591943
03209,K J Somaiya Institute of Technology,,320999510,Artificial Intelligence and Data Science,State Level,LOPENS,11787,93.6035862
03209,K J Somaiya Institute of Technology,,320999510,Artificial Intelligence and Data Science,State Level,MI,24376,86.9162467
03210,"Excelsior Education Society's K.C. College of Engineering and Management Studies and Research, Kopri, Thane (E)",,321024510,Computer Engineering,State Level,"Legends:Start Character G-General, L-Ladies, End Character H-Home University, O-Other than Home University, S-State LevelS",40823,77.6308856
03210,"Excelsior Education Society's K.C. College of Engineering and Management Studies and Research, Kopri, Thane (E)",,321024510,Computer Engineering,State Level,Minority Seats Allotted to Maharashtra State Candidature CandidatesS,31868,82.6809987
03211,"S.I.E.S. Graduate School of Technology, Nerul, Navi Mumbai",,321124610,Information Technology,State Level,"Legends:Start Character G-General, L-Ladies, End Character H-Home University, O-Other than Home University, S-State LevelS",81647,48.2601391
03211,"S.I.E.S. Graduate School of Technology, Nerul, Navi Mumbai",,321192010,Computer Science and Engineering (Internet of Things and Cyber Security Including Block Chain,State Level,"Legends:Start Character G-General, L-Ladies, End Character H-Home University, O-Other than Home University, S-State LevelS",117911,8.3849292
03211,"S.I.E.S. Graduate School of Technology, Nerul, Navi Mumbai",,321192010,Computer Science and Engineering (Internet of Things and Cyber Security Including Block Chain,State Level,Minority Seats Allotted to Maharashtra State Candidature CandidatesS,24592,86.8356112
03214,"Xavier Institute Of Engineering C/O  Xavier Technical Institute,Mahim,Mumbai",,321424510,Computer Engineering,State Level,"Legends:Start Character G-General, L-Ladies, End Character H-Home University, O-Other than Home University, S-State LevelS",80403,49.4442605
03214,"Xavier Institute Of Engineering C/O  Xavier Technical Institute,Mahim,Mumbai",,321424610,Information Technology,State Level,"Legends:Start Character G-General, L-Ladies, End Character H-Home University, O-Other than Home University, S-State LevelS",120993,3.2788438
03214,"Xavier Institute Of Engineering C/O  Xavier Technical Institute,Mahim,Mumbai",,321424610,Information Technology,State Level,Minority Seats Allotted to Maharashtra State Candidature CandidatesS,16433,91.1115395
03214,"Xavier Institute Of Engineering C/O  Xavier Technical Institute,Mahim,Mumbai",,321437210,Electronics and Telecommunication Engg,State Level,"Legends:Start Character G-General, L-Ladies, End Character H-Home University, O-Other than Home University, S-State LevelS",31249,83.1650789
03214,"Xavier Institute Of Engineering C/O  Xavier Technical Institute,Mahim,Mumbai",,321437210,Electronics and Telecommunication Engg,State Level,Minority Seats Allotted to Maharashtra State Candidature CandidatesS,54128,69.3404295
03214,"Xavier Institute Of Engineering C/O  Xavier Technical Institute,Mahim,Mumbai",,321492010,Computer Science and Engineering (Internet of Things and Cyber Security Including Block Chain,State Level,"Legends:Start Character G-General, L-Ladies, End Character H-Home University, O-Other than Home University, S-State LevelS",100003,30.5619889
03214,"Xavier Institute Of Engineering C/O  Xavier Technical Institute,Mahim,Mumbai",,321492010,Computer Science and Engineering (Internet of Things and Cyber Security Including Block Chain,State Level,Maharashtra State Seats - Cut Off Indicates State General Merit No. ; Figures in bracket Indicates MHT-CET PCM PercentileS,12762,93.1330675
03214,"Xavier Institute Of Engineering C/O  Xavier Technical Institute,Mahim,Mumbai",,321492010,Computer Science and Engineering (Internet of Things and Cyber Security Including Block Chain,State Level,Minority Seats Allotted to Maharashtra State Candidature CandidatesS,23817,87.1226124
03215,"Bhartiya Vidya Bhavan's Sardar Patel Institute  of Technology , Andheri, Mumbai",,321524510,Computer Engineering,State Level,"Legends:Start Character G-General, L-Ladies, End Character H-Home University, O-Other than Home University, S-State LevelS",635,99.5506787
03215,"Bhartiya Vidya Bhavan's Sardar Patel Institute  of Technology , Andheri, Mumbai",,321524510,Computer Engineering,State Level,Maharashtra State Seats - Cut Off Indicates State General Merit No. ; Figures in bracket Indicates MHT-CET PCM PercentileS,1295,99.1691769
03215,"Bhartiya Vidya Bhavan's Sardar Patel Institute  of Technology , Andheri, Mumbai",,321524510,Computer Engineering,State Level,DS,897,99.3993283
03215,"Bhartiya Vidya Bhavan's Sardar Patel Institute  of Technology , Andheri, Mumbai",,321524510,Computer Engineering,State Level,State Common Entrance Test CellS,506,99.6298405
03215,"Bhartiya Vidya Bhavan's Sardar Patel Institute  of Technology , Andheri, Mumbai",,321524510,Computer Engineering,State Level,Cut Off List for Maharashtra & Minority Seats of CAP Round - III for the Admission to the First Year Under Graduate Technical Courses in Engineering and Technology (4 Years) &S,1283,99.1805649
03215,"Bhartiya Vidya Bhavan's Sardar Patel Institute  of Technology , Andheri, Mumbai",,321537210,Electronics and Telecommunication Engg,State Level,GOPENS,3083,98.2085548
03215,"Bhartiya Vidya Bhavan's Sardar Patel Institute  of Technology , Andheri, Mumbai",,321537210,Electronics and Telecommunication Engg,State Level,GSTS,80210,49.556541
03215,"Bhartiya Vidya Bhavan's Sardar Patel Institute  of Technology , Andheri, Mumbai",,321537210,Electronics and Telecommunication Engg,State Level,GOBCS,4489,97.4601522
03215,"Bhartiya Vidya Bhavan's Sardar Patel Institute  of Technology , Andheri, Mumbai",,321537210,Electronics and Telecommunication Engg,State Level,LOPENS,2932,98.2988025
03215,"Bhartiya Vidya Bhavan's Sardar Patel Institute  of Technology , Andheri, Mumbai",,321537210,Electronics and Telecommunication Engg,State Level,LSCS,14271,92.287017
03215,"Bhartiya Vidya Bhavan's Sardar Patel Institute  of Technology , Andheri, Mumbai",,321537210,Electronics and Telecommunication Engg,State Level,TFWS,1968,98.7986567
03215,"Bhartiya Vidya Bhavan's Sardar Patel Institute  of Technology , Andheri, Mumbai",,321537210,Electronics and Telecommunication Engg,State Level,ORPHAN,4659,97.3600644
03215,"Bhartiya Vidya Bhavan's Sardar Patel Institute  of Technology , Andheri, Mumbai",,321537210,Electronics and Telecommunication Engg,State Level,VIIS,3134,98.1731418
03215,"Bhartiya Vidya Bhavan's Sardar Patel Institute  of Technology , Andheri, Mumbai",,321591110,Computer Science and Engineering(Artificial Intelligence and Machine Learning),State Level,GOPENS,918,99.3878337
03215,"Bhartiya Vidya Bhavan's Sardar Patel Institute  of Technology , Andheri, Mumbai",,321591110,Computer Science and Engineering(Artificial Intelligence and Machine Learning),State Level,GOBCS,1402,99.117312
03215,"Bhartiya Vidya Bhavan's Sardar Patel Institute  of Technology , Andheri, Mumbai",,321591110,Computer Science and Engineering(Artificial Intelligence and Machine Learning),State Level,LOPENS,1079,99.2905453
03215,"Bhartiya Vidya Bhavan's Sardar Patel Institute  of Technology , Andheri, Mumbai",,321591110,Computer Science and Engineering(Artificial Intelligence and Machine Learning),State Level,TFWS,725,99.4995627
03215,"Bhartiya Vidya Bhavan's Sardar Patel Institute  of Technology , Andheri, Mumbai",,321591110,Computer Science and Engineering(Artificial Intelligence and Machine Learning),State Level,EWS,1870,98.8504095
03215,"Bhartiya Vidya Bhavan's Sardar Patel Institute  of Technology , Andheri, Mumbai",,321591210,Computer Science and Engineering(Data Science),State Level,GOPENS,1037,99.3109674
03215,"Bhartiya Vidya Bhavan's Sardar Patel Institute  of Technology , Andheri, Mumbai",,321591210,Computer Science and Engineering(Data Science),State Level,GOBCS,1468,99.0697001
03215,"Bhartiya Vidya Bhavan's Sardar Patel Institute  of Technology , Andheri, Mumbai",,321591210,Computer Science and Engineering(Data Science),State Level,LOPENS,1369,99.1344653
03215,"Bhartiya Vidya Bhavan's Sardar Patel Institute  of Technology , Andheri, Mumbai",,321591210,Computer Science and Engineering(Data Science),State Level,TFWS,772,99.4677817
03215,"Bhartiya Vidya Bhavan's Sardar Patel Institute  of Technology , Andheri, Mumbai",,321591210,Computer Science and Engineering(Data Science),State Level,EWS,2070,98.7549895
03216,"Gharda Foundation's Gharda Institute of Technology,Khed, Ratnagiri",,321619110,Civil Engineering,State Level,"Legends:Start Character G-General, L-Ladies, End Character H-Home University, O-Other than Home University, S-State LevelS",98915,32.2127079
03216,"Gharda Foundation's Gharda Institute of Technology,Khed, Ratnagiri",,321624510,Computer Engineering,State Level,DEFROBCS,102806,28.1605922
03216,"Gharda Foundation's Gharda Institute of Technology,Khed, Ratnagiri",,321691110,Computer Science and Engineering(Artificial Intelligence and Machine Learning),State Level,DEFOPENS,60241,65.2400587
03217,"Vighnaharata Trust's  Shivajirao S. Jondhale College of Engineering & Technology, Shahapur, Asangaon, Dist Thane",,321724510,Computer Engineering,State Level,"Legends:Start Character G-General, L-Ladies, End Character H-Home University, O-Other than Home University, S-State LevelS",45401,74.745321
03217,"Vighnaharata Trust's  Shivajirao S. Jondhale College of Engineering & Technology, Shahapur, Asangaon, Dist Thane",,321724510,Computer Engineering,State Level,I-NonS,37437,79.5386869
03217,"Vighnaharata Trust's  Shivajirao S. Jondhale College of Engineering & Technology, Shahapur, Asangaon, Dist Thane",,321737210,Electronics and Telecommunication Engg,State Level,"Legends:Start Character G-General, L-Ladies, End Character H-Home University, O-Other than Home University, S-State LevelS",108799,20.3613489
03218,"Aldel Education Trust's St. John College of Engineering & Management, Vevoor, Palghar",,321824610,Information Technology,State Level,MI,97167,33.5099087
03218,"Aldel Education Trust's St. John College of Engineering & Management, Vevoor, Palghar",,321824610,Information Technology,State Level,Minority Seats Allotted to Maharashtra State Candidature CandidatesS,47574,73.4437245
03218,"Aldel Education Trust's St. John College of Engineering & Management, Vevoor, Palghar",,321892110,Artificial Intelligence and Machine Learning,State Level,"Legends:Start Character G-General, L-Ladies, End Character H-Home University, O-Other than Home University, S-State LevelS",34790,81.0304563
03218,"Aldel Education Trust's St. John College of Engineering & Management, Vevoor, Palghar",,321892110,Artificial Intelligence and Machine Learning,State Level,Minority Seats Allotted to Maharashtra State Candidature CandidatesS,57671,66.8137813
03219,"Koti Vidya Charitable Trust's  Smt. Alamuri Ratnamala Institute of Engineering and Technology,  Sapgaon, Tal. Shahapur",,321924510,Computer Engineering,State Level,"Legends:Start Character G-General, L-Ladies, End Character H-Home University, O-Other than Home University, S-State LevelS",101405,29.2342823
03219,"Koti Vidya Charitable Trust's  Smt. Alamuri Ratnamala Institute of Engineering and Technology,  Sapgaon, Tal. Shahapur",,321924510,Computer Engineering,State Level,Minority Seats Allotted to Maharashtra State Candidature CandidatesS,77451,51.9313711
03219,"Koti Vidya Charitable Trust's  Smt. Alamuri Ratnamala Institute of Engineering and Technology,  Sapgaon, Tal. Shahapur",,321991110,Computer Science and Engineering(Artificial Intelligence and Machine Learning),State Level,"Legends:Start Character G-General, L-Ladies, End Character H-Home University, O-Other than Home University, S-State LevelS",122616,0.0284738
03219,"Koti Vidya Charitable Trust's  Smt. Alamuri Ratnamala Institute of Engineering and Technology,  Sapgaon, Tal. Shahapur",,321991110,Computer Science and Engineering(Artificial Intelligence and Machine Learning),State Level,Minority Seats Allotted to Maharashtra State Candidature CandidatesS,105635,24.8766135
03220,Yadavrao Tasgaonkar College of Engineering & Management,,322024510,Computer Engineering,State Level,"Legends:Start Character G-General, L-Ladies, End Character H-Home University, O-Other than Home University, S-State LevelS",120471,4.1980573
03220,Yadavrao Tasgaonkar College of Engineering & Management,,322024510,Computer Engineering,State Level,I-NonS,90338,39.8713522
03220,Yadavrao Tasgaonkar College of Engineering & Management,,322024610,Information Technology,State Level,"Legends:Start Character G-General, L-Ladies, End Character H-Home University, O-Other than Home University, S-State LevelS",106217,23.4829494
03220,Yadavrao Tasgaonkar College of Engineering & Management,,322024610,Information Technology,State Level,I-NonS,102800,28.1605922
03221,"Late Shri. Vishnu Waman Thakur Charitable Trust, Viva Institute of Technology, Shirgaon",,322124510,Computer Engineering,State Level,EWS,57036,67.2875491
03221,"Late Shri. Vishnu Waman Thakur Charitable Trust, Viva Institute of Technology, Shirgaon",,322137210,Electronics and Telecommunication Engg,State Level,"Legends:Start Character G-General, L-Ladies, End Character H-Home University, O-Other than Home University, S-State LevelS",94050,36.1623265
03221,"Late Shri. Vishnu Waman Thakur Charitable Trust, Viva Institute of Technology, Shirgaon",,322191110,Computer Science and Engineering(Artificial Intelligence and Machine Learning),State Level,"Legends:Start Character G-General, L-Ladies, End Character H-Home University, O-Other than Home University, S-State LevelS",44529,75.4846987
03221,"Late Shri. Vishnu Waman Thakur Charitable Trust, Viva Institute of Technology, Shirgaon",,322191110,Computer Science and Engineering(Artificial Intelligence and Machine Learning),State Level,Maharashtra State Seats - Cut Off Indicates State General Merit No. ; Figures in bracket Indicates MHT-CET PCM PercentileS,103340,26.9007793
03222,"Haji Jamaluddin Thim Trust's Theem College of Engineering, At. Villege Betegaon, Boisar",,322224510,Computer Engineering,State Level,"Legends:Start Character G-General, L-Ladies, End Character H-Home University, O-Other than Home University, S-State LevelS",103605,26.7890081
03222,"Haji Jamaluddin Thim Trust's Theem College of Engineering, At. Villege Betegaon, Boisar",,322224610,Information Technology,State Level,"Legends:Start Character G-General, L-Ladies, End Character H-Home University, O-Other than Home University, S-State LevelS",95822,35.6598862
03222,"Haji Jamaluddin Thim Trust's Theem College of Engineering, At. Villege Betegaon, Boisar",,322224610,Information Technology,State Level,Maharashtra State Seats - Cut Off Indicates State General Merit No. ; Figures in bracket Indicates MHT-CET PCM PercentileS,55822,68.2985361
03222,"Haji Jamaluddin Thim Trust's Theem College of Engineering, At. Villege Betegaon, Boisar",,322224610,Information Technology,State Level,Minority Seats Allotted to Maharashtra State Candidature CandidatesS,65560,61.4673542
03222,"Haji Jamaluddin Thim Trust's Theem College of Engineering, At. Villege Betegaon, Boisar",,322291110,Computer Science and Engineering(Artificial Intelligence and Machine Learning),State Level,"Legends:Start Character G-General, L-Ladies, End Character H-Home University, O-Other than Home University, S-State LevelS",77898,51.6740911
03222,"Haji Jamaluddin Thim Trust's Theem College of Engineering, At. Villege Betegaon, Boisar",,322291110,Computer Science and Engineering(Artificial Intelligence and Machine Learning),State Level,Minority Seats Allotted to Maharashtra State Candidature CandidatesS,118390,7.4458997
03224,"Leela Education Society, G.V. Acharya Institute of Engineering and Technology, Shelu, Karjat",,322424510,Computer Engineering,State Level,"Legends:Start Character G-General, L-Ladies, End Character H-Home University, O-Other than Home University, S-State LevelS",78578,51.2359011
03224,"Leela Education Society, G.V. Acharya Institute of Engineering and Technology, Shelu, Karjat",,322424510,Computer Engineering,State Level,I-NonS,57429,67.1125395
03224,"Leela Education Society, G.V. Acharya Institute of Engineering and Technology, Shelu, Karjat",,322491110,Computer Science and Engineering(Artificial Intelligence and Machine Learning),State Level,"Legends:Start Character G-General, L-Ladies, End Character H-Home University, O-Other than Home University, S-State LevelS",113061,14.9912318
03224,"Leela Education Society, G.V. Acharya Institute of Engineering and Technology, Shelu, Karjat",,322491110,Computer Science and Engineering(Artificial Intelligence and Machine Learning),State Level,I-NonS,110664,18.3037194
03224,"Leela Education Society, G.V. Acharya Institute of Engineering and Technology, Shelu, Karjat",,322492010,Computer Science and Engineering (Internet of Things and Cyber Security Including Block Chain,State Level,"Legends:Start Character G-General, L-Ladies, End Character H-Home University, O-Other than Home University, S-State LevelS",106872,23.121138
03224,"Leela Education Society, G.V. Acharya Institute of Engineering and Technology, Shelu, Karjat",,322492010,Computer Science and Engineering (Internet of Things and Cyber Security Including Block Chain,State Level,I-NonS,82494,48.1419882
03351,"Bharat College of Engineering, Kanhor, Badlapur(W)",,335124510,Computer Engineering,State Level,"Legends:Start Character G-General, L-Ladies, End Character H-Home University, O-Other than Home University, S-State LevelS",64568,61.9054461
03351,"Bharat College of Engineering, Kanhor, Badlapur(W)",,335124510,Computer Engineering,State Level,I-NonS,55976,67.9791157
03351,"Bharat College of Engineering, Kanhor, Badlapur(W)",,335191110,Computer Science and Engineering(Artificial Intelligence and Machine Learning),State Level,"Legends:Start Character G-General, L-Ladies, End Character H-Home University, O-Other than Home University, S-State LevelS",80847,49.0525702
03353,"Dilkap Research Institute Of Engineering and Management Studies, At.Mamdapur, Post- Neral, Tal- Karjat,  Mumbai",,335324510,Computer Engineering,State Level,"Legends:Start Character G-General, L-Ladies, End Character H-Home University, O-Other than Home University, S-State LevelS",41960,76.9900203
03353,"Dilkap Research Institute Of Engineering and Management Studies, At.Mamdapur, Post- Neral, Tal- Karjat,  Mumbai",,335324510,Computer Engineering,State Level,Maharashtra State Seats - Cut Off Indicates State General Merit No. ; Figures in bracket Indicates MHT-CET PCM PercentileS,84554,45.9187639
03353,"Dilkap Research Institute Of Engineering and Management Studies, At.Mamdapur, Post- Neral, Tal- Karjat,  Mumbai",,335324510,Computer Engineering,State Level,I-NonS,61960,64.0075195
03353,"Dilkap Research Institute Of Engineering and Management Studies, At.Mamdapur, Post- Neral, Tal- Karjat,  Mumbai",,335392110,Artificial Intelligence and Machine Learning,State Level,"Legends:Start Character G-General, L-Ladies, End Character H-Home University, O-Other than Home University, S-State LevelS",109126,20.232792
03353,"Dilkap Research Institute Of Engineering and Management Studies, At.Mamdapur, Post- Neral, Tal- Karjat,  Mumbai",,335392110,Artificial Intelligence and Machine Learning,State Level,I-NonS,113421,14.7866072
03423,"Shree L.R. Tiwari College of Engineering, Mira Road, Mumbai",,342324510,Computer Engineering,State Level,"Legends:Start Character G-General, L-Ladies, End Character H-Home University, O-Other than Home University, S-State LevelS",37397,79.5386869
03423,"Shree L.R. Tiwari College of Engineering, Mira Road, Mumbai",,342324610,Information Technology,State Level,"Legends:Start Character G-General, L-Ladies, End Character H-Home University, O-Other than Home University, S-State LevelS",43555,75.7886771
03423,"Shree L.R. Tiwari College of Engineering, Mira Road, Mumbai",,342337210,Electronics and Telecommunication Engg,State Level,"Legends:Start Character G-General, L-Ladies, End Character H-Home University, O-Other than Home University, S-State LevelS",69432,58.8006082
03423,"Shree L.R. Tiwari College of Engineering, Mira Road, Mumbai",,342361210,Mechanical Engineering,State Level,MI,109049,20.232792
03423,"Shree L.R. Tiwari College of Engineering, Mira Road, Mumbai",,342390010,Electronics and Computer Science,State Level,"Legends:Start Character G-General, L-Ladies, End Character H-Home University, O-Other than Home University, S-State LevelS",49109,72.6414198
03436,"B.R. Harne College of Engineering & Technology, Karav, Tal-Ambernath.",,343624510,Computer Engineering,State Level,"Legends:Start Character G-General, L-Ladies, End Character H-Home University, O-Other than Home University, S-State LevelS",75826,53.8866742
03439,"Anjuman-I-Islam's Kalsekar Technical Campus, Panvel",,343919110,Civil Engineering,State Level,"Legends:Start Character G-General, L-Ladies, End Character H-Home University, O-Other than Home University, S-State LevelS",64887,61.8814494
03439,"Anjuman-I-Islam's Kalsekar Technical Campus, Panvel",,343924510,Computer Engineering,State Level,MI,41221,77.1458362
03439,"Anjuman-I-Islam's Kalsekar Technical Campus, Panvel",,343924510,Computer Engineering,State Level,TFWS,15714,91.5409302
03439,"Anjuman-I-Islam's Kalsekar Technical Campus, Panvel",,343929310,Electrical Engineering,State Level,"Legends:Start Character G-General, L-Ladies, End Character H-Home University, O-Other than Home University, S-State LevelS",119457,5.5819534
03439,"Anjuman-I-Islam's Kalsekar Technical Campus, Panvel",,343961210,Mechanical Engineering,State Level,MI,121241,2.7133624
03439,"Anjuman-I-Islam's Kalsekar Technical Campus, Panvel",,343990010,Electronics and Computer Science,State Level,MI,50974,71.197687
03440,"Metropolitan Institute of Technology & Management, Sukhalwad, Sindhudurg.",,344024510,Computer Engineering,State Level,"Legends:Start Character G-General, L-Ladies, End Character H-Home University, O-Other than Home University, S-State LevelS",82280,48.1419882
03440,"Metropolitan Institute of Technology & Management, Sukhalwad, Sindhudurg.",,344037210,Electronics and Telecommunication Engg,State Level,EWS,109001,20.232792
03445,"Vishwatmak Jangli Maharaj Ashram Trust (Kokamthan), Atma Malik Institute Of Technology & Research",,344524510,Computer Engineering,State Level,"Legends:Start Character G-General, L-Ladies, End Character H-Home University, O-Other than Home University, S-State LevelS",39441,78.3496848
03445,"Vishwatmak Jangli Maharaj Ashram Trust (Kokamthan), Atma Malik Institute Of Technology & Research",,344537210,Electronics and Telecommunication Engg,State Level,"Legends:Start Character G-General, L-Ladies, End Character H-Home University, O-Other than Home University, S-State LevelS",92787,38.6417086
03460,"Universal College of Engineering,Kaman Dist. Palghar",,346024510,Computer Engineering,State Level,MI,108058,21.5067519
03460,"Universal College of Engineering,Kaman Dist. Palghar",,346024610,Information Technology,State Level,"Legends:Start Character G-General, L-Ladies, End Character H-Home University, O-Other than Home University, S-State LevelS",89649,41.7457305
03460,"Universal College of Engineering,Kaman Dist. Palghar",,346024610,Information Technology,State Level,Minority Seats Allotted to Maharashtra State Candidature CandidatesS,45492,74.745321
03460,"Universal College of Engineering,Kaman Dist. Palghar",,346092410,Data Engineering,State Level,"Legends:Start Character G-General, L-Ladies, End Character H-Home University, O-Other than Home University, S-State LevelS",103925,26.3140433
03460,"Universal College of Engineering,Kaman Dist. Palghar",,346092410,Data Engineering,State Level,Minority Seats Allotted to Maharashtra State Candidature CandidatesS,73298,55.257059
03465,"Ideal Institute of Technology, Wada, Dist.Thane",,346524510,Computer Engineering,State Level,"Legends:Start Character G-General, L-Ladies, End Character H-Home University, O-Other than Home University, S-State LevelS",119092,6.4853556
03465,"Ideal Institute of Technology, Wada, Dist.Thane",,346524510,Computer Engineering,State Level,Maharashtra State Seats - Cut Off Indicates State General Merit No. ; Figures in bracket Indicates MHT-CET PCM PercentileS,74180,54.5241174
03467,"Vishwaniketan's Institute of Management Entrepreneurship and Engineering Technology(i MEET), Khalapur Dist Raigad",,346724510,Computer Engineering,State Level,"Legends:Start Character G-General, L-Ladies, End Character H-Home University, O-Other than Home University, S-State LevelS",50720,71.2367422
03467,"Vishwaniketan's Institute of Management Entrepreneurship and Engineering Technology(i MEET), Khalapur Dist Raigad",,346729310,Electrical Engineering,State Level,EWS,115289,12.2020044
03467,"Vishwaniketan's Institute of Management Entrepreneurship and Engineering Technology(i MEET), Khalapur Dist Raigad",,346737210,Electronics and Telecommunication Engg,State Level,"Legends:Start Character G-General, L-Ladies, End Character H-Home University, O-Other than Home University, S-State LevelS",62920,63.5478045
03467,"Vishwaniketan's Institute of Management Entrepreneurship and Engineering Technology(i MEET), Khalapur Dist Raigad",,346761210,Mechanical Engineering,State Level,EWS,103154,27.3337429
03471,"New Horizon Institute of Technology & Management, Thane",,347125710,Computer Science and Design,State Level,"Legends:Start Character G-General, L-Ladies, End Character H-Home University, O-Other than Home University, S-State LevelS",86924,43.3167495
03471,"New Horizon Institute of Technology & Management, Thane",,347162410,Mechatronics Engineering,State Level,"Legends:Start Character G-General, L-Ladies, End Character H-Home University, O-Other than Home University, S-State LevelS",99165,32.1061359
03475,"A. P. Shah Institute of Technology, Thane",,347524510,Computer Engineering,State Level,"Legends:Start Character G-General, L-Ladies, End Character H-Home University, O-Other than Home University, S-State LevelS",105984,23.9542468
03475,"A. P. Shah Institute of Technology, Thane",,347524510,Computer Engineering,State Level,Maharashtra State Seats - Cut Off Indicates State General Merit No. ; Figures in bracket Indicates MHT-CET PCM PercentileS,12790,93.1330675
03475,"A. P. Shah Institute of Technology, Thane",,347524510,Computer Engineering,State Level,Minority Seats Allotted to Maharashtra State Candidature CandidatesS,23932,87.0728364
03477,"Chhartrapati Shivaji Maharaj Institute of Technology, Shedung, Panvel",,347724510,Computer Engineering,State Level,"Legends:Start Character G-General, L-Ladies, End Character H-Home University, O-Other than Home University, S-State LevelS",106377,23.4829494
03477,"Chhartrapati Shivaji Maharaj Institute of Technology, Shedung, Panvel",,347724510,Computer Engineering,State Level,Maharashtra State Seats - Cut Off Indicates State General Merit No. ; Figures in bracket Indicates MHT-CET PCM PercentileS,39873,78.1473584
03477,"Chhartrapati Shivaji Maharaj Institute of Technology, Shedung, Panvel",,347724510,Computer Engineering,State Level,DS,53242,69.6045087
03503,"Indala College Of Engineering, Bapsai Tal.Kalyan",,350324510,Computer Engineering,State Level,"Legends:Start Character G-General, L-Ladies, End Character H-Home University, O-Other than Home University, S-State LevelS",76736,52.4476185
03503,"Indala College Of Engineering, Bapsai Tal.Kalyan",,350324510,Computer Engineering,State Level,I-NonS,67168,60.0860804
03503,"Indala College Of Engineering, Bapsai Tal.Kalyan",,350324610,Information Technology,State Level,"Legends:Start Character G-General, L-Ladies, End Character H-Home University, O-Other than Home University, S-State LevelS",98425,32.3435843
03503,"Indala College Of Engineering, Bapsai Tal.Kalyan",,350324610,Information Technology,State Level,I-NonS,66070,60.7344231
03503,"Indala College Of Engineering, Bapsai Tal.Kalyan",,350324610,Information Technology,State Level,VIIS,77230,52.2301039
04004,"Government College of Engineering, Chandrapur",,400419110,Civil Engineering,State Level,"Legends:Start Character G-General, L-Ladies, End Character H-Home University, O-Other than Home University, S-State LevelS",93550,37.5478565
04004,"Government College of Engineering, Chandrapur",,400419110,Civil Engineering,State Level,Maharashtra State Seats - Cut Off Indicates State General Merit No. ; Figures in bracket Indicates MHT-CET PCM PercentileS,121131,2.8567374
04004,"Government College of Engineering, Chandrapur",,400419110,Civil Engineering,State Level,I-NonS,76818,52.4476185
04004,"Government College of Engineering, Chandrapur",,400424210,Computer Science and Engineering,State Level,"Legends:Start Character G-General, L-Ladies, End Character H-Home University, O-Other than Home University, S-State LevelS",22855,87.6299679
04004,"Government College of Engineering, Chandrapur",,400424210,Computer Science and Engineering,State Level,Maharashtra State Seats - Cut Off Indicates State General Merit No. ; Figures in bracket Indicates MHT-CET PCM PercentileS,33923,81.5143923
04004,"Government College of Engineering, Chandrapur",,400424210,Computer Science and Engineering,State Level,VIIS,22129,88.0916175
04004,"Government College of Engineering, Chandrapur",,400429310,Electrical Engineering,State Level,"Legends:Start Character G-General, L-Ladies, End Character H-Home University, O-Other than Home University, S-State LevelS",47930,72.9031949
04004,"Government College of Engineering, Chandrapur",,400429310,Electrical Engineering,State Level,Maharashtra State Seats - Cut Off Indicates State General Merit No. ; Figures in bracket Indicates MHT-CET PCM PercentileS,76191,53.7302794
04004,"Government College of Engineering, Chandrapur",,400429310,Electrical Engineering,State Level,I-NonS,39657,78.2814198
04004,"Government College of Engineering, Chandrapur",,400437210,Electronics and Telecommunication Engg,State Level,"Legends:Start Character G-General, L-Ladies, End Character H-Home University, O-Other than Home University, S-State LevelS",60747,64.7353734
04004,"Government College of Engineering, Chandrapur",,400437210,Electronics and Telecommunication Engg,State Level,I-NonS,33863,81.6296507
04004,"Government College of Engineering, Chandrapur",,400461210,Mechanical Engineering,State Level,"Legends:Start Character G-General, L-Ladies, End Character H-Home University, O-Other than Home University, S-State LevelS",84796,45.6704109
04004,"Government College of Engineering, Chandrapur",,400461210,Mechanical Engineering,State Level,Maharashtra State Seats - Cut Off Indicates State General Merit No. ; Figures in bracket Indicates MHT-CET PCM PercentileS,72075,56.5826603
04004,"Government College of Engineering, Chandrapur",,400461210,Mechanical Engineering,State Level,I-NonS,61339,64.0609282
04005,"Laxminarayan Institute of Technology, Nagpur",,400550710,Chemical Engineering,State Level,"Legends:Start Character G-General, L-Ladies, End Character H-Home University, O-Other than Home University, S-State LevelS",15254,91.8375279
04005,"Laxminarayan Institute of Technology, Nagpur",,400551010,Plastic and Polymer Technology,State Level,"Legends:Start Character G-General, L-Ladies, End Character H-Home University, O-Other than Home University, S-State LevelS",60500,64.886326
04005,"Laxminarayan Institute of Technology, Nagpur",,400552910,Oil Technology,State Level,DEFOPENS,43753,75.67388
04005,"Laxminarayan Institute of Technology, Nagpur",,400572910,Surface Coating Technology,State Level,EWS,113264,14.9316558
04025,"Government College of Engineering, Nagpur",,402519110,Civil Engineering,State Level,"Legends:Start Character G-General, L-Ladies, End Character H-Home University, O-Other than Home University, S-State LevelS",78568,51.2359011
04025,"Government College of Engineering, Nagpur",,402519110,Civil Engineering,State Level,Maharashtra State Seats - Cut Off Indicates State General Merit No. ; Figures in bracket Indicates MHT-CET PCM PercentileS,90492,39.8713522
04025,"Government College of Engineering, Nagpur",,402519110,Civil Engineering,State Level,I-NonS,22264,88.024958
04025,"Government College of Engineering, Nagpur",,402524210,Computer Science and Engineering,State Level,"Legends:Start Character G-General, L-Ladies, End Character H-Home University, O-Other than Home University, S-State LevelS",32159,82.59776
04025,"Government College of Engineering, Nagpur",,402524210,Computer Science and Engineering,State Level,Maharashtra State Seats - Cut Off Indicates State General Merit No. ; Figures in bracket Indicates MHT-CET PCM PercentileS,11322,93.8349561
04025,"Government College of Engineering, Nagpur",,402529310,Electrical Engineering,State Level,"Legends:Start Character G-General, L-Ladies, End Character H-Home University, O-Other than Home University, S-State LevelS",17742,90.4382847
04025,"Government College of Engineering, Nagpur",,402529310,Electrical Engineering,State Level,Maharashtra State Seats - Cut Off Indicates State General Merit No. ; Figures in bracket Indicates MHT-CET PCM PercentileS,54500,69.1685966
04025,"Government College of Engineering, Nagpur",,402537210,Electronics and Telecommunication Engg,State Level,"Legends:Start Character G-General, L-Ladies, End Character H-Home University, O-Other than Home University, S-State LevelS",24718,86.6223908
04025,"Government College of Engineering, Nagpur",,402561210,Mechanical Engineering,State Level,"Legends:Start Character G-General, L-Ladies, End Character H-Home University, O-Other than Home University, S-State LevelS",26526,85.6913808
04025,"Government College of Engineering, Nagpur",,402561210,Mechanical Engineering,State Level,Maharashtra State Seats - Cut Off Indicates State General Merit No. ; Figures in bracket Indicates MHT-CET PCM PercentileS,36815,79.8656107
04104,"Kavi Kulguru Institute of Technology & Science, Ramtek",,410419110,Civil Engineering,State Level,"Legends:Start Character G-General, L-Ladies, End Character H-Home University, O-Other than Home University, S-State LevelS",103433,26.7890081
04104,"Kavi Kulguru Institute of Technology & Science, Ramtek",,410424610,Information Technology,State Level,"Legends:Start Character G-General, L-Ladies, End Character H-Home University, O-Other than Home University, S-State LevelS",78643,51.1072039
04104,"Kavi Kulguru Institute of Technology & Science, Ramtek",,410425110,Computer Technology,State Level,"Legends:Start Character G-General, L-Ladies, End Character H-Home University, O-Other than Home University, S-State LevelS",113413,14.7866072
04104,"Kavi Kulguru Institute of Technology & Science, Ramtek",,410461210,Mechanical Engineering,State Level,DEFOPENS,92603,38.6417086
04115,"Shri Ramdeobaba College of Engineering and Management, Nagpur",,411519110,Civil Engineering,State Level,"Legends:Start Character G-General, L-Ladies, End Character H-Home University, O-Other than Home University, S-State LevelS",33030,81.9995261
04115,"Shri Ramdeobaba College of Engineering and Management, Nagpur",,411519110,Civil Engineering,State Level,Maharashtra State Seats - Cut Off Indicates State General Merit No. ; Figures in bracket Indicates MHT-CET PCM PercentileS,69700,57.9292585
04115,"Shri Ramdeobaba College of Engineering and Management, Nagpur",,411519110,Civil Engineering,State Level,DS,102048,28.6995083
04115,"Shri Ramdeobaba College of Engineering and Management, Nagpur",,411524210,Computer Science and Engineering,State Level,GOPENS,4509,97.4595952
04115,"Shri Ramdeobaba College of Engineering and Management, Nagpur",,411524210,Computer Science and Engineering,State Level,MI,11255,93.9121803
04115,"Shri Ramdeobaba College of Engineering and Management, Nagpur",,411524610,Information Technology,State Level,GOPENS,5695,96.8159203
04115,"Shri Ramdeobaba College of Engineering and Management, Nagpur",,411524610,Information Technology,State Level,MI,12848,93.0830039
04115,"Shri Ramdeobaba College of Engineering and Management, Nagpur",,411529310,Electrical Engineering,State Level,GOPENS,13903,92.5464629
04115,"Shri Ramdeobaba College of Engineering and Management, Nagpur",,411529310,Electrical Engineering,State Level,MI,53067,69.7082914
04115,"Shri Ramdeobaba College of Engineering and Management, Nagpur",,411529310,Electrical Engineering,State Level,TFWS,15613,91.586273
04115,"Shri Ramdeobaba College of Engineering and Management, Nagpur",,411537010,Electronics and Communication Engineering,State Level,"Legends:Start Character G-General, L-Ladies, End Character H-Home University, O-Other than Home University, S-State LevelS",11085,93.9764818
04115,"Shri Ramdeobaba College of Engineering and Management, Nagpur",,411537010,Electronics and Communication Engineering,State Level,Maharashtra State Seats - Cut Off Indicates State General Merit No. ; Figures in bracket Indicates MHT-CET PCM PercentileS,10639,94.2233079
04115,"Shri Ramdeobaba College of Engineering and Management, Nagpur",,411537010,Electronics and Communication Engineering,State Level,DS,37717,79.4751328
04115,"Shri Ramdeobaba College of Engineering and Management, Nagpur",,411537010,Electronics and Communication Engineering,State Level,State Common Entrance Test CellS,10212,94.4462825
04115,"Shri Ramdeobaba College of Engineering and Management, Nagpur",,411546110,Bio Medical Engineering,State Level,GOPENS,30778,83.3155184
04115,"Shri Ramdeobaba College of Engineering and Management, Nagpur",,411546110,Bio Medical Engineering,State Level,MH,46344,74.2260244
04115,"Shri Ramdeobaba College of Engineering and Management, Nagpur",,411561210,Mechanical Engineering,State Level,GOPENS,25313,86.3666603
04115,"Shri Ramdeobaba College of Engineering and Management, Nagpur",,411561210,Mechanical Engineering,State Level,LOPENS,42317,76.6964455
04115,"Shri Ramdeobaba College of Engineering and Management, Nagpur",,411561210,Mechanical Engineering,State Level,MI,66799,60.5043241
04115,"Shri Ramdeobaba College of Engineering and Management, Nagpur",,411561210,Mechanical Engineering,State Level,TFWS,7134,96.0722219
04115,"Shri Ramdeobaba College of Engineering and Management, Nagpur",,411590010,Electronics and Computer Science,State Level,GOPENS,11574,93.7421047
04115,"Shri Ramdeobaba College of Engineering and Management, Nagpur",,411590010,Electronics and Computer Science,State Level,LOPENS,16731,91.0449886
04115,"Shri Ramdeobaba College of Engineering and Management, Nagpur",,411591010,Computer Science and Engineering(Cyber Security),State Level,"Legends:Start Character G-General, L-Ladies, End Character H-Home University, O-Other than Home University, S-State LevelS",6762,96.2884411
04115,"Shri Ramdeobaba College of Engineering and Management, Nagpur",,411591010,Computer Science and Engineering(Cyber Security),State Level,Maharashtra State Seats - Cut Off Indicates State General Merit No. ; Figures in bracket Indicates MHT-CET PCM PercentileS,7112,96.0722219
04115,"Shri Ramdeobaba College of Engineering and Management, Nagpur",,411591110,Computer Science and Engineering(Artificial Intelligence and Machine Learning),State Level,GOPENS,5206,97.0632959
04115,"Shri Ramdeobaba College of Engineering and Management, Nagpur",,411591110,Computer Science and Engineering(Artificial Intelligence and Machine Learning),State Level,LOPENS,4714,97.3506119
04115,"Shri Ramdeobaba College of Engineering and Management, Nagpur",,411591110,Computer Science and Engineering(Artificial Intelligence and Machine Learning),State Level,MI,18299,90.1338268
04115,"Shri Ramdeobaba College of Engineering and Management, Nagpur",,411591210,Computer Science and Engineering(Data Science),State Level,GOPENS,5882,96.7270799
04115,"Shri Ramdeobaba College of Engineering and Management, Nagpur",,411591210,Computer Science and Engineering(Data Science),State Level,LOPENS,5098,97.1392429
04115,"Shri Ramdeobaba College of Engineering and Management, Nagpur",,411591210,Computer Science and Engineering(Data Science),State Level,MI,17863,90.3769698
04116,"Ankush Shikshan Sanstha's G.H.Raisoni College of Engineering, Nagpur",,411619110,Civil Engineering,State Level,"Legends:Start Character G-General, L-Ladies, End Character H-Home University, O-Other than Home University, S-State LevelS",81583,48.7700838
04116,"Ankush Shikshan Sanstha's G.H.Raisoni College of Engineering, Nagpur",,411619110,Civil Engineering,State Level,Maharashtra State Seats - Cut Off Indicates State General Merit No. ; Figures in bracket Indicates MHT-CET PCM PercentileS,118125,8.0762868
04116,"Ankush Shikshan Sanstha's G.H.Raisoni College of Engineering, Nagpur",,411619110,Civil Engineering,State Level,DS,70697,57.4413646
04116,"Ankush Shikshan Sanstha's G.H.Raisoni College of Engineering, Nagpur",,411619110,Civil Engineering,State Level,MH,96313,58.9443075
04116,"Ankush Shikshan Sanstha's G.H.Raisoni College of Engineering, Nagpur",,411624210,Computer Science and Engineering,State Level,GOPENS,11227,93.9121803
04116,"Ankush Shikshan Sanstha's G.H.Raisoni College of Engineering, Nagpur",,411624210,Computer Science and Engineering,State Level,LOPENS,12322,93.3513667
04116,"Ankush Shikshan Sanstha's G.H.Raisoni College of Engineering, Nagpur",,411624210,Computer Science and Engineering,State Level,MI,42542,76.5675144
04116,"Ankush Shikshan Sanstha's G.H.Raisoni College of Engineering, Nagpur",,411624210,Computer Science and Engineering,State Level,TFWS,8696,95.2797616
04116,"Ankush Shikshan Sanstha's G.H.Raisoni College of Engineering, Nagpur",,411624610,Information Technology,State Level,GOPENS,19754,89.3887863
04116,"Ankush Shikshan Sanstha's G.H.Raisoni College of Engineering, Nagpur",,411624610,Information Technology,State Level,LOPENS,14680,92.1444652
04116,"Ankush Shikshan Sanstha's G.H.Raisoni College of Engineering, Nagpur",,411624610,Information Technology,State Level,MI,56744,67.447284
04116,"Ankush Shikshan Sanstha's G.H.Raisoni College of Engineering, Nagpur",,411626010,Computer Science and Engineering (Cyber Security),State Level,LOPENS,24609,86.8356112
04116,"Ankush Shikshan Sanstha's G.H.Raisoni College of Engineering, Nagpur",,411626010,Computer Science and Engineering (Cyber Security),State Level,MI,91991,39.3128682
04116,"Ankush Shikshan Sanstha's G.H.Raisoni College of Engineering, Nagpur",,411626710,Computer Science and Engineering (IoT),State Level,"Legends:Start Character G-General, L-Ladies, End Character H-Home University, O-Other than Home University, S-State LevelS",26601,85.6827453
04116,"Ankush Shikshan Sanstha's G.H.Raisoni College of Engineering, Nagpur",,411626710,Computer Science and Engineering (IoT),State Level,Maharashtra State Seats - Cut Off Indicates State General Merit No. ; Figures in bracket Indicates MHT-CET PCM PercentileS,28738,84.3826019
04116,"Ankush Shikshan Sanstha's G.H.Raisoni College of Engineering, Nagpur",,411626710,Computer Science and Engineering (IoT),State Level,DS,110876,17.8380677
04116,"Ankush Shikshan Sanstha's G.H.Raisoni College of Engineering, Nagpur",,411629310,Electrical Engineering,State Level,GOPENS,53673,69.5290454
04116,"Ankush Shikshan Sanstha's G.H.Raisoni College of Engineering, Nagpur",,411629310,Electrical Engineering,State Level,LOPENS,51551,70.9370842
04116,"Ankush Shikshan Sanstha's G.H.Raisoni College of Engineering, Nagpur",,411629310,Electrical Engineering,State Level,MH,62218,63.7783399
04116,"Ankush Shikshan Sanstha's G.H.Raisoni College of Engineering, Nagpur",,411637210,Electronics and Telecommunication Engg,State Level,MI,100071,30.5619889
04116,"Ankush Shikshan Sanstha's G.H.Raisoni College of Engineering, Nagpur",,411637210,Electronics and Telecommunication Engg,State Level,TFWS,27513,85.0403264
04116,"Ankush Shikshan Sanstha's G.H.Raisoni College of Engineering, Nagpur",,411637210,Electronics and Telecommunication Engg,State Level,MH,27089,85.4043578
04116,"Ankush Shikshan Sanstha's G.H.Raisoni College of Engineering, Nagpur",,411637610,Electronics Engineering,State Level,GOPENS,48250,72.8974176
04116,"Ankush Shikshan Sanstha's G.H.Raisoni College of Engineering, Nagpur",,411637610,Electronics Engineering,State Level,LOPENS,42987,76.4889836
04116,"Ankush Shikshan Sanstha's G.H.Raisoni College of Engineering, Nagpur",,411637610,Electronics Engineering,State Level,MH,50317,71.6451268
04116,"Ankush Shikshan Sanstha's G.H.Raisoni College of Engineering, Nagpur",,411661210,Mechanical Engineering,State Level,"Legends:Start Character G-General, L-Ladies, End Character H-Home University, O-Other than Home University, S-State LevelS",44242,75.5619344
04116,"Ankush Shikshan Sanstha's G.H.Raisoni College of Engineering, Nagpur",,411661210,Mechanical Engineering,State Level,Maharashtra State Seats - Cut Off Indicates State General Merit No. ; Figures in bracket Indicates MHT-CET PCM PercentileS,71179,57.0638559
04116,"Ankush Shikshan Sanstha's G.H.Raisoni College of Engineering, Nagpur",,411661210,Mechanical Engineering,State Level,DS,119199,5.9143931
04116,"Ankush Shikshan Sanstha's G.H.Raisoni College of Engineering, Nagpur",,411661210,Mechanical Engineering,State Level,State Common Entrance Test CellS,71066,57.2112851
04116,"Ankush Shikshan Sanstha's G.H.Raisoni College of Engineering, Nagpur",,411661210,Mechanical Engineering,State Level,MH,64532,62.0823842
04116,"Ankush Shikshan Sanstha's G.H.Raisoni College of Engineering, Nagpur",,411691110,Computer Science and Engineering(Artificial Intelligence and Machine Learning),State Level,GOPENS,22218,88.0563059
04116,"Ankush Shikshan Sanstha's G.H.Raisoni College of Engineering, Nagpur",,411691110,Computer Science and Engineering(Artificial Intelligence and Machine Learning),State Level,MI,67620,59.7201871
04116,"Ankush Shikshan Sanstha's G.H.Raisoni College of Engineering, Nagpur",,411691310,Computer Science and Engineering (Artificial Intelligence),State Level,GOPENS,24076,87.0274997
04116,"Ankush Shikshan Sanstha's G.H.Raisoni College of Engineering, Nagpur",,411691310,Computer Science and Engineering (Artificial Intelligence),State Level,MI,50532,71.4470469
04116,"Ankush Shikshan Sanstha's G.H.Raisoni College of Engineering, Nagpur",,411691710,Data Science,State Level,GOPENS,22904,87.6299679
04116,"Ankush Shikshan Sanstha's G.H.Raisoni College of Engineering, Nagpur",,411691710,Data Science,State Level,LOPENS,33041,81.9995261
04116,"Ankush Shikshan Sanstha's G.H.Raisoni College of Engineering, Nagpur",,411691710,Data Science,State Level,MI,94124,36.1623265
04116,"Ankush Shikshan Sanstha's G.H.Raisoni College of Engineering, Nagpur",,411691710,Data Science,State Level,TFWS,16370,91.1518646
04116,"Ankush Shikshan Sanstha's G.H.Raisoni College of Engineering, Nagpur",,411699710,Artificial Intelligence,State Level,"Legends:Start Character G-General, L-Ladies, End Character H-Home University, O-Other than Home University, S-State LevelS",30490,83.4045178
04116,"Ankush Shikshan Sanstha's G.H.Raisoni College of Engineering, Nagpur",,411699710,Artificial Intelligence,State Level,Maharashtra State Seats - Cut Off Indicates State General Merit No. ; Figures in bracket Indicates MHT-CET PCM PercentileS,32343,82.424443
04116,"Ankush Shikshan Sanstha's G.H.Raisoni College of Engineering, Nagpur",,411699710,Artificial Intelligence,State Level,DS,103858,26.3140433
04116,"Ankush Shikshan Sanstha's G.H.Raisoni College of Engineering, Nagpur",,411699710,Artificial Intelligence,State Level,MH,32518,82.4069575
04118,"Bapurao Deshmukh College of Engineering, Sevagram",,411819110,Civil Engineering,State Level,"Legends:Start Character G-General, L-Ladies, End Character H-Home University, O-Other than Home University, S-State LevelS",118013,8.2596443
04118,"Bapurao Deshmukh College of Engineering, Sevagram",,411824510,Computer Engineering,State Level,"Legends:Start Character G-General, L-Ladies, End Character H-Home University, O-Other than Home University, S-State LevelS",81321,48.7700838
04118,"Bapurao Deshmukh College of Engineering, Sevagram",,411837210,Electronics and Telecommunication Engg,State Level,DEFOPENS,74399,54.1780657
04118,"Bapurao Deshmukh College of Engineering, Sevagram",,411837210,Electronics and Telecommunication Engg,State Level,I-NonS,57391,67.1125395
04118,"Bapurao Deshmukh College of Engineering, Sevagram",,411861210,Mechanical Engineering,State Level,"Legends:Start Character G-General, L-Ladies, End Character H-Home University, O-Other than Home University, S-State LevelS",88762,42.3018437
04123,"Lokmanya Tilak Jankalyan Shikshan Sanstha, Priyadarshani College of Engineering, Nagpur",,412300210,Aeronautical Engineering,State Level,"Legends:Start Character G-General, L-Ladies, End Character H-Home University, O-Other than Home University, S-State LevelS",46053,74.364085
04123,"Lokmanya Tilak Jankalyan Shikshan Sanstha, Priyadarshani College of Engineering, Nagpur",,412300210,Aeronautical Engineering,State Level,Minority Seats Allotted to Maharashtra State Candidature CandidatesS,69163,58.8113371
04123,"Lokmanya Tilak Jankalyan Shikshan Sanstha, Priyadarshani College of Engineering, Nagpur",,412324210,Computer Science and Engineering,State Level,"Legends:Start Character G-General, L-Ladies, End Character H-Home University, O-Other than Home University, S-State LevelS",72991,55.8823529
04123,"Lokmanya Tilak Jankalyan Shikshan Sanstha, Priyadarshani College of Engineering, Nagpur",,412324610,Information Technology,State Level,"Legends:Start Character G-General, L-Ladies, End Character H-Home University, O-Other than Home University, S-State LevelS",103873,26.3140433
04123,"Lokmanya Tilak Jankalyan Shikshan Sanstha, Priyadarshani College of Engineering, Nagpur",,412350710,Chemical Engineering,State Level,TFWS,61599,64.0172786
04123,"Lokmanya Tilak Jankalyan Shikshan Sanstha, Priyadarshani College of Engineering, Nagpur",,412350710,Chemical Engineering,State Level,Minority Seats Allotted to Maharashtra State Candidature CandidatesS,75751,53.8866742
04123,"Lokmanya Tilak Jankalyan Shikshan Sanstha, Priyadarshani College of Engineering, Nagpur",,412399510,Artificial Intelligence and Data Science,State Level,MI,119695,5.3930618
04123,"Lokmanya Tilak Jankalyan Shikshan Sanstha, Priyadarshani College of Engineering, Nagpur",,412399510,Artificial Intelligence and Data Science,State Level,Minority Seats Allotted to Maharashtra State Candidature CandidatesS,42859,76.4889836
04133,"Sanmarg Shikshan Sanstha's Smt. Radhikatai Pandav College of Engineering, Nagpur",,413319110,Civil Engineering,State Level,"Legends:Start Character G-General, L-Ladies, End Character H-Home University, O-Other than Home University, S-State LevelS",119753,5.3873489
04133,"Sanmarg Shikshan Sanstha's Smt. Radhikatai Pandav College of Engineering, Nagpur",,413324510,Computer Engineering,State Level,"Legends:Start Character G-General, L-Ladies, End Character H-Home University, O-Other than Home University, S-State LevelS",81675,48.2601391
04133,"Sanmarg Shikshan Sanstha's Smt. Radhikatai Pandav College of Engineering, Nagpur",,413324510,Computer Engineering,State Level,Maharashtra State Seats - Cut Off Indicates State General Merit No. ; Figures in bracket Indicates MHT-CET PCM PercentileS,111970,16.5815096
04133,"Sanmarg Shikshan Sanstha's Smt. Radhikatai Pandav College of Engineering, Nagpur",,413324510,Computer Engineering,State Level,I-NonS,76225,53.7302794
04133,"Sanmarg Shikshan Sanstha's Smt. Radhikatai Pandav College of Engineering, Nagpur",,413324510,Computer Engineering,State Level,VIIS,72963,55.8902921
04133,"Sanmarg Shikshan Sanstha's Smt. Radhikatai Pandav College of Engineering, Nagpur",,413329310,Electrical Engineering,State Level,"Legends:Start Character G-General, L-Ladies, End Character H-Home University, O-Other than Home University, S-State LevelS",101286,29.3331437
04133,"Sanmarg Shikshan Sanstha's Smt. Radhikatai Pandav College of Engineering, Nagpur",,413361210,Mechanical Engineering,State Level,"Legends:Start Character G-General, L-Ladies, End Character H-Home University, O-Other than Home University, S-State LevelS",121691,1.9342452
04134,"Guru Nanak Institute of Engineering & Technology,Kalmeshwar, Nagpur",,413424210,Computer Science and Engineering,State Level,"Legends:Start Character G-General, L-Ladies, End Character H-Home University, O-Other than Home University, S-State LevelS",42705,76.5571858
04134,"Guru Nanak Institute of Engineering & Technology,Kalmeshwar, Nagpur",,413424210,Computer Science and Engineering,State Level,Maharashtra State Seats - Cut Off Indicates State General Merit No. ; Figures in bracket Indicates MHT-CET PCM PercentileS,72476,56.3628587
04134,"Guru Nanak Institute of Engineering & Technology,Kalmeshwar, Nagpur",,413424210,Computer Science and Engineering,State Level,I-NonS,56303,67.7143135
04134,"Guru Nanak Institute of Engineering & Technology,Kalmeshwar, Nagpur",,413429310,Electrical Engineering,State Level,"Legends:Start Character G-General, L-Ladies, End Character H-Home University, O-Other than Home University, S-State LevelS",111879,16.7412669
04134,"Guru Nanak Institute of Engineering & Technology,Kalmeshwar, Nagpur",,413429310,Electrical Engineering,State Level,VIIS,121667,1.977456
04134,"Guru Nanak Institute of Engineering & Technology,Kalmeshwar, Nagpur",,413437210,Electronics and Telecommunication Engg,State Level,"Legends:Start Character G-General, L-Ladies, End Character H-Home University, O-Other than Home University, S-State LevelS",77740,51.6740911
04134,"Guru Nanak Institute of Engineering & Technology,Kalmeshwar, Nagpur",,413437210,Electronics and Telecommunication Engg,State Level,Maharashtra State Seats - Cut Off Indicates State General Merit No. ; Figures in bracket Indicates MHT-CET PCM PercentileS,107949,21.8821184
04134,"Guru Nanak Institute of Engineering & Technology,Kalmeshwar, Nagpur",,413437210,Electronics and Telecommunication Engg,State Level,I-NonS,83396,46.941483
04135,"Amar Seva Mandal's Shree Govindrao Vanjari College of Engineering &  Technology, Nagpur",,413519110,Civil Engineering,State Level,"Legends:Start Character G-General, L-Ladies, End Character H-Home University, O-Other than Home University, S-State LevelS",120777,3.5025356
04135,"Amar Seva Mandal's Shree Govindrao Vanjari College of Engineering &  Technology, Nagpur",,413524210,Computer Science and Engineering,State Level,"Legends:Start Character G-General, L-Ladies, End Character H-Home University, O-Other than Home University, S-State LevelS",63406,63.050238
04135,"Amar Seva Mandal's Shree Govindrao Vanjari College of Engineering &  Technology, Nagpur",,413524210,Computer Science and Engineering,State Level,Maharashtra State Seats - Cut Off Indicates State General Merit No. ; Figures in bracket Indicates MHT-CET PCM PercentileS,122232,0.9033722
04135,"Amar Seva Mandal's Shree Govindrao Vanjari College of Engineering &  Technology, Nagpur",,413524210,Computer Science and Engineering,State Level,I-NonS,70980,57.2112851
04135,"Amar Seva Mandal's Shree Govindrao Vanjari College of Engineering &  Technology, Nagpur",,413524210,Computer Science and Engineering,State Level,VIIS,74190,54.5241174
04135,"Amar Seva Mandal's Shree Govindrao Vanjari College of Engineering &  Technology, Nagpur",,413524610,Information Technology,State Level,"Legends:Start Character G-General, L-Ladies, End Character H-Home University, O-Other than Home University, S-State LevelS",86660,44.6471616
04135,"Amar Seva Mandal's Shree Govindrao Vanjari College of Engineering &  Technology, Nagpur",,413529310,Electrical Engineering,State Level,DEFOPENS,103890,26.3140433
04135,"Amar Seva Mandal's Shree Govindrao Vanjari College of Engineering &  Technology, Nagpur",,413529310,Electrical Engineering,State Level,I-NonS,93508,37.5478565
04135,"Amar Seva Mandal's Shree Govindrao Vanjari College of Engineering &  Technology, Nagpur",,413537210,Electronics and Telecommunication Engg,State Level,"Legends:Start Character G-General, L-Ladies, End Character H-Home University, O-Other than Home University, S-State LevelS",67819,59.6829046
04135,"Amar Seva Mandal's Shree Govindrao Vanjari College of Engineering &  Technology, Nagpur",,413561210,Mechanical Engineering,State Level,"Legends:Start Character G-General, L-Ladies, End Character H-Home University, O-Other than Home University, S-State LevelS",110300,18.840167
04136,"Lokmanya Tilak Jankalyan Shikshan Sastha, Priyadarshini J. L. College Of Engineering, Nagpur",,413619110,Civil Engineering,State Level,"Legends:Start Character G-General, L-Ladies, End Character H-Home University, O-Other than Home University, S-State LevelS",90616,39.6081812
04136,"Lokmanya Tilak Jankalyan Shikshan Sastha, Priyadarshini J. L. College Of Engineering, Nagpur",,413619110,Civil Engineering,State Level,Maharashtra State Seats - Cut Off Indicates State General Merit No. ; Figures in bracket Indicates MHT-CET PCM PercentileS,67896,59.6829046
04136,"Lokmanya Tilak Jankalyan Shikshan Sastha, Priyadarshini J. L. College Of Engineering, Nagpur",,413619110,Civil Engineering,State Level,MH,104318,25.8381109
04136,"Lokmanya Tilak Jankalyan Shikshan Sastha, Priyadarshini J. L. College Of Engineering, Nagpur",,413624210,Computer Science and Engineering,State Level,GOPENS,35306,80.8718313
04136,"Lokmanya Tilak Jankalyan Shikshan Sastha, Priyadarshini J. L. College Of Engineering, Nagpur",,413624210,Computer Science and Engineering,State Level,LOPENS,31072,83.2284916
04136,"Lokmanya Tilak Jankalyan Shikshan Sastha, Priyadarshini J. L. College Of Engineering, Nagpur",,413624210,Computer Science and Engineering,State Level,MI,111759,16.7412669
04136,"Lokmanya Tilak Jankalyan Shikshan Sastha, Priyadarshini J. L. College Of Engineering, Nagpur",,413624210,Computer Science and Engineering,State Level,MH,37589,79.5309168
04136,"Lokmanya Tilak Jankalyan Shikshan Sastha, Priyadarshini J. L. College Of Engineering, Nagpur",,413629310,Electrical Engineering,State Level,GOPENS,76143,53.7302794
04136,"Lokmanya Tilak Jankalyan Shikshan Sastha, Priyadarshini J. L. College Of Engineering, Nagpur",,413629310,Electrical Engineering,State Level,LOPENS,74717,54.1664697
04136,"Lokmanya Tilak Jankalyan Shikshan Sastha, Priyadarshini J. L. College Of Engineering, Nagpur",,413629310,Electrical Engineering,State Level,MH,80726,49.0525702
04136,"Lokmanya Tilak Jankalyan Shikshan Sastha, Priyadarshini J. L. College Of Engineering, Nagpur",,413637210,Electronics and Telecommunication Engg,State Level,GOPENS,57225,67.2875491
04136,"Lokmanya Tilak Jankalyan Shikshan Sastha, Priyadarshini J. L. College Of Engineering, Nagpur",,413637210,Electronics and Telecommunication Engg,State Level,LOPENS,48873,72.7060426
04136,"Lokmanya Tilak Jankalyan Shikshan Sastha, Priyadarshini J. L. College Of Engineering, Nagpur",,413637210,Electronics and Telecommunication Engg,State Level,MI,89640,41.7457305
04136,"Lokmanya Tilak Jankalyan Shikshan Sastha, Priyadarshini J. L. College Of Engineering, Nagpur",,413637210,Electronics and Telecommunication Engg,State Level,MH,60892,64.7353734
04136,"Lokmanya Tilak Jankalyan Shikshan Sastha, Priyadarshini J. L. College Of Engineering, Nagpur",,413699710,Artificial Intelligence,State Level,"Legends:Start Character G-General, L-Ladies, End Character H-Home University, O-Other than Home University, S-State LevelS",47327,73.5739966
04136,"Lokmanya Tilak Jankalyan Shikshan Sastha, Priyadarshini J. L. College Of Engineering, Nagpur",,413699710,Artificial Intelligence,State Level,Maharashtra State Seats - Cut Off Indicates State General Merit No. ; Figures in bracket Indicates MHT-CET PCM PercentileS,43671,75.67388
04136,"Lokmanya Tilak Jankalyan Shikshan Sastha, Priyadarshini J. L. College Of Engineering, Nagpur",,413699710,Artificial Intelligence,State Level,DS,91385,39.4227966
04136,"Lokmanya Tilak Jankalyan Shikshan Sastha, Priyadarshini J. L. College Of Engineering, Nagpur",,413699710,Artificial Intelligence,State Level,MH,49301,72.5765063
04137,"Sir Shantilal Badjate Charitable Trust's S. B. Jain Institute of technology, Management & Research, Nagpur",,413724210,Computer Science and Engineering,State Level,"Legends:Start Character G-General, L-Ladies, End Character H-Home University, O-Other than Home University, S-State LevelS",26861,85.606492
04137,"Sir Shantilal Badjate Charitable Trust's S. B. Jain Institute of technology, Management & Research, Nagpur",,413724210,Computer Science and Engineering,State Level,Maharashtra State Seats - Cut Off Indicates State General Merit No. ; Figures in bracket Indicates MHT-CET PCM PercentileS,30972,83.2493822
04137,"Sir Shantilal Badjate Charitable Trust's S. B. Jain Institute of technology, Management & Research, Nagpur",,413724210,Computer Science and Engineering,State Level,DS,110944,17.8380677
04137,"Sir Shantilal Badjate Charitable Trust's S. B. Jain Institute of technology, Management & Research, Nagpur",,413724210,Computer Science and Engineering,State Level,MH,33590,81.7575556
04137,"Sir Shantilal Badjate Charitable Trust's S. B. Jain Institute of technology, Management & Research, Nagpur",,413726310,Artificial Intelligence (AI) and Data Science,State Level,GOPENS,34833,80.9298585
04137,"Sir Shantilal Badjate Charitable Trust's S. B. Jain Institute of technology, Management & Research, Nagpur",,413726310,Artificial Intelligence (AI) and Data Science,State Level,LOPENS,41363,77.0895594
04137,"Sir Shantilal Badjate Charitable Trust's S. B. Jain Institute of technology, Management & Research, Nagpur",,413726310,Artificial Intelligence (AI) and Data Science,State Level,MH,51528,70.9370842
04137,"Sir Shantilal Badjate Charitable Trust's S. B. Jain Institute of technology, Management & Research, Nagpur",,413729310,Electrical Engineering,State Level,GOPENS,64130,62.3799839
04137,"Sir Shantilal Badjate Charitable Trust's S. B. Jain Institute of technology, Management & Research, Nagpur",,413729310,Electrical Engineering,State Level,MH,67078,60.5043241
04137,"Sir Shantilal Badjate Charitable Trust's S. B. Jain Institute of technology, Management & Research, Nagpur",,413737210,Electronics and Telecommunication Engg,State Level,GOPENS,56363,67.7143135
04137,"Sir Shantilal Badjate Charitable Trust's S. B. Jain Institute of technology, Management & Research, Nagpur",,413737210,Electronics and Telecommunication Engg,State Level,LOPENS,54796,69.0394836
04137,"Sir Shantilal Badjate Charitable Trust's S. B. Jain Institute of technology, Management & Research, Nagpur",,413737210,Electronics and Telecommunication Engg,State Level,MH,58271,66.4465439
04137,"Sir Shantilal Badjate Charitable Trust's S. B. Jain Institute of technology, Management & Research, Nagpur",,413761210,Mechanical Engineering,State Level,"Legends:Start Character G-General, L-Ladies, End Character H-Home University, O-Other than Home University, S-State LevelS",94632,36.1480075
04137,"Sir Shantilal Badjate Charitable Trust's S. B. Jain Institute of technology, Management & Research, Nagpur",,413761210,Mechanical Engineering,State Level,Maharashtra State Seats - Cut Off Indicates State General Merit No. ; Figures in bracket Indicates MHT-CET PCM PercentileS,84644,45.9187639
04137,"Sir Shantilal Badjate Charitable Trust's S. B. Jain Institute of technology, Management & Research, Nagpur",,413761210,Mechanical Engineering,State Level,MH,88415,42.5186027
04137,"Sir Shantilal Badjate Charitable Trust's S. B. Jain Institute of technology, Management & Research, Nagpur",,413792110,Artificial Intelligence and Machine Learning,State Level,GOPENS,52248,70.7220669
04137,"Sir Shantilal Badjate Charitable Trust's S. B. Jain Institute of technology, Management & Research, Nagpur",,413792110,Artificial Intelligence and Machine Learning,State Level,MH,53132,69.7082914
04138,"Jaidev Education Society, J D College of Engineering and Management, Nagpur",,413819110,Civil Engineering,State Level,"Legends:Start Character G-General, L-Ladies, End Character H-Home University, O-Other than Home University, S-State LevelS",90806,39.6081812
04138,"Jaidev Education Society, J D College of Engineering and Management, Nagpur",,413819110,Civil Engineering,State Level,Maharashtra State Seats - Cut Off Indicates State General Merit No. ; Figures in bracket Indicates MHT-CET PCM PercentileS,90274,41.1873138
04138,"Jaidev Education Society, J D College of Engineering and Management, Nagpur",,413819110,Civil Engineering,State Level,DS,111964,16.5815096
04138,"Jaidev Education Society, J D College of Engineering and Management, Nagpur",,413819110,Civil Engineering,State Level,MH,115745,28.2901717
04138,"Jaidev Education Society, J D College of Engineering and Management, Nagpur",,413824210,Computer Science and Engineering,State Level,GOPENS,23951,87.0728364
04138,"Jaidev Education Society, J D College of Engineering and Management, Nagpur",,413824210,Computer Science and Engineering,State Level,LOPENS,35801,80.5501725
04138,"Jaidev Education Society, J D College of Engineering and Management, Nagpur",,413824210,Computer Science and Engineering,State Level,MH,37672,79.4751328
04138,"Jaidev Education Society, J D College of Engineering and Management, Nagpur",,413824610,Information Technology,State Level,GOPENS,49397,72.5765063
04138,"Jaidev Education Society, J D College of Engineering and Management, Nagpur",,413824610,Information Technology,State Level,LOPENS,38229,79.1656813
04138,"Jaidev Education Society, J D College of Engineering and Management, Nagpur",,413824610,Information Technology,State Level,MH,52945,70.0988506
04138,"Jaidev Education Society, J D College of Engineering and Management, Nagpur",,413829310,Electrical Engineering,State Level,GOPENS,75029,54.124615
04138,"Jaidev Education Society, J D College of Engineering and Management, Nagpur",,413829310,Electrical Engineering,State Level,MI,80981,48.9390238
04138,"Jaidev Education Society, J D College of Engineering and Management, Nagpur",,413829310,Electrical Engineering,State Level,MH,85611,44.986801
04138,"Jaidev Education Society, J D College of Engineering and Management, Nagpur",,413837210,Electronics and Telecommunication Engg,State Level,"Legends:Start Character G-General, L-Ladies, End Character H-Home University, O-Other than Home University, S-State LevelS",61677,64.0172786
04138,"Jaidev Education Society, J D College of Engineering and Management, Nagpur",,413837210,Electronics and Telecommunication Engg,State Level,Maharashtra State Seats - Cut Off Indicates State General Merit No. ; Figures in bracket Indicates MHT-CET PCM PercentileS,63244,63.088298
04138,"Jaidev Education Society, J D College of Engineering and Management, Nagpur",,413837210,Electronics and Telecommunication Engg,State Level,DS,71840,56.7650587
04138,"Jaidev Education Society, J D College of Engineering and Management, Nagpur",,413837210,Electronics and Telecommunication Engg,State Level,MH,68406,61.3931137
04138,"Jaidev Education Society, J D College of Engineering and Management, Nagpur",,413861210,Mechanical Engineering,State Level,GOPENS,91100,39.5925136
04138,"Jaidev Education Society, J D College of Engineering and Management, Nagpur",,413861210,Mechanical Engineering,State Level,LOPENS,89826,41.4815869
04138,"Jaidev Education Society, J D College of Engineering and Management, Nagpur",,413861210,Mechanical Engineering,State Level,MH,100868,29.3528763
04138,"Jaidev Education Society, J D College of Engineering and Management, Nagpur",,413891210,Computer Science and Engineering(Data Science),State Level,GOPENS,56488,67.4824177
04138,"Jaidev Education Society, J D College of Engineering and Management, Nagpur",,413891210,Computer Science and Engineering(Data Science),State Level,MH,58445,66.2395008
04138,"Jaidev Education Society, J D College of Engineering and Management, Nagpur",,413899710,Artificial Intelligence,State Level,GOPENS,60145,65.2400587
04138,"Jaidev Education Society, J D College of Engineering and Management, Nagpur",,413899710,Artificial Intelligence,State Level,LOPENS,64332,62.0823842
04138,"Jaidev Education Society, J D College of Engineering and Management, Nagpur",,413899710,Artificial Intelligence,State Level,MI,55569,68.3772406
04138,"Jaidev Education Society, J D College of Engineering and Management, Nagpur",,413899710,Artificial Intelligence,State Level,MH,64403,62.0823842
04139,"Samridhi Sarwajanik Charitable Trust, Jhulelal Institute of Technology, Nagpur",,413924210,Computer Science and Engineering,State Level,"Legends:Start Character G-General, L-Ladies, End Character H-Home University, O-Other than Home University, S-State LevelS",90666,39.6081812
04139,"Samridhi Sarwajanik Charitable Trust, Jhulelal Institute of Technology, Nagpur",,413924210,Computer Science and Engineering,State Level,Minority Seats Allotted to Maharashtra State Candidature CandidatesS,58599,66.2395008
04141,"Shriram Gram Vikas Shikshan Sanstha, Vilasrao Deshmukh College of Engineering and Technology, Nagpur",,414124510,Computer Engineering,State Level,"Legends:Start Character G-General, L-Ladies, End Character H-Home University, O-Other than Home University, S-State LevelS",80013,49.556541
04141,"Shriram Gram Vikas Shikshan Sanstha, Vilasrao Deshmukh College of Engineering and Technology, Nagpur",,414124510,Computer Engineering,State Level,Maharashtra State Seats - Cut Off Indicates State General Merit No. ; Figures in bracket Indicates MHT-CET PCM PercentileS,115357,12.2020044
04141,"Shriram Gram Vikas Shikshan Sanstha, Vilasrao Deshmukh College of Engineering and Technology, Nagpur",,414124510,Computer Engineering,State Level,I-NonS,99638,31.7734581
04141,"Shriram Gram Vikas Shikshan Sanstha, Vilasrao Deshmukh College of Engineering and Technology, Nagpur",,414199510,Artificial Intelligence and Data Science,State Level,DEFOPENS,55354,68.5714285
04141,"Shriram Gram Vikas Shikshan Sanstha, Vilasrao Deshmukh College of Engineering and Technology, Nagpur",,414199510,Artificial Intelligence and Data Science,State Level,TFWS,81043,48.9390238
04141,"Shriram Gram Vikas Shikshan Sanstha, Vilasrao Deshmukh College of Engineering and Technology, Nagpur",,414199510,Artificial Intelligence and Data Science,State Level,I-NonS,95459,35.6983743
04142,"Ankush Shikshan Sanstha's G. H. Raisoni Institute of Engineering & Technology, Nagpur",,414219110,Civil Engineering,State Level,"Legends:Start Character G-General, L-Ladies, End Character H-Home University, O-Other than Home University, S-State LevelS",104488,25.7906003
04142,"Ankush Shikshan Sanstha's G. H. Raisoni Institute of Engineering & Technology, Nagpur",,414219110,Civil Engineering,State Level,Maharashtra State Seats - Cut Off Indicates State General Merit No. ; Figures in bracket Indicates MHT-CET PCM PercentileS,77785,51.6740911
04142,"Ankush Shikshan Sanstha's G. H. Raisoni Institute of Engineering & Technology, Nagpur",,414219110,Civil Engineering,State Level,MH,122136,1.0849469
04142,"Ankush Shikshan Sanstha's G. H. Raisoni Institute of Engineering & Technology, Nagpur",,414224210,Computer Science and Engineering,State Level,GOPENS,26807,85.606492
04142,"Ankush Shikshan Sanstha's G. H. Raisoni Institute of Engineering & Technology, Nagpur",,414224210,Computer Science and Engineering,State Level,LOPENS,27902,84.9772018
04142,"Ankush Shikshan Sanstha's G. H. Raisoni Institute of Engineering & Technology, Nagpur",,414224210,Computer Science and Engineering,State Level,MI,74592,54.1780657
04142,"Ankush Shikshan Sanstha's G. H. Raisoni Institute of Engineering & Technology, Nagpur",,414224610,Information Technology,State Level,GOPENS,32822,82.3797757
04142,"Ankush Shikshan Sanstha's G. H. Raisoni Institute of Engineering & Technology, Nagpur",,414224610,Information Technology,State Level,LOPENS,32240,82.4407997
04142,"Ankush Shikshan Sanstha's G. H. Raisoni Institute of Engineering & Technology, Nagpur",,414224610,Information Technology,State Level,MI,98877,32.2127079
04142,"Ankush Shikshan Sanstha's G. H. Raisoni Institute of Engineering & Technology, Nagpur",,414224610,Information Technology,State Level,MH,34424,81.4005843
04142,"Ankush Shikshan Sanstha's G. H. Raisoni Institute of Engineering & Technology, Nagpur",,414229310,Electrical Engineering,State Level,GOPENS,65040,61.8814494
04142,"Ankush Shikshan Sanstha's G. H. Raisoni Institute of Engineering & Technology, Nagpur",,414229310,Electrical Engineering,State Level,LOPENS,58070,66.5894149
04142,"Ankush Shikshan Sanstha's G. H. Raisoni Institute of Engineering & Technology, Nagpur",,414229310,Electrical Engineering,State Level,MH,70229,57.6946774
04142,"Ankush Shikshan Sanstha's G. H. Raisoni Institute of Engineering & Technology, Nagpur",,414237210,Electronics and Telecommunication Engg,State Level,"Legends:Start Character G-General, L-Ladies, End Character H-Home University, O-Other than Home University, S-State LevelS",45839,74.5106403
04142,"Ankush Shikshan Sanstha's G. H. Raisoni Institute of Engineering & Technology, Nagpur",,414237210,Electronics and Telecommunication Engg,State Level,Maharashtra State Seats - Cut Off Indicates State General Merit No. ; Figures in bracket Indicates MHT-CET PCM PercentileS,67509,59.7201871
04142,"Ankush Shikshan Sanstha's G. H. Raisoni Institute of Engineering & Technology, Nagpur",,414237210,Electronics and Telecommunication Engg,State Level,MH,49948,71.9798416
04142,"Ankush Shikshan Sanstha's G. H. Raisoni Institute of Engineering & Technology, Nagpur",,414261210,Mechanical Engineering,State Level,GOPENS,80524,49.4442605
04142,"Ankush Shikshan Sanstha's G. H. Raisoni Institute of Engineering & Technology, Nagpur",,414261210,Mechanical Engineering,State Level,LOPENS,75154,54.124615
04142,"Ankush Shikshan Sanstha's G. H. Raisoni Institute of Engineering & Technology, Nagpur",,414261210,Mechanical Engineering,State Level,MH,91551,39.4227966
04142,"Ankush Shikshan Sanstha's G. H. Raisoni Institute of Engineering & Technology, Nagpur",,414291010,Computer Science and Engineering(Cyber Security),State Level,GOPENS,35564,80.6275908
04142,"Ankush Shikshan Sanstha's G. H. Raisoni Institute of Engineering & Technology, Nagpur",,414291010,Computer Science and Engineering(Cyber Security),State Level,LOPENS,34132,81.429386
04142,"Ankush Shikshan Sanstha's G. H. Raisoni Institute of Engineering & Technology, Nagpur",,414291010,Computer Science and Engineering(Cyber Security),State Level,MI,99718,31.5015186
04142,"Ankush Shikshan Sanstha's G. H. Raisoni Institute of Engineering & Technology, Nagpur",,414291010,Computer Science and Engineering(Cyber Security),State Level,TFWS,32026,82.59776
04142,"Ankush Shikshan Sanstha's G. H. Raisoni Institute of Engineering & Technology, Nagpur",,414291010,Computer Science and Engineering(Cyber Security),State Level,MH,43415,75.8471965
04142,"Ankush Shikshan Sanstha's G. H. Raisoni Institute of Engineering & Technology, Nagpur",,414291710,Data Science,State Level,GOPENS,35148,80.8718313
04142,"Ankush Shikshan Sanstha's G. H. Raisoni Institute of Engineering & Technology, Nagpur",,414291710,Data Science,State Level,LOPENS,34748,81.0304563
04142,"Ankush Shikshan Sanstha's G. H. Raisoni Institute of Engineering & Technology, Nagpur",,414291710,Data Science,State Level,MH,41954,76.9900203
04142,"Ankush Shikshan Sanstha's G. H. Raisoni Institute of Engineering & Technology, Nagpur",,414299710,Artificial Intelligence,State Level,"Legends:Start Character G-General, L-Ladies, End Character H-Home University, O-Other than Home University, S-State LevelS",35977,80.4540499
04142,"Ankush Shikshan Sanstha's G. H. Raisoni Institute of Engineering & Technology, Nagpur",,414299710,Artificial Intelligence,State Level,Maharashtra State Seats - Cut Off Indicates State General Merit No. ; Figures in bracket Indicates MHT-CET PCM PercentileS,35931,80.5336015
04142,"Ankush Shikshan Sanstha's G. H. Raisoni Institute of Engineering & Technology, Nagpur",,414299710,Artificial Intelligence,State Level,MH,40737,77.6308856
04143,"Sanmarg Shikshan Sanstha, Mandukarrao Pandav College of Engineering, Bhandara",,414324510,Computer Engineering,State Level,"Legends:Start Character G-General, L-Ladies, End Character H-Home University, O-Other than Home University, S-State LevelS",113944,13.7713294
04144,"Shri. Sai Shikshan Sanstha, Nagpur Institute of Technology, Nagpur",,414419110,Civil Engineering,State Level,DEFOPENS,122156,1.063022
04144,"Shri. Sai Shikshan Sanstha, Nagpur Institute of Technology, Nagpur",,414424210,Computer Science and Engineering,State Level,"Legends:Start Character G-General, L-Ladies, End Character H-Home University, O-Other than Home University, S-State LevelS",80935,49.0525702
04144,"Shri. Sai Shikshan Sanstha, Nagpur Institute of Technology, Nagpur",,414424610,Information Technology,State Level,"Legends:Start Character G-General, L-Ladies, End Character H-Home University, O-Other than Home University, S-State LevelS",67464,59.7201871
04144,"Shri. Sai Shikshan Sanstha, Nagpur Institute of Technology, Nagpur",,414424610,Information Technology,State Level,Maharashtra State Seats - Cut Off Indicates State General Merit No. ; Figures in bracket Indicates MHT-CET PCM PercentileS,87036,43.3051128
04144,"Shri. Sai Shikshan Sanstha, Nagpur Institute of Technology, Nagpur",,414424610,Information Technology,State Level,VIIS,69252,58.8113371
04144,"Shri. Sai Shikshan Sanstha, Nagpur Institute of Technology, Nagpur",,414429310,Electrical Engineering,State Level,"Legends:Start Character G-General, L-Ladies, End Character H-Home University, O-Other than Home University, S-State LevelS",92350,39.1582539
04144,"Shri. Sai Shikshan Sanstha, Nagpur Institute of Technology, Nagpur",,414429310,Electrical Engineering,State Level,I-NonS,88298,42.7946749
04144,"Shri. Sai Shikshan Sanstha, Nagpur Institute of Technology, Nagpur",,414461210,Mechanical Engineering,State Level,"Legends:Start Character G-General, L-Ladies, End Character H-Home University, O-Other than Home University, S-State LevelS",118710,6.9529361
04145,"Wainganga College of Engineering and Management, Dongargaon, Nagpur",,414519110,Civil Engineering,State Level,"Legends:Start Character G-General, L-Ladies, End Character H-Home University, O-Other than Home University, S-State LevelS",117984,8.2596443
04145,"Wainganga College of Engineering and Management, Dongargaon, Nagpur",,414524210,Computer Science and Engineering,State Level,"Legends:Start Character G-General, L-Ladies, End Character H-Home University, O-Other than Home University, S-State LevelS",68366,59.4192464
04145,"Wainganga College of Engineering and Management, Dongargaon, Nagpur",,414524210,Computer Science and Engineering,State Level,Maharashtra State Seats - Cut Off Indicates State General Merit No. ; Figures in bracket Indicates MHT-CET PCM PercentileS,94877,35.978039
04145,"Wainganga College of Engineering and Management, Dongargaon, Nagpur",,414524210,Computer Science and Engineering,State Level,I-NonS,63144,63.088298
04145,"Wainganga College of Engineering and Management, Dongargaon, Nagpur",,414529310,Electrical Engineering,State Level,"Legends:Start Character G-General, L-Ladies, End Character H-Home University, O-Other than Home University, S-State LevelS",112523,15.6956852
04145,"Wainganga College of Engineering and Management, Dongargaon, Nagpur",,414537210,Electronics and Telecommunication Engg,State Level,"Legends:Start Character G-General, L-Ladies, End Character H-Home University, O-Other than Home University, S-State LevelS",87735,42.8034319
04145,"Wainganga College of Engineering and Management, Dongargaon, Nagpur",,414561210,Mechanical Engineering,State Level,"Legends:Start Character G-General, L-Ladies, End Character H-Home University, O-Other than Home University, S-State LevelS",115736,11.3082039
04145,"Wainganga College of Engineering and Management, Dongargaon, Nagpur",,414561210,Mechanical Engineering,State Level,I-NonS,110328,18.840167
04145,"Wainganga College of Engineering and Management, Dongargaon, Nagpur",,414599510,Artificial Intelligence and Data Science,State Level,"Legends:Start Character G-General, L-Ladies, End Character H-Home University, O-Other than Home University, S-State LevelS",104526,25.7906003
04145,"Wainganga College of Engineering and Management, Dongargaon, Nagpur",,414599510,Artificial Intelligence and Data Science,State Level,I-NonS,76291,52.8246408
04147,"K.D.K. College of Engineering, Nagpur",,414719110,Civil Engineering,State Level,"Legends:Start Character G-General, L-Ladies, End Character H-Home University, O-Other than Home University, S-State LevelS",77811,51.6740911
04147,"K.D.K. College of Engineering, Nagpur",,414719110,Civil Engineering,State Level,I-NonS,76499,52.8246408
04147,"K.D.K. College of Engineering, Nagpur",,414724210,Computer Science and Engineering,State Level,"Legends:Start Character G-General, L-Ladies, End Character H-Home University, O-Other than Home University, S-State LevelS",31992,82.6733861
04147,"K.D.K. College of Engineering, Nagpur",,414724210,Computer Science and Engineering,State Level,Maharashtra State Seats - Cut Off Indicates State General Merit No. ; Figures in bracket Indicates MHT-CET PCM PercentileS,76538,52.8246408
04147,"K.D.K. College of Engineering, Nagpur",,414724210,Computer Science and Engineering,State Level,DS,57885,66.7931688
04147,"K.D.K. College of Engineering, Nagpur",,414724210,Computer Science and Engineering,State Level,VIIS,44551,75.4846987
04147,"K.D.K. College of Engineering, Nagpur",,414724610,Information Technology,State Level,EWS,64335,62.0823842
04147,"K.D.K. College of Engineering, Nagpur",,414729310,Electrical Engineering,State Level,"Legends:Start Character G-General, L-Ladies, End Character H-Home University, O-Other than Home University, S-State LevelS",71388,57.0638559
04147,"K.D.K. College of Engineering, Nagpur",,414729310,Electrical Engineering,State Level,I-NonS,61973,64.0075195
04147,"K.D.K. College of Engineering, Nagpur",,414737210,Electronics and Telecommunication Engg,State Level,"Legends:Start Character G-General, L-Ladies, End Character H-Home University, O-Other than Home University, S-State LevelS",81352,48.7700838
04147,"K.D.K. College of Engineering, Nagpur",,414737210,Electronics and Telecommunication Engg,State Level,VIIS,56678,67.4824177
04147,"K.D.K. College of Engineering, Nagpur",,414761210,Mechanical Engineering,State Level,"Legends:Start Character G-General, L-Ladies, End Character H-Home University, O-Other than Home University, S-State LevelS",109868,19.2567241
04147,"K.D.K. College of Engineering, Nagpur",,414761210,Mechanical Engineering,State Level,I-NonS,69283,58.8006082
04147,"K.D.K. College of Engineering, Nagpur",,414761210,Mechanical Engineering,State Level,VIIS,76890,52.4476185
04147,"K.D.K. College of Engineering, Nagpur",,414799510,Artificial Intelligence and Data Science,State Level,"Legends:Start Character G-General, L-Ladies, End Character H-Home University, O-Other than Home University, S-State LevelS",107383,22.2500723
04147,"K.D.K. College of Engineering, Nagpur",,414799510,Artificial Intelligence and Data Science,State Level,Maharashtra State Seats - Cut Off Indicates State General Merit No. ; Figures in bracket Indicates MHT-CET PCM PercentileS,67267,60.0860804
04151,"Vidarbha Bahu-Uddeshiya Shikshan Sanstha's Tulshiramji Gaikwad Patil College of Engineering & Technology, Nagpur",,415100210,Aeronautical Engineering,State Level,"Legends:Start Character G-General, L-Ladies, End Character H-Home University, O-Other than Home University, S-State LevelS",80555,49.4442605
04151,"Vidarbha Bahu-Uddeshiya Shikshan Sanstha's Tulshiramji Gaikwad Patil College of Engineering & Technology, Nagpur",,415100210,Aeronautical Engineering,State Level,Maharashtra State Seats - Cut Off Indicates State General Merit No. ; Figures in bracket Indicates MHT-CET PCM PercentileS,82384,48.1419882
04151,"Vidarbha Bahu-Uddeshiya Shikshan Sanstha's Tulshiramji Gaikwad Patil College of Engineering & Technology, Nagpur",,415100210,Aeronautical Engineering,State Level,DS,89899,41.4815869
04151,"Vidarbha Bahu-Uddeshiya Shikshan Sanstha's Tulshiramji Gaikwad Patil College of Engineering & Technology, Nagpur",,415100210,Aeronautical Engineering,State Level,State Common Entrance Test CellS,51155,71.197687
04151,"Vidarbha Bahu-Uddeshiya Shikshan Sanstha's Tulshiramji Gaikwad Patil College of Engineering & Technology, Nagpur",,415100210,Aeronautical Engineering,State Level,Cut Off List for Maharashtra & Minority Seats of CAP Round - III for the Admission to the First Year Under Graduate Technical Courses in Engineering and Technology (4 Years) &S,102493,28.4665226
04151,"Vidarbha Bahu-Uddeshiya Shikshan Sanstha's Tulshiramji Gaikwad Patil College of Engineering & Technology, Nagpur",,415100210,Aeronautical Engineering,State Level,Master of Engineering and Technology (Integrated 5 Years) Admissions A.Y. 2022-23S,95235,35.8351101
04151,"Vidarbha Bahu-Uddeshiya Shikshan Sanstha's Tulshiramji Gaikwad Patil College of Engineering & Technology, Nagpur",,415100210,Aeronautical Engineering,State Level,GOPENS,106965,22.9132251
04151,"Vidarbha Bahu-Uddeshiya Shikshan Sanstha's Tulshiramji Gaikwad Patil College of Engineering & Technology, Nagpur",,415100210,Aeronautical Engineering,State Level,GSCS,93936,36.7166438
04151,"Vidarbha Bahu-Uddeshiya Shikshan Sanstha's Tulshiramji Gaikwad Patil College of Engineering & Technology, Nagpur",,415100210,Aeronautical Engineering,State Level,I-NonS,85182,45.2718114
04151,"Vidarbha Bahu-Uddeshiya Shikshan Sanstha's Tulshiramji Gaikwad Patil College of Engineering & Technology, Nagpur",,415100210,Aeronautical Engineering,State Level,VIIS,85191,45.2718114
04151,"Vidarbha Bahu-Uddeshiya Shikshan Sanstha's Tulshiramji Gaikwad Patil College of Engineering & Technology, Nagpur",,415108210,Bio Technology,State Level,GOPENS,97805,32.5908894
04151,"Vidarbha Bahu-Uddeshiya Shikshan Sanstha's Tulshiramji Gaikwad Patil College of Engineering & Technology, Nagpur",,415108210,Bio Technology,State Level,GVJS,85974,44.9304271
04151,"Vidarbha Bahu-Uddeshiya Shikshan Sanstha's Tulshiramji Gaikwad Patil College of Engineering & Technology, Nagpur",,415108210,Bio Technology,State Level,LOPENS,102779,28.1605922
04151,"Vidarbha Bahu-Uddeshiya Shikshan Sanstha's Tulshiramji Gaikwad Patil College of Engineering & Technology, Nagpur",,415108210,Bio Technology,State Level,LSCS,100629,29.9372742
04151,"Vidarbha Bahu-Uddeshiya Shikshan Sanstha's Tulshiramji Gaikwad Patil College of Engineering & Technology, Nagpur",,415108210,Bio Technology,State Level,LOBCS,80782,49.0525702
04151,"Vidarbha Bahu-Uddeshiya Shikshan Sanstha's Tulshiramji Gaikwad Patil College of Engineering & Technology, Nagpur",,415108210,Bio Technology,State Level,I-NonS,91653,39.4196471
04151,"Vidarbha Bahu-Uddeshiya Shikshan Sanstha's Tulshiramji Gaikwad Patil College of Engineering & Technology, Nagpur",,415108210,Bio Technology,State Level,VIIS,102753,28.1605922
04151,"Vidarbha Bahu-Uddeshiya Shikshan Sanstha's Tulshiramji Gaikwad Patil College of Engineering & Technology, Nagpur",,415119110,Civil Engineering,State Level,GOPENS,121869,1.5443831
04151,"Vidarbha Bahu-Uddeshiya Shikshan Sanstha's Tulshiramji Gaikwad Patil College of Engineering & Technology, Nagpur",,415119110,Civil Engineering,State Level,LOPENS,103076,27.3337429
04151,"Vidarbha Bahu-Uddeshiya Shikshan Sanstha's Tulshiramji Gaikwad Patil College of Engineering & Technology, Nagpur",,415119110,Civil Engineering,State Level,LSCS,120910,3.3180507
04151,"Vidarbha Bahu-Uddeshiya Shikshan Sanstha's Tulshiramji Gaikwad Patil College of Engineering & Technology, Nagpur",,415119110,Civil Engineering,State Level,LNT1S,118807,6.8230277
04151,"Vidarbha Bahu-Uddeshiya Shikshan Sanstha's Tulshiramji Gaikwad Patil College of Engineering & Technology, Nagpur",,415119110,Civil Engineering,State Level,I-NonS,118524,7.0709457
04151,"Vidarbha Bahu-Uddeshiya Shikshan Sanstha's Tulshiramji Gaikwad Patil College of Engineering & Technology, Nagpur",,415119110,Civil Engineering,State Level,VIIS,119112,6.4853556
04151,"Vidarbha Bahu-Uddeshiya Shikshan Sanstha's Tulshiramji Gaikwad Patil College of Engineering & Technology, Nagpur",,415124210,Computer Science and Engineering,State Level,"Legends:Start Character G-General, L-Ladies, End Character H-Home University, O-Other than Home University, S-State LevelS",53945,69.3871747
04151,"Vidarbha Bahu-Uddeshiya Shikshan Sanstha's Tulshiramji Gaikwad Patil College of Engineering & Technology, Nagpur",,415124210,Computer Science and Engineering,State Level,Maharashtra State Seats - Cut Off Indicates State General Merit No. ; Figures in bracket Indicates MHT-CET PCM PercentileS,60584,64.886326
04151,"Vidarbha Bahu-Uddeshiya Shikshan Sanstha's Tulshiramji Gaikwad Patil College of Engineering & Technology, Nagpur",,415124210,Computer Science and Engineering,State Level,DS,108410,21.2317049
04151,"Vidarbha Bahu-Uddeshiya Shikshan Sanstha's Tulshiramji Gaikwad Patil College of Engineering & Technology, Nagpur",,415124210,Computer Science and Engineering,State Level,State Common Entrance Test CellS,58533,66.2395008
04151,"Vidarbha Bahu-Uddeshiya Shikshan Sanstha's Tulshiramji Gaikwad Patil College of Engineering & Technology, Nagpur",,415124210,Computer Science and Engineering,State Level,Cut Off List for Maharashtra & Minority Seats of CAP Round - III for the Admission to the First Year Under Graduate Technical Courses in Engineering and Technology (4 Years) &S,51090,71.197687
04151,"Vidarbha Bahu-Uddeshiya Shikshan Sanstha's Tulshiramji Gaikwad Patil College of Engineering & Technology, Nagpur",,415124210,Computer Science and Engineering,State Level,Master of Engineering and Technology (Integrated 5 Years) Admissions A.Y. 2022-23S,54489,69.1685966
04151,"Vidarbha Bahu-Uddeshiya Shikshan Sanstha's Tulshiramji Gaikwad Patil College of Engineering & Technology, Nagpur",,415124210,Computer Science and Engineering,State Level,GOPENS,54249,69.3404295
04151,"Vidarbha Bahu-Uddeshiya Shikshan Sanstha's Tulshiramji Gaikwad Patil College of Engineering & Technology, Nagpur",,415124210,Computer Science and Engineering,State Level,GSCS,41648,77.0666918
04151,"Vidarbha Bahu-Uddeshiya Shikshan Sanstha's Tulshiramji Gaikwad Patil College of Engineering & Technology, Nagpur",,415124210,Computer Science and Engineering,State Level,GSTS,66902,60.5043241
04151,"Vidarbha Bahu-Uddeshiya Shikshan Sanstha's Tulshiramji Gaikwad Patil College of Engineering & Technology, Nagpur",,415124210,Computer Science and Engineering,State Level,I-NonS,56504,67.4824177
04151,"Vidarbha Bahu-Uddeshiya Shikshan Sanstha's Tulshiramji Gaikwad Patil College of Engineering & Technology, Nagpur",,415124210,Computer Science and Engineering,State Level,I-NonS,48197,72.8974176
04151,"Vidarbha Bahu-Uddeshiya Shikshan Sanstha's Tulshiramji Gaikwad Patil College of Engineering & Technology, Nagpur",,415124610,Information Technology,State Level,GOPENS,63201,63.088298
04151,"Vidarbha Bahu-Uddeshiya Shikshan Sanstha's Tulshiramji Gaikwad Patil College of Engineering & Technology, Nagpur",,415124610,Information Technology,State Level,GSCS,68991,58.8113371
04151,"Vidarbha Bahu-Uddeshiya Shikshan Sanstha's Tulshiramji Gaikwad Patil College of Engineering & Technology, Nagpur",,415124610,Information Technology,State Level,GNT3S,89548,41.9139826
04151,"Vidarbha Bahu-Uddeshiya Shikshan Sanstha's Tulshiramji Gaikwad Patil College of Engineering & Technology, Nagpur",,415124610,Information Technology,State Level,GOBCS,64069,62.3799839
04151,"Vidarbha Bahu-Uddeshiya Shikshan Sanstha's Tulshiramji Gaikwad Patil College of Engineering & Technology, Nagpur",,415124610,Information Technology,State Level,LOPENS,61718,64.0172786
04151,"Vidarbha Bahu-Uddeshiya Shikshan Sanstha's Tulshiramji Gaikwad Patil College of Engineering & Technology, Nagpur",,415124610,Information Technology,State Level,LSCS,70063,57.7165019
04151,"Vidarbha Bahu-Uddeshiya Shikshan Sanstha's Tulshiramji Gaikwad Patil College of Engineering & Technology, Nagpur",,415124610,Information Technology,State Level,LOBCS,63427,63.050238
04151,"Vidarbha Bahu-Uddeshiya Shikshan Sanstha's Tulshiramji Gaikwad Patil College of Engineering & Technology, Nagpur",,415124610,Information Technology,State Level,DEFOPENS,61491,64.0609282
04151,"Vidarbha Bahu-Uddeshiya Shikshan Sanstha's Tulshiramji Gaikwad Patil College of Engineering & Technology, Nagpur",,415124610,Information Technology,State Level,I-NonS,61470,64.0609282
04151,"Vidarbha Bahu-Uddeshiya Shikshan Sanstha's Tulshiramji Gaikwad Patil College of Engineering & Technology, Nagpur",,415129310,Electrical Engineering,State Level,GOPENS,81704,48.2601391
04151,"Vidarbha Bahu-Uddeshiya Shikshan Sanstha's Tulshiramji Gaikwad Patil College of Engineering & Technology, Nagpur",,415129310,Electrical Engineering,State Level,GVJS,113404,14.7866072
04151,"Vidarbha Bahu-Uddeshiya Shikshan Sanstha's Tulshiramji Gaikwad Patil College of Engineering & Technology, Nagpur",,415129310,Electrical Engineering,State Level,GNT1S,84670,45.9187639
04151,"Vidarbha Bahu-Uddeshiya Shikshan Sanstha's Tulshiramji Gaikwad Patil College of Engineering & Technology, Nagpur",,415129310,Electrical Engineering,State Level,GOBCS,102330,28.4814025
04151,"Vidarbha Bahu-Uddeshiya Shikshan Sanstha's Tulshiramji Gaikwad Patil College of Engineering & Technology, Nagpur",,415129310,Electrical Engineering,State Level,I-NonS,82028,48.2193247
04151,"Vidarbha Bahu-Uddeshiya Shikshan Sanstha's Tulshiramji Gaikwad Patil College of Engineering & Technology, Nagpur",,415129310,Electrical Engineering,State Level,I-NonS,89688,41.4815869
04151,"Vidarbha Bahu-Uddeshiya Shikshan Sanstha's Tulshiramji Gaikwad Patil College of Engineering & Technology, Nagpur",,415129310,Electrical Engineering,State Level,VIIS,85726,44.9304271
04151,"Vidarbha Bahu-Uddeshiya Shikshan Sanstha's Tulshiramji Gaikwad Patil College of Engineering & Technology, Nagpur",,415137010,Electronics and Communication Engineering,State Level,GOPENS,72970,55.8902921
04151,"Vidarbha Bahu-Uddeshiya Shikshan Sanstha's Tulshiramji Gaikwad Patil College of Engineering & Technology, Nagpur",,415137010,Electronics and Communication Engineering,State Level,GSCS,77015,52.2301039
04151,"Vidarbha Bahu-Uddeshiya Shikshan Sanstha's Tulshiramji Gaikwad Patil College of Engineering & Technology, Nagpur",,415137010,Electronics and Communication Engineering,State Level,GOBCS,77680,51.6740911
04151,"Vidarbha Bahu-Uddeshiya Shikshan Sanstha's Tulshiramji Gaikwad Patil College of Engineering & Technology, Nagpur",,415137010,Electronics and Communication Engineering,State Level,LOPENS,83442,46.941483
04151,"Vidarbha Bahu-Uddeshiya Shikshan Sanstha's Tulshiramji Gaikwad Patil College of Engineering & Technology, Nagpur",,415137010,Electronics and Communication Engineering,State Level,LSCS,87464,43.0138429
04151,"Vidarbha Bahu-Uddeshiya Shikshan Sanstha's Tulshiramji Gaikwad Patil College of Engineering & Technology, Nagpur",,415137010,Electronics and Communication Engineering,State Level,LSTS,112249,16.5730741
04151,"Vidarbha Bahu-Uddeshiya Shikshan Sanstha's Tulshiramji Gaikwad Patil College of Engineering & Technology, Nagpur",,415137010,Electronics and Communication Engineering,State Level,LOBCS,85967,44.9304271
04151,"Vidarbha Bahu-Uddeshiya Shikshan Sanstha's Tulshiramji Gaikwad Patil College of Engineering & Technology, Nagpur",,415137010,Electronics and Communication Engineering,State Level,TFWS,69751,57.9292585
04151,"Vidarbha Bahu-Uddeshiya Shikshan Sanstha's Tulshiramji Gaikwad Patil College of Engineering & Technology, Nagpur",,415137010,Electronics and Communication Engineering,State Level,EWS,116545,10.4564832
04151,"Vidarbha Bahu-Uddeshiya Shikshan Sanstha's Tulshiramji Gaikwad Patil College of Engineering & Technology, Nagpur",,415161210,Mechanical Engineering,State Level,"Legends:Start Character G-General, L-Ladies, End Character H-Home University, O-Other than Home University, S-State LevelS",100313,30.014662
04151,"Vidarbha Bahu-Uddeshiya Shikshan Sanstha's Tulshiramji Gaikwad Patil College of Engineering & Technology, Nagpur",,415161210,Mechanical Engineering,State Level,Maharashtra State Seats - Cut Off Indicates State General Merit No. ; Figures in bracket Indicates MHT-CET PCM PercentileS,111356,17.5093411
04151,"Vidarbha Bahu-Uddeshiya Shikshan Sanstha's Tulshiramji Gaikwad Patil College of Engineering & Technology, Nagpur",,415161210,Mechanical Engineering,State Level,DS,118305,7.4616793
04151,"Vidarbha Bahu-Uddeshiya Shikshan Sanstha's Tulshiramji Gaikwad Patil College of Engineering & Technology, Nagpur",,415161210,Mechanical Engineering,State Level,State Common Entrance Test CellS,116718,10.1982314
04151,"Vidarbha Bahu-Uddeshiya Shikshan Sanstha's Tulshiramji Gaikwad Patil College of Engineering & Technology, Nagpur",,415161210,Mechanical Engineering,State Level,Cut Off List for Maharashtra & Minority Seats of CAP Round - III for the Admission to the First Year Under Graduate Technical Courses in Engineering and Technology (4 Years) &S,91316,39.4227966
04151,"Vidarbha Bahu-Uddeshiya Shikshan Sanstha's Tulshiramji Gaikwad Patil College of Engineering & Technology, Nagpur",,415161210,Mechanical Engineering,State Level,Master of Engineering and Technology (Integrated 5 Years) Admissions A.Y. 2022-23S,105449,25.0367211
04151,"Vidarbha Bahu-Uddeshiya Shikshan Sanstha's Tulshiramji Gaikwad Patil College of Engineering & Technology, Nagpur",,415161210,Mechanical Engineering,State Level,GOPENS,119670,5.3930618
04151,"Vidarbha Bahu-Uddeshiya Shikshan Sanstha's Tulshiramji Gaikwad Patil College of Engineering & Technology, Nagpur",,415161210,Mechanical Engineering,State Level,GSCS,114436,12.9353233
04151,"Vidarbha Bahu-Uddeshiya Shikshan Sanstha's Tulshiramji Gaikwad Patil College of Engineering & Technology, Nagpur",,415161210,Mechanical Engineering,State Level,I-NonS,105210,25.0367211
04151,"Vidarbha Bahu-Uddeshiya Shikshan Sanstha's Tulshiramji Gaikwad Patil College of Engineering & Technology, Nagpur",,415161210,Mechanical Engineering,State Level,I-NonS,97294,33.5099087
04151,"Vidarbha Bahu-Uddeshiya Shikshan Sanstha's Tulshiramji Gaikwad Patil College of Engineering & Technology, Nagpur",,415161210,Mechanical Engineering,State Level,VIIS,122558,0.1580686
04151,"Vidarbha Bahu-Uddeshiya Shikshan Sanstha's Tulshiramji Gaikwad Patil College of Engineering & Technology, Nagpur",,415191210,Computer Science and Engineering(Data Science),State Level,GOPENS,68275,59.5292331
04151,"Vidarbha Bahu-Uddeshiya Shikshan Sanstha's Tulshiramji Gaikwad Patil College of Engineering & Technology, Nagpur",,415191210,Computer Science and Engineering(Data Science),State Level,GOBCS,70219,57.6946774
04151,"Vidarbha Bahu-Uddeshiya Shikshan Sanstha's Tulshiramji Gaikwad Patil College of Engineering & Technology, Nagpur",,415191210,Computer Science and Engineering(Data Science),State Level,LOPENS,70696,57.4413646
04151,"Vidarbha Bahu-Uddeshiya Shikshan Sanstha's Tulshiramji Gaikwad Patil College of Engineering & Technology, Nagpur",,415191210,Computer Science and Engineering(Data Science),State Level,DEFOPENS,86175,44.7418375
04151,"Vidarbha Bahu-Uddeshiya Shikshan Sanstha's Tulshiramji Gaikwad Patil College of Engineering & Technology, Nagpur",,415191210,Computer Science and Engineering(Data Science),State Level,I-NonS,61432,64.0609282
04163,Rajiv Gandhi College of Engineering Research & Technology  Chandrapur,,416319110,Civil Engineering,State Level,"Legends:Start Character G-General, L-Ladies, End Character H-Home University, O-Other than Home University, S-State LevelS",90231,41.1873138
04163,Rajiv Gandhi College of Engineering Research & Technology  Chandrapur,,416319110,Civil Engineering,State Level,VIIS,104570,25.7906003
04163,Rajiv Gandhi College of Engineering Research & Technology  Chandrapur,,416329310,Electrical Engineering,State Level,DEFOPENS,87674,43.0138429
04163,Rajiv Gandhi College of Engineering Research & Technology  Chandrapur,,416337010,Electronics and Communication Engineering,State Level,"Legends:Start Character G-General, L-Ladies, End Character H-Home University, O-Other than Home University, S-State LevelS",80371,49.4442605
04163,Rajiv Gandhi College of Engineering Research & Technology  Chandrapur,,416361210,Mechanical Engineering,State Level,"Legends:Start Character G-General, L-Ladies, End Character H-Home University, O-Other than Home University, S-State LevelS",114512,12.9353233
04167,"Yeshwantrao Chavan College of Engineering,Wanadongri, Nagpur",,416719110,Civil Engineering,State Level,"Legends:Start Character G-General, L-Ladies, End Character H-Home University, O-Other than Home University, S-State LevelS",45966,74.364085
04167,"Yeshwantrao Chavan College of Engineering,Wanadongri, Nagpur",,416719110,Civil Engineering,State Level,Maharashtra State Seats - Cut Off Indicates State General Merit No. ; Figures in bracket Indicates MHT-CET PCM PercentileS,68911,59.0639291
04167,"Yeshwantrao Chavan College of Engineering,Wanadongri, Nagpur",,416719110,Civil Engineering,State Level,DS,93952,36.7166438
04167,"Yeshwantrao Chavan College of Engineering,Wanadongri, Nagpur",,416719110,Civil Engineering,State Level,State Common Entrance Test CellS,65740,61.4673542
04167,"Yeshwantrao Chavan College of Engineering,Wanadongri, Nagpur",,416719110,Civil Engineering,State Level,Cut Off List for Maharashtra & Minority Seats of CAP Round - III for the Admission to the First Year Under Graduate Technical Courses in Engineering and Technology (4 Years) &S,41697,77.0666918
04167,"Yeshwantrao Chavan College of Engineering,Wanadongri, Nagpur",,416719110,Civil Engineering,State Level,Master of Engineering and Technology (Integrated 5 Years) Admissions A.Y. 2022-23S,114393,12.9353233
04167,"Yeshwantrao Chavan College of Engineering,Wanadongri, Nagpur",,416719110,Civil Engineering,State Level,GOPENS,70149,57.6946774
04167,"Yeshwantrao Chavan College of Engineering,Wanadongri, Nagpur",,416719110,Civil Engineering,State Level,GSCS,47162,74.0962113
04167,"Yeshwantrao Chavan College of Engineering,Wanadongri, Nagpur",,416719110,Civil Engineering,State Level,I-NonS,46454,74.2012741
04167,"Yeshwantrao Chavan College of Engineering,Wanadongri, Nagpur",,416719110,Civil Engineering,State Level,I-NonS,47779,73.2440997
04167,"Yeshwantrao Chavan College of Engineering,Wanadongri, Nagpur",,416724210,Computer Science and Engineering,State Level,GNT3S,22761,87.6520385
04167,"Yeshwantrao Chavan College of Engineering,Wanadongri, Nagpur",,416724210,Computer Science and Engineering,State Level,PWDROBCS,115421,12.099832
04167,"Yeshwantrao Chavan College of Engineering,Wanadongri, Nagpur",,416724210,Computer Science and Engineering,State Level,S,17873,90.3769698
04167,"Yeshwantrao Chavan College of Engineering,Wanadongri, Nagpur",,416724610,Information Technology,State Level,GOPENS,11991,93.4850788
04167,"Yeshwantrao Chavan College of Engineering,Wanadongri, Nagpur",,416724610,Information Technology,State Level,GVJS,12268,93.3722163
04167,"Yeshwantrao Chavan College of Engineering,Wanadongri, Nagpur",,416724610,Information Technology,State Level,GOBCS,14585,92.2067826
04167,"Yeshwantrao Chavan College of Engineering,Wanadongri, Nagpur",,416724610,Information Technology,State Level,LOBCS,10740,94.2068634
04167,"Yeshwantrao Chavan College of Engineering,Wanadongri, Nagpur",,416724610,Information Technology,State Level,PWDOPENS,22134,88.0916175
04167,"Yeshwantrao Chavan College of Engineering,Wanadongri, Nagpur",,416724610,Information Technology,State Level,I-NonS,12350,93.3189344
04167,"Yeshwantrao Chavan College of Engineering,Wanadongri, Nagpur",,416725110,Computer Technology,State Level,GOPENS,12031,93.4850788
04167,"Yeshwantrao Chavan College of Engineering,Wanadongri, Nagpur",,416725110,Computer Technology,State Level,GSCS,23337,87.4346052
04167,"Yeshwantrao Chavan College of Engineering,Wanadongri, Nagpur",,416725110,Computer Technology,State Level,EWS,25551,86.2682985
04167,"Yeshwantrao Chavan College of Engineering,Wanadongri, Nagpur",,416725710,Computer Science and Design,State Level,"Legends:Start Character G-General, L-Ladies, End Character H-Home University, O-Other than Home University, S-State LevelS",35620,80.6275908
04167,"Yeshwantrao Chavan College of Engineering,Wanadongri, Nagpur",,416725710,Computer Science and Design,State Level,I-NonS,15121,91.8885683
04167,"Yeshwantrao Chavan College of Engineering,Wanadongri, Nagpur",,416726710,Computer Science and Engineering (IoT),State Level,GOPENS,21723,88.2761636
04167,"Yeshwantrao Chavan College of Engineering,Wanadongri, Nagpur",,416726710,Computer Science and Engineering (IoT),State Level,LOPENS,21345,88.4908068
04167,"Yeshwantrao Chavan College of Engineering,Wanadongri, Nagpur",,416726710,Computer Science and Engineering (IoT),State Level,PWDOPENS,21498,88.4671878
04167,"Yeshwantrao Chavan College of Engineering,Wanadongri, Nagpur",,416726710,Computer Science and Engineering (IoT),State Level,I-NonS,21577,88.4671878
04167,"Yeshwantrao Chavan College of Engineering,Wanadongri, Nagpur",,416735610,Electrical Engg[Electronics and Power],State Level,GOPENS,48593,72.7702415
04167,"Yeshwantrao Chavan College of Engineering,Wanadongri, Nagpur",,416735610,Electrical Engg[Electronics and Power],State Level,GSTS,87335,43.3051128
04167,"Yeshwantrao Chavan College of Engineering,Wanadongri, Nagpur",,416735610,Electrical Engg[Electronics and Power],State Level,GOBCS,53268,69.6045087
04167,"Yeshwantrao Chavan College of Engineering,Wanadongri, Nagpur",,416735610,Electrical Engg[Electronics and Power],State Level,TFWS,47226,73.5739966
04167,"Yeshwantrao Chavan College of Engineering,Wanadongri, Nagpur",,416735610,Electrical Engg[Electronics and Power],State Level,EWS,115998,10.7718485
04167,"Yeshwantrao Chavan College of Engineering,Wanadongri, Nagpur",,416737210,Electronics and Telecommunication Engg,State Level,GOPENS,25957,85.9566804
04167,"Yeshwantrao Chavan College of Engineering,Wanadongri, Nagpur",,416737210,Electronics and Telecommunication Engg,State Level,GSCS,26441,85.7225489
04167,"Yeshwantrao Chavan College of Engineering,Wanadongri, Nagpur",,416737210,Electronics and Telecommunication Engg,State Level,GOBCS,26991,85.5965895
04167,"Yeshwantrao Chavan College of Engineering,Wanadongri, Nagpur",,416737210,Electronics and Telecommunication Engg,State Level,LOPENS,25029,86.5103056
04167,"Yeshwantrao Chavan College of Engineering,Wanadongri, Nagpur",,416737210,Electronics and Telecommunication Engg,State Level,LOBCS,26180,85.8374792
04167,"Yeshwantrao Chavan College of Engineering,Wanadongri, Nagpur",,416737210,Electronics and Telecommunication Engg,State Level,DEFOPENS,31551,82.9381616
04167,"Yeshwantrao Chavan College of Engineering,Wanadongri, Nagpur",,416737210,Electronics and Telecommunication Engg,State Level,TFWS,21528,88.4671878
04167,"Yeshwantrao Chavan College of Engineering,Wanadongri, Nagpur",,416737210,Electronics and Telecommunication Engg,State Level,DEFRNT2S,102503,28.4665226
04167,"Yeshwantrao Chavan College of Engineering,Wanadongri, Nagpur",,416737210,Electronics and Telecommunication Engg,State Level,EWS,33388,81.8334533
04167,"Yeshwantrao Chavan College of Engineering,Wanadongri, Nagpur",,416737610,Electronics Engineering,State Level,"Legends:Start Character G-General, L-Ladies, End Character H-Home University, O-Other than Home University, S-State LevelS",32848,82.3797757
04167,"Yeshwantrao Chavan College of Engineering,Wanadongri, Nagpur",,416737610,Electronics Engineering,State Level,Maharashtra State Seats - Cut Off Indicates State General Merit No. ; Figures in bracket Indicates MHT-CET PCM PercentileS,33058,81.9995261
04167,"Yeshwantrao Chavan College of Engineering,Wanadongri, Nagpur",,416737610,Electronics Engineering,State Level,DS,68909,59.0639291
04167,"Yeshwantrao Chavan College of Engineering,Wanadongri, Nagpur",,416737610,Electronics Engineering,State Level,State Common Entrance Test CellS,35166,80.8718313
04167,"Yeshwantrao Chavan College of Engineering,Wanadongri, Nagpur",,416737610,Electronics Engineering,State Level,Cut Off List for Maharashtra & Minority Seats of CAP Round - III for the Admission to the First Year Under Graduate Technical Courses in Engineering and Technology (4 Years) &S,44860,75.182198
04167,"Yeshwantrao Chavan College of Engineering,Wanadongri, Nagpur",,416737610,Electronics Engineering,State Level,I-NonS,33405,81.8334533
04167,"Yeshwantrao Chavan College of Engineering,Wanadongri, Nagpur",,416761210,Mechanical Engineering,State Level,GOPENS,57260,67.2875491
04167,"Yeshwantrao Chavan College of Engineering,Wanadongri, Nagpur",,416761210,Mechanical Engineering,State Level,GSCS,61553,64.0172786
04167,"Yeshwantrao Chavan College of Engineering,Wanadongri, Nagpur",,416761210,Mechanical Engineering,State Level,GVJS,79273,50.9996691
04167,"Yeshwantrao Chavan College of Engineering,Wanadongri, Nagpur",,416761210,Mechanical Engineering,State Level,GOBCS,57780,66.8137813
04167,"Yeshwantrao Chavan College of Engineering,Wanadongri, Nagpur",,416761210,Mechanical Engineering,State Level,LOPENS,48034,72.9031949
04167,"Yeshwantrao Chavan College of Engineering,Wanadongri, Nagpur",,416761210,Mechanical Engineering,State Level,LNT1S,72052,56.7650587
04167,"Yeshwantrao Chavan College of Engineering,Wanadongri, Nagpur",,416761210,Mechanical Engineering,State Level,LOBCS,66620,60.6284658
04167,"Yeshwantrao Chavan College of Engineering,Wanadongri, Nagpur",,416761210,Mechanical Engineering,State Level,PWDOPENS,50225,71.6451268
04167,"Yeshwantrao Chavan College of Engineering,Wanadongri, Nagpur",,416761210,Mechanical Engineering,State Level,TFWS,83460,46.941483
04167,"Yeshwantrao Chavan College of Engineering,Wanadongri, Nagpur",,416761210,Mechanical Engineering,State Level,I-NonS,52701,70.2135829
04167,"Yeshwantrao Chavan College of Engineering,Wanadongri, Nagpur",,416761210,Mechanical Engineering,State Level,VIIS,58057,66.5894149
04167,"Yeshwantrao Chavan College of Engineering,Wanadongri, Nagpur",,416791110,Computer Science and Engineering(Artificial Intelligence and Machine Learning),State Level,GOPENS,9648,94.7163569
04167,"Yeshwantrao Chavan College of Engineering,Wanadongri, Nagpur",,416791110,Computer Science and Engineering(Artificial Intelligence and Machine Learning),State Level,LOBCS,16687,91.0449886
04167,"Yeshwantrao Chavan College of Engineering,Wanadongri, Nagpur",,416791110,Computer Science and Engineering(Artificial Intelligence and Machine Learning),State Level,TFWS,12185,93.4206172
04167,"Yeshwantrao Chavan College of Engineering,Wanadongri, Nagpur",,416791110,Computer Science and Engineering(Artificial Intelligence and Machine Learning),State Level,PWDRSCS,112529,15.6956852
04167,"Yeshwantrao Chavan College of Engineering,Wanadongri, Nagpur",,416791110,Computer Science and Engineering(Artificial Intelligence and Machine Learning),State Level,EWS,26281,85.8374792
04167,"Yeshwantrao Chavan College of Engineering,Wanadongri, Nagpur",,416799510,Artificial Intelligence and Data Science,State Level,GOPENS,18143,90.269681
04167,"Yeshwantrao Chavan College of Engineering,Wanadongri, Nagpur",,416799510,Artificial Intelligence and Data Science,State Level,LOBCS,21077,88.664007
04167,"Yeshwantrao Chavan College of Engineering,Wanadongri, Nagpur",,416799510,Artificial Intelligence and Data Science,State Level,EWS,15215,91.8375279
04172,"Anjuman College of Engineering & Technology, Nagpur",,417219110,Civil Engineering,State Level,"Legends:Start Character G-General, L-Ladies, End Character H-Home University, O-Other than Home University, S-State LevelS",104127,26.2202423
04172,"Anjuman College of Engineering & Technology, Nagpur",,417224210,Computer Science and Engineering,State Level,"Legends:Start Character G-General, L-Ladies, End Character H-Home University, O-Other than Home University, S-State LevelS",54100,69.3404295
04172,"Anjuman College of Engineering & Technology, Nagpur",,417229310,Electrical Engineering,State Level,MI,120878,3.3180507
04172,"Anjuman College of Engineering & Technology, Nagpur",,417229310,Electrical Engineering,State Level,Minority Seats Allotted to Maharashtra State Candidature CandidatesS,94735,35.978039
04172,"Anjuman College of Engineering & Technology, Nagpur",,417237210,Electronics and Telecommunication Engg,State Level,"Legends:Start Character G-General, L-Ladies, End Character H-Home University, O-Other than Home University, S-State LevelS",89393,41.9139826
04172,"Anjuman College of Engineering & Technology, Nagpur",,417237210,Electronics and Telecommunication Engg,State Level,Maharashtra State Seats - Cut Off Indicates State General Merit No. ; Figures in bracket Indicates MHT-CET PCM PercentileS,75411,53.926243
04172,"Anjuman College of Engineering & Technology, Nagpur",,417261210,Mechanical Engineering,State Level,"Legends:Start Character G-General, L-Ladies, End Character H-Home University, O-Other than Home University, S-State LevelS",93775,37.5478565
04174,"ST. Vincent Pallotti College of Engineering & Technology, Nagpur",,417419110,Civil Engineering,State Level,"Legends:Start Character G-General, L-Ladies, End Character H-Home University, O-Other than Home University, S-State LevelS",68061,59.5292331
04174,"ST. Vincent Pallotti College of Engineering & Technology, Nagpur",,417419110,Civil Engineering,State Level,Maharashtra State Seats - Cut Off Indicates State General Merit No. ; Figures in bracket Indicates MHT-CET PCM PercentileS,45833,74.5106403
04174,"ST. Vincent Pallotti College of Engineering & Technology, Nagpur",,417419110,Civil Engineering,State Level,DS,77829,51.6740911
04174,"ST. Vincent Pallotti College of Engineering & Technology, Nagpur",,417419110,Civil Engineering,State Level,MH,107510,22.2500723
04174,"ST. Vincent Pallotti College of Engineering & Technology, Nagpur",,417424510,Computer Engineering,State Level,MI,97946,32.5908894
04174,"ST. Vincent Pallotti College of Engineering & Technology, Nagpur",,417424510,Computer Engineering,State Level,MH,22231,88.024958
04174,"ST. Vincent Pallotti College of Engineering & Technology, Nagpur",,417424610,Information Technology,State Level,GOPENS,24454,86.8703589
04174,"ST. Vincent Pallotti College of Engineering & Technology, Nagpur",,417424610,Information Technology,State Level,LOPENS,24918,86.5233044
04174,"ST. Vincent Pallotti College of Engineering & Technology, Nagpur",,417424610,Information Technology,State Level,MH,27251,85.2528023
04174,"ST. Vincent Pallotti College of Engineering & Technology, Nagpur",,417426010,Computer Science and Engineering (Cyber Security),State Level,GOPENS,32512,82.4069575
04174,"ST. Vincent Pallotti College of Engineering & Technology, Nagpur",,417426010,Computer Science and Engineering (Cyber Security),State Level,LOPENS,32813,82.3797757
04174,"ST. Vincent Pallotti College of Engineering & Technology, Nagpur",,417426010,Computer Science and Engineering (Cyber Security),State Level,MI,31052,83.2284916
04174,"ST. Vincent Pallotti College of Engineering & Technology, Nagpur",,417426010,Computer Science and Engineering (Cyber Security),State Level,MH,34388,81.4109415
04174,"ST. Vincent Pallotti College of Engineering & Technology, Nagpur",,417426210,Computer Science and Business Systems,State Level,"Legends:Start Character G-General, L-Ladies, End Character H-Home University, O-Other than Home University, S-State LevelS",35282,80.8718313
04174,"ST. Vincent Pallotti College of Engineering & Technology, Nagpur",,417426210,Computer Science and Business Systems,State Level,Maharashtra State Seats - Cut Off Indicates State General Merit No. ; Figures in bracket Indicates MHT-CET PCM PercentileS,31970,82.6733861
04174,"ST. Vincent Pallotti College of Engineering & Technology, Nagpur",,417426210,Computer Science and Business Systems,State Level,MH,40386,77.9458986
04174,"ST. Vincent Pallotti College of Engineering & Technology, Nagpur",,417426510,Industrial IoT,State Level,GOPENS,42668,76.5571858
04174,"ST. Vincent Pallotti College of Engineering & Technology, Nagpur",,417426510,Industrial IoT,State Level,LOPENS,35861,80.5336015
04174,"ST. Vincent Pallotti College of Engineering & Technology, Nagpur",,417426510,Industrial IoT,State Level,MH,46275,74.2260244
04174,"ST. Vincent Pallotti College of Engineering & Technology, Nagpur",,417429310,Electrical Engineering,State Level,GOPENS,48371,72.8897104
04174,"ST. Vincent Pallotti College of Engineering & Technology, Nagpur",,417429310,Electrical Engineering,State Level,LOPENS,54965,68.7024004
04174,"ST. Vincent Pallotti College of Engineering & Technology, Nagpur",,417429310,Electrical Engineering,State Level,MH,57031,67.2875491
04174,"ST. Vincent Pallotti College of Engineering & Technology, Nagpur",,417437210,Electronics and Telecommunication Engg,State Level,GOPENS,35508,80.6275908
04174,"ST. Vincent Pallotti College of Engineering & Technology, Nagpur",,417437210,Electronics and Telecommunication Engg,State Level,LOPENS,38285,79.1656813
04174,"ST. Vincent Pallotti College of Engineering & Technology, Nagpur",,417437210,Electronics and Telecommunication Engg,State Level,MH,42540,76.5675144
04174,"ST. Vincent Pallotti College of Engineering & Technology, Nagpur",,417461210,Mechanical Engineering,State Level,"Legends:Start Character G-General, L-Ladies, End Character H-Home University, O-Other than Home University, S-State LevelS",50235,71.6451268
04174,"ST. Vincent Pallotti College of Engineering & Technology, Nagpur",,417461210,Mechanical Engineering,State Level,MH,70200,57.6946774
04174,"ST. Vincent Pallotti College of Engineering & Technology, Nagpur",,417491210,Computer Science and Engineering(Data Science),State Level,GOPENS,27654,85.0225065
04174,"ST. Vincent Pallotti College of Engineering & Technology, Nagpur",,417491210,Computer Science and Engineering(Data Science),State Level,MI,36754,80.0233531
04174,"ST. Vincent Pallotti College of Engineering & Technology, Nagpur",,417491210,Computer Science and Engineering(Data Science),State Level,MH,29671,84.0382056
04174,"ST. Vincent Pallotti College of Engineering & Technology, Nagpur",,417499710,Artificial Intelligence,State Level,GOPENS,41156,77.1458362
04174,"ST. Vincent Pallotti College of Engineering & Technology, Nagpur",,417499710,Artificial Intelligence,State Level,MH,41429,77.0895594
04175,"JMSS Shri Shankarprasad Agnihotri College of Engineering, Wardha",,417524210,Computer Science and Engineering,State Level,"Legends:Start Character G-General, L-Ladies, End Character H-Home University, O-Other than Home University, S-State LevelS",80546,49.4442605
04175,"JMSS Shri Shankarprasad Agnihotri College of Engineering, Wardha",,417524210,Computer Science and Engineering,State Level,Maharashtra State Seats - Cut Off Indicates State General Merit No. ; Figures in bracket Indicates MHT-CET PCM PercentileS,112623,15.5460791
04175,"JMSS Shri Shankarprasad Agnihotri College of Engineering, Wardha",,417537210,Electronics and Telecommunication Engg,State Level,"Legends:Start Character G-General, L-Ladies, End Character H-Home University, O-Other than Home University, S-State LevelS",80073,49.556541
04175,"JMSS Shri Shankarprasad Agnihotri College of Engineering, Wardha",,417537210,Electronics and Telecommunication Engg,State Level,VIIS,102723,28.1605922
04177,"Priyadarshini Bhagwati  College of Engineering, Harpur Nagar, Umred Road,Nagpur",,417724210,Computer Science and Engineering,State Level,"Legends:Start Character G-General, L-Ladies, End Character H-Home University, O-Other than Home University, S-State LevelS",78755,51.1072039
04177,"Priyadarshini Bhagwati  College of Engineering, Harpur Nagar, Umred Road,Nagpur",,417724210,Computer Science and Engineering,State Level,Maharashtra State Seats - Cut Off Indicates State General Merit No. ; Figures in bracket Indicates MHT-CET PCM PercentileS,45411,74.745321
04177,"Priyadarshini Bhagwati  College of Engineering, Harpur Nagar, Umred Road,Nagpur",,417724210,Computer Science and Engineering,State Level,Minority Seats Allotted to Maharashtra State Candidature CandidatesS,45863,74.5106403
04177,"Priyadarshini Bhagwati  College of Engineering, Harpur Nagar, Umred Road,Nagpur",,417724610,Information Technology,State Level,"Legends:Start Character G-General, L-Ladies, End Character H-Home University, O-Other than Home University, S-State LevelS",45478,74.745321
04177,"Priyadarshini Bhagwati  College of Engineering, Harpur Nagar, Umred Road,Nagpur",,417724610,Information Technology,State Level,Minority Seats Allotted to Maharashtra State Candidature CandidatesS,56164,67.9791157
04177,"Priyadarshini Bhagwati  College of Engineering, Harpur Nagar, Umred Road,Nagpur",,417737010,Electronics and Communication Engineering,State Level,"Legends:Start Character G-General, L-Ladies, End Character H-Home University, O-Other than Home University, S-State LevelS",58420,66.4465439
04177,"Priyadarshini Bhagwati  College of Engineering, Harpur Nagar, Umred Road,Nagpur",,417737010,Electronics and Communication Engineering,State Level,Minority Seats Allotted to Maharashtra State Candidature CandidatesS,62696,67.557745
04181,"Swaminarayan Siddhanta Institute Of Technology, Nagpur",,418124510,Computer Engineering,State Level,"Legends:Start Character G-General, L-Ladies, End Character H-Home University, O-Other than Home University, S-State LevelS",77927,51.6740911
04181,"Swaminarayan Siddhanta Institute Of Technology, Nagpur",,418124510,Computer Engineering,State Level,Maharashtra State Seats - Cut Off Indicates State General Merit No. ; Figures in bracket Indicates MHT-CET PCM PercentileS,117358,8.7877784
04181,"Swaminarayan Siddhanta Institute Of Technology, Nagpur",,418124510,Computer Engineering,State Level,VIIS,93857,36.7166438
04188,"Krushi Jivan Vikas Pratishthan, Ballarpur Institute of Technology, Mouza Bamni",,418837210,Electronics and Telecommunication Engg,State Level,"Legends:Start Character G-General, L-Ladies, End Character H-Home University, O-Other than Home University, S-State LevelS",105391,25.0367211
04188,"Krushi Jivan Vikas Pratishthan, Ballarpur Institute of Technology, Mouza Bamni",,418837210,Electronics and Telecommunication Engg,State Level,I-NonS,103494,26.7890081
04190,"M.D. Yergude Memorial Shikshan Prasarak Mandal's Shri Sai College of Engineering & Technology, Badravati",,419029310,Electrical Engineering,State Level,DEFOPENS,106516,23.2238494
04192,"Maitraya Education Society, Nagarjuna Institute of Engineering Technology & Management, Nagpur",,419224210,Computer Science and Engineering,State Level,DEFOPENS,114061,13.7713294
04192,"Maitraya Education Society, Nagarjuna Institute of Engineering Technology & Management, Nagpur",,419224210,Computer Science and Engineering,State Level,I-NonS,82915,47.769552
04192,"Maitraya Education Society, Nagarjuna Institute of Engineering Technology & Management, Nagpur",,419291110,Computer Science and Engineering(Artificial Intelligence and Machine Learning),State Level,"Legends:Start Character G-General, L-Ladies, End Character H-Home University, O-Other than Home University, S-State LevelS",49101,72.6414198
04192,"Maitraya Education Society, Nagarjuna Institute of Engineering Technology & Management, Nagpur",,419291110,Computer Science and Engineering(Artificial Intelligence and Machine Learning),State Level,Maharashtra State Seats - Cut Off Indicates State General Merit No. ; Figures in bracket Indicates MHT-CET PCM PercentileS,104412,25.8381109
04192,"Maitraya Education Society, Nagarjuna Institute of Engineering Technology & Management, Nagpur",,419291110,Computer Science and Engineering(Artificial Intelligence and Machine Learning),State Level,I-NonS,64456,62.0823842
04193,"K.D.M. Education Society, Vidharbha Institute of Technology,Umred Road ,Nagpur",,419324210,Computer Science and Engineering,State Level,"Legends:Start Character G-General, L-Ladies, End Character H-Home University, O-Other than Home University, S-State LevelS",75840,53.8866742
04193,"K.D.M. Education Society, Vidharbha Institute of Technology,Umred Road ,Nagpur",,419324210,Computer Science and Engineering,State Level,Minority Seats Allotted to Maharashtra State Candidature CandidatesS,89289,42.0206383
04193,"K.D.M. Education Society, Vidharbha Institute of Technology,Umred Road ,Nagpur",,419337010,Electronics and Communication Engineering,State Level,TFWS,101084,29.3331437
04193,"K.D.M. Education Society, Vidharbha Institute of Technology,Umred Road ,Nagpur",,419337010,Electronics and Communication Engineering,State Level,Minority Seats Allotted to Maharashtra State Candidature CandidatesS,108231,21.5067519
04196,"Gurunanak Educational Society's Gurunanak Institute of Technology, Nagpur",,419619110,Civil Engineering,State Level,TFWS,85289,45.2718114
04196,"Gurunanak Educational Society's Gurunanak Institute of Technology, Nagpur",,419624210,Computer Science and Engineering,State Level,"Legends:Start Character G-General, L-Ladies, End Character H-Home University, O-Other than Home University, S-State LevelS",83189,47.769552
04197,"Jai Mahakali Shikshan Sanstha, Agnihotri College of Engineering, Sindhi(Meghe)",,419724210,Computer Science and Engineering,State Level,"Legends:Start Character G-General, L-Ladies, End Character H-Home University, O-Other than Home University, S-State LevelS",93028,38.5667023
04197,"Jai Mahakali Shikshan Sanstha, Agnihotri College of Engineering, Sindhi(Meghe)",,419724210,Computer Science and Engineering,State Level,Maharashtra State Seats - Cut Off Indicates State General Merit No. ; Figures in bracket Indicates MHT-CET PCM PercentileS,88419,42.5186027
04197,"Jai Mahakali Shikshan Sanstha, Agnihotri College of Engineering, Sindhi(Meghe)",,419724210,Computer Science and Engineering,State Level,I-NonS,75043,54.124615
04285,"V M Institute of Engineering and Technology, Dongargaon, Nagpur",,428524610,Information Technology,State Level,TFWS,88618,42.5186027
04285,"V M Institute of Engineering and Technology, Dongargaon, Nagpur",,428524610,Information Technology,State Level,EWS,118450,7.104006
04285,"V M Institute of Engineering and Technology, Dongargaon, Nagpur",,428529310,Electrical Engineering,State Level,"Legends:Start Character G-General, L-Ladies, End Character H-Home University, O-Other than Home University, S-State LevelS",93576,37.5478565
04304,"Cummins College of Engineering For Women, Sukhali (Gupchup), Tal. Hingna Hingna Nagpur",,,Mechanical Engineering,State Level,EWS,51355,71.1253958
04304,"Cummins College of Engineering For Women, Sukhali (Gupchup), Tal. Hingna Hingna Nagpur",,,Mechanical Engineering,State Level,430437250F - Electronics and Telecommunication EnggS,38592,79.0746326
04304,"Cummins College of Engineering For Women, Sukhali (Gupchup), Tal. Hingna Hingna Nagpur",,,Mechanical Engineering,State Level,Other Than Home University Seats Allotted to Other Than Home University CandidatesS,59293,65.7244332
04304,"Cummins College of Engineering For Women, Sukhali (Gupchup), Tal. Hingna Hingna Nagpur",,,Mechanical Engineering,State Level,LOPENO,106337,23.4829494
04304,"Cummins College of Engineering For Women, Sukhali (Gupchup), Tal. Hingna Hingna Nagpur",,,Mechanical Engineering,State Level,"Legends:Start Character G-General, L-Ladies, End Character H-Home University, O-Other than Home University, S-State LevelS",111157,17.5316365
04304,"Cummins College of Engineering For Women, Sukhali (Gupchup), Tal. Hingna Hingna Nagpur",,,Mechanical Engineering,State Level,I-NonS,93742,37.5478565
04613,"Suryodaya College of Engineering & Technology, Nagpur",,461319110,Civil Engineering,State Level,"Legends:Start Character G-General, L-Ladies, End Character H-Home University, O-Other than Home University, S-State LevelS",107947,21.8821184
04613,"Suryodaya College of Engineering & Technology, Nagpur",,461324510,Computer Engineering,State Level,"Legends:Start Character G-General, L-Ladies, End Character H-Home University, O-Other than Home University, S-State LevelS",86565,44.6471616
04613,"Suryodaya College of Engineering & Technology, Nagpur",,461337210,Electronics and Telecommunication Engg,State Level,"Legends:Start Character G-General, L-Ladies, End Character H-Home University, O-Other than Home University, S-State LevelS",88404,42.5186027
04613,"Suryodaya College of Engineering & Technology, Nagpur",,461337210,Electronics and Telecommunication Engg,State Level,VIIS,81521,48.7700838
04613,"Suryodaya College of Engineering & Technology, Nagpur",,461361210,Mechanical Engineering,State Level,"Legends:Start Character G-General, L-Ladies, End Character H-Home University, O-Other than Home University, S-State LevelS",119274,5.9035687
04648,"R.V. Parankar College of Engineering & Technology, Arvi, Dist Wardha",,464824210,Computer Science and Engineering,State Level,"Legends:Start Character G-General, L-Ladies, End Character H-Home University, O-Other than Home University, S-State LevelS",98028,32.4992712
04648,"R.V. Parankar College of Engineering & Technology, Arvi, Dist Wardha",,464824210,Computer Science and Engineering,State Level,Maharashtra State Seats - Cut Off Indicates State General Merit No. ; Figures in bracket Indicates MHT-CET PCM PercentileS,112525,15.6956852
04648,"R.V. Parankar College of Engineering & Technology, Arvi, Dist Wardha",,464824210,Computer Science and Engineering,State Level,I-NonS,83056,47.769552
04648,"R.V. Parankar College of Engineering & Technology, Arvi, Dist Wardha",,464824610,Information Technology,State Level,"Legends:Start Character G-General, L-Ladies, End Character H-Home University, O-Other than Home University, S-State LevelS",116573,10.4564832
04649,"Bajaj Institute of Technology, Wardha",,464919110,Civil Engineering,State Level,TFWS,56603,67.4824177
04649,"Bajaj Institute of Technology, Wardha",,464919110,Civil Engineering,State Level,Minority Seats Allotted to Maharashtra State Candidature CandidatesS,120514,4.0235666
05003,"University Institute  of Chemical Technology, North Maharashtra University, Jalgaon",,500350710,Chemical Engineering,State Level,"Legends:Start Character G-General, L-Ladies, End Character H-Home University, O-Other than Home University, S-State LevelS",57666,66.8137813
05003,"University Institute  of Chemical Technology, North Maharashtra University, Jalgaon",,500350710,Chemical Engineering,State Level,Maharashtra State Seats - Cut Off Indicates State General Merit No. ; Figures in bracket Indicates MHT-CET PCM PercentileS,117360,8.7877784
05003,"University Institute  of Chemical Technology, North Maharashtra University, Jalgaon",,500350710,Chemical Engineering,State Level,I-NonS,95429,35.6983743
05004,"Government College of Engineering, Jalgaon",,500419110,Civil Engineering,State Level,"Legends:Start Character G-General, L-Ladies, End Character H-Home University, O-Other than Home University, S-State LevelS",62197,63.7783399
05004,"Government College of Engineering, Jalgaon",,500419110,Civil Engineering,State Level,Maharashtra State Seats - Cut Off Indicates State General Merit No. ; Figures in bracket Indicates MHT-CET PCM PercentileS,90453,39.8713522
05004,"Government College of Engineering, Jalgaon",,500419110,Civil Engineering,State Level,DS,92681,38.6417086
05004,"Government College of Engineering, Jalgaon",,500419110,Civil Engineering,State Level,State Common Entrance Test CellS,92183,39.3128682
05004,"Government College of Engineering, Jalgaon",,500419110,Civil Engineering,State Level,Cut Off List for Maharashtra & Minority Seats of CAP Round - III for the Admission to the First Year Under Graduate Technical Courses in Engineering and Technology (4 Years) &S,88548,42.5186027
05004,"Government College of Engineering, Jalgaon",,500419110,Civil Engineering,State Level,Master of Engineering and Technology (Integrated 5 Years) Admissions A.Y. 2022-23S,96295,35.1475881
05004,"Government College of Engineering, Jalgaon",,500419110,Civil Engineering,State Level,GOPENS,74912,54.1664697
05004,"Government College of Engineering, Jalgaon",,500419110,Civil Engineering,State Level,GSCS,114706,12.7559948
05004,"Government College of Engineering, Jalgaon",,500419110,Civil Engineering,State Level,GNT3S,120642,3.5945703
05004,"Government College of Engineering, Jalgaon",,500419110,Civil Engineering,State Level,VIIS,80043,49.556541
05004,"Government College of Engineering, Jalgaon",,500424510,Computer Engineering,State Level,GOPENS,17725,90.4382847
05004,"Government College of Engineering, Jalgaon",,500424510,Computer Engineering,State Level,GSCS,18469,90.0256605
05004,"Government College of Engineering, Jalgaon",,500424510,Computer Engineering,State Level,GOBCS,19870,89.3832493
05004,"Government College of Engineering, Jalgaon",,500424510,Computer Engineering,State Level,LOPENS,16341,91.1864731
05004,"Government College of Engineering, Jalgaon",,500424510,Computer Engineering,State Level,LSCS,26499,85.6913808
05004,"Government College of Engineering, Jalgaon",,500424510,Computer Engineering,State Level,LOBCS,19247,89.5427623
05004,"Government College of Engineering, Jalgaon",,500424510,Computer Engineering,State Level,PWDOPENS,37922,79.4729608
05004,"Government College of Engineering, Jalgaon",,500424510,Computer Engineering,State Level,DEFOPENS,15735,91.5409302
05004,"Government College of Engineering, Jalgaon",,500424510,Computer Engineering,State Level,TFWS,20420,89.0325033
05004,"Government College of Engineering, Jalgaon",,500424510,Computer Engineering,State Level,I-NonS,17768,90.4382847
05004,"Government College of Engineering, Jalgaon",,500424510,Computer Engineering,State Level,VIIS,19361,89.5401523
05004,"Government College of Engineering, Jalgaon",,500429310,Electrical Engineering,State Level,GOPENS,62887,63.5478045
05004,"Government College of Engineering, Jalgaon",,500429310,Electrical Engineering,State Level,GSTS,108162,21.5067519
05004,"Government College of Engineering, Jalgaon",,500429310,Electrical Engineering,State Level,GVJS,95220,35.8351101
05004,"Government College of Engineering, Jalgaon",,500429310,Electrical Engineering,State Level,LOPENS,66550,60.6284658
05004,"Government College of Engineering, Jalgaon",,500429310,Electrical Engineering,State Level,LSCS,82101,48.2193247
05004,"Government College of Engineering, Jalgaon",,500429310,Electrical Engineering,State Level,PWDOPENS,44117,75.6049358
05004,"Government College of Engineering, Jalgaon",,500429310,Electrical Engineering,State Level,DEFOPENS,48221,72.8974176
05004,"Government College of Engineering, Jalgaon",,500429310,Electrical Engineering,State Level,I-NonS,56941,67.447284
05004,"Government College of Engineering, Jalgaon",,500429310,Electrical Engineering,State Level,I-NonS,50452,71.6451268
05004,"Government College of Engineering, Jalgaon",,500437210,Electronics and Telecommunication Engg,State Level,GOPENS,38723,78.6657067
05004,"Government College of Engineering, Jalgaon",,500437210,Electronics and Telecommunication Engg,State Level,GSCS,55257,68.5714285
05004,"Government College of Engineering, Jalgaon",,500437210,Electronics and Telecommunication Engg,State Level,GSTS,117374,8.7877784
05004,"Government College of Engineering, Jalgaon",,500437210,Electronics and Telecommunication Engg,State Level,GNT1S,64160,62.3799839
05004,"Government College of Engineering, Jalgaon",,500437210,Electronics and Telecommunication Engg,State Level,GNT3S,85976,44.9304271
05004,"Government College of Engineering, Jalgaon",,500437210,Electronics and Telecommunication Engg,State Level,GOBCS,47222,73.5739966
05004,"Government College of Engineering, Jalgaon",,500437210,Electronics and Telecommunication Engg,State Level,LOPENS,37793,79.4751328
05004,"Government College of Engineering, Jalgaon",,500437210,Electronics and Telecommunication Engg,State Level,LSCS,42825,76.4889836
05004,"Government College of Engineering, Jalgaon",,500437210,Electronics and Telecommunication Engg,State Level,LOBCS,46513,74.2012741
05004,"Government College of Engineering, Jalgaon",,500437210,Electronics and Telecommunication Engg,State Level,TFWS,32014,82.6733861
05004,"Government College of Engineering, Jalgaon",,500437210,Electronics and Telecommunication Engg,State Level,DEFROBCS,83669,46.4456321
05004,"Government College of Engineering, Jalgaon",,500437210,Electronics and Telecommunication Engg,State Level,EWS,32247,82.4407997
05004,"Government College of Engineering, Jalgaon",,500446610,Instrumentation Engineering,State Level,"Legends:Start Character G-General, L-Ladies, End Character H-Home University, O-Other than Home University, S-State LevelS",112446,16.0971905
05004,"Government College of Engineering, Jalgaon",,500446610,Instrumentation Engineering,State Level,Maharashtra State Seats - Cut Off Indicates State General Merit No. ; Figures in bracket Indicates MHT-CET PCM PercentileS,112560,15.6956852
05004,"Government College of Engineering, Jalgaon",,500446610,Instrumentation Engineering,State Level,DS,101464,29.2342823
05004,"Government College of Engineering, Jalgaon",,500446610,Instrumentation Engineering,State Level,State Common Entrance Test CellS,108009,21.8821184
05004,"Government College of Engineering, Jalgaon",,500446610,Instrumentation Engineering,State Level,Cut Off List for Maharashtra & Minority Seats of CAP Round - III for the Admission to the First Year Under Graduate Technical Courses in Engineering and Technology (4 Years) &S,81155,48.9390238
05004,"Government College of Engineering, Jalgaon",,500461210,Mechanical Engineering,State Level,GOPENS,54146,69.3404295
05004,"Government College of Engineering, Jalgaon",,500461210,Mechanical Engineering,State Level,GSTS,76073,53.7302794
05004,"Government College of Engineering, Jalgaon",,500461210,Mechanical Engineering,State Level,GVJS,80117,49.556541
05004,"Government College of Engineering, Jalgaon",,500461210,Mechanical Engineering,State Level,GNT3S,87908,42.8034319
05004,"Government College of Engineering, Jalgaon",,500461210,Mechanical Engineering,State Level,GOBCS,92373,39.1582539
05004,"Government College of Engineering, Jalgaon",,500461210,Mechanical Engineering,State Level,LOPENS,97713,32.5908894
05004,"Government College of Engineering, Jalgaon",,500461210,Mechanical Engineering,State Level,LSCS,58682,66.2395008
05004,"Government College of Engineering, Jalgaon",,500461210,Mechanical Engineering,State Level,LSTS,103632,26.7890081
05004,"Government College of Engineering, Jalgaon",,500461210,Mechanical Engineering,State Level,LVJS,104226,25.8381109
05004,"Government College of Engineering, Jalgaon",,500461210,Mechanical Engineering,State Level,I-NonS,77009,52.2301039
05004,"Government College of Engineering, Jalgaon",,500461210,Mechanical Engineering,State Level,VIIS,78349,51.2359011
05103,"Shri Shivaji Vidya Prasarak Sanstha's Late Bapusaheb Shivaji Rao Deore College of Engineering,Dhule",,510319110,Civil Engineering,State Level,"Legends:Start Character G-General, L-Ladies, End Character H-Home University, O-Other than Home University, S-State LevelS",65506,61.4673542
05103,"Shri Shivaji Vidya Prasarak Sanstha's Late Bapusaheb Shivaji Rao Deore College of Engineering,Dhule",,510324510,Computer Engineering,State Level,"Legends:Start Character G-General, L-Ladies, End Character H-Home University, O-Other than Home University, S-State LevelS",67466,59.7201871
05103,"Shri Shivaji Vidya Prasarak Sanstha's Late Bapusaheb Shivaji Rao Deore College of Engineering,Dhule",,510337610,Electronics Engineering,State Level,"Legends:Start Character G-General, L-Ladies, End Character H-Home University, O-Other than Home University, S-State LevelS",54402,69.1685966
05103,"Shri Shivaji Vidya Prasarak Sanstha's Late Bapusaheb Shivaji Rao Deore College of Engineering,Dhule",,510337610,Electronics Engineering,State Level,Maharashtra State Seats - Cut Off Indicates State General Merit No. ; Figures in bracket Indicates MHT-CET PCM PercentileS,86314,44.7418375
05103,"Shri Shivaji Vidya Prasarak Sanstha's Late Bapusaheb Shivaji Rao Deore College of Engineering,Dhule",,510337610,Electronics Engineering,State Level,I-NonS,71344,57.0638559
05103,"Shri Shivaji Vidya Prasarak Sanstha's Late Bapusaheb Shivaji Rao Deore College of Engineering,Dhule",,510361210,Mechanical Engineering,State Level,EWS,106301,23.4829494
05104,"Shramsadhana Bombay Trust, College of Engineering & Technology, Jalgaon",,510419110,Civil Engineering,State Level,"Legends:Start Character G-General, L-Ladies, End Character H-Home University, O-Other than Home University, S-State LevelS",122111,1.0918372
05104,"Shramsadhana Bombay Trust, College of Engineering & Technology, Jalgaon",,510424510,Computer Engineering,State Level,"Legends:Start Character G-General, L-Ladies, End Character H-Home University, O-Other than Home University, S-State LevelS",27376,85.0880607
05104,"Shramsadhana Bombay Trust, College of Engineering & Technology, Jalgaon",,510424510,Computer Engineering,State Level,Maharashtra State Seats - Cut Off Indicates State General Merit No. ; Figures in bracket Indicates MHT-CET PCM PercentileS,51324,71.1253958
05104,"Shramsadhana Bombay Trust, College of Engineering & Technology, Jalgaon",,510429310,Electrical Engineering,State Level,"Legends:Start Character G-General, L-Ladies, End Character H-Home University, O-Other than Home University, S-State LevelS",101272,29.3331437
05104,"Shramsadhana Bombay Trust, College of Engineering & Technology, Jalgaon",,510429310,Electrical Engineering,State Level,I-NonS,84363,45.9884082
05104,"Shramsadhana Bombay Trust, College of Engineering & Technology, Jalgaon",,510437210,Electronics and Telecommunication Engg,State Level,"Legends:Start Character G-General, L-Ladies, End Character H-Home University, O-Other than Home University, S-State LevelS",68828,59.0639291
05104,"Shramsadhana Bombay Trust, College of Engineering & Technology, Jalgaon",,510461210,Mechanical Engineering,State Level,EWS,97103,33.5099087
05106,"Khandesh College Education Society's College Of Engineering And Management, Jalgaon",,510624510,Computer Engineering,State Level,"Legends:Start Character G-General, L-Ladies, End Character H-Home University, O-Other than Home University, S-State LevelS",64029,62.3799839
05106,"Khandesh College Education Society's College Of Engineering And Management, Jalgaon",,510684410,Electronics and Computer Engineering,State Level,"Legends:Start Character G-General, L-Ladies, End Character H-Home University, O-Other than Home University, S-State LevelS",108087,21.5067519
05108,"Maratha Vidya Prasarak Samaj's Karmaveer Adv. Baburao Ganpatrao Thakare College Of Engineering, Nashik",,510819110,Civil Engineering,State Level,"Legends:Start Character G-General, L-Ladies, End Character H-Home University, O-Other than Home University, S-State LevelS",109970,19.1072714
05108,"Maratha Vidya Prasarak Samaj's Karmaveer Adv. Baburao Ganpatrao Thakare College Of Engineering, Nashik",,510837210,Electronics and Telecommunication Engg,State Level,EWS,38299,79.1656813
05108,"Maratha Vidya Prasarak Samaj's Karmaveer Adv. Baburao Ganpatrao Thakare College Of Engineering, Nashik",,510861210,Mechanical Engineering,State Level,EWS,77591,51.9313711
05109,"Sandip Foundation, Sandip Institute of Technology and Research Centre, Mahiravani, Nashik",,510924510,Computer Engineering,State Level,"Legends:Start Character G-General, L-Ladies, End Character H-Home University, O-Other than Home University, S-State LevelS",34678,81.0304563
05109,"Sandip Foundation, Sandip Institute of Technology and Research Centre, Mahiravani, Nashik",,510924610,Information Technology,State Level,"Legends:Start Character G-General, L-Ladies, End Character H-Home University, O-Other than Home University, S-State LevelS",38852,78.5792977
05109,"Sandip Foundation, Sandip Institute of Technology and Research Centre, Mahiravani, Nashik",,510929310,Electrical Engineering,State Level,"Legends:Start Character G-General, L-Ladies, End Character H-Home University, O-Other than Home University, S-State LevelS",71838,56.7650587
05109,"Sandip Foundation, Sandip Institute of Technology and Research Centre, Mahiravani, Nashik",,510937210,Electronics and Telecommunication Engg,State Level,"Legends:Start Character G-General, L-Ladies, End Character H-Home University, O-Other than Home University, S-State LevelS",65536,61.4673542
05109,"Sandip Foundation, Sandip Institute of Technology and Research Centre, Mahiravani, Nashik",,510937210,Electronics and Telecommunication Engg,State Level,I-NonS,46093,74.364085
05109,"Sandip Foundation, Sandip Institute of Technology and Research Centre, Mahiravani, Nashik",,510961210,Mechanical Engineering,State Level,"Legends:Start Character G-General, L-Ladies, End Character H-Home University, O-Other than Home University, S-State LevelS",119571,5.5537174
05109,"Sandip Foundation, Sandip Institute of Technology and Research Centre, Mahiravani, Nashik",,510991610,Automation and Robotics,State Level,"Legends:Start Character G-General, L-Ladies, End Character H-Home University, O-Other than Home University, S-State LevelS",70780,57.4413646
05109,"Sandip Foundation, Sandip Institute of Technology and Research Centre, Mahiravani, Nashik",,510999510,Artificial Intelligence and Data Science,State Level,"Legends:Start Character G-General, L-Ladies, End Character H-Home University, O-Other than Home University, S-State LevelS",69076,58.8113371
05109,"Sandip Foundation, Sandip Institute of Technology and Research Centre, Mahiravani, Nashik",,510999510,Artificial Intelligence and Data Science,State Level,Maharashtra State Seats - Cut Off Indicates State General Merit No. ; Figures in bracket Indicates MHT-CET PCM PercentileS,50502,71.4470469
05121,"K. K. Wagh Institute of Engineering Education and Research, Nashik",,512119110,Civil Engineering,State Level,"Legends:Start Character G-General, L-Ladies, End Character H-Home University, O-Other than Home University, S-State LevelS",63439,63.050238
05121,"K. K. Wagh Institute of Engineering Education and Research, Nashik",,512119110,Civil Engineering,State Level,Maharashtra State Seats - Cut Off Indicates State General Merit No. ; Figures in bracket Indicates MHT-CET PCM PercentileS,97100,33.8709677
05121,"K. K. Wagh Institute of Engineering Education and Research, Nashik",,512119110,Civil Engineering,State Level,DS,70075,57.7165019
05121,"K. K. Wagh Institute of Engineering Education and Research, Nashik",,512119110,Civil Engineering,State Level,State Common Entrance Test CellS,64082,62.3799839
05121,"K. K. Wagh Institute of Engineering Education and Research, Nashik",,512119110,Civil Engineering,State Level,Cut Off List for Maharashtra & Minority Seats of CAP Round - III for the Admission to the First Year Under Graduate Technical Courses in Engineering and Technology (4 Years) &S,113802,14.2210761
05121,"K. K. Wagh Institute of Engineering Education and Research, Nashik",,512119110,Civil Engineering,State Level,Master of Engineering and Technology (Integrated 5 Years) Admissions A.Y. 2022-23S,86614,44.6471616
05121,"K. K. Wagh Institute of Engineering Education and Research, Nashik",,512119110,Civil Engineering,State Level,GOPENS,45810,74.5106403
05121,"K. K. Wagh Institute of Engineering Education and Research, Nashik",,512119110,Civil Engineering,State Level,GSCS,82440,48.1419882
05121,"K. K. Wagh Institute of Engineering Education and Research, Nashik",,512119110,Civil Engineering,State Level,VIIS,71293,57.0638559
05121,"K. K. Wagh Institute of Engineering Education and Research, Nashik",,512124510,Computer Engineering,State Level,GOPENS,9521,94.8196814
05121,"K. K. Wagh Institute of Engineering Education and Research, Nashik",,512124510,Computer Engineering,State Level,GOBCS,11439,93.774898
05121,"K. K. Wagh Institute of Engineering Education and Research, Nashik",,512124610,Information Technology,State Level,GOPENS,13697,92.6197648
05121,"K. K. Wagh Institute of Engineering Education and Research, Nashik",,512124610,Information Technology,State Level,GNT1S,28205,84.8614274
05121,"K. K. Wagh Institute of Engineering Education and Research, Nashik",,512124610,Information Technology,State Level,GOBCS,14955,91.9143087
05121,"K. K. Wagh Institute of Engineering Education and Research, Nashik",,512125710,Computer Science and Design,State Level,LOPENS,15855,91.4874509
05121,"K. K. Wagh Institute of Engineering Education and Research, Nashik",,512125710,Computer Science and Design,State Level,DEFOPENS,109740,19.499854
05121,"K. K. Wagh Institute of Engineering Education and Research, Nashik",,512129310,Electrical Engineering,State Level,"Legends:Start Character G-General, L-Ladies, End Character H-Home University, O-Other than Home University, S-State LevelS",50221,71.6451268
05121,"K. K. Wagh Institute of Engineering Education and Research, Nashik",,512129310,Electrical Engineering,State Level,Maharashtra State Seats - Cut Off Indicates State General Merit No. ; Figures in bracket Indicates MHT-CET PCM PercentileS,87665,43.0138429
05121,"K. K. Wagh Institute of Engineering Education and Research, Nashik",,512129310,Electrical Engineering,State Level,DS,71720,56.8099848
05121,"K. K. Wagh Institute of Engineering Education and Research, Nashik",,512129310,Electrical Engineering,State Level,State Common Entrance Test CellS,44737,75.3508645
05121,"K. K. Wagh Institute of Engineering Education and Research, Nashik",,512129310,Electrical Engineering,State Level,Cut Off List for Maharashtra & Minority Seats of CAP Round - III for the Admission to the First Year Under Graduate Technical Courses in Engineering and Technology (4 Years) &S,39698,78.2814198
05121,"K. K. Wagh Institute of Engineering Education and Research, Nashik",,512129310,Electrical Engineering,State Level,Master of Engineering and Technology (Integrated 5 Years) Admissions A.Y. 2022-23S,62395,63.7147595
05121,"K. K. Wagh Institute of Engineering Education and Research, Nashik",,512137210,Electronics and Telecommunication Engg,State Level,GOPENS,28094,84.8888044
05121,"K. K. Wagh Institute of Engineering Education and Research, Nashik",,512137210,Electronics and Telecommunication Engg,State Level,GOBCS,29870,83.8902317
05121,"K. K. Wagh Institute of Engineering Education and Research, Nashik",,512137210,Electronics and Telecommunication Engg,State Level,LOPENS,28037,84.8888044
05121,"K. K. Wagh Institute of Engineering Education and Research, Nashik",,512137210,Electronics and Telecommunication Engg,State Level,LOBCS,29417,84.1495823
05121,"K. K. Wagh Institute of Engineering Education and Research, Nashik",,512137210,Electronics and Telecommunication Engg,State Level,DEFOPENS,85810,44.9304271
05121,"K. K. Wagh Institute of Engineering Education and Research, Nashik",,512137210,Electronics and Telecommunication Engg,State Level,EWS,37265,79.5386869
05121,"K. K. Wagh Institute of Engineering Education and Research, Nashik",,512150710,Chemical Engineering,State Level,GOPENS,59215,66.0248119
05121,"K. K. Wagh Institute of Engineering Education and Research, Nashik",,512150710,Chemical Engineering,State Level,GSCS,95866,35.6598862
05121,"K. K. Wagh Institute of Engineering Education and Research, Nashik",,512150710,Chemical Engineering,State Level,GNT1S,55595,68.3772406
05121,"K. K. Wagh Institute of Engineering Education and Research, Nashik",,512150710,Chemical Engineering,State Level,LOPENS,56663,67.4824177
05121,"K. K. Wagh Institute of Engineering Education and Research, Nashik",,512150710,Chemical Engineering,State Level,I-NonS,57731,66.8137813
05121,"K. K. Wagh Institute of Engineering Education and Research, Nashik",,512150710,Chemical Engineering,State Level,VIIS,67041,60.5043241
05121,"K. K. Wagh Institute of Engineering Education and Research, Nashik",,512161210,Mechanical Engineering,State Level,GOPENS,44609,75.4846987
05121,"K. K. Wagh Institute of Engineering Education and Research, Nashik",,512161210,Mechanical Engineering,State Level,GVJS,88811,42.3018437
05121,"K. K. Wagh Institute of Engineering Education and Research, Nashik",,512161210,Mechanical Engineering,State Level,GOBCS,47821,73.2440997
05121,"K. K. Wagh Institute of Engineering Education and Research, Nashik",,512161210,Mechanical Engineering,State Level,LOPENS,70111,57.7165019
05121,"K. K. Wagh Institute of Engineering Education and Research, Nashik",,512161210,Mechanical Engineering,State Level,LNT2S,88569,42.5186027
05121,"K. K. Wagh Institute of Engineering Education and Research, Nashik",,512161210,Mechanical Engineering,State Level,LOBCS,75935,53.8866742
05121,"K. K. Wagh Institute of Engineering Education and Research, Nashik",,512161210,Mechanical Engineering,State Level,EWS,75961,53.8866742
05121,"K. K. Wagh Institute of Engineering Education and Research, Nashik",,512191910,Robotics and Automation,State Level,"Legends:Start Character G-General, L-Ladies, End Character H-Home University, O-Other than Home University, S-State LevelS",34441,81.4005843
05121,"K. K. Wagh Institute of Engineering Education and Research, Nashik",,512191910,Robotics and Automation,State Level,Maharashtra State Seats - Cut Off Indicates State General Merit No. ; Figures in bracket Indicates MHT-CET PCM PercentileS,87596,43.0138429
05121,"K. K. Wagh Institute of Engineering Education and Research, Nashik",,512191910,Robotics and Automation,State Level,DS,46926,74.1161376
05121,"K. K. Wagh Institute of Engineering Education and Research, Nashik",,512191910,Robotics and Automation,State Level,State Common Entrance Test CellS,61843,64.0075195
05121,"K. K. Wagh Institute of Engineering Education and Research, Nashik",,512191910,Robotics and Automation,State Level,Cut Off List for Maharashtra & Minority Seats of CAP Round - III for the Admission to the First Year Under Graduate Technical Courses in Engineering and Technology (4 Years) &S,51524,70.9370842
05121,"K. K. Wagh Institute of Engineering Education and Research, Nashik",,512191910,Robotics and Automation,State Level,VIIS,38143,79.2815054
05121,"K. K. Wagh Institute of Engineering Education and Research, Nashik",,512199510,Artificial Intelligence and Data Science,State Level,GOPENS,14067,92.361866
05121,"K. K. Wagh Institute of Engineering Education and Research, Nashik",,512199510,Artificial Intelligence and Data Science,State Level,LOPENS,21832,88.2419713
05121,"K. K. Wagh Institute of Engineering Education and Research, Nashik",,512199510,Artificial Intelligence and Data Science,State Level,ORPHAN,22117,88.0916175
05121,"K. K. Wagh Institute of Engineering Education and Research, Nashik",,512199510,Artificial Intelligence and Data Science,State Level,VIIS,18821,89.8892235
05124,"Jagadamba Education Soc. Nashik's S.N.D. College of Engineering & Reserch, Babulgaon",,512419110,Civil Engineering,State Level,"Legends:Start Character G-General, L-Ladies, End Character H-Home University, O-Other than Home University, S-State LevelS",100588,29.9372742
05124,"Jagadamba Education Soc. Nashik's S.N.D. College of Engineering & Reserch, Babulgaon",,512424610,Information Technology,State Level,DEFOPENS,61344,64.0609282
05124,"Jagadamba Education Soc. Nashik's S.N.D. College of Engineering & Reserch, Babulgaon",,512424610,Information Technology,State Level,I-NonS,59969,65.2657662
05124,"Jagadamba Education Soc. Nashik's S.N.D. College of Engineering & Reserch, Babulgaon",,512429310,Electrical Engineering,State Level,"Legends:Start Character G-General, L-Ladies, End Character H-Home University, O-Other than Home University, S-State LevelS",69538,57.9292585
05124,"Jagadamba Education Soc. Nashik's S.N.D. College of Engineering & Reserch, Babulgaon",,512429310,Electrical Engineering,State Level,I-NonS,91305,39.4227966
05124,"Jagadamba Education Soc. Nashik's S.N.D. College of Engineering & Reserch, Babulgaon",,512429310,Electrical Engineering,State Level,DefenceS,114499,12.9353233
05124,"Jagadamba Education Soc. Nashik's S.N.D. College of Engineering & Reserch, Babulgaon",,512461210,Mechanical Engineering,State Level,"Legends:Start Character G-General, L-Ladies, End Character H-Home University, O-Other than Home University, S-State LevelS",101767,28.9481366
05125,"Pravara Rural Education Society's Sir Visvesvaraya Institute of Technology, Chincholi Dist. Nashik",,512524510,Computer Engineering,State Level,"Legends:Start Character G-General, L-Ladies, End Character H-Home University, O-Other than Home University, S-State LevelS",59252,66.0248119
05125,"Pravara Rural Education Society's Sir Visvesvaraya Institute of Technology, Chincholi Dist. Nashik",,512524510,Computer Engineering,State Level,Maharashtra State Seats - Cut Off Indicates State General Merit No. ; Figures in bracket Indicates MHT-CET PCM PercentileS,55051,68.7024004
05125,"Pravara Rural Education Society's Sir Visvesvaraya Institute of Technology, Chincholi Dist. Nashik",,512524610,Information Technology,State Level,"Legends:Start Character G-General, L-Ladies, End Character H-Home University, O-Other than Home University, S-State LevelS",101421,29.2342823
05125,"Pravara Rural Education Society's Sir Visvesvaraya Institute of Technology, Chincholi Dist. Nashik",,512524610,Information Technology,State Level,Maharashtra State Seats - Cut Off Indicates State General Merit No. ; Figures in bracket Indicates MHT-CET PCM PercentileS,47526,73.4437245
05125,"Pravara Rural Education Society's Sir Visvesvaraya Institute of Technology, Chincholi Dist. Nashik",,512550710,Chemical Engineering,State Level,"Legends:Start Character G-General, L-Ladies, End Character H-Home University, O-Other than Home University, S-State LevelS",120543,4.0186824
05125,"Pravara Rural Education Society's Sir Visvesvaraya Institute of Technology, Chincholi Dist. Nashik",,512550710,Chemical Engineering,State Level,I-NonS,89355,41.9139826
05130,"Brahma Valley College of Engineering & Research, Trimbakeshwar, Nashik",,513024510,Computer Engineering,State Level,"Legends:Start Character G-General, L-Ladies, End Character H-Home University, O-Other than Home University, S-State LevelS",58435,66.2395008
05130,"Brahma Valley College of Engineering & Research, Trimbakeshwar, Nashik",,513024510,Computer Engineering,State Level,Maharashtra State Seats - Cut Off Indicates State General Merit No. ; Figures in bracket Indicates MHT-CET PCM PercentileS,69483,58.8006082
05130,"Brahma Valley College of Engineering & Research, Trimbakeshwar, Nashik",,513024510,Computer Engineering,State Level,VIIS,64787,61.9054461
05130,"Brahma Valley College of Engineering & Research, Trimbakeshwar, Nashik",,513029310,Electrical Engineering,State Level,"Legends:Start Character G-General, L-Ladies, End Character H-Home University, O-Other than Home University, S-State LevelS",95317,35.6983743
05139,"Pravara Rural College of Engineering, Loni, Pravaranagar, Ahmednagar.",,513919110,Civil Engineering,State Level,"Legends:Start Character G-General, L-Ladies, End Character H-Home University, O-Other than Home University, S-State LevelS",93519,37.5478565
05139,"Pravara Rural College of Engineering, Loni, Pravaranagar, Ahmednagar.",,513919110,Civil Engineering,State Level,I-NonS,96742,34.6668564
05139,"Pravara Rural College of Engineering, Loni, Pravaranagar, Ahmednagar.",,513919110,Civil Engineering,State Level,VIIS,118530,7.0709457
05139,"Pravara Rural College of Engineering, Loni, Pravaranagar, Ahmednagar.",,513937210,Electronics and Telecommunication Engg,State Level,DEFOPENS,49821,71.9798416
05139,"Pravara Rural College of Engineering, Loni, Pravaranagar, Ahmednagar.",,513937210,Electronics and Telecommunication Engg,State Level,I-NonS,51510,70.9370842
05139,"Pravara Rural College of Engineering, Loni, Pravaranagar, Ahmednagar.",,513950710,Chemical Engineering,State Level,"Legends:Start Character G-General, L-Ladies, End Character H-Home University, O-Other than Home University, S-State LevelS",65548,61.4673542
05139,"Pravara Rural College of Engineering, Loni, Pravaranagar, Ahmednagar.",,513961210,Mechanical Engineering,State Level,"Legends:Start Character G-General, L-Ladies, End Character H-Home University, O-Other than Home University, S-State LevelS",61217,64.4979119
05139,"Pravara Rural College of Engineering, Loni, Pravaranagar, Ahmednagar.",,513991610,Automation and Robotics,State Level,"Legends:Start Character G-General, L-Ladies, End Character H-Home University, O-Other than Home University, S-State LevelS",66502,60.6284658
05139,"Pravara Rural College of Engineering, Loni, Pravaranagar, Ahmednagar.",,513991610,Automation and Robotics,State Level,I-NonS,67495,59.7201871
05151,"MET Bhujbal Knowledge City MET League's Engineering College, Adgaon, Nashik.",,515119110,Civil Engineering,State Level,"Legends:Start Character G-General, L-Ladies, End Character H-Home University, O-Other than Home University, S-State LevelS",102766,28.1605922
05151,"MET Bhujbal Knowledge City MET League's Engineering College, Adgaon, Nashik.",,515119110,Civil Engineering,State Level,VIIS,113570,14.6195704
05151,"MET Bhujbal Knowledge City MET League's Engineering College, Adgaon, Nashik.",,515129310,Electrical Engineering,State Level,DEFOPENS,73839,54.912555
05151,"MET Bhujbal Knowledge City MET League's Engineering College, Adgaon, Nashik.",,515129310,Electrical Engineering,State Level,I-NonS,45940,74.364085
05151,"MET Bhujbal Knowledge City MET League's Engineering College, Adgaon, Nashik.",,515137210,Electronics and Telecommunication Engg,State Level,ORPHAN,41916,76.9900203
05151,"MET Bhujbal Knowledge City MET League's Engineering College, Adgaon, Nashik.",,515137210,Electronics and Telecommunication Engg,State Level,VIIS,35510,80.6275908
05151,"MET Bhujbal Knowledge City MET League's Engineering College, Adgaon, Nashik.",,515161210,Mechanical Engineering,State Level,"Legends:Start Character G-General, L-Ladies, End Character H-Home University, O-Other than Home University, S-State LevelS",101429,29.2342823
05151,"MET Bhujbal Knowledge City MET League's Engineering College, Adgaon, Nashik.",,515161210,Mechanical Engineering,State Level,I-NonS,70525,57.4413646
05152,"G H Raisoni Institute of Engineering and Business Management, Jalgaon",,515219110,Civil Engineering,State Level,GOPENS,112412,16.0971905
05152,"G H Raisoni Institute of Engineering and Business Management, Jalgaon",,515219110,Civil Engineering,State Level,LOPENS,113319,14.7866072
05152,"G H Raisoni Institute of Engineering and Business Management, Jalgaon",,515224210,Computer Science and Engineering,State Level,GOPENS,43245,75.8471965
05152,"G H Raisoni Institute of Engineering and Business Management, Jalgaon",,515224210,Computer Science and Engineering,State Level,LOPENS,36414,80.2788844
05152,"G H Raisoni Institute of Engineering and Business Management, Jalgaon",,515224210,Computer Science and Engineering,State Level,MI,111253,17.5093411
05152,"G H Raisoni Institute of Engineering and Business Management, Jalgaon",,515224210,Computer Science and Engineering,State Level,MH,56058,67.9791157
05152,"G H Raisoni Institute of Engineering and Business Management, Jalgaon",,515224610,Information Technology,State Level,GOPENS,51593,70.9370842
05152,"G H Raisoni Institute of Engineering and Business Management, Jalgaon",,515224610,Information Technology,State Level,MI,46777,74.1161376
05152,"G H Raisoni Institute of Engineering and Business Management, Jalgaon",,515224610,Information Technology,State Level,MH,59109,66.0248119
05152,"G H Raisoni Institute of Engineering and Business Management, Jalgaon",,515229310,Electrical Engineering,State Level,GOPENS,78100,51.2600953
05152,"G H Raisoni Institute of Engineering and Business Management, Jalgaon",,515229310,Electrical Engineering,State Level,MH,95418,38.0516367
05152,"G H Raisoni Institute of Engineering and Business Management, Jalgaon",,515237210,Electronics and Telecommunication Engg,State Level,"Legends:Start Character G-General, L-Ladies, End Character H-Home University, O-Other than Home University, S-State LevelS",67308,60.0860804
05152,"G H Raisoni Institute of Engineering and Business Management, Jalgaon",,515237210,Electronics and Telecommunication Engg,State Level,Maharashtra State Seats - Cut Off Indicates State General Merit No. ; Figures in bracket Indicates MHT-CET PCM PercentileS,68105,59.5292331
05152,"G H Raisoni Institute of Engineering and Business Management, Jalgaon",,515237210,Electronics and Telecommunication Engg,State Level,MH,71997,56.7650587
05152,"G H Raisoni Institute of Engineering and Business Management, Jalgaon",,515261210,Mechanical Engineering,State Level,GOPENS,117240,9.244495
05152,"G H Raisoni Institute of Engineering and Business Management, Jalgaon",,515261210,Mechanical Engineering,State Level,LOPENS,113637,14.2356611
05152,"G H Raisoni Institute of Engineering and Business Management, Jalgaon",,515261210,Mechanical Engineering,State Level,MI,108116,21.5067519
05152,"G H Raisoni Institute of Engineering and Business Management, Jalgaon",,515261210,Mechanical Engineering,State Level,VIIS,117221,9.244495
05152,"G H Raisoni Institute of Engineering and Business Management, Jalgaon",,515261210,Mechanical Engineering,State Level,MH,119080,6.4853556
05152,"G H Raisoni Institute of Engineering and Business Management, Jalgaon",,515291110,Computer Science and Engineering(Artificial Intelligence and Machine Learning),State Level,GOPENS,67125,60.0860804
05152,"G H Raisoni Institute of Engineering and Business Management, Jalgaon",,515291110,Computer Science and Engineering(Artificial Intelligence and Machine Learning),State Level,MI,79948,50.5614783
05152,"G H Raisoni Institute of Engineering and Business Management, Jalgaon",,515291110,Computer Science and Engineering(Artificial Intelligence and Machine Learning),State Level,MH,73859,54.912555
05152,"G H Raisoni Institute of Engineering and Business Management, Jalgaon",,515291210,Computer Science and Engineering(Data Science),State Level,GOPENS,51813,70.9263207
05152,"G H Raisoni Institute of Engineering and Business Management, Jalgaon",,515291210,Computer Science and Engineering(Data Science),State Level,MH,66019,61.2621174
05152,"G H Raisoni Institute of Engineering and Business Management, Jalgaon",,515291310,Computer Science and Engineering (Artificial Intelligence),State Level,"Legends:Start Character G-General, L-Ladies, End Character H-Home University, O-Other than Home University, S-State LevelS",67461,59.7201871
05152,"G H Raisoni Institute of Engineering and Business Management, Jalgaon",,515291310,Computer Science and Engineering (Artificial Intelligence),State Level,MH,78964,50.9996691
05160,"Sanjivani Rural Education Society's Sanjivani College of Engineering, Kopargaon",,516019110,Civil Engineering,State Level,"Legends:Start Character G-General, L-Ladies, End Character H-Home University, O-Other than Home University, S-State LevelS",75878,53.8866742
05160,"Sanjivani Rural Education Society's Sanjivani College of Engineering, Kopargaon",,516019110,Civil Engineering,State Level,Maharashtra State Seats - Cut Off Indicates State General Merit No. ; Figures in bracket Indicates MHT-CET PCM PercentileS,78435,51.2359011
05160,"Sanjivani Rural Education Society's Sanjivani College of Engineering, Kopargaon",,516019110,Civil Engineering,State Level,DS,73693,54.912555
05160,"Sanjivani Rural Education Society's Sanjivani College of Engineering, Kopargaon",,516019110,Civil Engineering,State Level,State Common Entrance Test CellS,114371,12.9353233
05160,"Sanjivani Rural Education Society's Sanjivani College of Engineering, Kopargaon",,516019110,Civil Engineering,State Level,Cut Off List for Maharashtra & Minority Seats of CAP Round - III for the Admission to the First Year Under Graduate Technical Courses in Engineering and Technology (4 Years) &S,86986,43.3167495
05160,"Sanjivani Rural Education Society's Sanjivani College of Engineering, Kopargaon",,516019110,Civil Engineering,State Level,Master of Engineering and Technology (Integrated 5 Years) Admissions A.Y. 2022-23S,118860,6.8230277
05160,"Sanjivani Rural Education Society's Sanjivani College of Engineering, Kopargaon",,516019110,Civil Engineering,State Level,I-NonS,79636,50.5614783
05160,"Sanjivani Rural Education Society's Sanjivani College of Engineering, Kopargaon",,516019110,Civil Engineering,State Level,VIIS,82473,48.1419882
05160,"Sanjivani Rural Education Society's Sanjivani College of Engineering, Kopargaon",,516024510,Computer Engineering,State Level,GOPENS,19002,89.8095193
05160,"Sanjivani Rural Education Society's Sanjivani College of Engineering, Kopargaon",,516024510,Computer Engineering,State Level,LOPENS,18680,89.9588516
05160,"Sanjivani Rural Education Society's Sanjivani College of Engineering, Kopargaon",,516024510,Computer Engineering,State Level,LNT3S,31795,82.6809987
05160,"Sanjivani Rural Education Society's Sanjivani College of Engineering, Kopargaon",,516024510,Computer Engineering,State Level,VIIS,21187,88.5953918
05160,"Sanjivani Rural Education Society's Sanjivani College of Engineering, Kopargaon",,516024610,Information Technology,State Level,GOPENS,24135,87.0240046
05160,"Sanjivani Rural Education Society's Sanjivani College of Engineering, Kopargaon",,516024610,Information Technology,State Level,GOBCS,25106,86.5103056
05160,"Sanjivani Rural Education Society's Sanjivani College of Engineering, Kopargaon",,516024610,Information Technology,State Level,EWS,23645,87.2542051
05160,"Sanjivani Rural Education Society's Sanjivani College of Engineering, Kopargaon",,516029310,Electrical Engineering,State Level,GOPENS,54325,69.1685966
05160,"Sanjivani Rural Education Society's Sanjivani College of Engineering, Kopargaon",,516029310,Electrical Engineering,State Level,GSCS,57309,67.1125395
05160,"Sanjivani Rural Education Society's Sanjivani College of Engineering, Kopargaon",,516029310,Electrical Engineering,State Level,GSTS,67158,60.0860804
05160,"Sanjivani Rural Education Society's Sanjivani College of Engineering, Kopargaon",,516029310,Electrical Engineering,State Level,GVJS,59672,65.5958943
05160,"Sanjivani Rural Education Society's Sanjivani College of Engineering, Kopargaon",,516029310,Electrical Engineering,State Level,GNT3S,53994,69.3871747
05160,"Sanjivani Rural Education Society's Sanjivani College of Engineering, Kopargaon",,516029310,Electrical Engineering,State Level,GOBCS,54822,69.0394836
05160,"Sanjivani Rural Education Society's Sanjivani College of Engineering, Kopargaon",,516029310,Electrical Engineering,State Level,LOPENS,34609,81.3782643
05160,"Sanjivani Rural Education Society's Sanjivani College of Engineering, Kopargaon",,516029310,Electrical Engineering,State Level,I-NonS,54289,69.259962
05160,"Sanjivani Rural Education Society's Sanjivani College of Engineering, Kopargaon",,516029310,Electrical Engineering,State Level,VIIS,61203,64.4979119
05160,"Sanjivani Rural Education Society's Sanjivani College of Engineering, Kopargaon",,516061210,Mechanical Engineering,State Level,"Legends:Start Character G-General, L-Ladies, End Character H-Home University, O-Other than Home University, S-State LevelS",61833,64.0075195
05160,"Sanjivani Rural Education Society's Sanjivani College of Engineering, Kopargaon",,516061210,Mechanical Engineering,State Level,Maharashtra State Seats - Cut Off Indicates State General Merit No. ; Figures in bracket Indicates MHT-CET PCM PercentileS,99724,31.5015186
05160,"Sanjivani Rural Education Society's Sanjivani College of Engineering, Kopargaon",,516061210,Mechanical Engineering,State Level,DS,68876,59.0639291
05160,"Sanjivani Rural Education Society's Sanjivani College of Engineering, Kopargaon",,516061210,Mechanical Engineering,State Level,State Common Entrance Test CellS,62549,63.7147595
05160,"Sanjivani Rural Education Society's Sanjivani College of Engineering, Kopargaon",,516061210,Mechanical Engineering,State Level,Cut Off List for Maharashtra & Minority Seats of CAP Round - III for the Admission to the First Year Under Graduate Technical Courses in Engineering and Technology (4 Years) &S,83365,46.941483
05160,"Sanjivani Rural Education Society's Sanjivani College of Engineering, Kopargaon",,516061210,Mechanical Engineering,State Level,VIIS,66120,60.7344231
05160,"Sanjivani Rural Education Society's Sanjivani College of Engineering, Kopargaon",,516062410,Mechatronics Engineering,State Level,GOPENS,34439,81.4005843
05160,"Sanjivani Rural Education Society's Sanjivani College of Engineering, Kopargaon",,516062410,Mechatronics Engineering,State Level,LOPENS,37385,79.5386869
05160,"Sanjivani Rural Education Society's Sanjivani College of Engineering, Kopargaon",,516062410,Mechatronics Engineering,State Level,LSCS,62460,63.7147595
05160,"Sanjivani Rural Education Society's Sanjivani College of Engineering, Kopargaon",,516084410,Electronics and Computer Engineering,State Level,GSCS,50371,71.6451268
05160,"Sanjivani Rural Education Society's Sanjivani College of Engineering, Kopargaon",,516084410,Electronics and Computer Engineering,State Level,GSTS,32068,82.59776
05160,"Sanjivani Rural Education Society's Sanjivani College of Engineering, Kopargaon",,516084410,Electronics and Computer Engineering,State Level,VIIS,26075,85.8567675
05160,"Sanjivani Rural Education Society's Sanjivani College of Engineering, Kopargaon",,516091510,Structural Engineering,State Level,GOPENS,86983,43.3167495
05160,"Sanjivani Rural Education Society's Sanjivani College of Engineering, Kopargaon",,516091510,Structural Engineering,State Level,GSCS,95147,35.8351101
05160,"Sanjivani Rural Education Society's Sanjivani College of Engineering, Kopargaon",,516091510,Structural Engineering,State Level,GSTS,116479,10.4564832
05160,"Sanjivani Rural Education Society's Sanjivani College of Engineering, Kopargaon",,516091510,Structural Engineering,State Level,GNT2S,76610,52.8246408
05160,"Sanjivani Rural Education Society's Sanjivani College of Engineering, Kopargaon",,516091510,Structural Engineering,State Level,LSTS,54572,69.0394836
05160,"Sanjivani Rural Education Society's Sanjivani College of Engineering, Kopargaon",,516091510,Structural Engineering,State Level,VIIS,87885,42.8034319
05161,"Dr. Vithalrao Vikhe Patil College of Engineering, Ahmednagar",,516119110,Civil Engineering,State Level,"Legends:Start Character G-General, L-Ladies, End Character H-Home University, O-Other than Home University, S-State LevelS",101513,29.2342823
05161,"Dr. Vithalrao Vikhe Patil College of Engineering, Ahmednagar",,516119110,Civil Engineering,State Level,I-NonS,93704,37.5478565
05161,"Dr. Vithalrao Vikhe Patil College of Engineering, Ahmednagar",,516124510,Computer Engineering,State Level,EWS,31077,83.2284916
05161,"Dr. Vithalrao Vikhe Patil College of Engineering, Ahmednagar",,516124610,Information Technology,State Level,"Legends:Start Character G-General, L-Ladies, End Character H-Home University, O-Other than Home University, S-State LevelS",28593,84.5764555
05161,"Dr. Vithalrao Vikhe Patil College of Engineering, Ahmednagar",,516125710,Computer Science and Design,State Level,"Legends:Start Character G-General, L-Ladies, End Character H-Home University, O-Other than Home University, S-State LevelS",53279,69.6045087
05161,"Dr. Vithalrao Vikhe Patil College of Engineering, Ahmednagar",,516129310,Electrical Engineering,State Level,"Legends:Start Character G-General, L-Ladies, End Character H-Home University, O-Other than Home University, S-State LevelS",85953,44.9304271
05161,"Dr. Vithalrao Vikhe Patil College of Engineering, Ahmednagar",,516137210,Electronics and Telecommunication Engg,State Level,"Legends:Start Character G-General, L-Ladies, End Character H-Home University, O-Other than Home University, S-State LevelS",64744,61.9054461
05161,"Dr. Vithalrao Vikhe Patil College of Engineering, Ahmednagar",,516137210,Electronics and Telecommunication Engg,State Level,VIIS,58203,66.4465439
05161,"Dr. Vithalrao Vikhe Patil College of Engineering, Ahmednagar",,516161210,Mechanical Engineering,State Level,"Legends:Start Character G-General, L-Ladies, End Character H-Home University, O-Other than Home University, S-State LevelS",72720,55.8902921
05161,"Dr. Vithalrao Vikhe Patil College of Engineering, Ahmednagar",,516161210,Mechanical Engineering,State Level,I-NonS,89904,41.4815869
05162,"Amrutvahini Sheti & Shikshan Vikas Sanstha's Amrutvahini College of Engineering, Sangamner",,516219110,Civil Engineering,State Level,"Legends:Start Character G-General, L-Ladies, End Character H-Home University, O-Other than Home University, S-State LevelS",95424,35.6983743
05162,"Amrutvahini Sheti & Shikshan Vikas Sanstha's Amrutvahini College of Engineering, Sangamner",,516219110,Civil Engineering,State Level,I-NonS,61384,64.0609282
05162,"Amrutvahini Sheti & Shikshan Vikas Sanstha's Amrutvahini College of Engineering, Sangamner",,516219110,Civil Engineering,State Level,VIIS,103161,27.3337429
05162,"Amrutvahini Sheti & Shikshan Vikas Sanstha's Amrutvahini College of Engineering, Sangamner",,516224510,Computer Engineering,State Level,"Legends:Start Character G-General, L-Ladies, End Character H-Home University, O-Other than Home University, S-State LevelS",40659,77.8495773
05162,"Amrutvahini Sheti & Shikshan Vikas Sanstha's Amrutvahini College of Engineering, Sangamner",,516224510,Computer Engineering,State Level,VIIS,17240,90.6908949
05162,"Amrutvahini Sheti & Shikshan Vikas Sanstha's Amrutvahini College of Engineering, Sangamner",,516224610,Information Technology,State Level,"Legends:Start Character G-General, L-Ladies, End Character H-Home University, O-Other than Home University, S-State LevelS",21600,88.3304859
05162,"Amrutvahini Sheti & Shikshan Vikas Sanstha's Amrutvahini College of Engineering, Sangamner",,516261210,Mechanical Engineering,State Level,DEFOPENS,30777,83.3155184
05162,"Amrutvahini Sheti & Shikshan Vikas Sanstha's Amrutvahini College of Engineering, Sangamner",,516261210,Mechanical Engineering,State Level,I-NonS,55317,68.5714285
05162,"Amrutvahini Sheti & Shikshan Vikas Sanstha's Amrutvahini College of Engineering, Sangamner",,516284410,Electronics and Computer Engineering,State Level,"Legends:Start Character G-General, L-Ladies, End Character H-Home University, O-Other than Home University, S-State LevelS",26910,85.606492
05162,"Amrutvahini Sheti & Shikshan Vikas Sanstha's Amrutvahini College of Engineering, Sangamner",,516284410,Electronics and Computer Engineering,State Level,Maharashtra State Seats - Cut Off Indicates State General Merit No. ; Figures in bracket Indicates MHT-CET PCM PercentileS,30804,83.3155184
05162,"Amrutvahini Sheti & Shikshan Vikas Sanstha's Amrutvahini College of Engineering, Sangamner",,516291610,Automation and Robotics,State Level,"Legends:Start Character G-General, L-Ladies, End Character H-Home University, O-Other than Home University, S-State LevelS",54155,69.3404295
05164,"P.S.G.V.P. Mandal's D.N. Patel College of Engineering, Shahada, Dist. Nandurbar",,516424510,Computer Engineering,State Level,"Legends:Start Character G-General, L-Ladies, End Character H-Home University, O-Other than Home University, S-State LevelS",92596,38.6417086
05164,"P.S.G.V.P. Mandal's D.N. Patel College of Engineering, Shahada, Dist. Nandurbar",,516429310,Electrical Engineering,State Level,"Legends:Start Character G-General, L-Ladies, End Character H-Home University, O-Other than Home University, S-State LevelS",120884,3.3180507
05164,"P.S.G.V.P. Mandal's D.N. Patel College of Engineering, Shahada, Dist. Nandurbar",,516429310,Electrical Engineering,State Level,Minority Seats Allotted to Maharashtra State Candidature CandidatesS,121734,1.9189866
05164,"P.S.G.V.P. Mandal's D.N. Patel College of Engineering, Shahada, Dist. Nandurbar",,516437210,Electronics and Telecommunication Engg,State Level,"Legends:Start Character G-General, L-Ladies, End Character H-Home University, O-Other than Home University, S-State LevelS",98458,32.3435843
05164,"P.S.G.V.P. Mandal's D.N. Patel College of Engineering, Shahada, Dist. Nandurbar",,516446610,Instrumentation Engineering,State Level,MI,121464,2.3888294
05164,"P.S.G.V.P. Mandal's D.N. Patel College of Engineering, Shahada, Dist. Nandurbar",,516461210,Mechanical Engineering,State Level,"Legends:Start Character G-General, L-Ladies, End Character H-Home University, O-Other than Home University, S-State LevelS",99679,31.5015186
05168,"T.M.E. Society's J.T.Mahajan College of Engineering, Faizpur",,516824510,Computer Engineering,State Level,"Legends:Start Character G-General, L-Ladies, End Character H-Home University, O-Other than Home University, S-State LevelS",107167,22.4871071
05168,"T.M.E. Society's J.T.Mahajan College of Engineering, Faizpur",,516837210,Electronics and Telecommunication Engg,State Level,"Legends:Start Character G-General, L-Ladies, End Character H-Home University, O-Other than Home University, S-State LevelS",118536,7.0709457
05169,"Nagaon  Education Society's Gangamai College of Engineering, Nagaon, Tal Dist Dhule",,516924510,Computer Engineering,State Level,DEFOPENS,93581,37.5478565
05169,"Nagaon  Education Society's Gangamai College of Engineering, Nagaon, Tal Dist Dhule",,516924510,Computer Engineering,State Level,I-NonS,76517,52.8246408
05169,"Nagaon  Education Society's Gangamai College of Engineering, Nagaon, Tal Dist Dhule",,516929310,Electrical Engineering,State Level,"Legends:Start Character G-General, L-Ladies, End Character H-Home University, O-Other than Home University, S-State LevelS",118387,7.4458997
05171,"Godavari Foundation's Godavari College Of Engineering,  Jalgaon",,517124510,Computer Engineering,State Level,"Legends:Start Character G-General, L-Ladies, End Character H-Home University, O-Other than Home University, S-State LevelS",69814,57.9292585
05171,"Godavari Foundation's Godavari College Of Engineering,  Jalgaon",,517129310,Electrical Engineering,State Level,"Legends:Start Character G-General, L-Ladies, End Character H-Home University, O-Other than Home University, S-State LevelS",118961,6.7586339
05171,"Godavari Foundation's Godavari College Of Engineering,  Jalgaon",,517137210,Electronics and Telecommunication Engg,State Level,"Legends:Start Character G-General, L-Ladies, End Character H-Home University, O-Other than Home University, S-State LevelS",75992,53.7302794
05172,"R. C. Patel Institute of Technology, Shirpur",,517219110,Civil Engineering,State Level,GOPENS,86856,43.3167495
05172,"R. C. Patel Institute of Technology, Shirpur",,517219110,Civil Engineering,State Level,LOPENS,81231,48.9390238
05172,"R. C. Patel Institute of Technology, Shirpur",,517219110,Civil Engineering,State Level,MH,93051,38.5667023
05172,"R. C. Patel Institute of Technology, Shirpur",,517224510,Computer Engineering,State Level,GOPENS,15363,91.6809035
05172,"R. C. Patel Institute of Technology, Shirpur",,517224510,Computer Engineering,State Level,MH,20435,89.0325033
05172,"R. C. Patel Institute of Technology, Shirpur",,517229310,Electrical Engineering,State Level,GOPENS,56972,67.447284
05172,"R. C. Patel Institute of Technology, Shirpur",,517229310,Electrical Engineering,State Level,MH,67649,59.7201871
05172,"R. C. Patel Institute of Technology, Shirpur",,517237210,Electronics and Telecommunication Engg,State Level,GOPENS,44226,75.5619344
05172,"R. C. Patel Institute of Technology, Shirpur",,517237210,Electronics and Telecommunication Engg,State Level,MH,52112,70.8665527
05172,"R. C. Patel Institute of Technology, Shirpur",,517261210,Mechanical Engineering,State Level,"Legends:Start Character G-General, L-Ladies, End Character H-Home University, O-Other than Home University, S-State LevelS",76926,52.4476185
05172,"R. C. Patel Institute of Technology, Shirpur",,517261210,Mechanical Engineering,State Level,Maharashtra State Seats - Cut Off Indicates State General Merit No. ; Figures in bracket Indicates MHT-CET PCM PercentileS,82929,47.769552
05172,"R. C. Patel Institute of Technology, Shirpur",,517261210,Mechanical Engineering,State Level,MH,82933,47.769552
05172,"R. C. Patel Institute of Technology, Shirpur",,517291210,Computer Science and Engineering(Data Science),State Level,LOPENS,26685,85.6827453
05172,"R. C. Patel Institute of Technology, Shirpur",,517291210,Computer Science and Engineering(Data Science),State Level,MH,36403,80.2788844
05172,"R. C. Patel Institute of Technology, Shirpur",,517292110,Artificial Intelligence and Machine Learning,State Level,LOPENS,37425,79.5386869
05172,"R. C. Patel Institute of Technology, Shirpur",,517292110,Artificial Intelligence and Machine Learning,State Level,MH,40975,77.6049916
05173,"SNJB's Late Sau. Kantabai Bhavarlalji Jain College of Engineering,  (Jain Gurukul), Neminagar,Chandwad,(Nashik)",,517324510,Computer Engineering,State Level,"Legends:Start Character G-General, L-Ladies, End Character H-Home University, O-Other than Home University, S-State LevelS",120233,4.3556566
05173,"SNJB's Late Sau. Kantabai Bhavarlalji Jain College of Engineering,  (Jain Gurukul), Neminagar,Chandwad,(Nashik)",,517324510,Computer Engineering,State Level,Maharashtra State Seats - Cut Off Indicates State General Merit No. ; Figures in bracket Indicates MHT-CET PCM PercentileS,25311,86.3666603
05173,"SNJB's Late Sau. Kantabai Bhavarlalji Jain College of Engineering,  (Jain Gurukul), Neminagar,Chandwad,(Nashik)",,517324510,Computer Engineering,State Level,Minority Seats Allotted to Maharashtra State Candidature CandidatesS,31305,83.1461738
05173,"SNJB's Late Sau. Kantabai Bhavarlalji Jain College of Engineering,  (Jain Gurukul), Neminagar,Chandwad,(Nashik)",,517399510,Artificial Intelligence and Data Science,State Level,"Legends:Start Character G-General, L-Ladies, End Character H-Home University, O-Other than Home University, S-State LevelS",98747,32.2621925
05173,"SNJB's Late Sau. Kantabai Bhavarlalji Jain College of Engineering,  (Jain Gurukul), Neminagar,Chandwad,(Nashik)",,517399510,Artificial Intelligence and Data Science,State Level,Minority Seats Allotted to Maharashtra State Candidature CandidatesS,51840,70.9263207
05177,"Matoshri College of Engineering and Research Centre, Eklahare, Nashik",,517719110,Civil Engineering,State Level,"Legends:Start Character G-General, L-Ladies, End Character H-Home University, O-Other than Home University, S-State LevelS",121735,1.9189866
05177,"Matoshri College of Engineering and Research Centre, Eklahare, Nashik",,517724510,Computer Engineering,State Level,DEFRSCS,106701,23.121138
05177,"Matoshri College of Engineering and Research Centre, Eklahare, Nashik",,517724510,Computer Engineering,State Level,ORPHAN,51310,71.1253958
05177,"Matoshri College of Engineering and Research Centre, Eklahare, Nashik",,517724510,Computer Engineering,State Level,VIIS,45830,74.5106403
05177,"Matoshri College of Engineering and Research Centre, Eklahare, Nashik",,517724610,Information Technology,State Level,"Legends:Start Character G-General, L-Ladies, End Character H-Home University, O-Other than Home University, S-State LevelS",51692,70.9370842
05177,"Matoshri College of Engineering and Research Centre, Eklahare, Nashik",,517729310,Electrical Engineering,State Level,"Legends:Start Character G-General, L-Ladies, End Character H-Home University, O-Other than Home University, S-State LevelS",104528,25.7906003
05177,"Matoshri College of Engineering and Research Centre, Eklahare, Nashik",,517737210,Electronics and Telecommunication Engg,State Level,"Legends:Start Character G-General, L-Ladies, End Character H-Home University, O-Other than Home University, S-State LevelS",67436,59.7201871
05177,"Matoshri College of Engineering and Research Centre, Eklahare, Nashik",,517737210,Electronics and Telecommunication Engg,State Level,I-NonS,68587,59.4192464
05177,"Matoshri College of Engineering and Research Centre, Eklahare, Nashik",,517737210,Electronics and Telecommunication Engg,State Level,VIIS,66790,60.5043241
05177,"Matoshri College of Engineering and Research Centre, Eklahare, Nashik",,517761210,Mechanical Engineering,State Level,"Legends:Start Character G-General, L-Ladies, End Character H-Home University, O-Other than Home University, S-State LevelS",116213,10.6465496
05177,"Matoshri College of Engineering and Research Centre, Eklahare, Nashik",,517761210,Mechanical Engineering,State Level,I-NonS,119697,5.3930618
05177,"Matoshri College of Engineering and Research Centre, Eklahare, Nashik",,517799510,Artificial Intelligence and Data Science,State Level,"Legends:Start Character G-General, L-Ladies, End Character H-Home University, O-Other than Home University, S-State LevelS",57427,67.1125395
05177,"Matoshri College of Engineering and Research Centre, Eklahare, Nashik",,517799510,Artificial Intelligence and Data Science,State Level,Maharashtra State Seats - Cut Off Indicates State General Merit No. ; Figures in bracket Indicates MHT-CET PCM PercentileS,60473,64.886326
05177,"Matoshri College of Engineering and Research Centre, Eklahare, Nashik",,517799510,Artificial Intelligence and Data Science,State Level,VIIS,52337,70.7220669
05179,"Vishwabharati Academy's College of Engineering, Ahmednagar",,517924510,Computer Engineering,State Level,"Legends:Start Character G-General, L-Ladies, End Character H-Home University, O-Other than Home University, S-State LevelS",54641,69.0394836
05179,"Vishwabharati Academy's College of Engineering, Ahmednagar",,517924510,Computer Engineering,State Level,Maharashtra State Seats - Cut Off Indicates State General Merit No. ; Figures in bracket Indicates MHT-CET PCM PercentileS,55989,67.9791157
05179,"Vishwabharati Academy's College of Engineering, Ahmednagar",,517924510,Computer Engineering,State Level,I-NonS,56861,67.447284
05181,"Gokhale Education Society's, R.H. Sapat College of Engineering, Management Studies and Research, Nashik",,518124510,Computer Engineering,State Level,EWS,33075,81.9995261
05181,"Gokhale Education Society's, R.H. Sapat College of Engineering, Management Studies and Research, Nashik",,518129310,Electrical Engineering,State Level,"Legends:Start Character G-General, L-Ladies, End Character H-Home University, O-Other than Home University, S-State LevelS",81868,48.2601391
05181,"Gokhale Education Society's, R.H. Sapat College of Engineering, Management Studies and Research, Nashik",,518129310,Electrical Engineering,State Level,I-NonS,59869,65.2657662
05181,"Gokhale Education Society's, R.H. Sapat College of Engineering, Management Studies and Research, Nashik",,518161210,Mechanical Engineering,State Level,"Legends:Start Character G-General, L-Ladies, End Character H-Home University, O-Other than Home University, S-State LevelS",103316,26.9007793
05182,"Kalyani Charitable Trust, Late Gambhirrao Natuba Sapkal College of Engineering, Anjaneri, Trimbakeshwar Road, Nashik",,518229310,Electrical Engineering,State Level,"Legends:Start Character G-General, L-Ladies, End Character H-Home University, O-Other than Home University, S-State LevelS",97450,33.083064
05182,"Kalyani Charitable Trust, Late Gambhirrao Natuba Sapkal College of Engineering, Anjaneri, Trimbakeshwar Road, Nashik",,518229310,Electrical Engineering,State Level,I-NonS,119120,6.4853556
05182,"Kalyani Charitable Trust, Late Gambhirrao Natuba Sapkal College of Engineering, Anjaneri, Trimbakeshwar Road, Nashik",,518237210,Electronics and Telecommunication Engg,State Level,"Legends:Start Character G-General, L-Ladies, End Character H-Home University, O-Other than Home University, S-State LevelS",83691,46.4456321
05182,"Kalyani Charitable Trust, Late Gambhirrao Natuba Sapkal College of Engineering, Anjaneri, Trimbakeshwar Road, Nashik",,518237210,Electronics and Telecommunication Engg,State Level,VIIS,71323,57.0638559
05244,"MET's Institute of Technology Polytechnic, Bhujbal Knowledge City, Adgaon Nashik",,524425710,Computer Science and Design,State Level,EWS,67090,60.5043241
05244,"MET's Institute of Technology Polytechnic, Bhujbal Knowledge City, Adgaon Nashik",,524491610,Automation and Robotics,State Level,DEFOPENS,42964,76.4889836
05303,"Hon. Shri. Babanrao Pachpute Vichardhara Trust, Group of Institutions (Integrated Campus)-Parikrama, Kashti Shrigondha,",,530319110,Civil Engineering,State Level,"Legends:Start Character G-General, L-Ladies, End Character H-Home University, O-Other than Home University, S-State LevelS",114699,12.7559948
05303,"Hon. Shri. Babanrao Pachpute Vichardhara Trust, Group of Institutions (Integrated Campus)-Parikrama, Kashti Shrigondha,",,530329310,Electrical Engineering,State Level,DEFOPENS,105567,24.8766135
05303,"Hon. Shri. Babanrao Pachpute Vichardhara Trust, Group of Institutions (Integrated Campus)-Parikrama, Kashti Shrigondha,",,530329310,Electrical Engineering,State Level,I-NonS,83274,46.941483
05322,"Jamia Institute Of Engineering And Management Studies, Akkalkuwa",,532219110,Civil Engineering,State Level,MI,122386,0.5759539
05330,"PUNE VIDYARTHI GRIHA’S COLLEGE OF ENGINEERING & SHRIKRUSHNA S. DHAMANKAR INSTITUTE OF MANAGEMENT, NASHIK",,533024510,Computer Engineering,State Level,"Legends:Start Character G-General, L-Ladies, End Character H-Home University, O-Other than Home University, S-State LevelS",91052,39.5925136
05330,"PUNE VIDYARTHI GRIHA’S COLLEGE OF ENGINEERING & SHRIKRUSHNA S. DHAMANKAR INSTITUTE OF MANAGEMENT, NASHIK",,533024510,Computer Engineering,State Level,Maharashtra State Seats - Cut Off Indicates State General Merit No. ; Figures in bracket Indicates MHT-CET PCM PercentileS,45741,74.5106403
05330,"PUNE VIDYARTHI GRIHA’S COLLEGE OF ENGINEERING & SHRIKRUSHNA S. DHAMANKAR INSTITUTE OF MANAGEMENT, NASHIK",,533024610,Information Technology,State Level,"Legends:Start Character G-General, L-Ladies, End Character H-Home University, O-Other than Home University, S-State LevelS",46866,74.1161376
05330,"PUNE VIDYARTHI GRIHA’S COLLEGE OF ENGINEERING & SHRIKRUSHNA S. DHAMANKAR INSTITUTE OF MANAGEMENT, NASHIK",,533024610,Information Technology,State Level,Maharashtra State Seats - Cut Off Indicates State General Merit No. ; Figures in bracket Indicates MHT-CET PCM PercentileS,48995,72.6414198
05330,"PUNE VIDYARTHI GRIHA’S COLLEGE OF ENGINEERING & SHRIKRUSHNA S. DHAMANKAR INSTITUTE OF MANAGEMENT, NASHIK",,533037210,Electronics and Telecommunication Engg,State Level,"Legends:Start Character G-General, L-Ladies, End Character H-Home University, O-Other than Home University, S-State LevelS",65041,61.8814494
05330,"PUNE VIDYARTHI GRIHA’S COLLEGE OF ENGINEERING & SHRIKRUSHNA S. DHAMANKAR INSTITUTE OF MANAGEMENT, NASHIK",,533037210,Electronics and Telecommunication Engg,State Level,I-NonS,64808,61.9054461
05330,"PUNE VIDYARTHI GRIHA’S COLLEGE OF ENGINEERING & SHRIKRUSHNA S. DHAMANKAR INSTITUTE OF MANAGEMENT, NASHIK",,533061210,Mechanical Engineering,State Level,"Legends:Start Character G-General, L-Ladies, End Character H-Home University, O-Other than Home University, S-State LevelS",88774,42.3018437
05330,"PUNE VIDYARTHI GRIHA’S COLLEGE OF ENGINEERING & SHRIKRUSHNA S. DHAMANKAR INSTITUTE OF MANAGEMENT, NASHIK",,533061210,Mechanical Engineering,State Level,I-NonS,87924,42.8034319
05330,"PUNE VIDYARTHI GRIHA’S COLLEGE OF ENGINEERING & SHRIKRUSHNA S. DHAMANKAR INSTITUTE OF MANAGEMENT, NASHIK",,533061210,Mechanical Engineering,State Level,VIIS,108119,21.5067519
05330,"PUNE VIDYARTHI GRIHA’S COLLEGE OF ENGINEERING & SHRIKRUSHNA S. DHAMANKAR INSTITUTE OF MANAGEMENT, NASHIK",,533099510,Artificial Intelligence and Data Science,State Level,"Legends:Start Character G-General, L-Ladies, End Character H-Home University, O-Other than Home University, S-State LevelS",41858,77.0311313
05330,"PUNE VIDYARTHI GRIHA’S COLLEGE OF ENGINEERING & SHRIKRUSHNA S. DHAMANKAR INSTITUTE OF MANAGEMENT, NASHIK",,533099510,Artificial Intelligence and Data Science,State Level,Maharashtra State Seats - Cut Off Indicates State General Merit No. ; Figures in bracket Indicates MHT-CET PCM PercentileS,58762,66.2117981
05330,"PUNE VIDYARTHI GRIHA’S COLLEGE OF ENGINEERING & SHRIKRUSHNA S. DHAMANKAR INSTITUTE OF MANAGEMENT, NASHIK",,533099510,Artificial Intelligence and Data Science,State Level,I-NonS,41592,77.0666918
05331,"Sandip Foundation's, Sandip Institute of Engineering & Management, Nashik",,533124510,Computer Engineering,State Level,"Legends:Start Character G-General, L-Ladies, End Character H-Home University, O-Other than Home University, S-State LevelS",78548,51.2359011
05331,"Sandip Foundation's, Sandip Institute of Engineering & Management, Nashik",,533124510,Computer Engineering,State Level,Maharashtra State Seats - Cut Off Indicates State General Merit No. ; Figures in bracket Indicates MHT-CET PCM PercentileS,45706,74.5106403
05331,"Sandip Foundation's, Sandip Institute of Engineering & Management, Nashik",,533129310,Electrical Engineering,State Level,"Legends:Start Character G-General, L-Ladies, End Character H-Home University, O-Other than Home University, S-State LevelS",103788,26.3140433
05331,"Sandip Foundation's, Sandip Institute of Engineering & Management, Nashik",,533129310,Electrical Engineering,State Level,I-NonS,91474,39.4227966
05331,"Sandip Foundation's, Sandip Institute of Engineering & Management, Nashik",,533129310,Electrical Engineering,State Level,VIIS,90039,41.1873138
05331,"Sandip Foundation's, Sandip Institute of Engineering & Management, Nashik",,533137210,Electronics and Telecommunication Engg,State Level,"Legends:Start Character G-General, L-Ladies, End Character H-Home University, O-Other than Home University, S-State LevelS",42350,76.6964455
05331,"Sandip Foundation's, Sandip Institute of Engineering & Management, Nashik",,533137210,Electronics and Telecommunication Engg,State Level,Maharashtra State Seats - Cut Off Indicates State General Merit No. ; Figures in bracket Indicates MHT-CET PCM PercentileS,58856,66.2117981
05331,"Sandip Foundation's, Sandip Institute of Engineering & Management, Nashik",,533161210,Mechanical Engineering,State Level,"Legends:Start Character G-General, L-Ladies, End Character H-Home University, O-Other than Home University, S-State LevelS",118758,6.9529361
05331,"Sandip Foundation's, Sandip Institute of Engineering & Management, Nashik",,533161210,Mechanical Engineering,State Level,I-NonS,87198,43.3051128
05380,"Adsul's Technical Campus, Chas Dist. Ahmednagar",,538024510,Computer Engineering,State Level,"Legends:Start Character G-General, L-Ladies, End Character H-Home University, O-Other than Home University, S-State LevelS",59417,65.7244332
05380,"Adsul's Technical Campus, Chas Dist. Ahmednagar",,538024510,Computer Engineering,State Level,Maharashtra State Seats - Cut Off Indicates State General Merit No. ; Figures in bracket Indicates MHT-CET PCM PercentileS,76495,52.8246408
05380,"Adsul's Technical Campus, Chas Dist. Ahmednagar",,538029310,Electrical Engineering,State Level,"Legends:Start Character G-General, L-Ladies, End Character H-Home University, O-Other than Home University, S-State LevelS",122251,0.8363429
05380,"Adsul's Technical Campus, Chas Dist. Ahmednagar",,538037210,Electronics and Telecommunication Engg,State Level,"Legends:Start Character G-General, L-Ladies, End Character H-Home University, O-Other than Home University, S-State LevelS",72025,56.7650587
05381,"Shri. Jaykumar Rawal Institute of Technology, Dondaicha.",,538124210,Computer Science and Engineering,State Level,DEFOPENS,87181,43.3051128
05381,"Shri. Jaykumar Rawal Institute of Technology, Dondaicha.",,538124210,Computer Science and Engineering,State Level,VIIS,96438,35.1475881
05381,"Shri. Jaykumar Rawal Institute of Technology, Dondaicha.",,538161210,Mechanical Engineering,State Level,EWS,119814,5.2699106
05382,"Ahmednagar Jilha Maratha Vidya Prasarak Samajache, Shri. Chhatrapati Shivaji Maharaj College of Engineering, Nepti",,538261210,Mechanical Engineering,State Level,"Legends:Start Character G-General, L-Ladies, End Character H-Home University, O-Other than Home University, S-State LevelS",102303,28.4814025
05382,"Ahmednagar Jilha Maratha Vidya Prasarak Samajache, Shri. Chhatrapati Shivaji Maharaj College of Engineering, Nepti",,538261210,Mechanical Engineering,State Level,I-NonS,102435,28.4665226
05390,"K.V.N. Naik S. P. Sansth's Loknete Gopinathji Munde Institute of Engineering Education & Research, Nashik.",,539024510,Computer Engineering,State Level,"Legends:Start Character G-General, L-Ladies, End Character H-Home University, O-Other than Home University, S-State LevelS",36189,80.3744535
05390,"K.V.N. Naik S. P. Sansth's Loknete Gopinathji Munde Institute of Engineering Education & Research, Nashik.",,539024510,Computer Engineering,State Level,Maharashtra State Seats - Cut Off Indicates State General Merit No. ; Figures in bracket Indicates MHT-CET PCM PercentileS,52317,70.7220669
05390,"K.V.N. Naik S. P. Sansth's Loknete Gopinathji Munde Institute of Engineering Education & Research, Nashik.",,539029310,Electrical Engineering,State Level,"Legends:Start Character G-General, L-Ladies, End Character H-Home University, O-Other than Home University, S-State LevelS",113655,14.2356611
05390,"K.V.N. Naik S. P. Sansth's Loknete Gopinathji Munde Institute of Engineering Education & Research, Nashik.",,539029310,Electrical Engineering,State Level,I-NonS,104576,25.7906003
05390,"K.V.N. Naik S. P. Sansth's Loknete Gopinathji Munde Institute of Engineering Education & Research, Nashik.",,539029310,Electrical Engineering,State Level,VIIS,122260,0.8207343
05390,"K.V.N. Naik S. P. Sansth's Loknete Gopinathji Munde Institute of Engineering Education & Research, Nashik.",,539061210,Mechanical Engineering,State Level,"Legends:Start Character G-General, L-Ladies, End Character H-Home University, O-Other than Home University, S-State LevelS",105503,24.8766135
05390,"K.V.N. Naik S. P. Sansth's Loknete Gopinathji Munde Institute of Engineering Education & Research, Nashik.",,539092110,Artificial Intelligence and Machine Learning,State Level,"Legends:Start Character G-General, L-Ladies, End Character H-Home University, O-Other than Home University, S-State LevelS",82772,47.8470482
05390,"K.V.N. Naik S. P. Sansth's Loknete Gopinathji Munde Institute of Engineering Education & Research, Nashik.",,539092110,Artificial Intelligence and Machine Learning,State Level,I-NonS,58589,66.2395008
05396,"College of Engineering and Technology ,North Maharashtra Knowledge City, Jalgaon",,539624510,Computer Engineering,State Level,"Legends:Start Character G-General, L-Ladies, End Character H-Home University, O-Other than Home University, S-State LevelS",98283,32.3435843
05396,"College of Engineering and Technology ,North Maharashtra Knowledge City, Jalgaon",,539624510,Computer Engineering,State Level,I-NonS,81715,48.2601391
05399,"Sanghavi College of Engineering, Varvandi, Nashik.",,539924510,Computer Engineering,State Level,"Legends:Start Character G-General, L-Ladies, End Character H-Home University, O-Other than Home University, S-State LevelS",121643,2.0005702
05399,"Sanghavi College of Engineering, Varvandi, Nashik.",,539924510,Computer Engineering,State Level,Maharashtra State Seats - Cut Off Indicates State General Merit No. ; Figures in bracket Indicates MHT-CET PCM PercentileS,70478,57.4413646
05399,"Sanghavi College of Engineering, Varvandi, Nashik.",,539924510,Computer Engineering,State Level,VIIS,58922,66.2117981
05399,"Sanghavi College of Engineering, Varvandi, Nashik.",,539929310,Electrical Engineering,State Level,"Legends:Start Character G-General, L-Ladies, End Character H-Home University, O-Other than Home University, S-State LevelS",114606,12.7995462
05399,"Sanghavi College of Engineering, Varvandi, Nashik.",,539929310,Electrical Engineering,State Level,Maharashtra State Seats - Cut Off Indicates State General Merit No. ; Figures in bracket Indicates MHT-CET PCM PercentileS,105853,23.9925869
05401,"Jawahar Education Society's Institute of Technology, Management & Research, Nashik.",,540124510,Computer Engineering,State Level,EWS,62508,63.7147595
05401,"Jawahar Education Society's Institute of Technology, Management & Research, Nashik.",,540124610,Information Technology,State Level,"Legends:Start Character G-General, L-Ladies, End Character H-Home University, O-Other than Home University, S-State LevelS",62571,63.7147595
05401,"Jawahar Education Society's Institute of Technology, Management & Research, Nashik.",,540124610,Information Technology,State Level,Maharashtra State Seats - Cut Off Indicates State General Merit No. ; Figures in bracket Indicates MHT-CET PCM PercentileS,63247,63.088298
05401,"Jawahar Education Society's Institute of Technology, Management & Research, Nashik.",,540126310,Artificial Intelligence (AI) and Data Science,State Level,"Legends:Start Character G-General, L-Ladies, End Character H-Home University, O-Other than Home University, S-State LevelS",68171,59.5292331
05401,"Jawahar Education Society's Institute of Technology, Management & Research, Nashik.",,540126310,Artificial Intelligence (AI) and Data Science,State Level,Maharashtra State Seats - Cut Off Indicates State General Merit No. ; Figures in bracket Indicates MHT-CET PCM PercentileS,83378,46.941483
05408,"Vidya Niketan College of Engineering, Bota Sangamner",,540837210,Electronics and Telecommunication Engg,State Level,"Legends:Start Character G-General, L-Ladies, End Character H-Home University, O-Other than Home University, S-State LevelS",93948,36.7166438
05408,"Vidya Niketan College of Engineering, Bota Sangamner",,540837210,Electronics and Telecommunication Engg,State Level,I-NonS,95961,35.3945703
05409,"Rajiv Gandhi College of Engineering, At Post Karjule Hariya Tal.Parner, Dist.Ahmednagar",,540924510,Computer Engineering,State Level,"Legends:Start Character G-General, L-Ladies, End Character H-Home University, O-Other than Home University, S-State LevelS",117595,8.6023034
05409,"Rajiv Gandhi College of Engineering, At Post Karjule Hariya Tal.Parner, Dist.Ahmednagar",,540924510,Computer Engineering,State Level,Maharashtra State Seats - Cut Off Indicates State General Merit No. ; Figures in bracket Indicates MHT-CET PCM PercentileS,86130,44.7418375
05409,"Rajiv Gandhi College of Engineering, At Post Karjule Hariya Tal.Parner, Dist.Ahmednagar",,540937210,Electronics and Telecommunication Engg,State Level,EWS,99375,32.1061359
05411,"Maulana Mukhtar Ahmad Nadvi Technical Campus, Malegaon.",,541124510,Computer Engineering,State Level,MI,116444,10.4981278
05411,"Maulana Mukhtar Ahmad Nadvi Technical Campus, Malegaon.",,541124510,Computer Engineering,State Level,TFWS,63940,62.3799839
05411,"Maulana Mukhtar Ahmad Nadvi Technical Campus, Malegaon.",,541124510,Computer Engineering,State Level,Minority Seats Allotted to Maharashtra State Candidature CandidatesS,99829,31.5015186
05418,"Guru Gobind Singh College of Engineering & Research Centre, Nashik.",,541819110,Civil Engineering,State Level,DEFOPENS,103624,26.7890081
05418,"Guru Gobind Singh College of Engineering & Research Centre, Nashik.",,541824510,Computer Engineering,State Level,"Legends:Start Character G-General, L-Ladies, End Character H-Home University, O-Other than Home University, S-State LevelS",68945,58.8113371
05418,"Guru Gobind Singh College of Engineering & Research Centre, Nashik.",,541824510,Computer Engineering,State Level,Maharashtra State Seats - Cut Off Indicates State General Merit No. ; Figures in bracket Indicates MHT-CET PCM PercentileS,27786,84.9850573
05418,"Guru Gobind Singh College of Engineering & Research Centre, Nashik.",,541824510,Computer Engineering,State Level,DS,87491,43.0138429
05418,"Guru Gobind Singh College of Engineering & Research Centre, Nashik.",,541824510,Computer Engineering,State Level,State Common Entrance Test CellS,36412,80.2788844
05418,"Guru Gobind Singh College of Engineering & Research Centre, Nashik.",,541826310,Artificial Intelligence (AI) and Data Science,State Level,EWS,45064,74.9700023
05418,"Guru Gobind Singh College of Engineering & Research Centre, Nashik.",,541861210,Mechanical Engineering,State Level,"Legends:Start Character G-General, L-Ladies, End Character H-Home University, O-Other than Home University, S-State LevelS",58811,66.2117981
05418,"Guru Gobind Singh College of Engineering & Research Centre, Nashik.",,541861210,Mechanical Engineering,State Level,Maharashtra State Seats - Cut Off Indicates State General Merit No. ; Figures in bracket Indicates MHT-CET PCM PercentileS,119239,5.9143931
05449,"Shri Vile Parle Kelavani Mandal's Institute of Technology, Dhule",,544919110,Civil Engineering,State Level,"Legends:Start Character G-General, L-Ladies, End Character H-Home University, O-Other than Home University, S-State LevelS",47793,73.2440997
05449,"Shri Vile Parle Kelavani Mandal's Institute of Technology, Dhule",,544919110,Civil Engineering,State Level,Minority Seats Allotted to Maharashtra State Candidature CandidatesS,83076,47.769552
06004,"Government College of Engineering & Research, Avasari Khurd",,600419110,Civil Engineering,State Level,"Legends:Start Character G-General, L-Ladies, End Character H-Home University, O-Other than Home University, S-State LevelS",47789,73.2440997
06004,"Government College of Engineering & Research, Avasari Khurd",,600419110,Civil Engineering,State Level,Maharashtra State Seats - Cut Off Indicates State General Merit No. ; Figures in bracket Indicates MHT-CET PCM PercentileS,56052,67.9791157
06004,"Government College of Engineering & Research, Avasari Khurd",,600419110,Civil Engineering,State Level,I-NonS,53824,69.3871747
06004,"Government College of Engineering & Research, Avasari Khurd",,600424510,Computer Engineering,State Level,"Legends:Start Character G-General, L-Ladies, End Character H-Home University, O-Other than Home University, S-State LevelS",5805,96.774658
06004,"Government College of Engineering & Research, Avasari Khurd",,600437210,Electronics and Telecommunication Engg,State Level,DEFOPENS,33645,81.6350139
06004,"Government College of Engineering & Research, Avasari Khurd",,600437210,Electronics and Telecommunication Engg,State Level,TFWS,18086,90.2973471
06004,"Government College of Engineering & Research, Avasari Khurd",,600437210,Electronics and Telecommunication Engg,State Level,EWS,23891,87.0828062
06004,"Government College of Engineering & Research, Avasari Khurd",,600446410,Instrumentation and Control Engineering,State Level,"Legends:Start Character G-General, L-Ladies, End Character H-Home University, O-Other than Home University, S-State LevelS",56908,67.447284
06004,"Government College of Engineering & Research, Avasari Khurd",,600446410,Instrumentation and Control Engineering,State Level,Maharashtra State Seats - Cut Off Indicates State General Merit No. ; Figures in bracket Indicates MHT-CET PCM PercentileS,61215,64.4979119
06004,"Government College of Engineering & Research, Avasari Khurd",,600460210,Automobile Engineering,State Level,"Legends:Start Character G-General, L-Ladies, End Character H-Home University, O-Other than Home University, S-State LevelS",58103,66.5894149
06004,"Government College of Engineering & Research, Avasari Khurd",,600460210,Automobile Engineering,State Level,Maharashtra State Seats - Cut Off Indicates State General Merit No. ; Figures in bracket Indicates MHT-CET PCM PercentileS,82008,48.2193247
06004,"Government College of Engineering & Research, Avasari Khurd",,600460210,Automobile Engineering,State Level,VIIS,96148,35.3945703
06004,"Government College of Engineering & Research, Avasari Khurd",,600461210,Mechanical Engineering,State Level,"Legends:Start Character G-General, L-Ladies, End Character H-Home University, O-Other than Home University, S-State LevelS",97329,33.5099087
06004,"Government College of Engineering & Research, Avasari Khurd",,600461210,Mechanical Engineering,State Level,Maharashtra State Seats - Cut Off Indicates State General Merit No. ; Figures in bracket Indicates MHT-CET PCM PercentileS,31347,83.1461738
06004,"Government College of Engineering & Research, Avasari Khurd",,600461210,Mechanical Engineering,State Level,DS,41432,77.0895594
06004,"Government College of Engineering & Research, Avasari Khurd",,600461210,Mechanical Engineering,State Level,VIIS,36612,80.1068911
06005,"Government College of Engineering, Karad",,600519110,Civil Engineering,State Level,"Legends:Start Character G-General, L-Ladies, End Character H-Home University, O-Other than Home University, S-State LevelS",38789,78.6657067
06005,"Government College of Engineering, Karad",,600519110,Civil Engineering,State Level,Maharashtra State Seats - Cut Off Indicates State General Merit No. ; Figures in bracket Indicates MHT-CET PCM PercentileS,46624,74.1753429
06005,"Government College of Engineering, Karad",,600519110,Civil Engineering,State Level,DS,41140,77.1458362
06005,"Government College of Engineering, Karad",,600519110,Civil Engineering,State Level,State Common Entrance Test CellS,57449,67.1125395
06005,"Government College of Engineering, Karad",,600519110,Civil Engineering,State Level,Cut Off List for Maharashtra & Minority Seats of CAP Round - III for the Admission to the First Year Under Graduate Technical Courses in Engineering and Technology (4 Years) &S,43678,75.67388
06005,"Government College of Engineering, Karad",,600519110,Civil Engineering,State Level,Master of Engineering and Technology (Integrated 5 Years) Admissions A.Y. 2022-23S,59698,65.5958943
06005,"Government College of Engineering, Karad",,600519110,Civil Engineering,State Level,GOPENS,32380,82.424443
06005,"Government College of Engineering, Karad",,600519110,Civil Engineering,State Level,I-NonS,40752,77.6308856
06005,"Government College of Engineering, Karad",,600524610,Information Technology,State Level,GOPENS,7814,95.7101641
06005,"Government College of Engineering, Karad",,600524610,Information Technology,State Level,GSCS,18683,89.9502487
06005,"Government College of Engineering, Karad",,600524610,Information Technology,State Level,GSTS,63621,62.3954246
06005,"Government College of Engineering, Karad",,600524610,Information Technology,State Level,GOBCS,9168,94.9790794
06005,"Government College of Engineering, Karad",,600524610,Information Technology,State Level,LOPENS,6724,96.3024228
06005,"Government College of Engineering, Karad",,600524610,Information Technology,State Level,TFWS,4575,97.4224117
06005,"Government College of Engineering, Karad",,600524610,Information Technology,State Level,ORPHAN,5230,97.0533982
06005,"Government College of Engineering, Karad",,600524610,Information Technology,State Level,VIIS,7922,95.6650859
06005,"Government College of Engineering, Karad",,600529310,Electrical Engineering,State Level,GOPENS,20058,89.1304347
06005,"Government College of Engineering, Karad",,600529310,Electrical Engineering,State Level,GOBCS,32996,82.1909278
06005,"Government College of Engineering, Karad",,600529310,Electrical Engineering,State Level,LOPENS,19619,89.407761
06005,"Government College of Engineering, Karad",,600529310,Electrical Engineering,State Level,LSCS,50866,71.2367422
06005,"Government College of Engineering, Karad",,600529310,Electrical Engineering,State Level,TFWS,15730,91.5409302
06005,"Government College of Engineering, Karad",,600529310,Electrical Engineering,State Level,EWS,16917,90.8966299
06005,"Government College of Engineering, Karad",,600537210,Electronics and Telecommunication Engg,State Level,GOPENS,11708,93.6527455
06005,"Government College of Engineering, Karad",,600537210,Electronics and Telecommunication Engg,State Level,GSTS,33117,81.9995261
06005,"Government College of Engineering, Karad",,600537210,Electronics and Telecommunication Engg,State Level,GNT1S,14503,92.2149174
06005,"Government College of Engineering, Karad",,600537210,Electronics and Telecommunication Engg,State Level,GNT2S,33563,81.7575556
06005,"Government College of Engineering, Karad",,600537210,Electronics and Telecommunication Engg,State Level,GNT3S,15966,91.4536974
06005,"Government College of Engineering, Karad",,600537210,Electronics and Telecommunication Engg,State Level,GOBCS,25070,86.5103056
06005,"Government College of Engineering, Karad",,600537210,Electronics and Telecommunication Engg,State Level,LSCS,11978,93.4850788
06005,"Government College of Engineering, Karad",,600537210,Electronics and Telecommunication Engg,State Level,VIIS,12890,93.018966
06005,"Government College of Engineering, Karad",,600561210,Mechanical Engineering,State Level,"Legends:Start Character G-General, L-Ladies, End Character H-Home University, O-Other than Home University, S-State LevelS",28446,84.6390824
06005,"Government College of Engineering, Karad",,600561210,Mechanical Engineering,State Level,Maharashtra State Seats - Cut Off Indicates State General Merit No. ; Figures in bracket Indicates MHT-CET PCM PercentileS,24509,86.8356112
06005,"Government College of Engineering, Karad",,600561210,Mechanical Engineering,State Level,DS,54532,69.1685966
06005,"Government College of Engineering, Karad",,600561210,Mechanical Engineering,State Level,State Common Entrance Test CellS,9946,94.6205981
06005,"Government College of Engineering, Karad",,600561210,Mechanical Engineering,State Level,Cut Off List for Maharashtra & Minority Seats of CAP Round - III for the Admission to the First Year Under Graduate Technical Courses in Engineering and Technology (4 Years) &S,21805,88.2550174
06005,"Government College of Engineering, Karad",,600561210,Mechanical Engineering,State Level,Master of Engineering and Technology (Integrated 5 Years) Admissions A.Y. 2022-23S,60319,65.2400587
06005,"Government College of Engineering, Karad",,600561210,Mechanical Engineering,State Level,VIIS,29065,84.2234647
06006,COEP Technological University,,600619110,Civil Engineering,State Level,"Legends:Start Character G-General, L-Ladies, End Character H-Home University, O-Other than Home University, S-State LevelS",3143,98.1731418
06006,COEP Technological University,,600619110,Civil Engineering,State Level,Maharashtra State Seats - Cut Off Indicates State General Merit No. ; Figures in bracket Indicates MHT-CET PCM PercentileS,7154,96.0459726
06006,COEP Technological University,,600619110,Civil Engineering,State Level,DS,7427,95.9209717
06006,COEP Technological University,,600624510,Computer Engineering,State Level,GOPENS,292,99.7722095
06006,COEP Technological University,,600624510,Computer Engineering,State Level,GSCS,2027,98.7785601
06006,COEP Technological University,,600624510,Computer Engineering,State Level,GSTS,10257,94.4417452
06006,COEP Technological University,,600624510,Computer Engineering,State Level,GOBCS,339,99.7317622
06006,COEP Technological University,,600624510,Computer Engineering,State Level,LOPENS,469,99.654012
06006,COEP Technological University,,600624510,Computer Engineering,State Level,TFWS,271,99.7773039
06006,COEP Technological University,,600624510,Computer Engineering,State Level,EWS,404,99.6925696
06006,COEP Technological University,,600629310,Electrical Engineering,State Level,GOPENS,1266,99.1888648
06006,COEP Technological University,,600629310,Electrical Engineering,State Level,GSTS,32109,82.59776
06006,COEP Technological University,,600629310,Electrical Engineering,State Level,LOPENS,2222,98.6694544
06006,COEP Technological University,,600629310,Electrical Engineering,State Level,TFWS,1828,98.8809963
06006,COEP Technological University,,600637210,Electronics and Telecommunication Engg,State Level,GOPENS,718,99.5010454
06006,COEP Technological University,,600637210,Electronics and Telecommunication Engg,State Level,GVJS,4570,97.4224117
06006,COEP Technological University,,600637210,Electronics and Telecommunication Engg,State Level,GOBCS,980,99.352924
06006,COEP Technological University,,600637210,Electronics and Telecommunication Engg,State Level,DEFOPENS,2762,98.3882402
06006,COEP Technological University,,600637210,Electronics and Telecommunication Engg,State Level,EWS,894,99.3993283
06006,COEP Technological University,,600646410,Instrumentation and Control Engineering,State Level,"Legends:Start Character G-General, L-Ladies, End Character H-Home University, O-Other than Home University, S-State LevelS",2487,98.5259964
06006,COEP Technological University,,600646410,Instrumentation and Control Engineering,State Level,Maharashtra State Seats - Cut Off Indicates State General Merit No. ; Figures in bracket Indicates MHT-CET PCM PercentileS,1843,98.8800303
06006,COEP Technological University,,600661210,Mechanical Engineering,State Level,GOPENS,2109,98.7203184
06006,COEP Technological University,,600661210,Mechanical Engineering,State Level,GOBCS,2194,98.685144
06006,COEP Technological University,,600661210,Mechanical Engineering,State Level,TFWS,3492,97.983675
06006,COEP Technological University,,600662710,Manufacturing Science and Engineering,State Level,GOPENS,3895,97.769552
06006,COEP Technological University,,600662710,Manufacturing Science and Engineering,State Level,GOBCS,6672,96.3074531
06006,COEP Technological University,,600662710,Manufacturing Science and Engineering,State Level,LSTS,8792,95.1433309
06006,COEP Technological University,,600662710,Manufacturing Science and Engineering,State Level,PWDOPENS,4921,97.2281449
06006,COEP Technological University,,600662710,Manufacturing Science and Engineering,State Level,TFWS,81654,48.2601391
06006,COEP Technological University,,600662710,Manufacturing Science and Engineering,State Level,I-NonS,5286,97.0468035
06006,COEP Technological University,,600669410,Metallurgy and Material Technology,State Level,GOPENS,9182,94.9790794
06006,COEP Technological University,,600669410,Metallurgy and Material Technology,State Level,GSCS,16314,91.2295664
06006,COEP Technological University,,600669410,Metallurgy and Material Technology,State Level,GOBCS,12589,93.1750461
06006,COEP Technological University,,600669410,Metallurgy and Material Technology,State Level,LOPENS,10039,94.5135505
06006,COEP Technological University,,600669410,Metallurgy and Material Technology,State Level,LOBCS,13964,92.4845102
06006,COEP Technological University,,600669410,Metallurgy and Material Technology,State Level,PWDOPENS,11382,93.8261075
06006,COEP Technological University,,600669410,Metallurgy and Material Technology,State Level,TFWS,11246,93.9121803
06006,COEP Technological University,,600669410,Metallurgy and Material Technology,State Level,I-NonS,8544,95.3293762
06007,"Walchand College of Engineering, Sangli",,600719110,Civil Engineering,State Level,"Legends:Start Character G-General, L-Ladies, End Character H-Home University, O-Other than Home University, S-State LevelS",14384,92.2346476
06007,"Walchand College of Engineering, Sangli",,600719110,Civil Engineering,State Level,Maharashtra State Seats - Cut Off Indicates State General Merit No. ; Figures in bracket Indicates MHT-CET PCM PercentileS,90199,41.1873138
06007,"Walchand College of Engineering, Sangli",,600719110,Civil Engineering,State Level,DS,21643,88.3304859
06007,"Walchand College of Engineering, Sangli",,600719110,Civil Engineering,State Level,State Common Entrance Test CellS,9324,94.9082722
06007,"Walchand College of Engineering, Sangli",,600719110,Civil Engineering,State Level,Cut Off List for Maharashtra & Minority Seats of CAP Round - III for the Admission to the First Year Under Graduate Technical Courses in Engineering and Technology (4 Years) &S,10601,94.2383135
06007,"Walchand College of Engineering, Sangli",,600719110,Civil Engineering,State Level,I-NonS,13629,92.6265538
06007,"Walchand College of Engineering, Sangli",,600724210,Computer Science and Engineering,State Level,GOPENS,1263,99.1979878
06007,"Walchand College of Engineering, Sangli",,600724210,Computer Science and Engineering,State Level,GSTS,29080,84.2234647
06007,"Walchand College of Engineering, Sangli",,600724210,Computer Science and Engineering,State Level,GNT3S,3842,97.8065754
06007,"Walchand College of Engineering, Sangli",,600724210,Computer Science and Engineering,State Level,GOBCS,1645,98.9762547
06007,"Walchand College of Engineering, Sangli",,600724210,Computer Science and Engineering,State Level,LOPENS,1738,98.9311048
06007,"Walchand College of Engineering, Sangli",,600724210,Computer Science and Engineering,State Level,LOBCS,2200,98.685144
06007,"Walchand College of Engineering, Sangli",,600724210,Computer Science and Engineering,State Level,TFWS,1013,99.3335539
06007,"Walchand College of Engineering, Sangli",,600724210,Computer Science and Engineering,State Level,EWS,1276,99.1864919
06007,"Walchand College of Engineering, Sangli",,600724610,Information Technology,State Level,GOPENS,1668,98.9735791
06007,"Walchand College of Engineering, Sangli",,600724610,Information Technology,State Level,GSCS,6083,96.6135363
06007,"Walchand College of Engineering, Sangli",,600724610,Information Technology,State Level,GSTS,37929,79.4729608
06007,"Walchand College of Engineering, Sangli",,600724610,Information Technology,State Level,GOBCS,1877,98.8504095
06007,"Walchand College of Engineering, Sangli",,600724610,Information Technology,State Level,LOPENS,2341,98.5958604
06007,"Walchand College of Engineering, Sangli",,600724610,Information Technology,State Level,LOBCS,2465,98.5409167
06007,"Walchand College of Engineering, Sangli",,600729310,Electrical Engineering,State Level,GOPENS,7779,95.7384206
06007,"Walchand College of Engineering, Sangli",,600729310,Electrical Engineering,State Level,GSCS,14192,92.3405466
06007,"Walchand College of Engineering, Sangli",,600729310,Electrical Engineering,State Level,LOPENS,6777,96.2884411
06007,"Walchand College of Engineering, Sangli",,600729310,Electrical Engineering,State Level,I-NonS,7371,95.95134
06007,"Walchand College of Engineering, Sangli",,600729310,Electrical Engineering,State Level,VIIS,7783,95.7384206
06007,"Walchand College of Engineering, Sangli",,600737610,Electronics Engineering,State Level,"Legends:Start Character G-General, L-Ladies, End Character H-Home University, O-Other than Home University, S-State LevelS",14928,91.9143087
06007,"Walchand College of Engineering, Sangli",,600737610,Electronics Engineering,State Level,Maharashtra State Seats - Cut Off Indicates State General Merit No. ; Figures in bracket Indicates MHT-CET PCM PercentileS,5407,96.9477226
06007,"Walchand College of Engineering, Sangli",,600737610,Electronics Engineering,State Level,DS,5079,97.149028
06007,"Walchand College of Engineering, Sangli",,600737610,Electronics Engineering,State Level,State Common Entrance Test CellS,1922,98.8288936
06007,"Walchand College of Engineering, Sangli",,600761210,Mechanical Engineering,State Level,GOPENS,8700,95.2797616
06007,"Walchand College of Engineering, Sangli",,600761210,Mechanical Engineering,State Level,GSCS,20422,89.0325033
06007,"Walchand College of Engineering, Sangli",,600761210,Mechanical Engineering,State Level,GNT3S,23731,87.2542051
06007,"Walchand College of Engineering, Sangli",,600761210,Mechanical Engineering,State Level,GOBCS,11430,93.774898
06007,"Walchand College of Engineering, Sangli",,600761210,Mechanical Engineering,State Level,LOPENS,9844,94.6506656
06007,"Walchand College of Engineering, Sangli",,600761210,Mechanical Engineering,State Level,PWDOPENS,4739,97.3419098
06007,"Walchand College of Engineering, Sangli",,600761210,Mechanical Engineering,State Level,I-NonS,9138,95.0419966
06007,"Walchand College of Engineering, Sangli",,600761210,Mechanical Engineering,State Level,VIIS,9639,94.7170538
06028,"Department of Technology, Shivaji University, Kolhapur",,602819110,Civil Engineering,State Level,"Legends:Start Character G-General, L-Ladies, End Character H-Home University, O-Other than Home University, S-State LevelS",101298,29.3331437
06028,"Department of Technology, Shivaji University, Kolhapur",,602825410,Computer Science and Technology,State Level,EWS,35897,80.5336015
06028,"Department of Technology, Shivaji University, Kolhapur",,602837210,Electronics and Telecommunication Engg,State Level,"Legends:Start Character G-General, L-Ladies, End Character H-Home University, O-Other than Home University, S-State LevelS",42165,76.7344555
06028,"Department of Technology, Shivaji University, Kolhapur",,602837210,Electronics and Telecommunication Engg,State Level,Maharashtra State Seats - Cut Off Indicates State General Merit No. ; Figures in bracket Indicates MHT-CET PCM PercentileS,46761,74.1161376
06028,"Department of Technology, Shivaji University, Kolhapur",,602850310,Food Technology,State Level,"Legends:Start Character G-General, L-Ladies, End Character H-Home University, O-Other than Home University, S-State LevelS",80373,49.4442605
06028,"Department of Technology, Shivaji University, Kolhapur",,602850710,Chemical Engineering,State Level,"Legends:Start Character G-General, L-Ladies, End Character H-Home University, O-Other than Home University, S-State LevelS",110304,18.840167
06028,"Department of Technology, Shivaji University, Kolhapur",,602861210,Mechanical Engineering,State Level,"Legends:Start Character G-General, L-Ladies, End Character H-Home University, O-Other than Home University, S-State LevelS",89259,42.0206383
06122,"TSSMS's Pd. Vasantdada Patil Institute of Technology, Bavdhan, Pune",,612219110,Civil Engineering,State Level,"Legends:Start Character G-General, L-Ladies, End Character H-Home University, O-Other than Home University, S-State LevelS",57186,67.2875491
06122,"TSSMS's Pd. Vasantdada Patil Institute of Technology, Bavdhan, Pune",,612224510,Computer Engineering,State Level,"Legends:Start Character G-General, L-Ladies, End Character H-Home University, O-Other than Home University, S-State LevelS",10826,94.0838243
06122,"TSSMS's Pd. Vasantdada Patil Institute of Technology, Bavdhan, Pune",,612237210,Electronics and Telecommunication Engg,State Level,"Legends:Start Character G-General, L-Ladies, End Character H-Home University, O-Other than Home University, S-State LevelS",78097,51.2600953
06122,"TSSMS's Pd. Vasantdada Patil Institute of Technology, Bavdhan, Pune",,612237210,Electronics and Telecommunication Engg,State Level,Maharashtra State Seats - Cut Off Indicates State General Merit No. ; Figures in bracket Indicates MHT-CET PCM PercentileS,38678,78.6657067
06122,"TSSMS's Pd. Vasantdada Patil Institute of Technology, Bavdhan, Pune",,612261210,Mechanical Engineering,State Level,"Legends:Start Character G-General, L-Ladies, End Character H-Home University, O-Other than Home University, S-State LevelS",114282,13.5287968
06138,"Genba Sopanrao Moze Trust Parvatibai Genba Moze College of Engineering,Wagholi, Pune",,613819110,Civil Engineering,State Level,"Legends:Start Character G-General, L-Ladies, End Character H-Home University, O-Other than Home University, S-State LevelS",98818,32.2621925
06138,"Genba Sopanrao Moze Trust Parvatibai Genba Moze College of Engineering,Wagholi, Pune",,613824510,Computer Engineering,State Level,"Legends:Start Character G-General, L-Ladies, End Character H-Home University, O-Other than Home University, S-State LevelS",28391,84.6811929
06138,"Genba Sopanrao Moze Trust Parvatibai Genba Moze College of Engineering,Wagholi, Pune",,613824510,Computer Engineering,State Level,Maharashtra State Seats - Cut Off Indicates State General Merit No. ; Figures in bracket Indicates MHT-CET PCM PercentileS,84769,45.9187639
06138,"Genba Sopanrao Moze Trust Parvatibai Genba Moze College of Engineering,Wagholi, Pune",,613824510,Computer Engineering,State Level,DS,36951,79.5947693
06138,"Genba Sopanrao Moze Trust Parvatibai Genba Moze College of Engineering,Wagholi, Pune",,613824510,Computer Engineering,State Level,VIIS,34326,81.4109415
06138,"Genba Sopanrao Moze Trust Parvatibai Genba Moze College of Engineering,Wagholi, Pune",,613824610,Information Technology,State Level,"Legends:Start Character G-General, L-Ladies, End Character H-Home University, O-Other than Home University, S-State LevelS",37721,79.4751328
06138,"Genba Sopanrao Moze Trust Parvatibai Genba Moze College of Engineering,Wagholi, Pune",,613826310,Artificial Intelligence (AI) and Data Science,State Level,"Legends:Start Character G-General, L-Ladies, End Character H-Home University, O-Other than Home University, S-State LevelS",57703,66.8137813
06138,"Genba Sopanrao Moze Trust Parvatibai Genba Moze College of Engineering,Wagholi, Pune",,613826310,Artificial Intelligence (AI) and Data Science,State Level,Maharashtra State Seats - Cut Off Indicates State General Merit No. ; Figures in bracket Indicates MHT-CET PCM PercentileS,42413,76.6964455
06138,"Genba Sopanrao Moze Trust Parvatibai Genba Moze College of Engineering,Wagholi, Pune",,613837210,Electronics and Telecommunication Engg,State Level,"Legends:Start Character G-General, L-Ladies, End Character H-Home University, O-Other than Home University, S-State LevelS",47768,73.2440997
06138,"Genba Sopanrao Moze Trust Parvatibai Genba Moze College of Engineering,Wagholi, Pune",,613837210,Electronics and Telecommunication Engg,State Level,Maharashtra State Seats - Cut Off Indicates State General Merit No. ; Figures in bracket Indicates MHT-CET PCM PercentileS,48006,72.9031949
06138,"Genba Sopanrao Moze Trust Parvatibai Genba Moze College of Engineering,Wagholi, Pune",,613861210,Mechanical Engineering,State Level,"Legends:Start Character G-General, L-Ladies, End Character H-Home University, O-Other than Home University, S-State LevelS",114660,12.7559948
06139,"Progressive Education Society's Modern College of Engineering, Pune",,613924510,Computer Engineering,State Level,"Legends:Start Character G-General, L-Ladies, End Character H-Home University, O-Other than Home University, S-State LevelS",10099,94.4989339
06139,"Progressive Education Society's Modern College of Engineering, Pune",,613924610,Information Technology,State Level,"Legends:Start Character G-General, L-Ladies, End Character H-Home University, O-Other than Home University, S-State LevelS",8704,95.2545256
06139,"Progressive Education Society's Modern College of Engineering, Pune",,613929310,Electrical Engineering,State Level,"Legends:Start Character G-General, L-Ladies, End Character H-Home University, O-Other than Home University, S-State LevelS",36261,80.3744535
06139,"Progressive Education Society's Modern College of Engineering, Pune",,613929310,Electrical Engineering,State Level,I-NonS,39790,78.1473584
06139,"Progressive Education Society's Modern College of Engineering, Pune",,613937210,Electronics and Telecommunication Engg,State Level,"Legends:Start Character G-General, L-Ladies, End Character H-Home University, O-Other than Home University, S-State LevelS",19488,89.5056923
06139,"Progressive Education Society's Modern College of Engineering, Pune",,613937210,Electronics and Telecommunication Engg,State Level,Maharashtra State Seats - Cut Off Indicates State General Merit No. ; Figures in bracket Indicates MHT-CET PCM PercentileS,22048,88.1374722
06139,"Progressive Education Society's Modern College of Engineering, Pune",,613937210,Electronics and Telecommunication Engg,State Level,VIIS,19676,89.407761
06139,"Progressive Education Society's Modern College of Engineering, Pune",,613961210,Mechanical Engineering,State Level,"Legends:Start Character G-General, L-Ladies, End Character H-Home University, O-Other than Home University, S-State LevelS",64813,61.9054461
06139,"Progressive Education Society's Modern College of Engineering, Pune",,613961210,Mechanical Engineering,State Level,I-NonS,56470,67.7143135
06139,"Progressive Education Society's Modern College of Engineering, Pune",,613961210,Mechanical Engineering,State Level,VIIS,66307,60.7344231
06139,"Progressive Education Society's Modern College of Engineering, Pune",,613984410,Electronics and Computer Engineering,State Level,"Legends:Start Character G-General, L-Ladies, End Character H-Home University, O-Other than Home University, S-State LevelS",15245,91.8375279
06139,"Progressive Education Society's Modern College of Engineering, Pune",,613984410,Electronics and Computer Engineering,State Level,Maharashtra State Seats - Cut Off Indicates State General Merit No. ; Figures in bracket Indicates MHT-CET PCM PercentileS,18794,89.9192371
06139,"Progressive Education Society's Modern College of Engineering, Pune",,613999510,Artificial Intelligence and Data Science,State Level,EWS,14416,92.2346476
06141,"Jaywant Shikshan Prasarak Mandal's,Rajarshi Shahu College of Engineering, Tathawade, Pune",,614119110,Civil Engineering,State Level,"Legends:Start Character G-General, L-Ladies, End Character H-Home University, O-Other than Home University, S-State LevelS",64293,62.0823842
06141,"Jaywant Shikshan Prasarak Mandal's,Rajarshi Shahu College of Engineering, Tathawade, Pune",,614119110,Civil Engineering,State Level,Maharashtra State Seats - Cut Off Indicates State General Merit No. ; Figures in bracket Indicates MHT-CET PCM PercentileS,121941,1.4605095
06141,"Jaywant Shikshan Prasarak Mandal's,Rajarshi Shahu College of Engineering, Tathawade, Pune",,614119110,Civil Engineering,State Level,DS,99550,31.7734581
06141,"Jaywant Shikshan Prasarak Mandal's,Rajarshi Shahu College of Engineering, Tathawade, Pune",,614119110,Civil Engineering,State Level,State Common Entrance Test CellS,70915,57.2112851
06141,"Jaywant Shikshan Prasarak Mandal's,Rajarshi Shahu College of Engineering, Tathawade, Pune",,614119110,Civil Engineering,State Level,Cut Off List for Maharashtra & Minority Seats of CAP Round - III for the Admission to the First Year Under Graduate Technical Courses in Engineering and Technology (4 Years) &S,108711,20.8205322
06141,"Jaywant Shikshan Prasarak Mandal's,Rajarshi Shahu College of Engineering, Tathawade, Pune",,614119110,Civil Engineering,State Level,Master of Engineering and Technology (Integrated 5 Years) Admissions A.Y. 2022-23S,83815,46.4456321
06141,"Jaywant Shikshan Prasarak Mandal's,Rajarshi Shahu College of Engineering, Tathawade, Pune",,614119110,Civil Engineering,State Level,GOPENS,99676,31.5015186
06141,"Jaywant Shikshan Prasarak Mandal's,Rajarshi Shahu College of Engineering, Tathawade, Pune",,614119110,Civil Engineering,State Level,GSCS,115241,12.2020044
06141,"Jaywant Shikshan Prasarak Mandal's,Rajarshi Shahu College of Engineering, Tathawade, Pune",,614119110,Civil Engineering,State Level,GSTS,40723,77.8495773
06141,"Jaywant Shikshan Prasarak Mandal's,Rajarshi Shahu College of Engineering, Tathawade, Pune",,614119110,Civil Engineering,State Level,GNT2S,84804,45.6704109
06141,"Jaywant Shikshan Prasarak Mandal's,Rajarshi Shahu College of Engineering, Tathawade, Pune",,614119110,Civil Engineering,State Level,GNT3S,115351,12.2020044
06141,"Jaywant Shikshan Prasarak Mandal's,Rajarshi Shahu College of Engineering, Tathawade, Pune",,614119110,Civil Engineering,State Level,I-NonS,61775,64.0172786
06141,"Jaywant Shikshan Prasarak Mandal's,Rajarshi Shahu College of Engineering, Tathawade, Pune",,614119110,Civil Engineering,State Level,I-NonS,108456,21.2317049
06141,"Jaywant Shikshan Prasarak Mandal's,Rajarshi Shahu College of Engineering, Tathawade, Pune",,614119110,Civil Engineering,State Level,VIIS,120494,4.0235666
06141,"Jaywant Shikshan Prasarak Mandal's,Rajarshi Shahu College of Engineering, Tathawade, Pune",,614124510,Computer Engineering,State Level,GOPENS,5084,97.149028
06141,"Jaywant Shikshan Prasarak Mandal's,Rajarshi Shahu College of Engineering, Tathawade, Pune",,614124510,Computer Engineering,State Level,GSTS,59965,65.2657662
06141,"Jaywant Shikshan Prasarak Mandal's,Rajarshi Shahu College of Engineering, Tathawade, Pune",,614124510,Computer Engineering,State Level,GNT1S,10516,94.280976
06141,"Jaywant Shikshan Prasarak Mandal's,Rajarshi Shahu College of Engineering, Tathawade, Pune",,614124510,Computer Engineering,State Level,LOBCS,9026,95.085844
06141,"Jaywant Shikshan Prasarak Mandal's,Rajarshi Shahu College of Engineering, Tathawade, Pune",,614124510,Computer Engineering,State Level,EWS,6032,96.6258699
06141,"Jaywant Shikshan Prasarak Mandal's,Rajarshi Shahu College of Engineering, Tathawade, Pune",,614124610,Information Technology,State Level,GOPENS,9327,94.9082722
06141,"Jaywant Shikshan Prasarak Mandal's,Rajarshi Shahu College of Engineering, Tathawade, Pune",,614124610,Information Technology,State Level,GSCS,18146,90.269681
06141,"Jaywant Shikshan Prasarak Mandal's,Rajarshi Shahu College of Engineering, Tathawade, Pune",,614124610,Information Technology,State Level,GNT1S,10807,94.1471246
06141,"Jaywant Shikshan Prasarak Mandal's,Rajarshi Shahu College of Engineering, Tathawade, Pune",,614124610,Information Technology,State Level,LOBCS,9480,94.8692104
06141,"Jaywant Shikshan Prasarak Mandal's,Rajarshi Shahu College of Engineering, Tathawade, Pune",,614124610,Information Technology,State Level,EWS,7902,95.6650859
06141,"Jaywant Shikshan Prasarak Mandal's,Rajarshi Shahu College of Engineering, Tathawade, Pune",,614126210,Computer Science and Business Systems,State Level,GOPENS,10636,94.2233079
06141,"Jaywant Shikshan Prasarak Mandal's,Rajarshi Shahu College of Engineering, Tathawade, Pune",,614126210,Computer Science and Business Systems,State Level,GSTS,86757,43.3167495
06141,"Jaywant Shikshan Prasarak Mandal's,Rajarshi Shahu College of Engineering, Tathawade, Pune",,614126210,Computer Science and Business Systems,State Level,LOPENS,13320,92.8198061
06141,"Jaywant Shikshan Prasarak Mandal's,Rajarshi Shahu College of Engineering, Tathawade, Pune",,614126210,Computer Science and Business Systems,State Level,LSCS,27159,85.2978814
06141,"Jaywant Shikshan Prasarak Mandal's,Rajarshi Shahu College of Engineering, Tathawade, Pune",,614126210,Computer Science and Business Systems,State Level,EWS,10128,94.4876909
06141,"Jaywant Shikshan Prasarak Mandal's,Rajarshi Shahu College of Engineering, Tathawade, Pune",,614129310,Electrical Engineering,State Level,"Legends:Start Character G-General, L-Ladies, End Character H-Home University, O-Other than Home University, S-State LevelS",45583,74.5211181
06141,"Jaywant Shikshan Prasarak Mandal's,Rajarshi Shahu College of Engineering, Tathawade, Pune",,614129310,Electrical Engineering,State Level,Maharashtra State Seats - Cut Off Indicates State General Merit No. ; Figures in bracket Indicates MHT-CET PCM PercentileS,48523,72.8897104
06141,"Jaywant Shikshan Prasarak Mandal's,Rajarshi Shahu College of Engineering, Tathawade, Pune",,614129310,Electrical Engineering,State Level,DS,44720,75.3508645
06141,"Jaywant Shikshan Prasarak Mandal's,Rajarshi Shahu College of Engineering, Tathawade, Pune",,614137210,Electronics and Telecommunication Engg,State Level,GOPENS,15253,91.8375279
06141,"Jaywant Shikshan Prasarak Mandal's,Rajarshi Shahu College of Engineering, Tathawade, Pune",,614137210,Electronics and Telecommunication Engg,State Level,GSCS,32754,82.3797757
06141,"Jaywant Shikshan Prasarak Mandal's,Rajarshi Shahu College of Engineering, Tathawade, Pune",,614137210,Electronics and Telecommunication Engg,State Level,GSTS,16084,91.2564151
06141,"Jaywant Shikshan Prasarak Mandal's,Rajarshi Shahu College of Engineering, Tathawade, Pune",,614137210,Electronics and Telecommunication Engg,State Level,GOBCS,18301,90.1338268
06141,"Jaywant Shikshan Prasarak Mandal's,Rajarshi Shahu College of Engineering, Tathawade, Pune",,614137210,Electronics and Telecommunication Engg,State Level,LOPENS,19122,89.7209567
06141,"Jaywant Shikshan Prasarak Mandal's,Rajarshi Shahu College of Engineering, Tathawade, Pune",,614137210,Electronics and Telecommunication Engg,State Level,LSTS,16622,91.0466821
06141,"Jaywant Shikshan Prasarak Mandal's,Rajarshi Shahu College of Engineering, Tathawade, Pune",,614137210,Electronics and Telecommunication Engg,State Level,I-NonS,17925,90.3656056
06141,"Jaywant Shikshan Prasarak Mandal's,Rajarshi Shahu College of Engineering, Tathawade, Pune",,614137210,Electronics and Telecommunication Engg,State Level,VIIS,17135,90.7746979
06141,"Jaywant Shikshan Prasarak Mandal's,Rajarshi Shahu College of Engineering, Tathawade, Pune",,614161210,Mechanical Engineering,State Level,GOPENS,36792,79.8656107
06141,"Jaywant Shikshan Prasarak Mandal's,Rajarshi Shahu College of Engineering, Tathawade, Pune",,614161210,Mechanical Engineering,State Level,GOBCS,41912,76.9900203
06141,"Jaywant Shikshan Prasarak Mandal's,Rajarshi Shahu College of Engineering, Tathawade, Pune",,614161210,Mechanical Engineering,State Level,LOPENS,62374,63.7147595
06141,"Jaywant Shikshan Prasarak Mandal's,Rajarshi Shahu College of Engineering, Tathawade, Pune",,614161210,Mechanical Engineering,State Level,LSCS,99712,31.5015186
06141,"Jaywant Shikshan Prasarak Mandal's,Rajarshi Shahu College of Engineering, Tathawade, Pune",,614161210,Mechanical Engineering,State Level,PWDOPENS,102347,28.4814025
06141,"Jaywant Shikshan Prasarak Mandal's,Rajarshi Shahu College of Engineering, Tathawade, Pune",,614161210,Mechanical Engineering,State Level,DEFOPENS,44545,75.4846987
06141,"Jaywant Shikshan Prasarak Mandal's,Rajarshi Shahu College of Engineering, Tathawade, Pune",,614161210,Mechanical Engineering,State Level,I-NonS,40116,78.106229
06141,"Jaywant Shikshan Prasarak Mandal's,Rajarshi Shahu College of Engineering, Tathawade, Pune",,614191610,Automation and Robotics,State Level,GOPENS,40405,77.9458986
06141,"Jaywant Shikshan Prasarak Mandal's,Rajarshi Shahu College of Engineering, Tathawade, Pune",,614191610,Automation and Robotics,State Level,GOBCS,42174,76.7344555
06141,"Jaywant Shikshan Prasarak Mandal's,Rajarshi Shahu College of Engineering, Tathawade, Pune",,614191610,Automation and Robotics,State Level,LOPENS,35046,80.9167266
06141,"Jaywant Shikshan Prasarak Mandal's,Rajarshi Shahu College of Engineering, Tathawade, Pune",,614191610,Automation and Robotics,State Level,LOBCS,38358,79.1079584
06141,"Jaywant Shikshan Prasarak Mandal's,Rajarshi Shahu College of Engineering, Tathawade, Pune",,614191610,Automation and Robotics,State Level,PWDOPENS,95507,35.6983743
06141,"Jaywant Shikshan Prasarak Mandal's,Rajarshi Shahu College of Engineering, Tathawade, Pune",,614191610,Automation and Robotics,State Level,DEFOPENS,43378,75.8471965
06141,"Jaywant Shikshan Prasarak Mandal's,Rajarshi Shahu College of Engineering, Tathawade, Pune",,614191610,Automation and Robotics,State Level,TFWS,42190,76.7344555
06141,"Jaywant Shikshan Prasarak Mandal's,Rajarshi Shahu College of Engineering, Tathawade, Pune",,614191610,Automation and Robotics,State Level,I-NonS,37010,79.5947693
06144,"Genba Sopanrao Moze College of Engineering, Baner-Balewadi, Pune",,614424510,Computer Engineering,State Level,"Legends:Start Character G-General, L-Ladies, End Character H-Home University, O-Other than Home University, S-State LevelS",17045,90.8511759
06144,"Genba Sopanrao Moze College of Engineering, Baner-Balewadi, Pune",,614424510,Computer Engineering,State Level,Maharashtra State Seats - Cut Off Indicates State General Merit No. ; Figures in bracket Indicates MHT-CET PCM PercentileS,36248,80.3744535
06144,"Genba Sopanrao Moze College of Engineering, Baner-Balewadi, Pune",,614424610,Information Technology,State Level,"Legends:Start Character G-General, L-Ladies, End Character H-Home University, O-Other than Home University, S-State LevelS",30058,83.6868736
06144,"Genba Sopanrao Moze College of Engineering, Baner-Balewadi, Pune",,614424610,Information Technology,State Level,Maharashtra State Seats - Cut Off Indicates State General Merit No. ; Figures in bracket Indicates MHT-CET PCM PercentileS,40210,78.0555027
06144,"Genba Sopanrao Moze College of Engineering, Baner-Balewadi, Pune",,614437210,Electronics and Telecommunication Engg,State Level,"Legends:Start Character G-General, L-Ladies, End Character H-Home University, O-Other than Home University, S-State LevelS",46276,74.2260244
06144,"Genba Sopanrao Moze College of Engineering, Baner-Balewadi, Pune",,614461210,Mechanical Engineering,State Level,"Legends:Start Character G-General, L-Ladies, End Character H-Home University, O-Other than Home University, S-State LevelS",92967,38.5667023
06144,"Genba Sopanrao Moze College of Engineering, Baner-Balewadi, Pune",,614461210,Mechanical Engineering,State Level,I-NonS,93557,37.5478565
06144,"Genba Sopanrao Moze College of Engineering, Baner-Balewadi, Pune",,614492110,Artificial Intelligence and Machine Learning,State Level,"Legends:Start Character G-General, L-Ladies, End Character H-Home University, O-Other than Home University, S-State LevelS",48327,72.8974176
06144,"Genba Sopanrao Moze College of Engineering, Baner-Balewadi, Pune",,614499510,Artificial Intelligence and Data Science,State Level,"Legends:Start Character G-General, L-Ladies, End Character H-Home University, O-Other than Home University, S-State LevelS",38957,78.5792977
06145,"JSPM'S Jaywantrao Sawant College of Engineering,Pune",,614524510,Computer Engineering,State Level,"Legends:Start Character G-General, L-Ladies, End Character H-Home University, O-Other than Home University, S-State LevelS",17084,90.8078665
06145,"JSPM'S Jaywantrao Sawant College of Engineering,Pune",,614524610,Information Technology,State Level,"Legends:Start Character G-General, L-Ladies, End Character H-Home University, O-Other than Home University, S-State LevelS",17803,90.398149
06145,"JSPM'S Jaywantrao Sawant College of Engineering,Pune",,614529310,Electrical Engineering,State Level,"Legends:Start Character G-General, L-Ladies, End Character H-Home University, O-Other than Home University, S-State LevelS",52127,70.8665527
06145,"JSPM'S Jaywantrao Sawant College of Engineering,Pune",,614529310,Electrical Engineering,State Level,VIIS,52255,70.7220669
06145,"JSPM'S Jaywantrao Sawant College of Engineering,Pune",,614537210,Electronics and Telecommunication Engg,State Level,"Legends:Start Character G-General, L-Ladies, End Character H-Home University, O-Other than Home University, S-State LevelS",39393,78.3496848
06145,"JSPM'S Jaywantrao Sawant College of Engineering,Pune",,614537210,Electronics and Telecommunication Engg,State Level,Maharashtra State Seats - Cut Off Indicates State General Merit No. ; Figures in bracket Indicates MHT-CET PCM PercentileS,26245,85.8374792
06145,"JSPM'S Jaywantrao Sawant College of Engineering,Pune",,614537210,Electronics and Telecommunication Engg,State Level,DS,28141,84.8685155
06145,"JSPM'S Jaywantrao Sawant College of Engineering,Pune",,614537210,Electronics and Telecommunication Engg,State Level,VIIS,29087,84.2234647
06145,"JSPM'S Jaywantrao Sawant College of Engineering,Pune",,614561210,Mechanical Engineering,State Level,"Legends:Start Character G-General, L-Ladies, End Character H-Home University, O-Other than Home University, S-State LevelS",71187,57.0638559
06145,"JSPM'S Jaywantrao Sawant College of Engineering,Pune",,614561210,Mechanical Engineering,State Level,I-NonS,65867,61.2621174
06146,"MIT Academy of Engineering,Alandi, Pune",,614619110,Civil Engineering,State Level,"Legends:Start Character G-General, L-Ladies, End Character H-Home University, O-Other than Home University, S-State LevelS",67935,59.6829046
06146,"MIT Academy of Engineering,Alandi, Pune",,614619110,Civil Engineering,State Level,Maharashtra State Seats - Cut Off Indicates State General Merit No. ; Figures in bracket Indicates MHT-CET PCM PercentileS,84189,45.9884082
06146,"MIT Academy of Engineering,Alandi, Pune",,614619110,Civil Engineering,State Level,DS,108680,20.8205322
06146,"MIT Academy of Engineering,Alandi, Pune",,614619110,Civil Engineering,State Level,State Common Entrance Test CellS,93821,36.7166438
06146,"MIT Academy of Engineering,Alandi, Pune",,614619110,Civil Engineering,State Level,Cut Off List for Maharashtra & Minority Seats of CAP Round - III for the Admission to the First Year Under Graduate Technical Courses in Engineering and Technology (4 Years) &S,79007,50.9996691
06146,"MIT Academy of Engineering,Alandi, Pune",,614619110,Civil Engineering,State Level,Master of Engineering and Technology (Integrated 5 Years) Admissions A.Y. 2022-23S,77134,52.2301039
06146,"MIT Academy of Engineering,Alandi, Pune",,614619110,Civil Engineering,State Level,GOPENS,85473,44.986801
06146,"MIT Academy of Engineering,Alandi, Pune",,614619110,Civil Engineering,State Level,GSCS,85270,45.2718114
06146,"MIT Academy of Engineering,Alandi, Pune",,614619110,Civil Engineering,State Level,GSTS,66429,60.6284658
06146,"MIT Academy of Engineering,Alandi, Pune",,614619110,Civil Engineering,State Level,I-NonS,67958,59.6829046
06146,"MIT Academy of Engineering,Alandi, Pune",,614619110,Civil Engineering,State Level,VIIS,70805,57.2112851
06146,"MIT Academy of Engineering,Alandi, Pune",,614624510,Computer Engineering,State Level,GOPENS,8646,95.2860672
06146,"MIT Academy of Engineering,Alandi, Pune",,614624510,Computer Engineering,State Level,GSCS,16050,91.3297266
06146,"MIT Academy of Engineering,Alandi, Pune",,614624510,Computer Engineering,State Level,GOBCS,9264,94.9381487
06146,"MIT Academy of Engineering,Alandi, Pune",,614624510,Computer Engineering,State Level,LOPENS,10140,94.4876909
06146,"MIT Academy of Engineering,Alandi, Pune",,614624510,Computer Engineering,State Level,LOBCS,11684,93.6527455
06146,"MIT Academy of Engineering,Alandi, Pune",,614624510,Computer Engineering,State Level,PWDROBCS,110320,18.840167
06146,"MIT Academy of Engineering,Alandi, Pune",,614624510,Computer Engineering,State Level,S,9531,94.8196814
06146,"MIT Academy of Engineering,Alandi, Pune",,614637210,Electronics and Telecommunication Engg,State Level,GOPENS,19485,89.5056923
06146,"MIT Academy of Engineering,Alandi, Pune",,614637210,Electronics and Telecommunication Engg,State Level,GSCS,26587,85.6913808
06146,"MIT Academy of Engineering,Alandi, Pune",,614637210,Electronics and Telecommunication Engg,State Level,GSTS,93826,36.7166438
06146,"MIT Academy of Engineering,Alandi, Pune",,614637210,Electronics and Telecommunication Engg,State Level,GOBCS,20524,88.9608831
06146,"MIT Academy of Engineering,Alandi, Pune",,614637210,Electronics and Telecommunication Engg,State Level,LOPENS,16878,90.9190268
06146,"MIT Academy of Engineering,Alandi, Pune",,614637210,Electronics and Telecommunication Engg,State Level,LSCS,23787,87.1226124
06146,"MIT Academy of Engineering,Alandi, Pune",,614637210,Electronics and Telecommunication Engg,State Level,LSTS,49768,71.9798416
06146,"MIT Academy of Engineering,Alandi, Pune",,614637210,Electronics and Telecommunication Engg,State Level,LVJS,14656,92.1444652
06146,"MIT Academy of Engineering,Alandi, Pune",,614637210,Electronics and Telecommunication Engg,State Level,TFWS,22680,87.7973797
06146,"MIT Academy of Engineering,Alandi, Pune",,614637210,Electronics and Telecommunication Engg,State Level,VIIS,21171,88.6475955
06146,"MIT Academy of Engineering,Alandi, Pune",,614637610,Electronics Engineering,State Level,GOPENS,26019,85.9566804
06146,"MIT Academy of Engineering,Alandi, Pune",,614637610,Electronics Engineering,State Level,GSCS,32122,82.59776
06146,"MIT Academy of Engineering,Alandi, Pune",,614637610,Electronics Engineering,State Level,GNT1S,36487,80.1068911
06146,"MIT Academy of Engineering,Alandi, Pune",,614637610,Electronics Engineering,State Level,GOBCS,26261,85.8374792
06146,"MIT Academy of Engineering,Alandi, Pune",,614637610,Electronics Engineering,State Level,LOPENS,24612,86.8132394
06146,"MIT Academy of Engineering,Alandi, Pune",,614637610,Electronics Engineering,State Level,EWS,42555,76.5675144
06146,"MIT Academy of Engineering,Alandi, Pune",,614650710,Chemical Engineering,State Level,"Legends:Start Character G-General, L-Ladies, End Character H-Home University, O-Other than Home University, S-State LevelS",63089,63.088298
06146,"MIT Academy of Engineering,Alandi, Pune",,614650710,Chemical Engineering,State Level,Maharashtra State Seats - Cut Off Indicates State General Merit No. ; Figures in bracket Indicates MHT-CET PCM PercentileS,80039,49.556541
06146,"MIT Academy of Engineering,Alandi, Pune",,614650710,Chemical Engineering,State Level,DS,51449,71.1253958
06146,"MIT Academy of Engineering,Alandi, Pune",,614650710,Chemical Engineering,State Level,State Common Entrance Test CellS,95568,35.6983743
06146,"MIT Academy of Engineering,Alandi, Pune",,614650710,Chemical Engineering,State Level,Cut Off List for Maharashtra & Minority Seats of CAP Round - III for the Admission to the First Year Under Graduate Technical Courses in Engineering and Technology (4 Years) &S,45864,74.5106403
06146,"MIT Academy of Engineering,Alandi, Pune",,614650710,Chemical Engineering,State Level,I-NonS,61744,64.0172786
06146,"MIT Academy of Engineering,Alandi, Pune",,614661210,Mechanical Engineering,State Level,GOPENS,51546,70.9370842
06146,"MIT Academy of Engineering,Alandi, Pune",,614661210,Mechanical Engineering,State Level,GSCS,55225,68.5714285
06146,"MIT Academy of Engineering,Alandi, Pune",,614661210,Mechanical Engineering,State Level,GSTS,76881,52.4476185
06146,"MIT Academy of Engineering,Alandi, Pune",,614661210,Mechanical Engineering,State Level,GVJS,77983,51.2600953
06146,"MIT Academy of Engineering,Alandi, Pune",,614661210,Mechanical Engineering,State Level,GNT1S,57980,66.5894149
06146,"MIT Academy of Engineering,Alandi, Pune",,614661210,Mechanical Engineering,State Level,GOBCS,64486,62.0823842
06146,"MIT Academy of Engineering,Alandi, Pune",,614661210,Mechanical Engineering,State Level,LOPENS,102236,28.4814025
06146,"MIT Academy of Engineering,Alandi, Pune",,614661210,Mechanical Engineering,State Level,LSCS,69096,58.8113371
06146,"MIT Academy of Engineering,Alandi, Pune",,614661210,Mechanical Engineering,State Level,LVJS,39855,78.1473584
06146,"MIT Academy of Engineering,Alandi, Pune",,614661210,Mechanical Engineering,State Level,PWDOPENS,48120,72.8974176
06146,"MIT Academy of Engineering,Alandi, Pune",,614661210,Mechanical Engineering,State Level,DEFOPENS,121655,2.0005702
06146,"MIT Academy of Engineering,Alandi, Pune",,614661210,Mechanical Engineering,State Level,I-NonS,38497,79.1079584
06146,"MIT Academy of Engineering,Alandi, Pune",,614661210,Mechanical Engineering,State Level,VIIS,57450,67.1125395
06149,"Siddhant College of Engineering, A/p Sudumbare, Tal.Maval, Dist-Pune",,614924510,Computer Engineering,State Level,"Legends:Start Character G-General, L-Ladies, End Character H-Home University, O-Other than Home University, S-State LevelS",120224,4.376802
06149,"Siddhant College of Engineering, A/p Sudumbare, Tal.Maval, Dist-Pune",,614924510,Computer Engineering,State Level,Maharashtra State Seats - Cut Off Indicates State General Merit No. ; Figures in bracket Indicates MHT-CET PCM PercentileS,37687,79.4751328
06149,"Siddhant College of Engineering, A/p Sudumbare, Tal.Maval, Dist-Pune",,614924510,Computer Engineering,State Level,Minority Seats Allotted to Maharashtra State Candidature CandidatesS,50718,71.4470469
06149,"Siddhant College of Engineering, A/p Sudumbare, Tal.Maval, Dist-Pune",,614924610,Information Technology,State Level,"Legends:Start Character G-General, L-Ladies, End Character H-Home University, O-Other than Home University, S-State LevelS",60756,64.7353734
06149,"Siddhant College of Engineering, A/p Sudumbare, Tal.Maval, Dist-Pune",,614924610,Information Technology,State Level,Minority Seats Allotted to Maharashtra State Candidature CandidatesS,53020,69.7082914
06155,"G.H.Raisoni College of Engineering & Management, Wagholi, Pune",,615519110,Civil Engineering,State Level,"Legends:Start Character G-General, L-Ladies, End Character H-Home University, O-Other than Home University, S-State LevelS",91338,39.4227966
06155,"G.H.Raisoni College of Engineering & Management, Wagholi, Pune",,615519110,Civil Engineering,State Level,Maharashtra State Seats - Cut Off Indicates State General Merit No. ; Figures in bracket Indicates MHT-CET PCM PercentileS,76608,52.8246408
06155,"G.H.Raisoni College of Engineering & Management, Wagholi, Pune",,615519110,Civil Engineering,State Level,MH,120901,3.3180507
06155,"G.H.Raisoni College of Engineering & Management, Wagholi, Pune",,615524510,Computer Engineering,State Level,GOPENS,16711,91.0449886
06155,"G.H.Raisoni College of Engineering & Management, Wagholi, Pune",,615524510,Computer Engineering,State Level,LOPENS,19476,89.5056923
06155,"G.H.Raisoni College of Engineering & Management, Wagholi, Pune",,615524510,Computer Engineering,State Level,MI,71774,56.7650587
06155,"G.H.Raisoni College of Engineering & Management, Wagholi, Pune",,615524610,Information Technology,State Level,GOPENS,19929,89.2748671
06155,"G.H.Raisoni College of Engineering & Management, Wagholi, Pune",,615524610,Information Technology,State Level,LOPENS,22704,87.7973797
06155,"G.H.Raisoni College of Engineering & Management, Wagholi, Pune",,615524610,Information Technology,State Level,MI,120483,4.0235666
06155,"G.H.Raisoni College of Engineering & Management, Wagholi, Pune",,615524610,Information Technology,State Level,TFWS,16936,90.8966299
06155,"G.H.Raisoni College of Engineering & Management, Wagholi, Pune",,615524610,Information Technology,State Level,MH,23549,87.2818426
06155,"G.H.Raisoni College of Engineering & Management, Wagholi, Pune",,615526010,Computer Science and Engineering (Cyber Security),State Level,GOPENS,27538,85.0403264
06155,"G.H.Raisoni College of Engineering & Management, Wagholi, Pune",,615526010,Computer Science and Engineering (Cyber Security),State Level,LOPENS,35539,80.6275908
06155,"G.H.Raisoni College of Engineering & Management, Wagholi, Pune",,615526010,Computer Science and Engineering (Cyber Security),State Level,MI,17262,90.6908949
06155,"G.H.Raisoni College of Engineering & Management, Wagholi, Pune",,615526010,Computer Science and Engineering (Cyber Security),State Level,MH,35668,80.5501725
06155,"G.H.Raisoni College of Engineering & Management, Wagholi, Pune",,615529310,Electrical Engineering,State Level,"Legends:Start Character G-General, L-Ladies, End Character H-Home University, O-Other than Home University, S-State LevelS",60483,64.886326
06155,"G.H.Raisoni College of Engineering & Management, Wagholi, Pune",,615529310,Electrical Engineering,State Level,Maharashtra State Seats - Cut Off Indicates State General Merit No. ; Figures in bracket Indicates MHT-CET PCM PercentileS,45117,74.9700023
06155,"G.H.Raisoni College of Engineering & Management, Wagholi, Pune",,615529310,Electrical Engineering,State Level,MH,66449,60.6284658
06155,"G.H.Raisoni College of Engineering & Management, Wagholi, Pune",,615537210,Electronics and Telecommunication Engg,State Level,GOPENS,33212,81.984042
06155,"G.H.Raisoni College of Engineering & Management, Wagholi, Pune",,615537210,Electronics and Telecommunication Engg,State Level,LOPENS,34775,81.0304563
06155,"G.H.Raisoni College of Engineering & Management, Wagholi, Pune",,615537210,Electronics and Telecommunication Engg,State Level,MI,23660,87.2542051
06155,"G.H.Raisoni College of Engineering & Management, Wagholi, Pune",,615537210,Electronics and Telecommunication Engg,State Level,MH,37104,79.5912465
06155,"G.H.Raisoni College of Engineering & Management, Wagholi, Pune",,615561210,Mechanical Engineering,State Level,GOPENS,69998,57.7165019
06155,"G.H.Raisoni College of Engineering & Management, Wagholi, Pune",,615561210,Mechanical Engineering,State Level,LOPENS,108514,20.8205322
06155,"G.H.Raisoni College of Engineering & Management, Wagholi, Pune",,615561210,Mechanical Engineering,State Level,MH,86501,44.6471616
06155,"G.H.Raisoni College of Engineering & Management, Wagholi, Pune",,615591110,Computer Science and Engineering(Artificial Intelligence and Machine Learning),State Level,GOPENS,24282,86.9511499
06155,"G.H.Raisoni College of Engineering & Management, Wagholi, Pune",,615591110,Computer Science and Engineering(Artificial Intelligence and Machine Learning),State Level,LOPENS,25023,86.5103056
06155,"G.H.Raisoni College of Engineering & Management, Wagholi, Pune",,615591110,Computer Science and Engineering(Artificial Intelligence and Machine Learning),State Level,MI,114592,12.7995462
06155,"G.H.Raisoni College of Engineering & Management, Wagholi, Pune",,615591110,Computer Science and Engineering(Artificial Intelligence and Machine Learning),State Level,MH,29872,83.8902317
06155,"G.H.Raisoni College of Engineering & Management, Wagholi, Pune",,615591310,Computer Science and Engineering (Artificial Intelligence),State Level,"Legends:Start Character G-General, L-Ladies, End Character H-Home University, O-Other than Home University, S-State LevelS",26904,85.606492
06155,"G.H.Raisoni College of Engineering & Management, Wagholi, Pune",,615591310,Computer Science and Engineering (Artificial Intelligence),State Level,Maharashtra State Seats - Cut Off Indicates State General Merit No. ; Figures in bracket Indicates MHT-CET PCM PercentileS,31176,83.1650789
06155,"G.H.Raisoni College of Engineering & Management, Wagholi, Pune",,615591310,Computer Science and Engineering (Artificial Intelligence),State Level,DS,20834,88.795558
06155,"G.H.Raisoni College of Engineering & Management, Wagholi, Pune",,615591310,Computer Science and Engineering (Artificial Intelligence),State Level,MH,33314,81.984042
06155,"G.H.Raisoni College of Engineering & Management, Wagholi, Pune",,615591710,Data Science,State Level,GOPENS,35635,80.6275908
06155,"G.H.Raisoni College of Engineering & Management, Wagholi, Pune",,615591710,Data Science,State Level,LOPENS,32231,82.4407997
06155,"G.H.Raisoni College of Engineering & Management, Wagholi, Pune",,615591710,Data Science,State Level,MI,25498,86.3122546
06155,"G.H.Raisoni College of Engineering & Management, Wagholi, Pune",,615591710,Data Science,State Level,MH,37409,79.5386869
06156,"Marathwada Mitra Mandal's College of Engineering, Karvenagar, Pune",,615624510,Computer Engineering,State Level,"Legends:Start Character G-General, L-Ladies, End Character H-Home University, O-Other than Home University, S-State LevelS",9696,94.7015776
06156,"Marathwada Mitra Mandal's College of Engineering, Karvenagar, Pune",,615624510,Computer Engineering,State Level,VIIS,9838,94.6506656
06156,"Marathwada Mitra Mandal's College of Engineering, Karvenagar, Pune",,615629310,Electrical Engineering,State Level,"Legends:Start Character G-General, L-Ladies, End Character H-Home University, O-Other than Home University, S-State LevelS",33965,81.5143923
06156,"Marathwada Mitra Mandal's College of Engineering, Karvenagar, Pune",,615637210,Electronics and Telecommunication Engg,State Level,"Legends:Start Character G-General, L-Ladies, End Character H-Home University, O-Other than Home University, S-State LevelS",16723,91.0449886
06156,"Marathwada Mitra Mandal's College of Engineering, Karvenagar, Pune",,615661210,Mechanical Engineering,State Level,"Legends:Start Character G-General, L-Ladies, End Character H-Home University, O-Other than Home University, S-State LevelS",58884,66.2117981
06156,"Marathwada Mitra Mandal's College of Engineering, Karvenagar, Pune",,615661210,Mechanical Engineering,State Level,I-NonS,50440,71.6451268
06156,"Marathwada Mitra Mandal's College of Engineering, Karvenagar, Pune",,615699510,Artificial Intelligence and Data Science,State Level,"Legends:Start Character G-General, L-Ladies, End Character H-Home University, O-Other than Home University, S-State LevelS",15608,91.586273
06160,"JSPM's Imperial College of Engineering and Research, Wagholi, Pune",,616024510,Computer Engineering,State Level,"Legends:Start Character G-General, L-Ladies, End Character H-Home University, O-Other than Home University, S-State LevelS",17821,90.398149
06160,"JSPM's Imperial College of Engineering and Research, Wagholi, Pune",,616037210,Electronics and Telecommunication Engg,State Level,"Legends:Start Character G-General, L-Ladies, End Character H-Home University, O-Other than Home University, S-State LevelS",31339,83.1461738
06160,"JSPM's Imperial College of Engineering and Research, Wagholi, Pune",,616061210,Mechanical Engineering,State Level,"Legends:Start Character G-General, L-Ladies, End Character H-Home University, O-Other than Home University, S-State LevelS",111240,17.5093411
06175,"Pimpri Chinchwad Education Trust, Pimpri Chinchwad College of Engineering, Pune",,617519110,Civil Engineering,State Level,"Legends:Start Character G-General, L-Ladies, End Character H-Home University, O-Other than Home University, S-State LevelS",20638,88.9568225
06175,"Pimpri Chinchwad Education Trust, Pimpri Chinchwad College of Engineering, Pune",,617519110,Civil Engineering,State Level,Maharashtra State Seats - Cut Off Indicates State General Merit No. ; Figures in bracket Indicates MHT-CET PCM PercentileS,23793,87.1226124
06175,"Pimpri Chinchwad Education Trust, Pimpri Chinchwad College of Engineering, Pune",,617519110,Civil Engineering,State Level,DS,38423,79.1079584
06175,"Pimpri Chinchwad Education Trust, Pimpri Chinchwad College of Engineering, Pune",,617519110,Civil Engineering,State Level,State Common Entrance Test CellS,35397,80.6330675
06175,"Pimpri Chinchwad Education Trust, Pimpri Chinchwad College of Engineering, Pune",,617519110,Civil Engineering,State Level,Cut Off List for Maharashtra & Minority Seats of CAP Round - III for the Admission to the First Year Under Graduate Technical Courses in Engineering and Technology (4 Years) &S,22843,87.6520385
06175,"Pimpri Chinchwad Education Trust, Pimpri Chinchwad College of Engineering, Pune",,617519110,Civil Engineering,State Level,Master of Engineering and Technology (Integrated 5 Years) Admissions A.Y. 2022-23S,115264,12.2020044
06175,"Pimpri Chinchwad Education Trust, Pimpri Chinchwad College of Engineering, Pune",,617519110,Civil Engineering,State Level,GOPENS,24800,86.5823024
06175,"Pimpri Chinchwad Education Trust, Pimpri Chinchwad College of Engineering, Pune",,617519110,Civil Engineering,State Level,VIIS,22545,87.8986332
06175,"Pimpri Chinchwad Education Trust, Pimpri Chinchwad College of Engineering, Pune",,617524510,Computer Engineering,State Level,GOPENS,2805,98.3555512
06175,"Pimpri Chinchwad Education Trust, Pimpri Chinchwad College of Engineering, Pune",,617524510,Computer Engineering,State Level,GSCS,8929,95.1190305
06175,"Pimpri Chinchwad Education Trust, Pimpri Chinchwad College of Engineering, Pune",,617524510,Computer Engineering,State Level,GOBCS,3241,98.1223099
06175,"Pimpri Chinchwad Education Trust, Pimpri Chinchwad College of Engineering, Pune",,617524510,Computer Engineering,State Level,LOPENS,3754,97.8550081
06175,"Pimpri Chinchwad Education Trust, Pimpri Chinchwad College of Engineering, Pune",,617524510,Computer Engineering,State Level,ORPHAN,2847,98.3393328
06175,"Pimpri Chinchwad Education Trust, Pimpri Chinchwad College of Engineering, Pune",,617524510,Computer Engineering,State Level,VIIS,2824,98.341849
06175,"Pimpri Chinchwad Education Trust, Pimpri Chinchwad College of Engineering, Pune",,617524610,Information Technology,State Level,GOPENS,3352,98.0516956
06175,"Pimpri Chinchwad Education Trust, Pimpri Chinchwad College of Engineering, Pune",,617524610,Information Technology,State Level,GSCS,10533,94.2439578
06175,"Pimpri Chinchwad Education Trust, Pimpri Chinchwad College of Engineering, Pune",,617524610,Information Technology,State Level,GNT2S,4432,97.4760126
06175,"Pimpri Chinchwad Education Trust, Pimpri Chinchwad College of Engineering, Pune",,617524610,Information Technology,State Level,GNT3S,4681,97.3569138
06175,"Pimpri Chinchwad Education Trust, Pimpri Chinchwad College of Engineering, Pune",,617524610,Information Technology,State Level,GOBCS,3602,97.9322759
06175,"Pimpri Chinchwad Education Trust, Pimpri Chinchwad College of Engineering, Pune",,617524610,Information Technology,State Level,LOPENS,4200,97.6193897
06175,"Pimpri Chinchwad Education Trust, Pimpri Chinchwad College of Engineering, Pune",,617524610,Information Technology,State Level,LSTS,102610,28.2732447
06175,"Pimpri Chinchwad Education Trust, Pimpri Chinchwad College of Engineering, Pune",,617524610,Information Technology,State Level,LOBCS,5395,96.9513636
06175,"Pimpri Chinchwad Education Trust, Pimpri Chinchwad College of Engineering, Pune",,617524610,Information Technology,State Level,TFWS,2720,98.3996915
06175,"Pimpri Chinchwad Education Trust, Pimpri Chinchwad College of Engineering, Pune",,617524610,Information Technology,State Level,PWDRSCS,35784,80.5501725
06175,"Pimpri Chinchwad Education Trust, Pimpri Chinchwad College of Engineering, Pune",,617524610,Information Technology,State Level,ORPHAN,3388,98.0419051
06175,"Pimpri Chinchwad Education Trust, Pimpri Chinchwad College of Engineering, Pune",,617524610,Information Technology,State Level,VIIS,3404,98.0374453
06175,"Pimpri Chinchwad Education Trust, Pimpri Chinchwad College of Engineering, Pune",,617527110,Computer Engineering (Regional Language),State Level,GSCS,13358,92.8130723
06175,"Pimpri Chinchwad Education Trust, Pimpri Chinchwad College of Engineering, Pune",,617527110,Computer Engineering (Regional Language),State Level,GSTS,13800,92.6037916
06175,"Pimpri Chinchwad Education Trust, Pimpri Chinchwad College of Engineering, Pune",,617527110,Computer Engineering (Regional Language),State Level,VIIS,3061,98.2216336
06175,"Pimpri Chinchwad Education Trust, Pimpri Chinchwad College of Engineering, Pune",,617537210,Electronics and Telecommunication Engg,State Level,"Legends:Start Character G-General, L-Ladies, End Character H-Home University, O-Other than Home University, S-State LevelS",7467,95.8804332
06175,"Pimpri Chinchwad Education Trust, Pimpri Chinchwad College of Engineering, Pune",,617537210,Electronics and Telecommunication Engg,State Level,Maharashtra State Seats - Cut Off Indicates State General Merit No. ; Figures in bracket Indicates MHT-CET PCM PercentileS,15902,91.4761117
06175,"Pimpri Chinchwad Education Trust, Pimpri Chinchwad College of Engineering, Pune",,617537210,Electronics and Telecommunication Engg,State Level,DS,103290,26.9007793
06175,"Pimpri Chinchwad Education Trust, Pimpri Chinchwad College of Engineering, Pune",,617537210,Electronics and Telecommunication Engg,State Level,State Common Entrance Test CellS,13774,92.6037916
06175,"Pimpri Chinchwad Education Trust, Pimpri Chinchwad College of Engineering, Pune",,617537210,Electronics and Telecommunication Engg,State Level,Cut Off List for Maharashtra & Minority Seats of CAP Round - III for the Admission to the First Year Under Graduate Technical Courses in Engineering and Technology (4 Years) &S,8770,95.2051835
06175,"Pimpri Chinchwad Education Trust, Pimpri Chinchwad College of Engineering, Pune",,617537210,Electronics and Telecommunication Engg,State Level,Master of Engineering and Technology (Integrated 5 Years) Admissions A.Y. 2022-23S,5644,96.8473791
06175,"Pimpri Chinchwad Education Trust, Pimpri Chinchwad College of Engineering, Pune",,617537210,Electronics and Telecommunication Engg,State Level,GOPENS,5033,97.1668564
06175,"Pimpri Chinchwad Education Trust, Pimpri Chinchwad College of Engineering, Pune",,617537210,Electronics and Telecommunication Engg,State Level,GSCS,8273,95.4571374
06175,"Pimpri Chinchwad Education Trust, Pimpri Chinchwad College of Engineering, Pune",,617537210,Electronics and Telecommunication Engg,State Level,I-NonS,8927,95.1190305
06175,"Pimpri Chinchwad Education Trust, Pimpri Chinchwad College of Engineering, Pune",,617537210,Electronics and Telecommunication Engg,State Level,VIIS,7631,95.8019426
06175,"Pimpri Chinchwad Education Trust, Pimpri Chinchwad College of Engineering, Pune",,617561210,Mechanical Engineering,State Level,GOPENS,20698,88.8543387
06175,"Pimpri Chinchwad Education Trust, Pimpri Chinchwad College of Engineering, Pune",,617561210,Mechanical Engineering,State Level,GSCS,38120,79.2815054
06175,"Pimpri Chinchwad Education Trust, Pimpri Chinchwad College of Engineering, Pune",,617561210,Mechanical Engineering,State Level,GSTS,35798,80.5501725
06175,"Pimpri Chinchwad Education Trust, Pimpri Chinchwad College of Engineering, Pune",,617561210,Mechanical Engineering,State Level,GNT1S,23840,87.0828062
06175,"Pimpri Chinchwad Education Trust, Pimpri Chinchwad College of Engineering, Pune",,617561210,Mechanical Engineering,State Level,GOBCS,30485,83.4045178
06175,"Pimpri Chinchwad Education Trust, Pimpri Chinchwad College of Engineering, Pune",,617561210,Mechanical Engineering,State Level,LSTS,20805,88.795558
06175,"Pimpri Chinchwad Education Trust, Pimpri Chinchwad College of Engineering, Pune",,617561210,Mechanical Engineering,State Level,I-NonS,20067,89.1304347
06175,"Pimpri Chinchwad Education Trust, Pimpri Chinchwad College of Engineering, Pune",,617561210,Mechanical Engineering,State Level,VIIS,20830,88.795558
06175,"Pimpri Chinchwad Education Trust, Pimpri Chinchwad College of Engineering, Pune",,617591110,Computer Science and Engineering(Artificial Intelligence and Machine Learning),State Level,TFWS,2881,98.3078886
06177,"Sinhgad College of Engineering, Vadgaon (BK), Pune",,617708210,Bio Technology,State Level,"Legends:Start Character G-General, L-Ladies, End Character H-Home University, O-Other than Home University, S-State LevelS",48430,72.8897104
06177,"Sinhgad College of Engineering, Vadgaon (BK), Pune",,617708210,Bio Technology,State Level,Maharashtra State Seats - Cut Off Indicates State General Merit No. ; Figures in bracket Indicates MHT-CET PCM PercentileS,92172,39.3128682
06177,"Sinhgad College of Engineering, Vadgaon (BK), Pune",,617708210,Bio Technology,State Level,I-NonS,75245,54.124615
06177,"Sinhgad College of Engineering, Vadgaon (BK), Pune",,617719110,Civil Engineering,State Level,"Legends:Start Character G-General, L-Ladies, End Character H-Home University, O-Other than Home University, S-State LevelS",89141,42.0206383
06177,"Sinhgad College of Engineering, Vadgaon (BK), Pune",,617719110,Civil Engineering,State Level,I-NonS,109916,19.2567241
06177,"Sinhgad College of Engineering, Vadgaon (BK), Pune",,617724510,Computer Engineering,State Level,"Legends:Start Character G-General, L-Ladies, End Character H-Home University, O-Other than Home University, S-State LevelS",3712,97.8692103
06177,"Sinhgad College of Engineering, Vadgaon (BK), Pune",,617724510,Computer Engineering,State Level,Maharashtra State Seats - Cut Off Indicates State General Merit No. ; Figures in bracket Indicates MHT-CET PCM PercentileS,11309,93.8349561
06177,"Sinhgad College of Engineering, Vadgaon (BK), Pune",,617724610,Information Technology,State Level,"Legends:Start Character G-General, L-Ladies, End Character H-Home University, O-Other than Home University, S-State LevelS",55666,68.2985361
06177,"Sinhgad College of Engineering, Vadgaon (BK), Pune",,617724610,Information Technology,State Level,Maharashtra State Seats - Cut Off Indicates State General Merit No. ; Figures in bracket Indicates MHT-CET PCM PercentileS,11590,93.7141189
06177,"Sinhgad College of Engineering, Vadgaon (BK), Pune",,617737210,Electronics and Telecommunication Engg,State Level,"Legends:Start Character G-General, L-Ladies, End Character H-Home University, O-Other than Home University, S-State LevelS",21468,88.4857211
06177,"Sinhgad College of Engineering, Vadgaon (BK), Pune",,617760610,Production Engineering,State Level,"Legends:Start Character G-General, L-Ladies, End Character H-Home University, O-Other than Home University, S-State LevelS",65437,61.6697194
06177,"Sinhgad College of Engineering, Vadgaon (BK), Pune",,617761210,Mechanical Engineering,State Level,"Legends:Start Character G-General, L-Ladies, End Character H-Home University, O-Other than Home University, S-State LevelS",61031,64.4979119
06177,"Sinhgad College of Engineering, Vadgaon (BK), Pune",,617761210,Mechanical Engineering,State Level,I-NonS,61766,64.0172786
06177,"Sinhgad College of Engineering, Vadgaon (BK), Pune",,617761210,Mechanical Engineering,State Level,DefenceS,67763,59.6829046
06178,"Sinhgad Technical Education Society's Smt. Kashibai Navale College of Engineering,Vadgaon,Pune",,617824510,Computer Engineering,State Level,"Legends:Start Character G-General, L-Ladies, End Character H-Home University, O-Other than Home University, S-State LevelS",15794,91.5164369
06178,"Sinhgad Technical Education Society's Smt. Kashibai Navale College of Engineering,Vadgaon,Pune",,617824610,Information Technology,State Level,"Legends:Start Character G-General, L-Ladies, End Character H-Home University, O-Other than Home University, S-State LevelS",61137,64.4979119
06178,"Sinhgad Technical Education Society's Smt. Kashibai Navale College of Engineering,Vadgaon,Pune",,617824610,Information Technology,State Level,Maharashtra State Seats - Cut Off Indicates State General Merit No. ; Figures in bracket Indicates MHT-CET PCM PercentileS,228,99.8176145
06178,"Sinhgad Technical Education Society's Smt. Kashibai Navale College of Engineering,Vadgaon,Pune",,617837210,Electronics and Telecommunication Engg,State Level,"Legends:Start Character G-General, L-Ladies, End Character H-Home University, O-Other than Home University, S-State LevelS",38396,79.1079584
06178,"Sinhgad Technical Education Society's Smt. Kashibai Navale College of Engineering,Vadgaon,Pune",,617837210,Electronics and Telecommunication Engg,State Level,Maharashtra State Seats - Cut Off Indicates State General Merit No. ; Figures in bracket Indicates MHT-CET PCM PercentileS,23620,87.2542051
06178,"Sinhgad Technical Education Society's Smt. Kashibai Navale College of Engineering,Vadgaon,Pune",,617837210,Electronics and Telecommunication Engg,State Level,DS,31472,82.9381616
06178,"Sinhgad Technical Education Society's Smt. Kashibai Navale College of Engineering,Vadgaon,Pune",,617861210,Mechanical Engineering,State Level,"Legends:Start Character G-General, L-Ladies, End Character H-Home University, O-Other than Home University, S-State LevelS",121726,1.9189866
06179,"Indira College of Engineering & Management, Pune",,617924510,Computer Engineering,State Level,"Legends:Start Character G-General, L-Ladies, End Character H-Home University, O-Other than Home University, S-State LevelS",18725,89.9502487
06179,"Indira College of Engineering & Management, Pune",,617924510,Computer Engineering,State Level,Maharashtra State Seats - Cut Off Indicates State General Merit No. ; Figures in bracket Indicates MHT-CET PCM PercentileS,89152,42.0206383
06179,"Indira College of Engineering & Management, Pune",,617924510,Computer Engineering,State Level,DS,61736,64.0172786
06179,"Indira College of Engineering & Management, Pune",,617924510,Computer Engineering,State Level,State Common Entrance Test CellS,25330,86.3666603
06179,"Indira College of Engineering & Management, Pune",,617924510,Computer Engineering,State Level,VIIS,24239,86.9511499
06179,"Indira College of Engineering & Management, Pune",,617961210,Mechanical Engineering,State Level,"Legends:Start Character G-General, L-Ladies, End Character H-Home University, O-Other than Home University, S-State LevelS",105945,23.9542468
06179,"Indira College of Engineering & Management, Pune",,617999510,Artificial Intelligence and Data Science,State Level,"Legends:Start Character G-General, L-Ladies, End Character H-Home University, O-Other than Home University, S-State LevelS",28926,84.2332613
06182,"Sinhgad Technical Education Society, Sinhgad Institute of Technology and Science, Narhe (Ambegaon)",,618219110,Civil Engineering,State Level,"Legends:Start Character G-General, L-Ladies, End Character H-Home University, O-Other than Home University, S-State LevelS",102096,28.4814025
06182,"Sinhgad Technical Education Society, Sinhgad Institute of Technology and Science, Narhe (Ambegaon)",,618224510,Computer Engineering,State Level,"Legends:Start Character G-General, L-Ladies, End Character H-Home University, O-Other than Home University, S-State LevelS",33418,81.8334533
06182,"Sinhgad Technical Education Society, Sinhgad Institute of Technology and Science, Narhe (Ambegaon)",,618224510,Computer Engineering,State Level,Maharashtra State Seats - Cut Off Indicates State General Merit No. ; Figures in bracket Indicates MHT-CET PCM PercentileS,17170,90.6976744
06182,"Sinhgad Technical Education Society, Sinhgad Institute of Technology and Science, Narhe (Ambegaon)",,618224510,Computer Engineering,State Level,DS,17631,90.524615
06182,"Sinhgad Technical Education Society, Sinhgad Institute of Technology and Science, Narhe (Ambegaon)",,618224610,Information Technology,State Level,"Legends:Start Character G-General, L-Ladies, End Character H-Home University, O-Other than Home University, S-State LevelS",38509,79.0746326
06182,"Sinhgad Technical Education Society, Sinhgad Institute of Technology and Science, Narhe (Ambegaon)",,618224610,Information Technology,State Level,Maharashtra State Seats - Cut Off Indicates State General Merit No. ; Figures in bracket Indicates MHT-CET PCM PercentileS,18769,89.9192371
06182,"Sinhgad Technical Education Society, Sinhgad Institute of Technology and Science, Narhe (Ambegaon)",,618224610,Information Technology,State Level,DS,25214,86.402198
06182,"Sinhgad Technical Education Society, Sinhgad Institute of Technology and Science, Narhe (Ambegaon)",,618237210,Electronics and Telecommunication Engg,State Level,"Legends:Start Character G-General, L-Ladies, End Character H-Home University, O-Other than Home University, S-State LevelS",32837,82.3797757
06182,"Sinhgad Technical Education Society, Sinhgad Institute of Technology and Science, Narhe (Ambegaon)",,618237210,Electronics and Telecommunication Engg,State Level,Maharashtra State Seats - Cut Off Indicates State General Merit No. ; Figures in bracket Indicates MHT-CET PCM PercentileS,32337,82.424443
06182,"Sinhgad Technical Education Society, Sinhgad Institute of Technology and Science, Narhe (Ambegaon)",,618261210,Mechanical Engineering,State Level,"Legends:Start Character G-General, L-Ladies, End Character H-Home University, O-Other than Home University, S-State LevelS",89877,41.4815869
06183,"Al-Ameen Educational and Medical Foundation, College of Engineering, Koregaon, Bhima",,618324510,Computer Engineering,State Level,"Legends:Start Character G-General, L-Ladies, End Character H-Home University, O-Other than Home University, S-State LevelS",107451,22.2500723
06183,"Al-Ameen Educational and Medical Foundation, College of Engineering, Koregaon, Bhima",,618324510,Computer Engineering,State Level,Minority Seats Allotted to Maharashtra State Candidature CandidatesS,68976,58.8113371
06183,"Al-Ameen Educational and Medical Foundation, College of Engineering, Koregaon, Bhima",,618337210,Electronics and Telecommunication Engg,State Level,"Legends:Start Character G-General, L-Ladies, End Character H-Home University, O-Other than Home University, S-State LevelS",115964,11.2993545
06183,"Al-Ameen Educational and Medical Foundation, College of Engineering, Koregaon, Bhima",,618337210,Electronics and Telecommunication Engg,State Level,Minority Seats Allotted to Maharashtra State Candidature CandidatesS,88966,42.3018437
06184,"K. J.'s Educational Institut Trinity College of Engineering and Research, Pisoli, Haveli",,618424510,Computer Engineering,State Level,"Legends:Start Character G-General, L-Ladies, End Character H-Home University, O-Other than Home University, S-State LevelS",24955,86.5233044
06184,"K. J.'s Educational Institut Trinity College of Engineering and Research, Pisoli, Haveli",,618424610,Information Technology,State Level,"Legends:Start Character G-General, L-Ladies, End Character H-Home University, O-Other than Home University, S-State LevelS",60688,64.7353734
06184,"K. J.'s Educational Institut Trinity College of Engineering and Research, Pisoli, Haveli",,618424610,Information Technology,State Level,Maharashtra State Seats - Cut Off Indicates State General Merit No. ; Figures in bracket Indicates MHT-CET PCM PercentileS,28575,84.5764555
06184,"K. J.'s Educational Institut Trinity College of Engineering and Research, Pisoli, Haveli",,618429310,Electrical Engineering,State Level,"Legends:Start Character G-General, L-Ladies, End Character H-Home University, O-Other than Home University, S-State LevelS",81219,48.9390238
06184,"K. J.'s Educational Institut Trinity College of Engineering and Research, Pisoli, Haveli",,618429310,Electrical Engineering,State Level,I-NonS,75844,53.8866742
06184,"K. J.'s Educational Institut Trinity College of Engineering and Research, Pisoli, Haveli",,618429310,Electrical Engineering,State Level,VIIS,87292,43.3051128
06184,"K. J.'s Educational Institut Trinity College of Engineering and Research, Pisoli, Haveli",,618437210,Electronics and Telecommunication Engg,State Level,"Legends:Start Character G-General, L-Ladies, End Character H-Home University, O-Other than Home University, S-State LevelS",81680,48.2601391
06184,"K. J.'s Educational Institut Trinity College of Engineering and Research, Pisoli, Haveli",,618437210,Electronics and Telecommunication Engg,State Level,Maharashtra State Seats - Cut Off Indicates State General Merit No. ; Figures in bracket Indicates MHT-CET PCM PercentileS,52773,70.2135829
06184,"K. J.'s Educational Institut Trinity College of Engineering and Research, Pisoli, Haveli",,618461210,Mechanical Engineering,State Level,"Legends:Start Character G-General, L-Ladies, End Character H-Home University, O-Other than Home University, S-State LevelS",96521,34.6668564
06185,"Sinhagad Institute of Technology, Lonavala",,618524510,Computer Engineering,State Level,"Legends:Start Character G-General, L-Ladies, End Character H-Home University, O-Other than Home University, S-State LevelS",43956,75.6487214
06185,"Sinhagad Institute of Technology, Lonavala",,618524510,Computer Engineering,State Level,Maharashtra State Seats - Cut Off Indicates State General Merit No. ; Figures in bracket Indicates MHT-CET PCM PercentileS,21371,88.4908068
06185,"Sinhagad Institute of Technology, Lonavala",,618524510,Computer Engineering,State Level,DS,34251,81.4109415
06185,"Sinhagad Institute of Technology, Lonavala",,618524510,Computer Engineering,State Level,I-NonS,36869,79.8656107
06185,"Sinhagad Institute of Technology, Lonavala",,618524610,Information Technology,State Level,"Legends:Start Character G-General, L-Ladies, End Character H-Home University, O-Other than Home University, S-State LevelS",47800,73.2440997
06185,"Sinhagad Institute of Technology, Lonavala",,618524610,Information Technology,State Level,Maharashtra State Seats - Cut Off Indicates State General Merit No. ; Figures in bracket Indicates MHT-CET PCM PercentileS,23397,87.4167744
06185,"Sinhagad Institute of Technology, Lonavala",,618524610,Information Technology,State Level,DS,34828,81.0304563
06185,"Sinhagad Institute of Technology, Lonavala",,618529310,Electrical Engineering,State Level,"Legends:Start Character G-General, L-Ladies, End Character H-Home University, O-Other than Home University, S-State LevelS",68709,59.0639291
06185,"Sinhagad Institute of Technology, Lonavala",,618529310,Electrical Engineering,State Level,I-NonS,72919,55.8902921
06185,"Sinhagad Institute of Technology, Lonavala",,618529310,Electrical Engineering,State Level,VIIS,70858,57.2112851
06185,"Sinhagad Institute of Technology, Lonavala",,618537210,Electronics and Telecommunication Engg,State Level,"Legends:Start Character G-General, L-Ladies, End Character H-Home University, O-Other than Home University, S-State LevelS",62783,63.5478045
06185,"Sinhagad Institute of Technology, Lonavala",,618537210,Electronics and Telecommunication Engg,State Level,Maharashtra State Seats - Cut Off Indicates State General Merit No. ; Figures in bracket Indicates MHT-CET PCM PercentileS,43667,75.67388
06185,"Sinhagad Institute of Technology, Lonavala",,618537210,Electronics and Telecommunication Engg,State Level,VIIS,39841,78.1473584
06185,"Sinhagad Institute of Technology, Lonavala",,618561210,Mechanical Engineering,State Level,"Legends:Start Character G-General, L-Ladies, End Character H-Home University, O-Other than Home University, S-State LevelS",99698,31.5015186
06187,"Sinhgad Academy of Engineering, Kondhwa (BK)  Kondhwa-Saswad Road, Pune",,618724510,Computer Engineering,State Level,"Legends:Start Character G-General, L-Ladies, End Character H-Home University, O-Other than Home University, S-State LevelS",21001,88.664007
06187,"Sinhgad Academy of Engineering, Kondhwa (BK)  Kondhwa-Saswad Road, Pune",,618724610,Information Technology,State Level,"Legends:Start Character G-General, L-Ladies, End Character H-Home University, O-Other than Home University, S-State LevelS",24520,86.8356112
06187,"Sinhgad Academy of Engineering, Kondhwa (BK)  Kondhwa-Saswad Road, Pune",,618737210,Electronics and Telecommunication Engg,State Level,"Legends:Start Character G-General, L-Ladies, End Character H-Home University, O-Other than Home University, S-State LevelS",68490,59.4192464
06187,"Sinhgad Academy of Engineering, Kondhwa (BK)  Kondhwa-Saswad Road, Pune",,618737210,Electronics and Telecommunication Engg,State Level,Maharashtra State Seats - Cut Off Indicates State General Merit No. ; Figures in bracket Indicates MHT-CET PCM PercentileS,36077,80.4540499
06187,"Sinhgad Academy of Engineering, Kondhwa (BK)  Kondhwa-Saswad Road, Pune",,618737210,Electronics and Telecommunication Engg,State Level,DS,106934,22.9132251
06187,"Sinhgad Academy of Engineering, Kondhwa (BK)  Kondhwa-Saswad Road, Pune",,618737210,Electronics and Telecommunication Engg,State Level,State Common Entrance Test CellS,35504,80.6275908
06187,"Sinhgad Academy of Engineering, Kondhwa (BK)  Kondhwa-Saswad Road, Pune",,618761210,Mechanical Engineering,State Level,"Legends:Start Character G-General, L-Ladies, End Character H-Home University, O-Other than Home University, S-State LevelS",115917,11.2993545
06203,"Marathwada Mitra Mandal's Institute of Technology, Lohgaon, Pune",,620324510,Computer Engineering,State Level,"Legends:Start Character G-General, L-Ladies, End Character H-Home University, O-Other than Home University, S-State LevelS",17386,90.6493875
06203,"Marathwada Mitra Mandal's Institute of Technology, Lohgaon, Pune",,620324510,Computer Engineering,State Level,Maharashtra State Seats - Cut Off Indicates State General Merit No. ; Figures in bracket Indicates MHT-CET PCM PercentileS,106544,23.2238494
06203,"Marathwada Mitra Mandal's Institute of Technology, Lohgaon, Pune",,620324510,Computer Engineering,State Level,DS,21436,88.4857211
06203,"Marathwada Mitra Mandal's Institute of Technology, Lohgaon, Pune",,620361210,Mechanical Engineering,State Level,"Legends:Start Character G-General, L-Ladies, End Character H-Home University, O-Other than Home University, S-State LevelS",85390,45.2718114
06203,"Marathwada Mitra Mandal's Institute of Technology, Lohgaon, Pune",,620361210,Mechanical Engineering,State Level,I-NonS,106581,23.2238494
06203,"Marathwada Mitra Mandal's Institute of Technology, Lohgaon, Pune",,620362410,Mechatronics Engineering,State Level,"Legends:Start Character G-General, L-Ladies, End Character H-Home University, O-Other than Home University, S-State LevelS",56502,67.4824177
06203,"Marathwada Mitra Mandal's Institute of Technology, Lohgaon, Pune",,620399510,Artificial Intelligence and Data Science,State Level,"Legends:Start Character G-General, L-Ladies, End Character H-Home University, O-Other than Home University, S-State LevelS",31664,82.8743796
06203,"Marathwada Mitra Mandal's Institute of Technology, Lohgaon, Pune",,620399510,Artificial Intelligence and Data Science,State Level,Maharashtra State Seats - Cut Off Indicates State General Merit No. ; Figures in bracket Indicates MHT-CET PCM PercentileS,26228,85.8374792
06203,"Marathwada Mitra Mandal's Institute of Technology, Lohgaon, Pune",,620399510,Artificial Intelligence and Data Science,State Level,DS,28772,84.2697705
06206,"Pune District Education  Association's College of Engineering, Pune",,620624510,Computer Engineering,State Level,"Legends:Start Character G-General, L-Ladies, End Character H-Home University, O-Other than Home University, S-State LevelS",40548,77.8937381
06206,"Pune District Education  Association's College of Engineering, Pune",,620624510,Computer Engineering,State Level,Maharashtra State Seats - Cut Off Indicates State General Merit No. ; Figures in bracket Indicates MHT-CET PCM PercentileS,17841,90.398149
06206,"Pune District Education  Association's College of Engineering, Pune",,620624510,Computer Engineering,State Level,DS,82644,47.8470482
06206,"Pune District Education  Association's College of Engineering, Pune",,620624510,Computer Engineering,State Level,State Common Entrance Test CellS,32191,82.4407997
06206,"Pune District Education  Association's College of Engineering, Pune",,620624510,Computer Engineering,State Level,VIIS,24982,86.5233044
06206,"Pune District Education  Association's College of Engineering, Pune",,620624610,Information Technology,State Level,"Legends:Start Character G-General, L-Ladies, End Character H-Home University, O-Other than Home University, S-State LevelS",44866,75.182198
06206,"Pune District Education  Association's College of Engineering, Pune",,620624610,Information Technology,State Level,Maharashtra State Seats - Cut Off Indicates State General Merit No. ; Figures in bracket Indicates MHT-CET PCM PercentileS,25427,86.3472937
06206,"Pune District Education  Association's College of Engineering, Pune",,620624610,Information Technology,State Level,DS,33588,81.7575556
06206,"Pune District Education  Association's College of Engineering, Pune",,620624610,Information Technology,State Level,VIIS,28326,84.7248576
06206,"Pune District Education  Association's College of Engineering, Pune",,620637210,Electronics and Telecommunication Engg,State Level,"Legends:Start Character G-General, L-Ladies, End Character H-Home University, O-Other than Home University, S-State LevelS",38184,79.1656813
06206,"Pune District Education  Association's College of Engineering, Pune",,620637210,Electronics and Telecommunication Engg,State Level,Maharashtra State Seats - Cut Off Indicates State General Merit No. ; Figures in bracket Indicates MHT-CET PCM PercentileS,32673,82.3877908
06206,"Pune District Education  Association's College of Engineering, Pune",,620661210,Mechanical Engineering,State Level,"Legends:Start Character G-General, L-Ladies, End Character H-Home University, O-Other than Home University, S-State LevelS",105772,23.9925869
06207,"Dr. D. Y. Patil Unitech Society's Dr. D. Y. Patil  Institute of Technology, Pimpri, Pune",,620719110,Civil Engineering,State Level,"Legends:Start Character G-General, L-Ladies, End Character H-Home University, O-Other than Home University, S-State LevelS",72932,55.8902921
06207,"Dr. D. Y. Patil Unitech Society's Dr. D. Y. Patil  Institute of Technology, Pimpri, Pune",,620719110,Civil Engineering,State Level,I-NonS,54975,68.7024004
06207,"Dr. D. Y. Patil Unitech Society's Dr. D. Y. Patil  Institute of Technology, Pimpri, Pune",,620724510,Computer Engineering,State Level,"Legends:Start Character G-General, L-Ladies, End Character H-Home University, O-Other than Home University, S-State LevelS",5427,96.9440053
06207,"Dr. D. Y. Patil Unitech Society's Dr. D. Y. Patil  Institute of Technology, Pimpri, Pune",,620724610,Information Technology,State Level,"Legends:Start Character G-General, L-Ladies, End Character H-Home University, O-Other than Home University, S-State LevelS",9413,94.8984549
06207,"Dr. D. Y. Patil Unitech Society's Dr. D. Y. Patil  Institute of Technology, Pimpri, Pune",,620729310,Electrical Engineering,State Level,"Legends:Start Character G-General, L-Ladies, End Character H-Home University, O-Other than Home University, S-State LevelS",46316,74.2260244
06207,"Dr. D. Y. Patil Unitech Society's Dr. D. Y. Patil  Institute of Technology, Pimpri, Pune",,620729310,Electrical Engineering,State Level,Maharashtra State Seats - Cut Off Indicates State General Merit No. ; Figures in bracket Indicates MHT-CET PCM PercentileS,33276,81.984042
06207,"Dr. D. Y. Patil Unitech Society's Dr. D. Y. Patil  Institute of Technology, Pimpri, Pune",,620737210,Electronics and Telecommunication Engg,State Level,"Legends:Start Character G-General, L-Ladies, End Character H-Home University, O-Other than Home University, S-State LevelS",13937,92.5142196
06207,"Dr. D. Y. Patil Unitech Society's Dr. D. Y. Patil  Institute of Technology, Pimpri, Pune",,620746610,Instrumentation Engineering,State Level,"Legends:Start Character G-General, L-Ladies, End Character H-Home University, O-Other than Home University, S-State LevelS",48495,72.8897104
06207,"Dr. D. Y. Patil Unitech Society's Dr. D. Y. Patil  Institute of Technology, Pimpri, Pune",,620746610,Instrumentation Engineering,State Level,Maharashtra State Seats - Cut Off Indicates State General Merit No. ; Figures in bracket Indicates MHT-CET PCM PercentileS,72405,56.3628587
06207,"Dr. D. Y. Patil Unitech Society's Dr. D. Y. Patil  Institute of Technology, Pimpri, Pune",,620761210,Mechanical Engineering,State Level,"Legends:Start Character G-General, L-Ladies, End Character H-Home University, O-Other than Home University, S-State LevelS",63950,62.3799839
06207,"Dr. D. Y. Patil Unitech Society's Dr. D. Y. Patil  Institute of Technology, Pimpri, Pune",,620761210,Mechanical Engineering,State Level,I-NonS,61930,64.0075195
06207,"Dr. D. Y. Patil Unitech Society's Dr. D. Y. Patil  Institute of Technology, Pimpri, Pune",,620761210,Mechanical Engineering,State Level,VIIS,51205,71.197687
06207,"Dr. D. Y. Patil Unitech Society's Dr. D. Y. Patil  Institute of Technology, Pimpri, Pune",,620791610,Automation and Robotics,State Level,"Legends:Start Character G-General, L-Ladies, End Character H-Home University, O-Other than Home University, S-State LevelS",20241,89.082417
06214,"K. E. Society's Rajarambapu Institute of Technology, Walwa, Sangli",,621419110,Civil Engineering,State Level,GOPENS,54274,69.3404295
06214,"K. E. Society's Rajarambapu Institute of Technology, Walwa, Sangli",,621419110,Civil Engineering,State Level,GVJS,115467,12.099832
06214,"K. E. Society's Rajarambapu Institute of Technology, Walwa, Sangli",,621419110,Civil Engineering,State Level,GNT3S,108047,21.5067519
06214,"K. E. Society's Rajarambapu Institute of Technology, Walwa, Sangli",,621419110,Civil Engineering,State Level,GOBCS,55573,68.3772406
06214,"K. E. Society's Rajarambapu Institute of Technology, Walwa, Sangli",,621419110,Civil Engineering,State Level,LOPENS,28152,84.8685155
06214,"K. E. Society's Rajarambapu Institute of Technology, Walwa, Sangli",,621419110,Civil Engineering,State Level,LSCS,113813,14.2210761
06214,"K. E. Society's Rajarambapu Institute of Technology, Walwa, Sangli",,621419110,Civil Engineering,State Level,LOBCS,117111,9.2499758
06214,"K. E. Society's Rajarambapu Institute of Technology, Walwa, Sangli",,621419110,Civil Engineering,State Level,VIIS,59006,66.2117981
06214,"K. E. Society's Rajarambapu Institute of Technology, Walwa, Sangli",,621424510,Computer Engineering,State Level,GOPENS,12954,92.9996682
06214,"K. E. Society's Rajarambapu Institute of Technology, Walwa, Sangli",,621424510,Computer Engineering,State Level,GSCS,23284,87.4346052
06214,"K. E. Society's Rajarambapu Institute of Technology, Walwa, Sangli",,621424510,Computer Engineering,State Level,GNT3S,34927,80.9298585
06214,"K. E. Society's Rajarambapu Institute of Technology, Walwa, Sangli",,621424510,Computer Engineering,State Level,GOBCS,13181,92.8629709
06214,"K. E. Society's Rajarambapu Institute of Technology, Walwa, Sangli",,621424510,Computer Engineering,State Level,LOPENS,13100,92.9054213
06214,"K. E. Society's Rajarambapu Institute of Technology, Walwa, Sangli",,621424510,Computer Engineering,State Level,LSTS,47088,74.0962113
06214,"K. E. Society's Rajarambapu Institute of Technology, Walwa, Sangli",,621424510,Computer Engineering,State Level,LNT1S,60486,64.886326
06214,"K. E. Society's Rajarambapu Institute of Technology, Walwa, Sangli",,621424510,Computer Engineering,State Level,PWDOPENS,7849,95.7091432
06214,"K. E. Society's Rajarambapu Institute of Technology, Walwa, Sangli",,621424510,Computer Engineering,State Level,VIIS,13548,92.6330411
06214,"K. E. Society's Rajarambapu Institute of Technology, Walwa, Sangli",,621426410,Automotive Technology,State Level,GOPENS,114348,13.5287968
06214,"K. E. Society's Rajarambapu Institute of Technology, Walwa, Sangli",,621426410,Automotive Technology,State Level,EWS,122144,1.0847132
06214,"K. E. Society's Rajarambapu Institute of Technology, Walwa, Sangli",,621429310,Electrical Engineering,State Level,GSCS,32963,82.1909278
06214,"K. E. Society's Rajarambapu Institute of Technology, Walwa, Sangli",,621429310,Electrical Engineering,State Level,EWS,29281,84.1506751
06214,"K. E. Society's Rajarambapu Institute of Technology, Walwa, Sangli",,621437210,Electronics and Telecommunication Engg,State Level,"Legends:Start Character G-General, L-Ladies, End Character H-Home University, O-Other than Home University, S-State LevelS",24036,87.0274997
06214,"K. E. Society's Rajarambapu Institute of Technology, Walwa, Sangli",,621437210,Electronics and Telecommunication Engg,State Level,Maharashtra State Seats - Cut Off Indicates State General Merit No. ; Figures in bracket Indicates MHT-CET PCM PercentileS,50298,71.6451268
06214,"K. E. Society's Rajarambapu Institute of Technology, Walwa, Sangli",,621437210,Electronics and Telecommunication Engg,State Level,DS,28969,84.2234647
06214,"K. E. Society's Rajarambapu Institute of Technology, Walwa, Sangli",,621437210,Electronics and Telecommunication Engg,State Level,VIIS,26168,85.8374792
06214,"K. E. Society's Rajarambapu Institute of Technology, Walwa, Sangli",,621450410,Food Technology And Management,State Level,GOPENS,99731,31.5015186
06214,"K. E. Society's Rajarambapu Institute of Technology, Walwa, Sangli",,621456810,Computer Science and Information Technology,State Level,GOPENS,14041,92.4735769
06214,"K. E. Society's Rajarambapu Institute of Technology, Walwa, Sangli",,621456810,Computer Science and Information Technology,State Level,LOPENS,14338,92.2448203
06214,"K. E. Society's Rajarambapu Institute of Technology, Walwa, Sangli",,621456810,Computer Science and Information Technology,State Level,PWDOPENS,13771,92.6037916
06214,"K. E. Society's Rajarambapu Institute of Technology, Walwa, Sangli",,621456810,Computer Science and Information Technology,State Level,I-NonS,14052,92.361866
06214,"K. E. Society's Rajarambapu Institute of Technology, Walwa, Sangli",,621461210,Mechanical Engineering,State Level,GOPENS,36768,79.8656107
06214,"K. E. Society's Rajarambapu Institute of Technology, Walwa, Sangli",,621461210,Mechanical Engineering,State Level,GSCS,74735,54.1664697
06214,"K. E. Society's Rajarambapu Institute of Technology, Walwa, Sangli",,621461210,Mechanical Engineering,State Level,GSTS,63627,62.3954246
06214,"K. E. Society's Rajarambapu Institute of Technology, Walwa, Sangli",,621461210,Mechanical Engineering,State Level,GVJS,75269,54.124615
06214,"K. E. Society's Rajarambapu Institute of Technology, Walwa, Sangli",,621461210,Mechanical Engineering,State Level,GNT3S,57961,66.5894149
06214,"K. E. Society's Rajarambapu Institute of Technology, Walwa, Sangli",,621461210,Mechanical Engineering,State Level,GOBCS,83083,47.769552
06214,"K. E. Society's Rajarambapu Institute of Technology, Walwa, Sangli",,621461210,Mechanical Engineering,State Level,LSCS,89706,41.4815869
06214,"K. E. Society's Rajarambapu Institute of Technology, Walwa, Sangli",,621461210,Mechanical Engineering,State Level,I-NonS,57979,66.5894149
06214,"K. E. Society's Rajarambapu Institute of Technology, Walwa, Sangli",,621461210,Mechanical Engineering,State Level,I-NonS,71956,56.7650587
06214,"K. E. Society's Rajarambapu Institute of Technology, Walwa, Sangli",,621461210,Mechanical Engineering,State Level,VIIS,68949,58.8113371
06214,"K. E. Society's Rajarambapu Institute of Technology, Walwa, Sangli",,621462410,Mechatronics Engineering,State Level,"Legends:Start Character G-General, L-Ladies, End Character H-Home University, O-Other than Home University, S-State LevelS",89788,41.4815869
06214,"K. E. Society's Rajarambapu Institute of Technology, Walwa, Sangli",,621462410,Mechatronics Engineering,State Level,Maharashtra State Seats - Cut Off Indicates State General Merit No. ; Figures in bracket Indicates MHT-CET PCM PercentileS,100091,30.5619889
06214,"K. E. Society's Rajarambapu Institute of Technology, Walwa, Sangli",,621462410,Mechatronics Engineering,State Level,DS,103276,26.9007793
06214,"K. E. Society's Rajarambapu Institute of Technology, Walwa, Sangli",,621462410,Mechatronics Engineering,State Level,State Common Entrance Test CellS,116125,10.6465496
06214,"K. E. Society's Rajarambapu Institute of Technology, Walwa, Sangli",,621462410,Mechatronics Engineering,State Level,Cut Off List for Maharashtra & Minority Seats of CAP Round - III for the Admission to the First Year Under Graduate Technical Courses in Engineering and Technology (4 Years) &S,90248,41.1873138
06214,"K. E. Society's Rajarambapu Institute of Technology, Walwa, Sangli",,621462410,Mechatronics Engineering,State Level,Master of Engineering and Technology (Integrated 5 Years) Admissions A.Y. 2022-23S,83956,46.1727561
06214,"K. E. Society's Rajarambapu Institute of Technology, Walwa, Sangli",,621462410,Mechatronics Engineering,State Level,GOPENS,91987,39.3128682
06214,"K. E. Society's Rajarambapu Institute of Technology, Walwa, Sangli",,621462410,Mechatronics Engineering,State Level,VIIS,120200,4.376802
06217,"Shri. Balasaheb Mane Shikshan  Prasarak Mandal's, Ashokrao Mane Group of Institutions",,621724210,Computer Science and Engineering,State Level,"Legends:Start Character G-General, L-Ladies, End Character H-Home University, O-Other than Home University, S-State LevelS",45221,74.9700023
06217,"Shri. Balasaheb Mane Shikshan  Prasarak Mandal's, Ashokrao Mane Group of Institutions",,621724210,Computer Science and Engineering,State Level,I-NonS,50533,71.4470469
06217,"Shri. Balasaheb Mane Shikshan  Prasarak Mandal's, Ashokrao Mane Group of Institutions",,621724210,Computer Science and Engineering,State Level,DefenceS,69038,58.8113371
06217,"Shri. Balasaheb Mane Shikshan  Prasarak Mandal's, Ashokrao Mane Group of Institutions",,621729310,Electrical Engineering,State Level,"Legends:Start Character G-General, L-Ladies, End Character H-Home University, O-Other than Home University, S-State LevelS",90245,41.1873138
06217,"Shri. Balasaheb Mane Shikshan  Prasarak Mandal's, Ashokrao Mane Group of Institutions",,621737210,Electronics and Telecommunication Engg,State Level,"Legends:Start Character G-General, L-Ladies, End Character H-Home University, O-Other than Home University, S-State LevelS",64962,61.8814494
06217,"Shri. Balasaheb Mane Shikshan  Prasarak Mandal's, Ashokrao Mane Group of Institutions",,621737210,Electronics and Telecommunication Engg,State Level,I-NonS,67433,59.7201871
06219,"KSGBS's Bharat- Ratna Indira Gandhi College of Engineering, Kegaon, Solapur",,621924210,Computer Science and Engineering,State Level,"Legends:Start Character G-General, L-Ladies, End Character H-Home University, O-Other than Home University, S-State LevelS",88499,42.5186027
06219,"KSGBS's Bharat- Ratna Indira Gandhi College of Engineering, Kegaon, Solapur",,621937210,Electronics and Telecommunication Engg,State Level,"Legends:Start Character G-General, L-Ladies, End Character H-Home University, O-Other than Home University, S-State LevelS",103534,26.7890081
06220,"Shri Vithal Education and Research Institute's College of Engineering, Pandharpur",,622019110,Civil Engineering,State Level,DEFOPENS,46026,74.364085
06220,"Shri Vithal Education and Research Institute's College of Engineering, Pandharpur",,622019110,Civil Engineering,State Level,I-NonS,77431,51.9313711
06220,"Shri Vithal Education and Research Institute's College of Engineering, Pandharpur",,622019110,Civil Engineering,State Level,VIIS,92020,39.3128682
06220,"Shri Vithal Education and Research Institute's College of Engineering, Pandharpur",,622024210,Computer Science and Engineering,State Level,"Legends:Start Character G-General, L-Ladies, End Character H-Home University, O-Other than Home University, S-State LevelS",19737,89.4070809
06220,"Shri Vithal Education and Research Institute's College of Engineering, Pandharpur",,622029310,Electrical Engineering,State Level,"Legends:Start Character G-General, L-Ladies, End Character H-Home University, O-Other than Home University, S-State LevelS",54352,69.1685966
06220,"Shri Vithal Education and Research Institute's College of Engineering, Pandharpur",,622037210,Electronics and Telecommunication Engg,State Level,"Legends:Start Character G-General, L-Ladies, End Character H-Home University, O-Other than Home University, S-State LevelS",100142,30.5619889
06220,"Shri Vithal Education and Research Institute's College of Engineering, Pandharpur",,622037210,Electronics and Telecommunication Engg,State Level,Maharashtra State Seats - Cut Off Indicates State General Merit No. ; Figures in bracket Indicates MHT-CET PCM PercentileS,36382,80.2788844
06220,"Shri Vithal Education and Research Institute's College of Engineering, Pandharpur",,622061210,Mechanical Engineering,State Level,"Legends:Start Character G-General, L-Ladies, End Character H-Home University, O-Other than Home University, S-State LevelS",71996,56.7650587
06222,"Dattajirao Kadam Technical Education Society's Textile & Engineering Institute, Ichalkaranji.",,622219110,Civil Engineering,State Level,"Legends:Start Character G-General, L-Ladies, End Character H-Home University, O-Other than Home University, S-State LevelS",113539,14.6195704
06222,"Dattajirao Kadam Technical Education Society's Textile & Engineering Institute, Ichalkaranji.",,622219110,Civil Engineering,State Level,Maharashtra State Seats - Cut Off Indicates State General Merit No. ; Figures in bracket Indicates MHT-CET PCM PercentileS,80125,49.556541
06222,"Dattajirao Kadam Technical Education Society's Textile & Engineering Institute, Ichalkaranji.",,622224210,Computer Science and Engineering,State Level,GOPENS,14432,92.2302228
06222,"Dattajirao Kadam Technical Education Society's Textile & Engineering Institute, Ichalkaranji.",,622224210,Computer Science and Engineering,State Level,PWDOPENS,51722,70.9263207
06222,"Dattajirao Kadam Technical Education Society's Textile & Engineering Institute, Ichalkaranji.",,622224210,Computer Science and Engineering,State Level,DEFOPENS,6223,96.5320687
06222,"Dattajirao Kadam Technical Education Society's Textile & Engineering Institute, Ichalkaranji.",,622224210,Computer Science and Engineering,State Level,TFWS,8278,95.4571374
06222,"Dattajirao Kadam Technical Education Society's Textile & Engineering Institute, Ichalkaranji.",,622224210,Computer Science and Engineering,State Level,I-NonS,13080,92.9348086
06222,"Dattajirao Kadam Technical Education Society's Textile & Engineering Institute, Ichalkaranji.",,622226310,Artificial Intelligence (AI) and Data Science,State Level,GOPENS,7461,95.8804332
06222,"Dattajirao Kadam Technical Education Society's Textile & Engineering Institute, Ichalkaranji.",,622226310,Artificial Intelligence (AI) and Data Science,State Level,GSTS,31896,82.6733861
06222,"Dattajirao Kadam Technical Education Society's Textile & Engineering Institute, Ichalkaranji.",,622226310,Artificial Intelligence (AI) and Data Science,State Level,VIIS,18533,90.0081429
06222,"Dattajirao Kadam Technical Education Society's Textile & Engineering Institute, Ichalkaranji.",,622229310,Electrical Engineering,State Level,GOPENS,41426,77.0895594
06222,"Dattajirao Kadam Technical Education Society's Textile & Engineering Institute, Ichalkaranji.",,622229310,Electrical Engineering,State Level,GSCS,107774,22.1694264
06222,"Dattajirao Kadam Technical Education Society's Textile & Engineering Institute, Ichalkaranji.",,622229310,Electrical Engineering,State Level,GNT2S,64455,62.0823842
06222,"Dattajirao Kadam Technical Education Society's Textile & Engineering Institute, Ichalkaranji.",,622229310,Electrical Engineering,State Level,GOBCS,58479,66.2395008
06222,"Dattajirao Kadam Technical Education Society's Textile & Engineering Institute, Ichalkaranji.",,622229310,Electrical Engineering,State Level,LOPENS,49415,72.5765063
06222,"Dattajirao Kadam Technical Education Society's Textile & Engineering Institute, Ichalkaranji.",,622229310,Electrical Engineering,State Level,LSCS,82359,48.1419882
06222,"Dattajirao Kadam Technical Education Society's Textile & Engineering Institute, Ichalkaranji.",,622229310,Electrical Engineering,State Level,PWDOPENS,49146,72.6414198
06222,"Dattajirao Kadam Technical Education Society's Textile & Engineering Institute, Ichalkaranji.",,622229310,Electrical Engineering,State Level,I-NonS,49514,72.4718017
06222,"Dattajirao Kadam Technical Education Society's Textile & Engineering Institute, Ichalkaranji.",,622237210,Electronics and Telecommunication Engg,State Level,"Legends:Start Character G-General, L-Ladies, End Character H-Home University, O-Other than Home University, S-State LevelS",37449,79.5309168
06222,"Dattajirao Kadam Technical Education Society's Textile & Engineering Institute, Ichalkaranji.",,622237210,Electronics and Telecommunication Engg,State Level,Maharashtra State Seats - Cut Off Indicates State General Merit No. ; Figures in bracket Indicates MHT-CET PCM PercentileS,44234,75.5619344
06222,"Dattajirao Kadam Technical Education Society's Textile & Engineering Institute, Ichalkaranji.",,622237210,Electronics and Telecommunication Engg,State Level,DS,73657,54.912555
06222,"Dattajirao Kadam Technical Education Society's Textile & Engineering Institute, Ichalkaranji.",,622237210,Electronics and Telecommunication Engg,State Level,State Common Entrance Test CellS,26895,85.606492
06222,"Dattajirao Kadam Technical Education Society's Textile & Engineering Institute, Ichalkaranji.",,622237210,Electronics and Telecommunication Engg,State Level,Cut Off List for Maharashtra & Minority Seats of CAP Round - III for the Admission to the First Year Under Graduate Technical Courses in Engineering and Technology (4 Years) &S,80659,49.0525702
06222,"Dattajirao Kadam Technical Education Society's Textile & Engineering Institute, Ichalkaranji.",,622237210,Electronics and Telecommunication Engg,State Level,Master of Engineering and Technology (Integrated 5 Years) Admissions A.Y. 2022-23S,29764,83.9142978
06222,"Dattajirao Kadam Technical Education Society's Textile & Engineering Institute, Ichalkaranji.",,622237210,Electronics and Telecommunication Engg,State Level,GOPENS,34943,80.9298585
06222,"Dattajirao Kadam Technical Education Society's Textile & Engineering Institute, Ichalkaranji.",,622237210,Electronics and Telecommunication Engg,State Level,VIIS,37888,79.4729608
06222,"Dattajirao Kadam Technical Education Society's Textile & Engineering Institute, Ichalkaranji.",,622257010,Fashion Technology,State Level,GSTS,42205,76.7344555
06222,"Dattajirao Kadam Technical Education Society's Textile & Engineering Institute, Ichalkaranji.",,622257010,Fashion Technology,State Level,VIIS,94016,36.7166438
06222,"Dattajirao Kadam Technical Education Society's Textile & Engineering Institute, Ichalkaranji.",,622261210,Mechanical Engineering,State Level,GOPENS,78132,51.2600953
06222,"Dattajirao Kadam Technical Education Society's Textile & Engineering Institute, Ichalkaranji.",,622261210,Mechanical Engineering,State Level,GSCS,109736,19.499854
06222,"Dattajirao Kadam Technical Education Society's Textile & Engineering Institute, Ichalkaranji.",,622261210,Mechanical Engineering,State Level,GNT1S,118234,7.4616793
06222,"Dattajirao Kadam Technical Education Society's Textile & Engineering Institute, Ichalkaranji.",,622261210,Mechanical Engineering,State Level,GOBCS,110470,18.375784
06222,"Dattajirao Kadam Technical Education Society's Textile & Engineering Institute, Ichalkaranji.",,622261210,Mechanical Engineering,State Level,LOPENS,109382,19.8474395
06222,"Dattajirao Kadam Technical Education Society's Textile & Engineering Institute, Ichalkaranji.",,622261210,Mechanical Engineering,State Level,I-NonS,72877,55.8902921
06222,"Dattajirao Kadam Technical Education Society's Textile & Engineering Institute, Ichalkaranji.",,622261210,Mechanical Engineering,State Level,I-NonS,73989,54.5241174
06222,"Dattajirao Kadam Technical Education Society's Textile & Engineering Institute, Ichalkaranji.",,622261210,Mechanical Engineering,State Level,VIIS,85000,45.6704109
06222,"Dattajirao Kadam Technical Education Society's Textile & Engineering Institute, Ichalkaranji.",,622289010,Textile Chemistry,State Level,GOPENS,117838,8.3872203
06222,"Dattajirao Kadam Technical Education Society's Textile & Engineering Institute, Ichalkaranji.",,622289010,Textile Chemistry,State Level,LOPENS,121568,2.1378233
06222,"Dattajirao Kadam Technical Education Society's Textile & Engineering Institute, Ichalkaranji.",,622289610,Textile Technology,State Level,"Legends:Start Character G-General, L-Ladies, End Character H-Home University, O-Other than Home University, S-State LevelS",47872,73.2440997
06222,"Dattajirao Kadam Technical Education Society's Textile & Engineering Institute, Ichalkaranji.",,622289610,Textile Technology,State Level,Maharashtra State Seats - Cut Off Indicates State General Merit No. ; Figures in bracket Indicates MHT-CET PCM PercentileS,92440,39.1582539
06222,"Dattajirao Kadam Technical Education Society's Textile & Engineering Institute, Ichalkaranji.",,622289610,Textile Technology,State Level,DS,110063,19.1072714
06222,"Dattajirao Kadam Technical Education Society's Textile & Engineering Institute, Ichalkaranji.",,622289610,Textile Technology,State Level,State Common Entrance Test CellS,103434,26.7890081
06222,"Dattajirao Kadam Technical Education Society's Textile & Engineering Institute, Ichalkaranji.",,622289610,Textile Technology,State Level,Cut Off List for Maharashtra & Minority Seats of CAP Round - III for the Admission to the First Year Under Graduate Technical Courses in Engineering and Technology (4 Years) &S,93108,38.5667023
06222,"Dattajirao Kadam Technical Education Society's Textile & Engineering Institute, Ichalkaranji.",,622289610,Textile Technology,State Level,Master of Engineering and Technology (Integrated 5 Years) Admissions A.Y. 2022-23S,119950,5.1279556
06222,"Dattajirao Kadam Technical Education Society's Textile & Engineering Institute, Ichalkaranji.",,622289610,Textile Technology,State Level,VIIS,107245,22.4871071
06222,"Dattajirao Kadam Technical Education Society's Textile & Engineering Institute, Ichalkaranji.",,622291310,Computer Science and Engineering (Artificial Intelligence),State Level,GOPENS,17306,90.6725437
06222,"Dattajirao Kadam Technical Education Society's Textile & Engineering Institute, Ichalkaranji.",,622291310,Computer Science and Engineering (Artificial Intelligence),State Level,GSCS,42000,76.9900203
06222,"Dattajirao Kadam Technical Education Society's Textile & Engineering Institute, Ichalkaranji.",,622291310,Computer Science and Engineering (Artificial Intelligence),State Level,I-NonS,16481,91.1038771
06223,"Pradnya Niketan Education Society's Nagesh Karajagi Orchid College of Engineering & Technology, Solapur",,622319110,Civil Engineering,State Level,"Legends:Start Character G-General, L-Ladies, End Character H-Home University, O-Other than Home University, S-State LevelS",119270,5.9035687
06223,"Pradnya Niketan Education Society's Nagesh Karajagi Orchid College of Engineering & Technology, Solapur",,622329310,Electrical Engineering,State Level,DEFOPENS,65208,61.6697194
06223,"Pradnya Niketan Education Society's Nagesh Karajagi Orchid College of Engineering & Technology, Solapur",,622329310,Electrical Engineering,State Level,I-NonS,51702,70.9263207
06223,"Pradnya Niketan Education Society's Nagesh Karajagi Orchid College of Engineering & Technology, Solapur",,622329310,Electrical Engineering,State Level,VIIS,71165,57.0638559
06223,"Pradnya Niketan Education Society's Nagesh Karajagi Orchid College of Engineering & Technology, Solapur",,622337210,Electronics and Telecommunication Engg,State Level,"Legends:Start Character G-General, L-Ladies, End Character H-Home University, O-Other than Home University, S-State LevelS",53445,69.6045087
06223,"Pradnya Niketan Education Society's Nagesh Karajagi Orchid College of Engineering & Technology, Solapur",,622361210,Mechanical Engineering,State Level,"Legends:Start Character G-General, L-Ladies, End Character H-Home University, O-Other than Home University, S-State LevelS",68068,59.5292331
06223,"Pradnya Niketan Education Society's Nagesh Karajagi Orchid College of Engineering & Technology, Solapur",,622361210,Mechanical Engineering,State Level,I-NonS,75584,53.926243
06250,"D.Y. Patil College of Engineering and Technology, Kolhapur",,625019110,Civil Engineering,State Level,"Legends:Start Character G-General, L-Ladies, End Character H-Home University, O-Other than Home University, S-State LevelS",81906,48.2601391
06250,"D.Y. Patil College of Engineering and Technology, Kolhapur",,625019110,Civil Engineering,State Level,Maharashtra State Seats - Cut Off Indicates State General Merit No. ; Figures in bracket Indicates MHT-CET PCM PercentileS,118454,7.104006
06250,"D.Y. Patil College of Engineering and Technology, Kolhapur",,625019110,Civil Engineering,State Level,DS,119408,5.5819534
06250,"D.Y. Patil College of Engineering and Technology, Kolhapur",,625019110,Civil Engineering,State Level,State Common Entrance Test CellS,88653,42.5186027
06250,"D.Y. Patil College of Engineering and Technology, Kolhapur",,625019110,Civil Engineering,State Level,Cut Off List for Maharashtra & Minority Seats of CAP Round - III for the Admission to the First Year Under Graduate Technical Courses in Engineering and Technology (4 Years) &S,61112,64.4979119
06250,"D.Y. Patil College of Engineering and Technology, Kolhapur",,625019110,Civil Engineering,State Level,I-NonS,91589,39.4196471
06250,"D.Y. Patil College of Engineering and Technology, Kolhapur",,625019110,Civil Engineering,State Level,VIIS,101596,28.9481366
06250,"D.Y. Patil College of Engineering and Technology, Kolhapur",,625024210,Computer Science and Engineering,State Level,GOPENS,15219,91.8375279
06250,"D.Y. Patil College of Engineering and Technology, Kolhapur",,625024210,Computer Science and Engineering,State Level,GSCS,17825,90.398149
06250,"D.Y. Patil College of Engineering and Technology, Kolhapur",,625024210,Computer Science and Engineering,State Level,GVJS,47140,74.0962113
06250,"D.Y. Patil College of Engineering and Technology, Kolhapur",,625024210,Computer Science and Engineering,State Level,GOBCS,25144,86.402198
06250,"D.Y. Patil College of Engineering and Technology, Kolhapur",,625024210,Computer Science and Engineering,State Level,DEFOPENS,28233,84.8614274
06250,"D.Y. Patil College of Engineering and Technology, Kolhapur",,625024210,Computer Science and Engineering,State Level,EWS,13258,92.8383769
06250,"D.Y. Patil College of Engineering and Technology, Kolhapur",,625037210,Electronics and Telecommunication Engg,State Level,GSTS,29545,84.0809188
06250,"D.Y. Patil College of Engineering and Technology, Kolhapur",,625037210,Electronics and Telecommunication Engg,State Level,VIIS,36022,80.4540499
06250,"D.Y. Patil College of Engineering and Technology, Kolhapur",,625050710,Chemical Engineering,State Level,GOPENS,97764,32.5908894
06250,"D.Y. Patil College of Engineering and Technology, Kolhapur",,625050710,Chemical Engineering,State Level,GSCS,102557,28.4665226
06250,"D.Y. Patil College of Engineering and Technology, Kolhapur",,625050710,Chemical Engineering,State Level,GSTS,101456,29.2342823
06250,"D.Y. Patil College of Engineering and Technology, Kolhapur",,625050710,Chemical Engineering,State Level,GNT1S,107590,22.1694264
06250,"D.Y. Patil College of Engineering and Technology, Kolhapur",,625050710,Chemical Engineering,State Level,GNT3S,100532,30.014662
06250,"D.Y. Patil College of Engineering and Technology, Kolhapur",,625050710,Chemical Engineering,State Level,GOBCS,58442,66.2395008
06250,"D.Y. Patil College of Engineering and Technology, Kolhapur",,625050710,Chemical Engineering,State Level,I-NonS,96268,35.1475881
06250,"D.Y. Patil College of Engineering and Technology, Kolhapur",,625050710,Chemical Engineering,State Level,I-NonS,93614,37.5478565
06250,"D.Y. Patil College of Engineering and Technology, Kolhapur",,625050710,Chemical Engineering,State Level,VIIS,114638,12.7995462
06250,"D.Y. Patil College of Engineering and Technology, Kolhapur",,625061210,Mechanical Engineering,State Level,"Legends:Start Character G-General, L-Ladies, End Character H-Home University, O-Other than Home University, S-State LevelS",61689,64.0172786
06250,"D.Y. Patil College of Engineering and Technology, Kolhapur",,625061210,Mechanical Engineering,State Level,Maharashtra State Seats - Cut Off Indicates State General Merit No. ; Figures in bracket Indicates MHT-CET PCM PercentileS,65962,61.2621174
06250,"D.Y. Patil College of Engineering and Technology, Kolhapur",,625061210,Mechanical Engineering,State Level,DS,91301,39.4227966
06250,"D.Y. Patil College of Engineering and Technology, Kolhapur",,625061210,Mechanical Engineering,State Level,State Common Entrance Test CellS,62791,63.5478045
06250,"D.Y. Patil College of Engineering and Technology, Kolhapur",,625061210,Mechanical Engineering,State Level,Cut Off List for Maharashtra & Minority Seats of CAP Round - III for the Admission to the First Year Under Graduate Technical Courses in Engineering and Technology (4 Years) &S,67221,60.0860804
06250,"D.Y. Patil College of Engineering and Technology, Kolhapur",,625061210,Mechanical Engineering,State Level,Master of Engineering and Technology (Integrated 5 Years) Admissions A.Y. 2022-23S,63533,63.050238
06250,"D.Y. Patil College of Engineering and Technology, Kolhapur",,625061210,Mechanical Engineering,State Level,GOPENS,105177,25.3179745
06250,"D.Y. Patil College of Engineering and Technology, Kolhapur",,625061210,Mechanical Engineering,State Level,VIIS,66139,60.7344231
06250,"D.Y. Patil College of Engineering and Technology, Kolhapur",,625091110,Computer Science and Engineering(Artificial Intelligence and Machine Learning),State Level,LOPENS,22739,87.7973797
06250,"D.Y. Patil College of Engineering and Technology, Kolhapur",,625091210,Computer Science and Engineering(Data Science),State Level,PWDOPENS,17578,90.5279576
06265,"Walchand Institute of Technology, Solapur",,626519110,Civil Engineering,State Level,"Legends:Start Character G-General, L-Ladies, End Character H-Home University, O-Other than Home University, S-State LevelS",95752,35.6598862
06265,"Walchand Institute of Technology, Solapur",,626519110,Civil Engineering,State Level,Maharashtra State Seats - Cut Off Indicates State General Merit No. ; Figures in bracket Indicates MHT-CET PCM PercentileS,90631,39.6081812
06265,"Walchand Institute of Technology, Solapur",,626519110,Civil Engineering,State Level,MH,117562,8.6023034
06265,"Walchand Institute of Technology, Solapur",,626524210,Computer Science and Engineering,State Level,GOPENS,16088,91.2564151
06265,"Walchand Institute of Technology, Solapur",,626524210,Computer Science and Engineering,State Level,MI,48663,72.7702415
06265,"Walchand Institute of Technology, Solapur",,626524610,Information Technology,State Level,GOPENS,26073,85.8567675
06265,"Walchand Institute of Technology, Solapur",,626524610,Information Technology,State Level,LOPENS,17596,90.5279576
06265,"Walchand Institute of Technology, Solapur",,626524610,Information Technology,State Level,MI,64156,62.3799839
06265,"Walchand Institute of Technology, Solapur",,626537210,Electronics and Telecommunication Engg,State Level,GOPENS,36421,80.2788844
06265,"Walchand Institute of Technology, Solapur",,626537210,Electronics and Telecommunication Engg,State Level,LOPENS,26214,85.8374792
06265,"Walchand Institute of Technology, Solapur",,626537210,Electronics and Telecommunication Engg,State Level,MI,103590,26.7890081
06265,"Walchand Institute of Technology, Solapur",,626537210,Electronics and Telecommunication Engg,State Level,TFWS,30654,83.3246679
06265,"Walchand Institute of Technology, Solapur",,626561510,Mechanical & Automation Engineering,State Level,"Legends:Start Character G-General, L-Ladies, End Character H-Home University, O-Other than Home University, S-State LevelS",49130,72.6414198
06265,"Walchand Institute of Technology, Solapur",,626561510,Mechanical & Automation Engineering,State Level,Maharashtra State Seats - Cut Off Indicates State General Merit No. ; Figures in bracket Indicates MHT-CET PCM PercentileS,54019,69.3871747
06265,"Walchand Institute of Technology, Solapur",,626561510,Mechanical & Automation Engineering,State Level,DS,121901,1.5013118
06265,"Walchand Institute of Technology, Solapur",,626561510,Mechanical & Automation Engineering,State Level,MH,68443,59.4192464
06265,"Walchand Institute of Technology, Solapur",,626584410,Electronics and Computer Engineering,State Level,GOPENS,26876,85.606492
06265,"Walchand Institute of Technology, Solapur",,626584410,Electronics and Computer Engineering,State Level,LOPENS,42608,76.5571858
06265,"Walchand Institute of Technology, Solapur",,626584410,Electronics and Computer Engineering,State Level,MI,70184,57.6946774
06267,"Kolhapur Institute of Technology's College of Engineering(Autonomous), Kolhapur",,626708210,Bio Technology,State Level,"Legends:Start Character G-General, L-Ladies, End Character H-Home University, O-Other than Home University, S-State LevelS",38018,79.2815054
06267,"Kolhapur Institute of Technology's College of Engineering(Autonomous), Kolhapur",,626708210,Bio Technology,State Level,Maharashtra State Seats - Cut Off Indicates State General Merit No. ; Figures in bracket Indicates MHT-CET PCM PercentileS,107658,22.1694264
06267,"Kolhapur Institute of Technology's College of Engineering(Autonomous), Kolhapur",,626708210,Bio Technology,State Level,DS,106346,23.4829494
06267,"Kolhapur Institute of Technology's College of Engineering(Autonomous), Kolhapur",,626719110,Civil Engineering,State Level,GOPENS,86896,43.3167495
06267,"Kolhapur Institute of Technology's College of Engineering(Autonomous), Kolhapur",,626719110,Civil Engineering,State Level,GSCS,116854,10.0599952
06267,"Kolhapur Institute of Technology's College of Engineering(Autonomous), Kolhapur",,626719110,Civil Engineering,State Level,GSTS,95830,35.6598862
06267,"Kolhapur Institute of Technology's College of Engineering(Autonomous), Kolhapur",,626719110,Civil Engineering,State Level,GVJS,102830,28.1605922
06267,"Kolhapur Institute of Technology's College of Engineering(Autonomous), Kolhapur",,626719110,Civil Engineering,State Level,GOBCS,67655,59.7201871
06267,"Kolhapur Institute of Technology's College of Engineering(Autonomous), Kolhapur",,626719110,Civil Engineering,State Level,VIIS,91463,39.4227966
06267,"Kolhapur Institute of Technology's College of Engineering(Autonomous), Kolhapur",,626724210,Computer Science and Engineering,State Level,GSTS,15512,91.6047864
06267,"Kolhapur Institute of Technology's College of Engineering(Autonomous), Kolhapur",,626724210,Computer Science and Engineering,State Level,GOBCS,18020,90.3376471
06267,"Kolhapur Institute of Technology's College of Engineering(Autonomous), Kolhapur",,626724210,Computer Science and Engineering,State Level,LOBCS,23786,87.1226124
06267,"Kolhapur Institute of Technology's College of Engineering(Autonomous), Kolhapur",,626724210,Computer Science and Engineering,State Level,DEFOPENS,5419,96.9440053
06267,"Kolhapur Institute of Technology's College of Engineering(Autonomous), Kolhapur",,626724210,Computer Science and Engineering,State Level,TFWS,11139,93.9682991
06267,"Kolhapur Institute of Technology's College of Engineering(Autonomous), Kolhapur",,626724210,Computer Science and Engineering,State Level,VIIS,11303,93.8349561
06267,"Kolhapur Institute of Technology's College of Engineering(Autonomous), Kolhapur",,626726210,Computer Science and Business Systems,State Level,GOPENS,15318,91.7615919
06267,"Kolhapur Institute of Technology's College of Engineering(Autonomous), Kolhapur",,626729310,Electrical Engineering,State Level,"Legends:Start Character G-General, L-Ladies, End Character H-Home University, O-Other than Home University, S-State LevelS",34034,81.5143923
06267,"Kolhapur Institute of Technology's College of Engineering(Autonomous), Kolhapur",,626729310,Electrical Engineering,State Level,Maharashtra State Seats - Cut Off Indicates State General Merit No. ; Figures in bracket Indicates MHT-CET PCM PercentileS,70884,57.2112851
06267,"Kolhapur Institute of Technology's College of Engineering(Autonomous), Kolhapur",,626729310,Electrical Engineering,State Level,DS,86187,44.7418375
06267,"Kolhapur Institute of Technology's College of Engineering(Autonomous), Kolhapur",,626729310,Electrical Engineering,State Level,State Common Entrance Test CellS,39506,78.3496848
06267,"Kolhapur Institute of Technology's College of Engineering(Autonomous), Kolhapur",,626729310,Electrical Engineering,State Level,Cut Off List for Maharashtra & Minority Seats of CAP Round - III for the Admission to the First Year Under Graduate Technical Courses in Engineering and Technology (4 Years) &S,74681,54.1664697
06267,"Kolhapur Institute of Technology's College of Engineering(Autonomous), Kolhapur",,626729310,Electrical Engineering,State Level,I-NonS,35206,80.8718313
06267,"Kolhapur Institute of Technology's College of Engineering(Autonomous), Kolhapur",,626737210,Electronics and Telecommunication Engg,State Level,GOPENS,26951,85.5965895
06267,"Kolhapur Institute of Technology's College of Engineering(Autonomous), Kolhapur",,626737210,Electronics and Telecommunication Engg,State Level,GSCS,29972,83.8902317
06267,"Kolhapur Institute of Technology's College of Engineering(Autonomous), Kolhapur",,626737210,Electronics and Telecommunication Engg,State Level,GSTS,28617,84.5764555
06267,"Kolhapur Institute of Technology's College of Engineering(Autonomous), Kolhapur",,626737210,Electronics and Telecommunication Engg,State Level,GOBCS,17003,90.8511759
06267,"Kolhapur Institute of Technology's College of Engineering(Autonomous), Kolhapur",,626737210,Electronics and Telecommunication Engg,State Level,LOPENS,23716,87.2542051
06267,"Kolhapur Institute of Technology's College of Engineering(Autonomous), Kolhapur",,626737210,Electronics and Telecommunication Engg,State Level,VIIS,27312,85.2528023
06267,"Kolhapur Institute of Technology's College of Engineering(Autonomous), Kolhapur",,626761210,Mechanical Engineering,State Level,GOPENS,40966,77.6049916
06267,"Kolhapur Institute of Technology's College of Engineering(Autonomous), Kolhapur",,626761210,Mechanical Engineering,State Level,GSCS,66419,60.6284658
06267,"Kolhapur Institute of Technology's College of Engineering(Autonomous), Kolhapur",,626761210,Mechanical Engineering,State Level,GNT2S,72798,55.8902921
06267,"Kolhapur Institute of Technology's College of Engineering(Autonomous), Kolhapur",,626761210,Mechanical Engineering,State Level,LOPENS,70729,57.4413646
06267,"Kolhapur Institute of Technology's College of Engineering(Autonomous), Kolhapur",,626761210,Mechanical Engineering,State Level,LNT3S,91770,39.4196471
06267,"Kolhapur Institute of Technology's College of Engineering(Autonomous), Kolhapur",,626791110,Computer Science and Engineering(Artificial Intelligence and Machine Learning),State Level,GNT3S,29636,84.0382056
06267,"Kolhapur Institute of Technology's College of Engineering(Autonomous), Kolhapur",,626791110,Computer Science and Engineering(Artificial Intelligence and Machine Learning),State Level,GOBCS,23421,87.4167744
06267,"Kolhapur Institute of Technology's College of Engineering(Autonomous), Kolhapur",,626791110,Computer Science and Engineering(Artificial Intelligence and Machine Learning),State Level,EWS,11512,93.7594912
06267,"Kolhapur Institute of Technology's College of Engineering(Autonomous), Kolhapur",,626791210,Computer Science and Engineering(Data Science),State Level,"Legends:Start Character G-General, L-Ladies, End Character H-Home University, O-Other than Home University, S-State LevelS",15163,91.8555998
06267,"Kolhapur Institute of Technology's College of Engineering(Autonomous), Kolhapur",,626791210,Computer Science and Engineering(Data Science),State Level,VIIS,12560,93.1795623
06267,"Kolhapur Institute of Technology's College of Engineering(Autonomous), Kolhapur",,626792210,Civil and Environmental Engineering,State Level,GOPENS,116276,10.5662165
06267,"Kolhapur Institute of Technology's College of Engineering(Autonomous), Kolhapur",,626792210,Civil and Environmental Engineering,State Level,GOBCS,117451,8.7583305
06267,"Kolhapur Institute of Technology's College of Engineering(Autonomous), Kolhapur",,626792210,Civil and Environmental Engineering,State Level,LOPENS,78771,51.1072039
06267,"Kolhapur Institute of Technology's College of Engineering(Autonomous), Kolhapur",,626792210,Civil and Environmental Engineering,State Level,LNT2S,83983,46.1727561
06267,"Kolhapur Institute of Technology's College of Engineering(Autonomous), Kolhapur",,626792210,Civil and Environmental Engineering,State Level,VIIS,104292,25.8381109
06268,"Tatyasaheb Kore Institute of Engineering and Technology, Warananagar",,626819110,Civil Engineering,State Level,"Legends:Start Character G-General, L-Ladies, End Character H-Home University, O-Other than Home University, S-State LevelS",116005,10.7718485
06268,"Tatyasaheb Kore Institute of Engineering and Technology, Warananagar",,626819110,Civil Engineering,State Level,Maharashtra State Seats - Cut Off Indicates State General Merit No. ; Figures in bracket Indicates MHT-CET PCM PercentileS,85508,44.986801
06268,"Tatyasaheb Kore Institute of Engineering and Technology, Warananagar",,626819110,Civil Engineering,State Level,DS,67277,60.0860804
06268,"Tatyasaheb Kore Institute of Engineering and Technology, Warananagar",,626824210,Computer Science and Engineering,State Level,GSCS,46063,74.364085
06268,"Tatyasaheb Kore Institute of Engineering and Technology, Warananagar",,626824210,Computer Science and Engineering,State Level,GOBCS,38891,78.5792977
06268,"Tatyasaheb Kore Institute of Engineering and Technology, Warananagar",,626824210,Computer Science and Engineering,State Level,LOBCS,27287,85.2528023
06268,"Tatyasaheb Kore Institute of Engineering and Technology, Warananagar",,626824210,Computer Science and Engineering,State Level,DEFOBCS,23320,87.4346052
06268,"Tatyasaheb Kore Institute of Engineering and Technology, Warananagar",,626824210,Computer Science and Engineering,State Level,I-NonS,38348,79.1079584
06268,"Tatyasaheb Kore Institute of Engineering and Technology, Warananagar",,626837210,Electronics and Telecommunication Engg,State Level,GOPENS,34800,81.0304563
06268,"Tatyasaheb Kore Institute of Engineering and Technology, Warananagar",,626837210,Electronics and Telecommunication Engg,State Level,GOBCS,46565,74.1753429
06268,"Tatyasaheb Kore Institute of Engineering and Technology, Warananagar",,626837210,Electronics and Telecommunication Engg,State Level,EWS,29099,84.1949276
06268,"Tatyasaheb Kore Institute of Engineering and Technology, Warananagar",,626850710,Chemical Engineering,State Level,GSTS,67807,59.6829046
06268,"Tatyasaheb Kore Institute of Engineering and Technology, Warananagar",,626850710,Chemical Engineering,State Level,GNT3S,83543,46.4456321
06268,"Tatyasaheb Kore Institute of Engineering and Technology, Warananagar",,626850710,Chemical Engineering,State Level,LSCS,74977,54.1664697
06268,"Tatyasaheb Kore Institute of Engineering and Technology, Warananagar",,626850710,Chemical Engineering,State Level,LOBCS,57939,66.5894149
06268,"Tatyasaheb Kore Institute of Engineering and Technology, Warananagar",,626850710,Chemical Engineering,State Level,I-NonS,39440,78.3496848
06268,"Tatyasaheb Kore Institute of Engineering and Technology, Warananagar",,626850710,Chemical Engineering,State Level,VIIS,42924,76.4889836
06268,"Tatyasaheb Kore Institute of Engineering and Technology, Warananagar",,626861210,Mechanical Engineering,State Level,"Legends:Start Character G-General, L-Ladies, End Character H-Home University, O-Other than Home University, S-State LevelS",121445,2.3888294
06268,"Tatyasaheb Kore Institute of Engineering and Technology, Warananagar",,626861210,Mechanical Engineering,State Level,Maharashtra State Seats - Cut Off Indicates State General Merit No. ; Figures in bracket Indicates MHT-CET PCM PercentileS,110741,18.3037194
06268,"Tatyasaheb Kore Institute of Engineering and Technology, Warananagar",,626861210,Mechanical Engineering,State Level,DS,52593,70.2135829
06268,"Tatyasaheb Kore Institute of Engineering and Technology, Warananagar",,626861210,Mechanical Engineering,State Level,I-NonS,110473,18.375784
06268,"Tatyasaheb Kore Institute of Engineering and Technology, Warananagar",,626861210,Mechanical Engineering,State Level,I-NonS,91572,39.4196471
06269,"Shetkari Shikshan Mandal's Pad. Vasantraodada Patil Institute of Technology, Budhgaon, Sangli",,626919110,Civil Engineering,State Level,"Legends:Start Character G-General, L-Ladies, End Character H-Home University, O-Other than Home University, S-State LevelS",26805,85.6396122
06269,"Shetkari Shikshan Mandal's Pad. Vasantraodada Patil Institute of Technology, Budhgaon, Sangli",,626937210,Electronics and Telecommunication Engg,State Level,EWS,48010,72.9031949
06269,"Shetkari Shikshan Mandal's Pad. Vasantraodada Patil Institute of Technology, Budhgaon, Sangli",,626962410,Mechatronics Engineering,State Level,"Legends:Start Character G-General, L-Ladies, End Character H-Home University, O-Other than Home University, S-State LevelS",77165,52.2301039
06269,"Shetkari Shikshan Mandal's Pad. Vasantraodada Patil Institute of Technology, Budhgaon, Sangli",,626990010,Electronics and Computer Science,State Level,TFWS,54242,69.3404295
06269,"Shetkari Shikshan Mandal's Pad. Vasantraodada Patil Institute of Technology, Budhgaon, Sangli",,626990010,Electronics and Computer Science,State Level,EWS,57188,67.2875491
06269,"Shetkari Shikshan Mandal's Pad. Vasantraodada Patil Institute of Technology, Budhgaon, Sangli",,626992610,Electrical and ComputerEngineering,State Level,"Legends:Start Character G-General, L-Ladies, End Character H-Home University, O-Other than Home University, S-State LevelS",61294,64.0609282
06270,"Rayat Shikshan Sanstha's Karmaveer Bhaurao Patil College of Engineering, Satara",,627019110,Civil Engineering,State Level,"Legends:Start Character G-General, L-Ladies, End Character H-Home University, O-Other than Home University, S-State LevelS",106663,23.121138
06270,"Rayat Shikshan Sanstha's Karmaveer Bhaurao Patil College of Engineering, Satara",,627024210,Computer Science and Engineering,State Level,EWS,29354,84.1506751
06270,"Rayat Shikshan Sanstha's Karmaveer Bhaurao Patil College of Engineering, Satara",,627037210,Electronics and Telecommunication Engg,State Level,"Legends:Start Character G-General, L-Ladies, End Character H-Home University, O-Other than Home University, S-State LevelS",44225,75.5619344
06271,"Pune Institute of Computer Technology, Dhankavdi, Pune",,627124510,Computer Engineering,State Level,TFWS,675,99.5257939
06271,"Pune Institute of Computer Technology, Dhankavdi, Pune",,627124510,Computer Engineering,State Level,EWS,1072,99.2957413
06271,"Pune Institute of Computer Technology, Dhankavdi, Pune",,627124610,Information Technology,State Level,"Legends:Start Character G-General, L-Ladies, End Character H-Home University, O-Other than Home University, S-State LevelS",2855,98.323778
06271,"Pune Institute of Computer Technology, Dhankavdi, Pune",,627124610,Information Technology,State Level,Maharashtra State Seats - Cut Off Indicates State General Merit No. ; Figures in bracket Indicates MHT-CET PCM PercentileS,1140,99.2539441
06271,"Pune Institute of Computer Technology, Dhankavdi, Pune",,627124610,Information Technology,State Level,DS,1574,99.0185599
06271,"Pune Institute of Computer Technology, Dhankavdi, Pune",,627124610,Information Technology,State Level,VIIS,1059,99.3023917
06271,"Pune Institute of Computer Technology, Dhankavdi, Pune",,627137210,Electronics and Telecommunication Engg,State Level,"Legends:Start Character G-General, L-Ladies, End Character H-Home University, O-Other than Home University, S-State LevelS",3599,97.9322759
06272,"Dr. D. Y. Patil Pratishthan's D.Y.Patil College of Engineering Akurdi, Pune",,627219110,Civil Engineering,State Level,"Legends:Start Character G-General, L-Ladies, End Character H-Home University, O-Other than Home University, S-State LevelS",50790,71.2367422
06272,"Dr. D. Y. Patil Pratishthan's D.Y.Patil College of Engineering Akurdi, Pune",,627219110,Civil Engineering,State Level,I-NonS,67151,60.0860804
06272,"Dr. D. Y. Patil Pratishthan's D.Y.Patil College of Engineering Akurdi, Pune",,627219110,Civil Engineering,State Level,VIIS,64936,61.8814494
06272,"Dr. D. Y. Patil Pratishthan's D.Y.Patil College of Engineering Akurdi, Pune",,627224510,Computer Engineering,State Level,"Legends:Start Character G-General, L-Ladies, End Character H-Home University, O-Other than Home University, S-State LevelS",5359,96.9585074
06272,"Dr. D. Y. Patil Pratishthan's D.Y.Patil College of Engineering Akurdi, Pune",,627224610,Information Technology,State Level,"Legends:Start Character G-General, L-Ladies, End Character H-Home University, O-Other than Home University, S-State LevelS",4567,97.4274058
06272,"Dr. D. Y. Patil Pratishthan's D.Y.Patil College of Engineering Akurdi, Pune",,627237210,Electronics and Telecommunication Engg,State Level,"Legends:Start Character G-General, L-Ladies, End Character H-Home University, O-Other than Home University, S-State LevelS",13129,92.9054213
06272,"Dr. D. Y. Patil Pratishthan's D.Y.Patil College of Engineering Akurdi, Pune",,627246610,Instrumentation Engineering,State Level,"Legends:Start Character G-General, L-Ladies, End Character H-Home University, O-Other than Home University, S-State LevelS",43363,75.8471965
06272,"Dr. D. Y. Patil Pratishthan's D.Y.Patil College of Engineering Akurdi, Pune",,627246610,Instrumentation Engineering,State Level,I-NonS,49864,71.9798416
06272,"Dr. D. Y. Patil Pratishthan's D.Y.Patil College of Engineering Akurdi, Pune",,627261210,Mechanical Engineering,State Level,"Legends:Start Character G-General, L-Ladies, End Character H-Home University, O-Other than Home University, S-State LevelS",75790,53.8866742
06272,"Dr. D. Y. Patil Pratishthan's D.Y.Patil College of Engineering Akurdi, Pune",,627261210,Mechanical Engineering,State Level,Maharashtra State Seats - Cut Off Indicates State General Merit No. ; Figures in bracket Indicates MHT-CET PCM PercentileS,43078,76.2706983
06272,"Dr. D. Y. Patil Pratishthan's D.Y.Patil College of Engineering Akurdi, Pune",,627299510,Artificial Intelligence and Data Science,State Level,"Legends:Start Character G-General, L-Ladies, End Character H-Home University, O-Other than Home University, S-State LevelS",9595,94.7358445
06273,"Bansilal Ramnath Agarawal Charitable Trust's Vishwakarma Institute of Technology, Bibwewadi, Pune",,627324510,Computer Engineering,State Level,"Legends:Start Character G-General, L-Ladies, End Character H-Home University, O-Other than Home University, S-State LevelS",1945,98.8151097
06273,"Bansilal Ramnath Agarawal Charitable Trust's Vishwakarma Institute of Technology, Bibwewadi, Pune",,627324510,Computer Engineering,State Level,Maharashtra State Seats - Cut Off Indicates State General Merit No. ; Figures in bracket Indicates MHT-CET PCM PercentileS,4811,97.2807517
06273,"Bansilal Ramnath Agarawal Charitable Trust's Vishwakarma Institute of Technology, Bibwewadi, Pune",,627324510,Computer Engineering,State Level,DS,3566,97.9376544
06273,"Bansilal Ramnath Agarawal Charitable Trust's Vishwakarma Institute of Technology, Bibwewadi, Pune",,627324510,Computer Engineering,State Level,State Common Entrance Test CellS,2184,98.690205
06273,"Bansilal Ramnath Agarawal Charitable Trust's Vishwakarma Institute of Technology, Bibwewadi, Pune",,627324510,Computer Engineering,State Level,Cut Off List for Maharashtra & Minority Seats of CAP Round - III for the Admission to the First Year Under Graduate Technical Courses in Engineering and Technology (4 Years) &S,2570,98.4733185
06273,"Bansilal Ramnath Agarawal Charitable Trust's Vishwakarma Institute of Technology, Bibwewadi, Pune",,627324510,Computer Engineering,State Level,Master of Engineering and Technology (Integrated 5 Years) Admissions A.Y. 2022-23S,9195,94.9790794
06273,"Bansilal Ramnath Agarawal Charitable Trust's Vishwakarma Institute of Technology, Bibwewadi, Pune",,627324510,Computer Engineering,State Level,GOPENS,4752,97.3192565
06273,"Bansilal Ramnath Agarawal Charitable Trust's Vishwakarma Institute of Technology, Bibwewadi, Pune",,627324510,Computer Engineering,State Level,GSCS,2921,98.2988025
06273,"Bansilal Ramnath Agarawal Charitable Trust's Vishwakarma Institute of Technology, Bibwewadi, Pune",,627324510,Computer Engineering,State Level,GNT2S,1613,98.9968802
06273,"Bansilal Ramnath Agarawal Charitable Trust's Vishwakarma Institute of Technology, Bibwewadi, Pune",,627324510,Computer Engineering,State Level,GOBCS,2321,98.6061215
06273,"Bansilal Ramnath Agarawal Charitable Trust's Vishwakarma Institute of Technology, Bibwewadi, Pune",,627324510,Computer Engineering,State Level,VIIS,1971,98.7949484
06273,"Bansilal Ramnath Agarawal Charitable Trust's Vishwakarma Institute of Technology, Bibwewadi, Pune",,627324610,Information Technology,State Level,GOPENS,2474,98.5294822
06273,"Bansilal Ramnath Agarawal Charitable Trust's Vishwakarma Institute of Technology, Bibwewadi, Pune",,627324610,Information Technology,State Level,GSCS,5375,96.9540746
06273,"Bansilal Ramnath Agarawal Charitable Trust's Vishwakarma Institute of Technology, Bibwewadi, Pune",,627324610,Information Technology,State Level,GNT2S,4354,97.5329973
06273,"Bansilal Ramnath Agarawal Charitable Trust's Vishwakarma Institute of Technology, Bibwewadi, Pune",,627324610,Information Technology,State Level,GOBCS,2944,98.294243
06273,"Bansilal Ramnath Agarawal Charitable Trust's Vishwakarma Institute of Technology, Bibwewadi, Pune",,627324610,Information Technology,State Level,LOPENS,4021,97.7007615
06273,"Bansilal Ramnath Agarawal Charitable Trust's Vishwakarma Institute of Technology, Bibwewadi, Pune",,627324610,Information Technology,State Level,LSCS,11151,93.9573805
06273,"Bansilal Ramnath Agarawal Charitable Trust's Vishwakarma Institute of Technology, Bibwewadi, Pune",,627324610,Information Technology,State Level,LOBCS,5389,96.9513636
06273,"Bansilal Ramnath Agarawal Charitable Trust's Vishwakarma Institute of Technology, Bibwewadi, Pune",,627324610,Information Technology,State Level,TFWS,1994,98.7836917
06273,"Bansilal Ramnath Agarawal Charitable Trust's Vishwakarma Institute of Technology, Bibwewadi, Pune",,627324610,Information Technology,State Level,EWS,2982,98.2454449
06273,"Bansilal Ramnath Agarawal Charitable Trust's Vishwakarma Institute of Technology, Bibwewadi, Pune",,627337210,Electronics and Telecommunication Engg,State Level,GOPENS,5593,96.8671501
06273,"Bansilal Ramnath Agarawal Charitable Trust's Vishwakarma Institute of Technology, Bibwewadi, Pune",,627337210,Electronics and Telecommunication Engg,State Level,GSCS,14170,92.3405466
06273,"Bansilal Ramnath Agarawal Charitable Trust's Vishwakarma Institute of Technology, Bibwewadi, Pune",,627337210,Electronics and Telecommunication Engg,State Level,GOBCS,7118,96.0722219
06273,"Bansilal Ramnath Agarawal Charitable Trust's Vishwakarma Institute of Technology, Bibwewadi, Pune",,627337210,Electronics and Telecommunication Engg,State Level,LOPENS,5376,96.9540746
06273,"Bansilal Ramnath Agarawal Charitable Trust's Vishwakarma Institute of Technology, Bibwewadi, Pune",,627337210,Electronics and Telecommunication Engg,State Level,LOBCS,7209,96.0282477
06273,"Bansilal Ramnath Agarawal Charitable Trust's Vishwakarma Institute of Technology, Bibwewadi, Pune",,627337210,Electronics and Telecommunication Engg,State Level,PWDOPENS,56833,67.447284
06273,"Bansilal Ramnath Agarawal Charitable Trust's Vishwakarma Institute of Technology, Bibwewadi, Pune",,627337210,Electronics and Telecommunication Engg,State Level,TFWS,4174,97.6366742
06273,"Bansilal Ramnath Agarawal Charitable Trust's Vishwakarma Institute of Technology, Bibwewadi, Pune",,627337210,Electronics and Telecommunication Engg,State Level,ORPHAN,6315,96.4929764
06273,"Bansilal Ramnath Agarawal Charitable Trust's Vishwakarma Institute of Technology, Bibwewadi, Pune",,627337210,Electronics and Telecommunication Engg,State Level,I-NonS,5659,96.8434161
06273,"Bansilal Ramnath Agarawal Charitable Trust's Vishwakarma Institute of Technology, Bibwewadi, Pune",,627337210,Electronics and Telecommunication Engg,State Level,VIIS,5606,96.8594806
06273,"Bansilal Ramnath Agarawal Charitable Trust's Vishwakarma Institute of Technology, Bibwewadi, Pune",,627346410,Instrumentation and Control Engineering,State Level,GSTS,68138,59.5292331
06273,"Bansilal Ramnath Agarawal Charitable Trust's Vishwakarma Institute of Technology, Bibwewadi, Pune",,627346410,Instrumentation and Control Engineering,State Level,GVJS,19168,89.7209567
06273,"Bansilal Ramnath Agarawal Charitable Trust's Vishwakarma Institute of Technology, Bibwewadi, Pune",,627346410,Instrumentation and Control Engineering,State Level,GOBCS,8847,95.1404707
06273,"Bansilal Ramnath Agarawal Charitable Trust's Vishwakarma Institute of Technology, Bibwewadi, Pune",,627346410,Instrumentation and Control Engineering,State Level,VIIS,18083,90.2973471
06273,"Bansilal Ramnath Agarawal Charitable Trust's Vishwakarma Institute of Technology, Bibwewadi, Pune",,627350710,Chemical Engineering,State Level,"Legends:Start Character G-General, L-Ladies, End Character H-Home University, O-Other than Home University, S-State LevelS",9272,94.9108451
06273,"Bansilal Ramnath Agarawal Charitable Trust's Vishwakarma Institute of Technology, Bibwewadi, Pune",,627350710,Chemical Engineering,State Level,Maharashtra State Seats - Cut Off Indicates State General Merit No. ; Figures in bracket Indicates MHT-CET PCM PercentileS,39945,78.1473584
06273,"Bansilal Ramnath Agarawal Charitable Trust's Vishwakarma Institute of Technology, Bibwewadi, Pune",,627350710,Chemical Engineering,State Level,DS,30209,83.6470757
06273,"Bansilal Ramnath Agarawal Charitable Trust's Vishwakarma Institute of Technology, Bibwewadi, Pune",,627350710,Chemical Engineering,State Level,I-NonS,18383,90.1214727
06273,"Bansilal Ramnath Agarawal Charitable Trust's Vishwakarma Institute of Technology, Bibwewadi, Pune",,627350710,Chemical Engineering,State Level,VIIS,24299,86.9511499
06273,"Bansilal Ramnath Agarawal Charitable Trust's Vishwakarma Institute of Technology, Bibwewadi, Pune",,627361210,Mechanical Engineering,State Level,GOPENS,12372,93.3189344
06273,"Bansilal Ramnath Agarawal Charitable Trust's Vishwakarma Institute of Technology, Bibwewadi, Pune",,627361210,Mechanical Engineering,State Level,GSCS,22800,87.6520385
06273,"Bansilal Ramnath Agarawal Charitable Trust's Vishwakarma Institute of Technology, Bibwewadi, Pune",,627361210,Mechanical Engineering,State Level,GVJS,39117,78.482599
06273,"Bansilal Ramnath Agarawal Charitable Trust's Vishwakarma Institute of Technology, Bibwewadi, Pune",,627361210,Mechanical Engineering,State Level,GNT2S,33519,81.7575556
06273,"Bansilal Ramnath Agarawal Charitable Trust's Vishwakarma Institute of Technology, Bibwewadi, Pune",,627361210,Mechanical Engineering,State Level,GOBCS,19428,89.5284491
06273,"Bansilal Ramnath Agarawal Charitable Trust's Vishwakarma Institute of Technology, Bibwewadi, Pune",,627361210,Mechanical Engineering,State Level,LOPENS,26944,85.5965895
06273,"Bansilal Ramnath Agarawal Charitable Trust's Vishwakarma Institute of Technology, Bibwewadi, Pune",,627361210,Mechanical Engineering,State Level,LSCS,35423,80.6330675
06273,"Bansilal Ramnath Agarawal Charitable Trust's Vishwakarma Institute of Technology, Bibwewadi, Pune",,627361210,Mechanical Engineering,State Level,LNT3S,53019,69.7082914
06273,"Bansilal Ramnath Agarawal Charitable Trust's Vishwakarma Institute of Technology, Bibwewadi, Pune",,627361210,Mechanical Engineering,State Level,PWDOPENS,10195,94.4723858
06273,"Bansilal Ramnath Agarawal Charitable Trust's Vishwakarma Institute of Technology, Bibwewadi, Pune",,627361210,Mechanical Engineering,State Level,TFWS,17288,90.6908949
06273,"Bansilal Ramnath Agarawal Charitable Trust's Vishwakarma Institute of Technology, Bibwewadi, Pune",,627361210,Mechanical Engineering,State Level,I-NonS,9596,94.7358445
06273,"Bansilal Ramnath Agarawal Charitable Trust's Vishwakarma Institute of Technology, Bibwewadi, Pune",,627391110,Computer Science and Engineering(Artificial Intelligence and Machine Learning),State Level,GOPENS,3035,98.227908
06273,"Bansilal Ramnath Agarawal Charitable Trust's Vishwakarma Institute of Technology, Bibwewadi, Pune",,627391110,Computer Science and Engineering(Artificial Intelligence and Machine Learning),State Level,GOBCS,3818,97.8101499
06273,"Bansilal Ramnath Agarawal Charitable Trust's Vishwakarma Institute of Technology, Bibwewadi, Pune",,627391110,Computer Science and Engineering(Artificial Intelligence and Machine Learning),State Level,LOPENS,4579,97.4224117
06273,"Bansilal Ramnath Agarawal Charitable Trust's Vishwakarma Institute of Technology, Bibwewadi, Pune",,627391110,Computer Science and Engineering(Artificial Intelligence and Machine Learning),State Level,LOBCS,6055,96.6258542
06273,"Bansilal Ramnath Agarawal Charitable Trust's Vishwakarma Institute of Technology, Bibwewadi, Pune",,627391310,Computer Science and Engineering (Artificial Intelligence),State Level,GOPENS,3443,98.0217464
06273,"Bansilal Ramnath Agarawal Charitable Trust's Vishwakarma Institute of Technology, Bibwewadi, Pune",,627391310,Computer Science and Engineering (Artificial Intelligence),State Level,GOBCS,4218,97.6043574
06273,"Bansilal Ramnath Agarawal Charitable Trust's Vishwakarma Institute of Technology, Bibwewadi, Pune",,627391310,Computer Science and Engineering (Artificial Intelligence),State Level,LOPENS,5679,96.8159203
06273,"Bansilal Ramnath Agarawal Charitable Trust's Vishwakarma Institute of Technology, Bibwewadi, Pune",,627399510,Artificial Intelligence and Data Science,State Level,"Legends:Start Character G-General, L-Ladies, End Character H-Home University, O-Other than Home University, S-State LevelS",2637,98.4461129
06273,"Bansilal Ramnath Agarawal Charitable Trust's Vishwakarma Institute of Technology, Bibwewadi, Pune",,627399510,Artificial Intelligence and Data Science,State Level,Maharashtra State Seats - Cut Off Indicates State General Merit No. ; Figures in bracket Indicates MHT-CET PCM PercentileS,8784,95.2051835
06273,"Bansilal Ramnath Agarawal Charitable Trust's Vishwakarma Institute of Technology, Bibwewadi, Pune",,627399510,Artificial Intelligence and Data Science,State Level,DS,4938,97.2207779
06273,"Bansilal Ramnath Agarawal Charitable Trust's Vishwakarma Institute of Technology, Bibwewadi, Pune",,627399510,Artificial Intelligence and Data Science,State Level,State Common Entrance Test CellS,6338,96.472706
06273,"Bansilal Ramnath Agarawal Charitable Trust's Vishwakarma Institute of Technology, Bibwewadi, Pune",,627399510,Artificial Intelligence and Data Science,State Level,Cut Off List for Maharashtra & Minority Seats of CAP Round - III for the Admission to the First Year Under Graduate Technical Courses in Engineering and Technology (4 Years) &S,22212,88.0563059
06273,"Bansilal Ramnath Agarawal Charitable Trust's Vishwakarma Institute of Technology, Bibwewadi, Pune",,627399510,Artificial Intelligence and Data Science,State Level,Master of Engineering and Technology (Integrated 5 Years) Admissions A.Y. 2022-23S,7049,96.1081543
06273,"Bansilal Ramnath Agarawal Charitable Trust's Vishwakarma Institute of Technology, Bibwewadi, Pune",,627399510,Artificial Intelligence and Data Science,State Level,GOPENS,3362,98.0441763
06274,"Pune Vidyarthi Griha's College of Engineering and Technology and G K Pate(Wani) Institute of  Management,  Pune",,627424510,Computer Engineering,State Level,"Legends:Start Character G-General, L-Ladies, End Character H-Home University, O-Other than Home University, S-State LevelS",2925,98.2988025
06274,"Pune Vidyarthi Griha's College of Engineering and Technology and G K Pate(Wani) Institute of  Management,  Pune",,627424610,Information Technology,State Level,"Legends:Start Character G-General, L-Ladies, End Character H-Home University, O-Other than Home University, S-State LevelS",5626,96.8473791
06274,"Pune Vidyarthi Griha's College of Engineering and Technology and G K Pate(Wani) Institute of  Management,  Pune",,627424610,Information Technology,State Level,Maharashtra State Seats - Cut Off Indicates State General Merit No. ; Figures in bracket Indicates MHT-CET PCM PercentileS,6935,96.1795056
06274,"Pune Vidyarthi Griha's College of Engineering and Technology and G K Pate(Wani) Institute of  Management,  Pune",,627429310,Electrical Engineering,State Level,"Legends:Start Character G-General, L-Ladies, End Character H-Home University, O-Other than Home University, S-State LevelS",28798,84.2697705
06274,"Pune Vidyarthi Griha's College of Engineering and Technology and G K Pate(Wani) Institute of  Management,  Pune",,627437210,Electronics and Telecommunication Engg,State Level,"Legends:Start Character G-General, L-Ladies, End Character H-Home University, O-Other than Home University, S-State LevelS",13199,92.8629709
06274,"Pune Vidyarthi Griha's College of Engineering and Technology and G K Pate(Wani) Institute of  Management,  Pune",,627437210,Electronics and Telecommunication Engg,State Level,Maharashtra State Seats - Cut Off Indicates State General Merit No. ; Figures in bracket Indicates MHT-CET PCM PercentileS,15577,91.5890515
06274,"Pune Vidyarthi Griha's College of Engineering and Technology and G K Pate(Wani) Institute of  Management,  Pune",,627461210,Mechanical Engineering,State Level,"Legends:Start Character G-General, L-Ladies, End Character H-Home University, O-Other than Home University, S-State LevelS",38328,79.1079584
06274,"Pune Vidyarthi Griha's College of Engineering and Technology and G K Pate(Wani) Institute of  Management,  Pune",,627461210,Mechanical Engineering,State Level,I-NonS,35583,80.6275908
06274,"Pune Vidyarthi Griha's College of Engineering and Technology and G K Pate(Wani) Institute of  Management,  Pune",,627461210,Mechanical Engineering,State Level,VIIS,41614,77.0666918
06274,"Pune Vidyarthi Griha's College of Engineering and Technology and G K Pate(Wani) Institute of  Management,  Pune",,627484310,Printing Technology,State Level,"Legends:Start Character G-General, L-Ladies, End Character H-Home University, O-Other than Home University, S-State LevelS",89383,41.9139826
06274,"Pune Vidyarthi Griha's College of Engineering and Technology and G K Pate(Wani) Institute of  Management,  Pune",,627499510,Artificial Intelligence and Data Science,State Level,"Legends:Start Character G-General, L-Ladies, End Character H-Home University, O-Other than Home University, S-State LevelS",10697,94.2082563
06275,"Shivnagar Vidya Prasarak Mandal's College of Engineering, Malegaon-Baramati",,627519110,Civil Engineering,State Level,"Legends:Start Character G-General, L-Ladies, End Character H-Home University, O-Other than Home University, S-State LevelS",110352,18.840167
06275,"Shivnagar Vidya Prasarak Mandal's College of Engineering, Malegaon-Baramati",,627524510,Computer Engineering,State Level,"Legends:Start Character G-General, L-Ladies, End Character H-Home University, O-Other than Home University, S-State LevelS",25878,86.0140851
06275,"Shivnagar Vidya Prasarak Mandal's College of Engineering, Malegaon-Baramati",,627524610,Information Technology,State Level,"Legends:Start Character G-General, L-Ladies, End Character H-Home University, O-Other than Home University, S-State LevelS",33665,81.6350139
06275,"Shivnagar Vidya Prasarak Mandal's College of Engineering, Malegaon-Baramati",,627529310,Electrical Engineering,State Level,"Legends:Start Character G-General, L-Ladies, End Character H-Home University, O-Other than Home University, S-State LevelS",77370,51.9313711
06275,"Shivnagar Vidya Prasarak Mandal's College of Engineering, Malegaon-Baramati",,627529310,Electrical Engineering,State Level,I-NonS,78071,51.2600953
06275,"Shivnagar Vidya Prasarak Mandal's College of Engineering, Malegaon-Baramati",,627529310,Electrical Engineering,State Level,VIIS,75081,54.124615
06275,"Shivnagar Vidya Prasarak Mandal's College of Engineering, Malegaon-Baramati",,627537210,Electronics and Telecommunication Engg,State Level,"Legends:Start Character G-General, L-Ladies, End Character H-Home University, O-Other than Home University, S-State LevelS",41817,77.0311313
06275,"Shivnagar Vidya Prasarak Mandal's College of Engineering, Malegaon-Baramati",,627561210,Mechanical Engineering,State Level,"Legends:Start Character G-General, L-Ladies, End Character H-Home University, O-Other than Home University, S-State LevelS",84242,45.9884082
06276,"MKSSS's Cummins College of Engineering for Women, Karvenagar,Pune",,,Mechanical Engineering,State Level,"Legends:Start Character G-General, L-Ladies, End Character H-Home University, O-Other than Home University, S-State LevelS",3059,98.2216336
06276,"MKSSS's Cummins College of Engineering for Women, Karvenagar,Pune",,,Mechanical Engineering,State Level,Maharashtra State Seats - Cut Off Indicates State General Merit No. ; Figures in bracket Indicates MHT-CET PCM PercentileS,12595,93.1750461
06276,"MKSSS's Cummins College of Engineering for Women, Karvenagar,Pune",,,Mechanical Engineering,State Level,DS,3396,98.0374453
06276,"MKSSS's Cummins College of Engineering for Women, Karvenagar,Pune",,,Mechanical Engineering,State Level,627624650F - Information TechnologyS,4101,97.6493402
06276,"MKSSS's Cummins College of Engineering for Women, Karvenagar,Pune",,,Mechanical Engineering,State Level,LOPENS,15576,91.5890515
06276,"MKSSS's Cummins College of Engineering for Women, Karvenagar,Pune",,,Mechanical Engineering,State Level,LSCS,4054,97.6924899
06276,"MKSSS's Cummins College of Engineering for Women, Karvenagar,Pune",,,Mechanical Engineering,State Level,I-NonS,4113,97.6493402
06276,"MKSSS's Cummins College of Engineering for Women, Karvenagar,Pune",,,Mechanical Engineering,State Level,627637250F - Electronics and Telecommunication EnggS,5713,96.8019387
06276,"MKSSS's Cummins College of Engineering for Women, Karvenagar,Pune",,,Mechanical Engineering,State Level,LOPENS,21556,88.4671878
06276,"MKSSS's Cummins College of Engineering for Women, Karvenagar,Pune",,,Mechanical Engineering,State Level,LSCS,7227,96.0282477
06276,"MKSSS's Cummins College of Engineering for Women, Karvenagar,Pune",,,Mechanical Engineering,State Level,I-NonS,6080,96.6135363
06276,"MKSSS's Cummins College of Engineering for Women, Karvenagar,Pune",,,Mechanical Engineering,State Level,VIIS,6031,96.6258699
06276,"MKSSS's Cummins College of Engineering for Women, Karvenagar,Pune",,,Mechanical Engineering,State Level,627646450F - Instrumentation and Control EngineeringS,21418,88.4857211
06276,"MKSSS's Cummins College of Engineering for Women, Karvenagar,Pune",,,Mechanical Engineering,State Level,LOBCS,23052,87.5783283
06276,"MKSSS's Cummins College of Engineering for Women, Karvenagar,Pune",,,Mechanical Engineering,State Level,"Legends:Start Character G-General, L-Ladies, End Character H-Home University, O-Other than Home University, S-State LevelS",13795,92.6037916
06276,"MKSSS's Cummins College of Engineering for Women, Karvenagar,Pune",,,Mechanical Engineering,State Level,Maharashtra State Seats - Cut Off Indicates State General Merit No. ; Figures in bracket Indicates MHT-CET PCM PercentileS,81446,48.7700838
06276,"MKSSS's Cummins College of Engineering for Women, Karvenagar,Pune",,,Mechanical Engineering,State Level,DS,15150,91.8555998
06276,"MKSSS's Cummins College of Engineering for Women, Karvenagar,Pune",,,Mechanical Engineering,State Level,VIIS,14379,92.2346476
06277,"Dr. J. J. Magdum  Charitable Trust's Dr. J.J. Magdum College of Engineering, Jaysingpur",,627719110,Civil Engineering,State Level,"Legends:Start Character G-General, L-Ladies, End Character H-Home University, O-Other than Home University, S-State LevelS",97531,33.083064
06277,"Dr. J. J. Magdum  Charitable Trust's Dr. J.J. Magdum College of Engineering, Jaysingpur",,627724210,Computer Science and Engineering,State Level,"Legends:Start Character G-General, L-Ladies, End Character H-Home University, O-Other than Home University, S-State LevelS",43526,75.7886771
06277,"Dr. J. J. Magdum  Charitable Trust's Dr. J.J. Magdum College of Engineering, Jaysingpur",,627724610,Information Technology,State Level,"Legends:Start Character G-General, L-Ladies, End Character H-Home University, O-Other than Home University, S-State LevelS",44833,75.182198
06277,"Dr. J. J. Magdum  Charitable Trust's Dr. J.J. Magdum College of Engineering, Jaysingpur",,627726310,Artificial Intelligence (AI) and Data Science,State Level,"Legends:Start Character G-General, L-Ladies, End Character H-Home University, O-Other than Home University, S-State LevelS",48214,72.8974176
06277,"Dr. J. J. Magdum  Charitable Trust's Dr. J.J. Magdum College of Engineering, Jaysingpur",,627737210,Electronics and Telecommunication Engg,State Level,"Legends:Start Character G-General, L-Ladies, End Character H-Home University, O-Other than Home University, S-State LevelS",56543,67.4824177
06277,"Dr. J. J. Magdum  Charitable Trust's Dr. J.J. Magdum College of Engineering, Jaysingpur",,627737210,Electronics and Telecommunication Engg,State Level,Maharashtra State Seats - Cut Off Indicates State General Merit No. ; Figures in bracket Indicates MHT-CET PCM PercentileS,61616,64.0172786
06277,"Dr. J. J. Magdum  Charitable Trust's Dr. J.J. Magdum College of Engineering, Jaysingpur",,627737210,Electronics and Telecommunication Engg,State Level,I-NonS,62195,63.7783399
06277,"Dr. J. J. Magdum  Charitable Trust's Dr. J.J. Magdum College of Engineering, Jaysingpur",,627761210,Mechanical Engineering,State Level,EWS,109436,19.8474395
06278,"All India Shri Shivaji Memorial Society's College of Engineering, Pune",,627819110,Civil Engineering,State Level,"Legends:Start Character G-General, L-Ladies, End Character H-Home University, O-Other than Home University, S-State LevelS",42286,76.6964455
06278,"All India Shri Shivaji Memorial Society's College of Engineering, Pune",,627819110,Civil Engineering,State Level,Maharashtra State Seats - Cut Off Indicates State General Merit No. ; Figures in bracket Indicates MHT-CET PCM PercentileS,50779,71.2367422
06278,"All India Shri Shivaji Memorial Society's College of Engineering, Pune",,627819110,Civil Engineering,State Level,I-NonS,28755,84.2697705
06278,"All India Shri Shivaji Memorial Society's College of Engineering, Pune",,627824510,Computer Engineering,State Level,"Legends:Start Character G-General, L-Ladies, End Character H-Home University, O-Other than Home University, S-State LevelS",8840,95.1404707
06278,"All India Shri Shivaji Memorial Society's College of Engineering, Pune",,627824510,Computer Engineering,State Level,VIIS,6418,96.4453291
06278,"All India Shri Shivaji Memorial Society's College of Engineering, Pune",,627829310,Electrical Engineering,State Level,"Legends:Start Character G-General, L-Ladies, End Character H-Home University, O-Other than Home University, S-State LevelS",34457,81.4005843
06278,"All India Shri Shivaji Memorial Society's College of Engineering, Pune",,627837210,Electronics and Telecommunication Engg,State Level,"Legends:Start Character G-General, L-Ladies, End Character H-Home University, O-Other than Home University, S-State LevelS",21984,88.1374722
06278,"All India Shri Shivaji Memorial Society's College of Engineering, Pune",,627837210,Electronics and Telecommunication Engg,State Level,Maharashtra State Seats - Cut Off Indicates State General Merit No. ; Figures in bracket Indicates MHT-CET PCM PercentileS,12615,93.1714502
06278,"All India Shri Shivaji Memorial Society's College of Engineering, Pune",,627850710,Chemical Engineering,State Level,"Legends:Start Character G-General, L-Ladies, End Character H-Home University, O-Other than Home University, S-State LevelS",86322,44.6471616
06278,"All India Shri Shivaji Memorial Society's College of Engineering, Pune",,627850710,Chemical Engineering,State Level,I-NonS,43081,76.2706983
06278,"All India Shri Shivaji Memorial Society's College of Engineering, Pune",,627861210,Mechanical Engineering,State Level,"Legends:Start Character G-General, L-Ladies, End Character H-Home University, O-Other than Home University, S-State LevelS",14204,92.3335702
06278,"All India Shri Shivaji Memorial Society's College of Engineering, Pune",,627861210,Mechanical Engineering,State Level,Maharashtra State Seats - Cut Off Indicates State General Merit No. ; Figures in bracket Indicates MHT-CET PCM PercentileS,46955,74.0962113
06278,"All India Shri Shivaji Memorial Society's College of Engineering, Pune",,627861210,Mechanical Engineering,State Level,I-NonS,42358,76.6964455
06278,"All India Shri Shivaji Memorial Society's College of Engineering, Pune",,627862510,Mechanical Engineering[Sandwich],State Level,"Legends:Start Character G-General, L-Ladies, End Character H-Home University, O-Other than Home University, S-State LevelS",55725,68.2985361
06278,"All India Shri Shivaji Memorial Society's College of Engineering, Pune",,627862610,Production Engineering[Sandwich],State Level,"Legends:Start Character G-General, L-Ladies, End Character H-Home University, O-Other than Home University, S-State LevelS",112466,15.6956852
06281,"Modern Education Society's College of Engineering, Pune",,628124510,Computer Engineering,State Level,"Legends:Start Character G-General, L-Ladies, End Character H-Home University, O-Other than Home University, S-State LevelS",12947,92.9996682
06281,"Modern Education Society's College of Engineering, Pune",,628137210,Electronics and Telecommunication Engg,State Level,"Legends:Start Character G-General, L-Ladies, End Character H-Home University, O-Other than Home University, S-State LevelS",19602,89.4839384
06281,"Modern Education Society's College of Engineering, Pune",,628137210,Electronics and Telecommunication Engg,State Level,Maharashtra State Seats - Cut Off Indicates State General Merit No. ; Figures in bracket Indicates MHT-CET PCM PercentileS,28035,84.8888044
06281,"Modern Education Society's College of Engineering, Pune",,628161210,Mechanical Engineering,State Level,"Legends:Start Character G-General, L-Ladies, End Character H-Home University, O-Other than Home University, S-State LevelS",64866,61.8814494
06281,"Modern Education Society's College of Engineering, Pune",,628161210,Mechanical Engineering,State Level,Maharashtra State Seats - Cut Off Indicates State General Merit No. ; Figures in bracket Indicates MHT-CET PCM PercentileS,67908,59.6829046
06281,"Modern Education Society's College of Engineering, Pune",,628191610,Automation and Robotics,State Level,"Legends:Start Character G-General, L-Ladies, End Character H-Home University, O-Other than Home University, S-State LevelS",41371,77.0895594
06282,"All India Shri Shivaji Memorial Society's Institute of Information Technology,Pune",,628224510,Computer Engineering,State Level,"Legends:Start Character G-General, L-Ladies, End Character H-Home University, O-Other than Home University, S-State LevelS",7892,95.6714547
06282,"All India Shri Shivaji Memorial Society's Institute of Information Technology,Pune",,628224510,Computer Engineering,State Level,Maharashtra State Seats - Cut Off Indicates State General Merit No. ; Figures in bracket Indicates MHT-CET PCM PercentileS,19885,89.3832493
06282,"All India Shri Shivaji Memorial Society's Institute of Information Technology,Pune",,628224510,Computer Engineering,State Level,DS,60158,65.2400587
06282,"All India Shri Shivaji Memorial Society's Institute of Information Technology,Pune",,628224510,Computer Engineering,State Level,State Common Entrance Test CellS,11768,93.6035862
06282,"All India Shri Shivaji Memorial Society's Institute of Information Technology,Pune",,628224510,Computer Engineering,State Level,Cut Off List for Maharashtra & Minority Seats of CAP Round - III for the Admission to the First Year Under Graduate Technical Courses in Engineering and Technology (4 Years) &S,8803,95.1433309
06282,"All India Shri Shivaji Memorial Society's Institute of Information Technology,Pune",,628224510,Computer Engineering,State Level,Master of Engineering and Technology (Integrated 5 Years) Admissions A.Y. 2022-23S,9321,94.9082722
06282,"All India Shri Shivaji Memorial Society's Institute of Information Technology,Pune",,628224610,Information Technology,State Level,GOPENS,8545,95.3293762
06282,"All India Shri Shivaji Memorial Society's Institute of Information Technology,Pune",,628224610,Information Technology,State Level,GSCS,20399,89.0325033
06282,"All India Shri Shivaji Memorial Society's Institute of Information Technology,Pune",,628224610,Information Technology,State Level,GVJS,22348,87.985064
06282,"All India Shri Shivaji Memorial Society's Institute of Information Technology,Pune",,628224610,Information Technology,State Level,LOPENS,10331,94.4180465
06282,"All India Shri Shivaji Memorial Society's Institute of Information Technology,Pune",,628224610,Information Technology,State Level,LSTS,101558,28.9481366
06282,"All India Shri Shivaji Memorial Society's Institute of Information Technology,Pune",,628224610,Information Technology,State Level,EWS,9617,94.7358445
06282,"All India Shri Shivaji Memorial Society's Institute of Information Technology,Pune",,628229310,Electrical Engineering,State Level,GOPENS,40872,77.6308856
06282,"All India Shri Shivaji Memorial Society's Institute of Information Technology,Pune",,628229310,Electrical Engineering,State Level,GSCS,50748,71.2367422
06282,"All India Shri Shivaji Memorial Society's Institute of Information Technology,Pune",,628229310,Electrical Engineering,State Level,GOBCS,45898,74.5106403
06282,"All India Shri Shivaji Memorial Society's Institute of Information Technology,Pune",,628229310,Electrical Engineering,State Level,LOPENS,29159,84.1949276
06282,"All India Shri Shivaji Memorial Society's Institute of Information Technology,Pune",,628229310,Electrical Engineering,State Level,I-NonS,46517,74.2012741
06282,"All India Shri Shivaji Memorial Society's Institute of Information Technology,Pune",,628229310,Electrical Engineering,State Level,VIIS,45269,74.745321
06282,"All India Shri Shivaji Memorial Society's Institute of Information Technology,Pune",,628237210,Electronics and Telecommunication Engg,State Level,GOPENS,15108,91.8885683
06282,"All India Shri Shivaji Memorial Society's Institute of Information Technology,Pune",,628237210,Electronics and Telecommunication Engg,State Level,GSCS,25523,86.3122546
06282,"All India Shri Shivaji Memorial Society's Institute of Information Technology,Pune",,628237210,Electronics and Telecommunication Engg,State Level,GSTS,15261,91.8235378
06282,"All India Shri Shivaji Memorial Society's Institute of Information Technology,Pune",,628237210,Electronics and Telecommunication Engg,State Level,GOBCS,17906,90.3769698
06282,"All India Shri Shivaji Memorial Society's Institute of Information Technology,Pune",,628237210,Electronics and Telecommunication Engg,State Level,LOPENS,24333,86.9162467
06282,"All India Shri Shivaji Memorial Society's Institute of Information Technology,Pune",,628237210,Electronics and Telecommunication Engg,State Level,VIIS,16753,90.9383249
06282,"All India Shri Shivaji Memorial Society's Institute of Information Technology,Pune",,628246610,Instrumentation Engineering,State Level,"Legends:Start Character G-General, L-Ladies, End Character H-Home University, O-Other than Home University, S-State LevelS",32927,82.1909278
06282,"All India Shri Shivaji Memorial Society's Institute of Information Technology,Pune",,628246610,Instrumentation Engineering,State Level,Maharashtra State Seats - Cut Off Indicates State General Merit No. ; Figures in bracket Indicates MHT-CET PCM PercentileS,39455,78.3496848
06282,"All India Shri Shivaji Memorial Society's Institute of Information Technology,Pune",,628246610,Instrumentation Engineering,State Level,DS,43965,75.6487214
06282,"All India Shri Shivaji Memorial Society's Institute of Information Technology,Pune",,628299510,Artificial Intelligence and Data Science,State Level,GOPENS,10481,94.29291
06282,"All India Shri Shivaji Memorial Society's Institute of Information Technology,Pune",,628299510,Artificial Intelligence and Data Science,State Level,GSTS,19795,89.3887863
06282,"All India Shri Shivaji Memorial Society's Institute of Information Technology,Pune",,628299510,Artificial Intelligence and Data Science,State Level,GNT1S,13137,92.8720577
06282,"All India Shri Shivaji Memorial Society's Institute of Information Technology,Pune",,628299510,Artificial Intelligence and Data Science,State Level,GNT3S,11253,93.9121803
06282,"All India Shri Shivaji Memorial Society's Institute of Information Technology,Pune",,628299510,Artificial Intelligence and Data Science,State Level,GOBCS,10506,94.280976
06282,"All India Shri Shivaji Memorial Society's Institute of Information Technology,Pune",,628299510,Artificial Intelligence and Data Science,State Level,LOPENS,10003,94.5628072
06282,"All India Shri Shivaji Memorial Society's Institute of Information Technology,Pune",,628299510,Artificial Intelligence and Data Science,State Level,VIIS,10767,94.1818526
06283,"Annasaheb Dange College of Engineering and Technology, Ashta, Sangli",,628300210,Aeronautical Engineering,State Level,"Legends:Start Character G-General, L-Ladies, End Character H-Home University, O-Other than Home University, S-State LevelS",72725,55.8902921
06283,"Annasaheb Dange College of Engineering and Technology, Ashta, Sangli",,628300210,Aeronautical Engineering,State Level,Maharashtra State Seats - Cut Off Indicates State General Merit No. ; Figures in bracket Indicates MHT-CET PCM PercentileS,85419,44.986801
06283,"Annasaheb Dange College of Engineering and Technology, Ashta, Sangli",,628300210,Aeronautical Engineering,State Level,DS,66208,60.7344231
06283,"Annasaheb Dange College of Engineering and Technology, Ashta, Sangli",,628300210,Aeronautical Engineering,State Level,State Common Entrance Test CellS,110290,18.840167
06283,"Annasaheb Dange College of Engineering and Technology, Ashta, Sangli",,628300210,Aeronautical Engineering,State Level,Cut Off List for Maharashtra & Minority Seats of CAP Round - III for the Admission to the First Year Under Graduate Technical Courses in Engineering and Technology (4 Years) &S,49810,71.9798416
06283,"Annasaheb Dange College of Engineering and Technology, Ashta, Sangli",,628300210,Aeronautical Engineering,State Level,Master of Engineering and Technology (Integrated 5 Years) Admissions A.Y. 2022-23S,94809,35.978039
06283,"Annasaheb Dange College of Engineering and Technology, Ashta, Sangli",,628300210,Aeronautical Engineering,State Level,I-NonS,56986,67.447284
06283,"Annasaheb Dange College of Engineering and Technology, Ashta, Sangli",,628300210,Aeronautical Engineering,State Level,VIIS,77993,51.2600953
06283,"Annasaheb Dange College of Engineering and Technology, Ashta, Sangli",,628301210,Agriculture Engineering,State Level,TFWS,114648,12.7995462
06283,"Annasaheb Dange College of Engineering and Technology, Ashta, Sangli",,628301210,Agriculture Engineering,State Level,EWS,67248,60.0860804
06283,"Annasaheb Dange College of Engineering and Technology, Ashta, Sangli",,628324210,Computer Science and Engineering,State Level,GOPENS,21557,88.4671878
06283,"Annasaheb Dange College of Engineering and Technology, Ashta, Sangli",,628324210,Computer Science and Engineering,State Level,GSCS,39880,78.1473584
06283,"Annasaheb Dange College of Engineering and Technology, Ashta, Sangli",,628324210,Computer Science and Engineering,State Level,GNT2S,29316,84.1506751
06283,"Annasaheb Dange College of Engineering and Technology, Ashta, Sangli",,628324210,Computer Science and Engineering,State Level,GNT3S,58186,66.4465439
06283,"Annasaheb Dange College of Engineering and Technology, Ashta, Sangli",,628324210,Computer Science and Engineering,State Level,GOBCS,30540,83.4045178
06283,"Annasaheb Dange College of Engineering and Technology, Ashta, Sangli",,628324210,Computer Science and Engineering,State Level,LSCS,38734,78.6657067
06283,"Annasaheb Dange College of Engineering and Technology, Ashta, Sangli",,628324210,Computer Science and Engineering,State Level,LSTS,29615,84.0809188
06283,"Annasaheb Dange College of Engineering and Technology, Ashta, Sangli",,628324210,Computer Science and Engineering,State Level,VIIS,21856,88.2419713
06283,"Annasaheb Dange College of Engineering and Technology, Ashta, Sangli",,628326310,Artificial Intelligence (AI) and Data Science,State Level,GOPENS,30352,83.4797216
06283,"Annasaheb Dange College of Engineering and Technology, Ashta, Sangli",,628326310,Artificial Intelligence (AI) and Data Science,State Level,GNT3S,70810,57.2112851
06283,"Annasaheb Dange College of Engineering and Technology, Ashta, Sangli",,628326310,Artificial Intelligence (AI) and Data Science,State Level,LOPENS,30945,83.2493822
06283,"Annasaheb Dange College of Engineering and Technology, Ashta, Sangli",,628329310,Electrical Engineering,State Level,"Legends:Start Character G-General, L-Ladies, End Character H-Home University, O-Other than Home University, S-State LevelS",68554,59.4192464
06283,"Annasaheb Dange College of Engineering and Technology, Ashta, Sangli",,628329310,Electrical Engineering,State Level,Maharashtra State Seats - Cut Off Indicates State General Merit No. ; Figures in bracket Indicates MHT-CET PCM PercentileS,122559,0.1469263
06283,"Annasaheb Dange College of Engineering and Technology, Ashta, Sangli",,628329310,Electrical Engineering,State Level,DS,81440,48.7700838
06283,"Annasaheb Dange College of Engineering and Technology, Ashta, Sangli",,628329310,Electrical Engineering,State Level,State Common Entrance Test CellS,102924,27.3337429
06283,"Annasaheb Dange College of Engineering and Technology, Ashta, Sangli",,628329310,Electrical Engineering,State Level,Cut Off List for Maharashtra & Minority Seats of CAP Round - III for the Admission to the First Year Under Graduate Technical Courses in Engineering and Technology (4 Years) &S,66979,60.5043241
06283,"Annasaheb Dange College of Engineering and Technology, Ashta, Sangli",,628329310,Electrical Engineering,State Level,Master of Engineering and Technology (Integrated 5 Years) Admissions A.Y. 2022-23S,91167,39.5925136
06283,"Annasaheb Dange College of Engineering and Technology, Ashta, Sangli",,628329310,Electrical Engineering,State Level,GOPENS,80309,49.556541
06283,"Annasaheb Dange College of Engineering and Technology, Ashta, Sangli",,628329310,Electrical Engineering,State Level,GSCS,59812,65.2657662
06283,"Annasaheb Dange College of Engineering and Technology, Ashta, Sangli",,628329310,Electrical Engineering,State Level,I-NonS,107113,22.4871071
06283,"Annasaheb Dange College of Engineering and Technology, Ashta, Sangli",,628329310,Electrical Engineering,State Level,I-NonS,104234,25.8381109
06283,"Annasaheb Dange College of Engineering and Technology, Ashta, Sangli",,628329310,Electrical Engineering,State Level,VIIS,105752,23.9925869
06283,"Annasaheb Dange College of Engineering and Technology, Ashta, Sangli",,628350310,Food Technology,State Level,LOPENS,114476,12.9353233
06283,"Annasaheb Dange College of Engineering and Technology, Ashta, Sangli",,628361210,Mechanical Engineering,State Level,GOPENS,111415,17.4354552
06283,"Annasaheb Dange College of Engineering and Technology, Ashta, Sangli",,628361210,Mechanical Engineering,State Level,LOPENS,116956,9.9445363
06283,"Annasaheb Dange College of Engineering and Technology, Ashta, Sangli",,628361210,Mechanical Engineering,State Level,PWDOPENS,50933,71.2367422
06283,"Annasaheb Dange College of Engineering and Technology, Ashta, Sangli",,628361210,Mechanical Engineering,State Level,I-NonS,118252,7.4616793
06283,"Annasaheb Dange College of Engineering and Technology, Ashta, Sangli",,628392010,Computer Science and Engineering (Internet of Things and Cyber Security Including Block Chain,State Level,GOPENS,34985,80.9167266
06283,"Annasaheb Dange College of Engineering and Technology, Ashta, Sangli",,628392010,Computer Science and Engineering (Internet of Things and Cyber Security Including Block Chain,State Level,LOPENS,26762,85.6396122
06283,"Annasaheb Dange College of Engineering and Technology, Ashta, Sangli",,628392010,Computer Science and Engineering (Internet of Things and Cyber Security Including Block Chain,State Level,EWS,33328,81.9734345
06284,"Vidya Pratishthan's Kamalnayan Bajaj Institute of Engineering & Technology, Baramati Dist.Pune",,628419110,Civil Engineering,State Level,"Legends:Start Character G-General, L-Ladies, End Character H-Home University, O-Other than Home University, S-State LevelS",49306,72.5765063
06284,"Vidya Pratishthan's Kamalnayan Bajaj Institute of Engineering & Technology, Baramati Dist.Pune",,628419110,Civil Engineering,State Level,Maharashtra State Seats - Cut Off Indicates State General Merit No. ; Figures in bracket Indicates MHT-CET PCM PercentileS,71237,57.0638559
06284,"Vidya Pratishthan's Kamalnayan Bajaj Institute of Engineering & Technology, Baramati Dist.Pune",,628429310,Electrical Engineering,State Level,"Legends:Start Character G-General, L-Ladies, End Character H-Home University, O-Other than Home University, S-State LevelS",45128,74.9700023
06284,"Vidya Pratishthan's Kamalnayan Bajaj Institute of Engineering & Technology, Baramati Dist.Pune",,628429310,Electrical Engineering,State Level,I-NonS,63914,62.3954246
06284,"Vidya Pratishthan's Kamalnayan Bajaj Institute of Engineering & Technology, Baramati Dist.Pune",,628437210,Electronics and Telecommunication Engg,State Level,"Legends:Start Character G-General, L-Ladies, End Character H-Home University, O-Other than Home University, S-State LevelS",14220,92.3335702
06284,"Vidya Pratishthan's Kamalnayan Bajaj Institute of Engineering & Technology, Baramati Dist.Pune",,628437210,Electronics and Telecommunication Engg,State Level,Maharashtra State Seats - Cut Off Indicates State General Merit No. ; Figures in bracket Indicates MHT-CET PCM PercentileS,23911,87.0828062
06284,"Vidya Pratishthan's Kamalnayan Bajaj Institute of Engineering & Technology, Baramati Dist.Pune",,628461210,Mechanical Engineering,State Level,"Legends:Start Character G-General, L-Ladies, End Character H-Home University, O-Other than Home University, S-State LevelS",57315,67.1125395
06285,"Bharati Vidyapeeth's College of Engineering for Women, Katraj, Dhankawadi, Pune",,,Artificial Intelligence and Data Science,State Level,EWS,13659,92.6252847
06285,"Bharati Vidyapeeth's College of Engineering for Women, Katraj, Dhankawadi, Pune",,,Artificial Intelligence and Data Science,State Level,"Legends:Start Character G-General, L-Ladies, End Character H-Home University, O-Other than Home University, S-State LevelS",31631,82.8743796
06288,"Bharati Vidyapeeth's College of Engineering, Kolhapur",,628819110,Civil Engineering,State Level,"Legends:Start Character G-General, L-Ladies, End Character H-Home University, O-Other than Home University, S-State LevelS",88311,42.7946749
06288,"Bharati Vidyapeeth's College of Engineering, Kolhapur",,628824210,Computer Science and Engineering,State Level,EWS,18027,90.3376471
06288,"Bharati Vidyapeeth's College of Engineering, Kolhapur",,628837210,Electronics and Telecommunication Engg,State Level,"Legends:Start Character G-General, L-Ladies, End Character H-Home University, O-Other than Home University, S-State LevelS",40040,78.106229
06288,"Bharati Vidyapeeth's College of Engineering, Kolhapur",,628861210,Mechanical Engineering,State Level,"Legends:Start Character G-General, L-Ladies, End Character H-Home University, O-Other than Home University, S-State LevelS",104832,25.4603297
06288,"Bharati Vidyapeeth's College of Engineering, Kolhapur",,628861210,Mechanical Engineering,State Level,I-NonS,114989,12.4299468
06289,"B.R.A.C.T's Vishwakarma Institute of Information Technology, Kondhwa (Bk.), Pune",,628919110,Civil Engineering,State Level,"Legends:Start Character G-General, L-Ladies, End Character H-Home University, O-Other than Home University, S-State LevelS",30537,83.4045178
06289,"B.R.A.C.T's Vishwakarma Institute of Information Technology, Kondhwa (Bk.), Pune",,628919110,Civil Engineering,State Level,Maharashtra State Seats - Cut Off Indicates State General Merit No. ; Figures in bracket Indicates MHT-CET PCM PercentileS,52508,70.6831119
06289,"B.R.A.C.T's Vishwakarma Institute of Information Technology, Kondhwa (Bk.), Pune",,628919110,Civil Engineering,State Level,DS,44467,75.4846987
06289,"B.R.A.C.T's Vishwakarma Institute of Information Technology, Kondhwa (Bk.), Pune",,628919110,Civil Engineering,State Level,State Common Entrance Test CellS,38195,79.1656813
06289,"B.R.A.C.T's Vishwakarma Institute of Information Technology, Kondhwa (Bk.), Pune",,628919110,Civil Engineering,State Level,Cut Off List for Maharashtra & Minority Seats of CAP Round - III for the Admission to the First Year Under Graduate Technical Courses in Engineering and Technology (4 Years) &S,27808,84.9850573
06289,"B.R.A.C.T's Vishwakarma Institute of Information Technology, Kondhwa (Bk.), Pune",,628919110,Civil Engineering,State Level,Master of Engineering and Technology (Integrated 5 Years) Admissions A.Y. 2022-23S,39398,78.3496848
06289,"B.R.A.C.T's Vishwakarma Institute of Information Technology, Kondhwa (Bk.), Pune",,628919110,Civil Engineering,State Level,I-NonS,18110,90.2973471
06289,"B.R.A.C.T's Vishwakarma Institute of Information Technology, Kondhwa (Bk.), Pune",,628919110,Civil Engineering,State Level,VIIS,32463,82.4069575
06289,"B.R.A.C.T's Vishwakarma Institute of Information Technology, Kondhwa (Bk.), Pune",,628924510,Computer Engineering,State Level,GOPENS,3956,97.7392044
06289,"B.R.A.C.T's Vishwakarma Institute of Information Technology, Kondhwa (Bk.), Pune",,628924510,Computer Engineering,State Level,GSCS,9315,94.9082722
06289,"B.R.A.C.T's Vishwakarma Institute of Information Technology, Kondhwa (Bk.), Pune",,628924510,Computer Engineering,State Level,GSTS,40301,78.0555027
06289,"B.R.A.C.T's Vishwakarma Institute of Information Technology, Kondhwa (Bk.), Pune",,628924510,Computer Engineering,State Level,GNT2S,5355,97.0259327
06289,"B.R.A.C.T's Vishwakarma Institute of Information Technology, Kondhwa (Bk.), Pune",,628924510,Computer Engineering,State Level,GNT3S,5048,97.1657186
06289,"B.R.A.C.T's Vishwakarma Institute of Information Technology, Kondhwa (Bk.), Pune",,628924510,Computer Engineering,State Level,GOBCS,4429,97.4760126
06289,"B.R.A.C.T's Vishwakarma Institute of Information Technology, Kondhwa (Bk.), Pune",,628924510,Computer Engineering,State Level,LOPENS,4033,97.6981613
06289,"B.R.A.C.T's Vishwakarma Institute of Information Technology, Kondhwa (Bk.), Pune",,628924510,Computer Engineering,State Level,LOBCS,5886,96.7270799
06289,"B.R.A.C.T's Vishwakarma Institute of Information Technology, Kondhwa (Bk.), Pune",,628924510,Computer Engineering,State Level,PWDOPENS,71351,57.0638559
06289,"B.R.A.C.T's Vishwakarma Institute of Information Technology, Kondhwa (Bk.), Pune",,628924510,Computer Engineering,State Level,ORPHAN,4242,97.5977256
06289,"B.R.A.C.T's Vishwakarma Institute of Information Technology, Kondhwa (Bk.), Pune",,628924510,Computer Engineering,State Level,VIIS,3991,97.7151889
06289,"B.R.A.C.T's Vishwakarma Institute of Information Technology, Kondhwa (Bk.), Pune",,628924610,Information Technology,State Level,GOPENS,5021,97.1847006
06289,"B.R.A.C.T's Vishwakarma Institute of Information Technology, Kondhwa (Bk.), Pune",,628924610,Information Technology,State Level,GSCS,11949,93.5601746
06289,"B.R.A.C.T's Vishwakarma Institute of Information Technology, Kondhwa (Bk.), Pune",,628924610,Information Technology,State Level,GSTS,53959,69.3871747
06289,"B.R.A.C.T's Vishwakarma Institute of Information Technology, Kondhwa (Bk.), Pune",,628924610,Information Technology,State Level,GNT1S,8457,95.3393686
06289,"B.R.A.C.T's Vishwakarma Institute of Information Technology, Kondhwa (Bk.), Pune",,628924610,Information Technology,State Level,GNT2S,6279,96.4962802
06289,"B.R.A.C.T's Vishwakarma Institute of Information Technology, Kondhwa (Bk.), Pune",,628924610,Information Technology,State Level,GNT3S,5063,97.1657186
06289,"B.R.A.C.T's Vishwakarma Institute of Information Technology, Kondhwa (Bk.), Pune",,628924610,Information Technology,State Level,GOBCS,5435,96.9378449
06289,"B.R.A.C.T's Vishwakarma Institute of Information Technology, Kondhwa (Bk.), Pune",,628924610,Information Technology,State Level,LOPENS,6199,96.5320687
06289,"B.R.A.C.T's Vishwakarma Institute of Information Technology, Kondhwa (Bk.), Pune",,628924610,Information Technology,State Level,LOBCS,7281,95.9847681
06289,"B.R.A.C.T's Vishwakarma Institute of Information Technology, Kondhwa (Bk.), Pune",,628924610,Information Technology,State Level,PWDOBCS,3463,98.0099502
06289,"B.R.A.C.T's Vishwakarma Institute of Information Technology, Kondhwa (Bk.), Pune",,628924610,Information Technology,State Level,TFWS,5154,97.1164439
06289,"B.R.A.C.T's Vishwakarma Institute of Information Technology, Kondhwa (Bk.), Pune",,628924610,Information Technology,State Level,I-NonS,4569,97.4274058
06289,"B.R.A.C.T's Vishwakarma Institute of Information Technology, Kondhwa (Bk.), Pune",,628924610,Information Technology,State Level,VIIS,5100,97.1392429
06289,"B.R.A.C.T's Vishwakarma Institute of Information Technology, Kondhwa (Bk.), Pune",,628937210,Electronics and Telecommunication Engg,State Level,GOPENS,10165,94.4723858
06289,"B.R.A.C.T's Vishwakarma Institute of Information Technology, Kondhwa (Bk.), Pune",,628937210,Electronics and Telecommunication Engg,State Level,GSCS,18085,90.2973471
06289,"B.R.A.C.T's Vishwakarma Institute of Information Technology, Kondhwa (Bk.), Pune",,628937210,Electronics and Telecommunication Engg,State Level,GSTS,111292,17.5093411
06289,"B.R.A.C.T's Vishwakarma Institute of Information Technology, Kondhwa (Bk.), Pune",,628937210,Electronics and Telecommunication Engg,State Level,GVJS,14460,92.2302228
06289,"B.R.A.C.T's Vishwakarma Institute of Information Technology, Kondhwa (Bk.), Pune",,628937210,Electronics and Telecommunication Engg,State Level,GNT2S,10205,94.4462825
06289,"B.R.A.C.T's Vishwakarma Institute of Information Technology, Kondhwa (Bk.), Pune",,628937210,Electronics and Telecommunication Engg,State Level,GOBCS,11730,93.6474925
06289,"B.R.A.C.T's Vishwakarma Institute of Information Technology, Kondhwa (Bk.), Pune",,628937210,Electronics and Telecommunication Engg,State Level,LOPENS,10760,94.1818526
06289,"B.R.A.C.T's Vishwakarma Institute of Information Technology, Kondhwa (Bk.), Pune",,628937210,Electronics and Telecommunication Engg,State Level,LSCS,29879,83.8902317
06289,"B.R.A.C.T's Vishwakarma Institute of Information Technology, Kondhwa (Bk.), Pune",,628937210,Electronics and Telecommunication Engg,State Level,LSTS,11675,93.6527455
06289,"B.R.A.C.T's Vishwakarma Institute of Information Technology, Kondhwa (Bk.), Pune",,628937210,Electronics and Telecommunication Engg,State Level,LOBCS,6399,96.4475079
06289,"B.R.A.C.T's Vishwakarma Institute of Information Technology, Kondhwa (Bk.), Pune",,628937210,Electronics and Telecommunication Engg,State Level,PWDOBCS,8546,95.3293762
06289,"B.R.A.C.T's Vishwakarma Institute of Information Technology, Kondhwa (Bk.), Pune",,628937210,Electronics and Telecommunication Engg,State Level,I-NonS,11250,93.9121803
06289,"B.R.A.C.T's Vishwakarma Institute of Information Technology, Kondhwa (Bk.), Pune",,628937210,Electronics and Telecommunication Engg,State Level,VIIS,9680,94.7015776
06289,"B.R.A.C.T's Vishwakarma Institute of Information Technology, Kondhwa (Bk.), Pune",,628961210,Mechanical Engineering,State Level,"Legends:Start Character G-General, L-Ladies, End Character H-Home University, O-Other than Home University, S-State LevelS",28238,84.8614274
06289,"B.R.A.C.T's Vishwakarma Institute of Information Technology, Kondhwa (Bk.), Pune",,628961210,Mechanical Engineering,State Level,Maharashtra State Seats - Cut Off Indicates State General Merit No. ; Figures in bracket Indicates MHT-CET PCM PercentileS,32757,82.3797757
06289,"B.R.A.C.T's Vishwakarma Institute of Information Technology, Kondhwa (Bk.), Pune",,628961210,Mechanical Engineering,State Level,DS,44792,75.3508645
06289,"B.R.A.C.T's Vishwakarma Institute of Information Technology, Kondhwa (Bk.), Pune",,628961210,Mechanical Engineering,State Level,State Common Entrance Test CellS,48617,72.7702415
06289,"B.R.A.C.T's Vishwakarma Institute of Information Technology, Kondhwa (Bk.), Pune",,628961210,Mechanical Engineering,State Level,Cut Off List for Maharashtra & Minority Seats of CAP Round - III for the Admission to the First Year Under Graduate Technical Courses in Engineering and Technology (4 Years) &S,25066,86.5103056
06289,"B.R.A.C.T's Vishwakarma Institute of Information Technology, Kondhwa (Bk.), Pune",,628961210,Mechanical Engineering,State Level,Master of Engineering and Technology (Integrated 5 Years) Admissions A.Y. 2022-23S,23835,87.0828062
06289,"B.R.A.C.T's Vishwakarma Institute of Information Technology, Kondhwa (Bk.), Pune",,628961210,Mechanical Engineering,State Level,I-NonS,24394,86.9162467
06289,"B.R.A.C.T's Vishwakarma Institute of Information Technology, Kondhwa (Bk.), Pune",,628961210,Mechanical Engineering,State Level,VIIS,28330,84.6811929
06289,"B.R.A.C.T's Vishwakarma Institute of Information Technology, Kondhwa (Bk.), Pune",,628991110,Computer Science and Engineering(Artificial Intelligence and Machine Learning),State Level,GOPENS,5619,96.8473791
06289,"B.R.A.C.T's Vishwakarma Institute of Information Technology, Kondhwa (Bk.), Pune",,628991110,Computer Science and Engineering(Artificial Intelligence and Machine Learning),State Level,GOBCS,5648,96.8434161
06289,"B.R.A.C.T's Vishwakarma Institute of Information Technology, Kondhwa (Bk.), Pune",,628991310,Computer Science and Engineering (Artificial Intelligence),State Level,GOPENS,5691,96.8159203
06289,"B.R.A.C.T's Vishwakarma Institute of Information Technology, Kondhwa (Bk.), Pune",,628991310,Computer Science and Engineering (Artificial Intelligence),State Level,PWDOPENS,6331,96.4929764
06289,"B.R.A.C.T's Vishwakarma Institute of Information Technology, Kondhwa (Bk.), Pune",,628991310,Computer Science and Engineering (Artificial Intelligence),State Level,I-NonS,5621,96.8473791
06289,"B.R.A.C.T's Vishwakarma Institute of Information Technology, Kondhwa (Bk.), Pune",,628999510,Artificial Intelligence and Data Science,State Level,GOPENS,5666,96.8186638
06289,"B.R.A.C.T's Vishwakarma Institute of Information Technology, Kondhwa (Bk.), Pune",,628999510,Artificial Intelligence and Data Science,State Level,GSTS,72967,55.8902921
06289,"B.R.A.C.T's Vishwakarma Institute of Information Technology, Kondhwa (Bk.), Pune",,628999510,Artificial Intelligence and Data Science,State Level,GOBCS,7262,96.011519
06289,"B.R.A.C.T's Vishwakarma Institute of Information Technology, Kondhwa (Bk.), Pune",,628999510,Artificial Intelligence and Data Science,State Level,LSCS,24687,86.8132394
06289,"B.R.A.C.T's Vishwakarma Institute of Information Technology, Kondhwa (Bk.), Pune",,628999510,Artificial Intelligence and Data Science,State Level,PWDOPENS,7375,95.95134
06289,"B.R.A.C.T's Vishwakarma Institute of Information Technology, Kondhwa (Bk.), Pune",,628999510,Artificial Intelligence and Data Science,State Level,I-NonS,5728,96.8019387
06293,"Kai Amdar  Bramhadevdada Mane Shikshan & Samajik Prathistan's Bramhadevdada Mane Institute of Technology, Solapur",,629324210,Computer Science and Engineering,State Level,"Legends:Start Character G-General, L-Ladies, End Character H-Home University, O-Other than Home University, S-State LevelS",30021,83.6868736
06293,"Kai Amdar  Bramhadevdada Mane Shikshan & Samajik Prathistan's Bramhadevdada Mane Institute of Technology, Solapur",,629329310,Electrical Engineering,State Level,"Legends:Start Character G-General, L-Ladies, End Character H-Home University, O-Other than Home University, S-State LevelS",107746,22.1694264
06293,"Kai Amdar  Bramhadevdada Mane Shikshan & Samajik Prathistan's Bramhadevdada Mane Institute of Technology, Solapur",,629337210,Electronics and Telecommunication Engg,State Level,"Legends:Start Character G-General, L-Ladies, End Character H-Home University, O-Other than Home University, S-State LevelS",86968,43.3167495
06293,"Kai Amdar  Bramhadevdada Mane Shikshan & Samajik Prathistan's Bramhadevdada Mane Institute of Technology, Solapur",,629337210,Electronics and Telecommunication Engg,State Level,VIIS,87823,42.8034319
06298,"Zeal Education Society's Zeal College of Engineering & Reserch, Narhe, Pune",,629819110,Civil Engineering,State Level,EWS,118609,7.0709457
06298,"Zeal Education Society's Zeal College of Engineering & Reserch, Narhe, Pune",,629821910,Robotics and Automation,State Level,"Legends:Start Character G-General, L-Ladies, End Character H-Home University, O-Other than Home University, S-State LevelS",61556,64.0172786
06298,"Zeal Education Society's Zeal College of Engineering & Reserch, Narhe, Pune",,629824510,Computer Engineering,State Level,DEFOPENS,29140,84.1949276
06298,"Zeal Education Society's Zeal College of Engineering & Reserch, Narhe, Pune",,629824510,Computer Engineering,State Level,VIIS,20076,89.1304347
06298,"Zeal Education Society's Zeal College of Engineering & Reserch, Narhe, Pune",,629824610,Information Technology,State Level,"Legends:Start Character G-General, L-Ladies, End Character H-Home University, O-Other than Home University, S-State LevelS",24990,86.5233044
06298,"Zeal Education Society's Zeal College of Engineering & Reserch, Narhe, Pune",,629829310,Electrical Engineering,State Level,"Legends:Start Character G-General, L-Ladies, End Character H-Home University, O-Other than Home University, S-State LevelS",64043,62.3799839
06298,"Zeal Education Society's Zeal College of Engineering & Reserch, Narhe, Pune",,629829310,Electrical Engineering,State Level,Maharashtra State Seats - Cut Off Indicates State General Merit No. ; Figures in bracket Indicates MHT-CET PCM PercentileS,62751,63.5478045
06298,"Zeal Education Society's Zeal College of Engineering & Reserch, Narhe, Pune",,629837210,Electronics and Telecommunication Engg,State Level,"Legends:Start Character G-General, L-Ladies, End Character H-Home University, O-Other than Home University, S-State LevelS",39270,78.3504176
06298,"Zeal Education Society's Zeal College of Engineering & Reserch, Narhe, Pune",,629861210,Mechanical Engineering,State Level,"Legends:Start Character G-General, L-Ladies, End Character H-Home University, O-Other than Home University, S-State LevelS",89149,42.0206383
06298,"Zeal Education Society's Zeal College of Engineering & Reserch, Narhe, Pune",,629861210,Mechanical Engineering,State Level,I-NonS,66587,60.6284658
06298,"Zeal Education Society's Zeal College of Engineering & Reserch, Narhe, Pune",,629899510,Artificial Intelligence and Data Science,State Level,"Legends:Start Character G-General, L-Ladies, End Character H-Home University, O-Other than Home University, S-State LevelS",22790,87.6520385
06298,"Zeal Education Society's Zeal College of Engineering & Reserch, Narhe, Pune",,629899510,Artificial Intelligence and Data Science,State Level,Maharashtra State Seats - Cut Off Indicates State General Merit No. ; Figures in bracket Indicates MHT-CET PCM PercentileS,30291,83.4797216
06303,"Dr. Ashok Gujar Technical Institute's  Dr. Daulatrao Aher College of Engineering, Karad",,630319110,Civil Engineering,State Level,"Legends:Start Character G-General, L-Ladies, End Character H-Home University, O-Other than Home University, S-State LevelS",108152,21.5067519
06303,"Dr. Ashok Gujar Technical Institute's  Dr. Daulatrao Aher College of Engineering, Karad",,630337210,Electronics and Telecommunication Engg,State Level,TFWS,48293,72.8974176
06303,"Dr. Ashok Gujar Technical Institute's  Dr. Daulatrao Aher College of Engineering, Karad",,630361210,Mechanical Engineering,State Level,DEFOPENS,88651,42.5186027
06303,"Dr. Ashok Gujar Technical Institute's  Dr. Daulatrao Aher College of Engineering, Karad",,630361210,Mechanical Engineering,State Level,I-NonS,107881,21.8821184
06304,"Loknete Hanumantrao Charitable Trust's Adarsh Institute of Technology and Research Centre, Vita,Sangli",,630424210,Computer Science and Engineering,State Level,"Legends:Start Character G-General, L-Ladies, End Character H-Home University, O-Other than Home University, S-State LevelS",51697,70.9263207
06304,"Loknete Hanumantrao Charitable Trust's Adarsh Institute of Technology and Research Centre, Vita,Sangli",,630424210,Computer Science and Engineering,State Level,I-NonS,60902,64.7353734
06304,"Loknete Hanumantrao Charitable Trust's Adarsh Institute of Technology and Research Centre, Vita,Sangli",,630437210,Electronics and Telecommunication Engg,State Level,"Legends:Start Character G-General, L-Ladies, End Character H-Home University, O-Other than Home University, S-State LevelS",100882,29.3528763
06304,"Loknete Hanumantrao Charitable Trust's Adarsh Institute of Technology and Research Centre, Vita,Sangli",,630437210,Electronics and Telecommunication Engg,State Level,I-NonS,100494,30.014662
06304,"Loknete Hanumantrao Charitable Trust's Adarsh Institute of Technology and Research Centre, Vita,Sangli",,630492110,Artificial Intelligence and Machine Learning,State Level,"Legends:Start Character G-General, L-Ladies, End Character H-Home University, O-Other than Home University, S-State LevelS",71533,56.8099848
06304,"Loknete Hanumantrao Charitable Trust's Adarsh Institute of Technology and Research Centre, Vita,Sangli",,630492110,Artificial Intelligence and Machine Learning,State Level,I-NonS,80982,48.9390238
06304,"Loknete Hanumantrao Charitable Trust's Adarsh Institute of Technology and Research Centre, Vita,Sangli",,630492610,Electrical and ComputerEngineering,State Level,"Legends:Start Character G-General, L-Ladies, End Character H-Home University, O-Other than Home University, S-State LevelS",107637,22.1694264
06304,"Loknete Hanumantrao Charitable Trust's Adarsh Institute of Technology and Research Centre, Vita,Sangli",,630492610,Electrical and ComputerEngineering,State Level,Maharashtra State Seats - Cut Off Indicates State General Merit No. ; Figures in bracket Indicates MHT-CET PCM PercentileS,116357,10.4981278
06305,"S.D.N.C.R.E.S'S.Late Narayandas Bhawandas Chhabada Institute of Engineering & Technology, Satara",,630524210,Computer Science and Engineering,State Level,"Legends:Start Character G-General, L-Ladies, End Character H-Home University, O-Other than Home University, S-State LevelS",84113,46.1727561
06305,"S.D.N.C.R.E.S'S.Late Narayandas Bhawandas Chhabada Institute of Engineering & Technology, Satara",,630524210,Computer Science and Engineering,State Level,I-NonS,86921,43.3167495
06305,"S.D.N.C.R.E.S'S.Late Narayandas Bhawandas Chhabada Institute of Engineering & Technology, Satara",,630524610,Information Technology,State Level,"Legends:Start Character G-General, L-Ladies, End Character H-Home University, O-Other than Home University, S-State LevelS",114700,12.7559948
06305,"S.D.N.C.R.E.S'S.Late Narayandas Bhawandas Chhabada Institute of Engineering & Technology, Satara",,630537210,Electronics and Telecommunication Engg,State Level,EWS,119262,5.9035687
06307,"Dhole Patil Education Society, Dhole Patil College of Engineering, Wagholi, Tal. Haveli",,630724510,Computer Engineering,State Level,"Legends:Start Character G-General, L-Ladies, End Character H-Home University, O-Other than Home University, S-State LevelS",26737,85.6396122
06307,"Dhole Patil Education Society, Dhole Patil College of Engineering, Wagholi, Tal. Haveli",,630724510,Computer Engineering,State Level,Maharashtra State Seats - Cut Off Indicates State General Merit No. ; Figures in bracket Indicates MHT-CET PCM PercentileS,25702,86.2044419
06307,"Dhole Patil Education Society, Dhole Patil College of Engineering, Wagholi, Tal. Haveli",,630724610,Information Technology,State Level,"Legends:Start Character G-General, L-Ladies, End Character H-Home University, O-Other than Home University, S-State LevelS",32854,82.3797757
06307,"Dhole Patil Education Society, Dhole Patil College of Engineering, Wagholi, Tal. Haveli",,630737210,Electronics and Telecommunication Engg,State Level,"Legends:Start Character G-General, L-Ladies, End Character H-Home University, O-Other than Home University, S-State LevelS",33243,81.984042
06307,"Dhole Patil Education Society, Dhole Patil College of Engineering, Wagholi, Tal. Haveli",,630760210,Automobile Engineering,State Level,"Legends:Start Character G-General, L-Ladies, End Character H-Home University, O-Other than Home University, S-State LevelS",121300,2.5896414
06307,"Dhole Patil Education Society, Dhole Patil College of Engineering, Wagholi, Tal. Haveli",,630761210,Mechanical Engineering,State Level,"Legends:Start Character G-General, L-Ladies, End Character H-Home University, O-Other than Home University, S-State LevelS",84184,46.1727561
06307,"Dhole Patil Education Society, Dhole Patil College of Engineering, Wagholi, Tal. Haveli",,630761210,Mechanical Engineering,State Level,Maharashtra State Seats - Cut Off Indicates State General Merit No. ; Figures in bracket Indicates MHT-CET PCM PercentileS,71261,57.0638559
06308,"Shanti Education Society, A.G. Patil Institute of Technology, Soregaon, Solapur(North)",,630837210,Electronics and Telecommunication Engg,State Level,"Legends:Start Character G-General, L-Ladies, End Character H-Home University, O-Other than Home University, S-State LevelS",69382,58.8006082
06308,"Shanti Education Society, A.G. Patil Institute of Technology, Soregaon, Solapur(North)",,630837210,Electronics and Telecommunication Engg,State Level,I-NonS,66551,60.6284658
06310,"Nutan Maharashtra Vidya Prasarak Mandal, Nutan Maharashtra Institute of Engineering &Technology, Talegaon station, Pune",,631024510,Computer Engineering,State Level,DEFROBCS,42684,76.5571858
06310,"Nutan Maharashtra Vidya Prasarak Mandal, Nutan Maharashtra Institute of Engineering &Technology, Talegaon station, Pune",,631024510,Computer Engineering,State Level,EWS,16432,91.1115395
06310,"Nutan Maharashtra Vidya Prasarak Mandal, Nutan Maharashtra Institute of Engineering &Technology, Talegaon station, Pune",,631024610,Information Technology,State Level,"Legends:Start Character G-General, L-Ladies, End Character H-Home University, O-Other than Home University, S-State LevelS",17206,90.6976744
06310,"Nutan Maharashtra Vidya Prasarak Mandal, Nutan Maharashtra Institute of Engineering &Technology, Talegaon station, Pune",,631024610,Information Technology,State Level,Maharashtra State Seats - Cut Off Indicates State General Merit No. ; Figures in bracket Indicates MHT-CET PCM PercentileS,18174,90.269681
06310,"Nutan Maharashtra Vidya Prasarak Mandal, Nutan Maharashtra Institute of Engineering &Technology, Talegaon station, Pune",,631061210,Mechanical Engineering,State Level,EWS,73607,55.2181517
06311,"Jayawant Shikshan Prasarak Mandal, Bhivarabai Sawant Institute of Technology & Research, Wagholi",,631124510,Computer Engineering,State Level,"Legends:Start Character G-General, L-Ladies, End Character H-Home University, O-Other than Home University, S-State LevelS",24728,86.5823024
06311,"Jayawant Shikshan Prasarak Mandal, Bhivarabai Sawant Institute of Technology & Research, Wagholi",,631124610,Information Technology,State Level,"Legends:Start Character G-General, L-Ladies, End Character H-Home University, O-Other than Home University, S-State LevelS",18598,89.978791
06311,"Jayawant Shikshan Prasarak Mandal, Bhivarabai Sawant Institute of Technology & Research, Wagholi",,631124610,Information Technology,State Level,Maharashtra State Seats - Cut Off Indicates State General Merit No. ; Figures in bracket Indicates MHT-CET PCM PercentileS,27938,84.9772018
06311,"Jayawant Shikshan Prasarak Mandal, Bhivarabai Sawant Institute of Technology & Research, Wagholi",,631129310,Electrical Engineering,State Level,"Legends:Start Character G-General, L-Ladies, End Character H-Home University, O-Other than Home University, S-State LevelS",56156,67.9791157
06311,"Jayawant Shikshan Prasarak Mandal, Bhivarabai Sawant Institute of Technology & Research, Wagholi",,631137210,Electronics and Telecommunication Engg,State Level,"Legends:Start Character G-General, L-Ladies, End Character H-Home University, O-Other than Home University, S-State LevelS",99671,31.7734581
06311,"Jayawant Shikshan Prasarak Mandal, Bhivarabai Sawant Institute of Technology & Research, Wagholi",,631137210,Electronics and Telecommunication Engg,State Level,VIIS,40547,77.8937381
06311,"Jayawant Shikshan Prasarak Mandal, Bhivarabai Sawant Institute of Technology & Research, Wagholi",,631161210,Mechanical Engineering,State Level,"Legends:Start Character G-General, L-Ladies, End Character H-Home University, O-Other than Home University, S-State LevelS",101796,28.9481366
06313,"Jaywant College of Engineering & Polytechnic , Kille Macchindragad Tal. Walva District- Sangali",,631324510,Computer Engineering,State Level,"Legends:Start Character G-General, L-Ladies, End Character H-Home University, O-Other than Home University, S-State LevelS",86696,43.3167495
06313,"Jaywant College of Engineering & Polytechnic , Kille Macchindragad Tal. Walva District- Sangali",,631324510,Computer Engineering,State Level,I-NonS,69821,57.9292585
06313,"Jaywant College of Engineering & Polytechnic , Kille Macchindragad Tal. Walva District- Sangali",,631337210,Electronics and Telecommunication Engg,State Level,"Legends:Start Character G-General, L-Ladies, End Character H-Home University, O-Other than Home University, S-State LevelS",86558,44.6471616
06313,"Jaywant College of Engineering & Polytechnic , Kille Macchindragad Tal. Walva District- Sangali",,631337210,Electronics and Telecommunication Engg,State Level,Maharashtra State Seats - Cut Off Indicates State General Merit No. ; Figures in bracket Indicates MHT-CET PCM PercentileS,93922,36.7166438
06315,"Holy-Wood Academy's Sanjeevan Engineering and Technology Institute, Panhala",,631524210,Computer Science and Engineering,State Level,"Legends:Start Character G-General, L-Ladies, End Character H-Home University, O-Other than Home University, S-State LevelS",55399,68.5714285
06315,"Holy-Wood Academy's Sanjeevan Engineering and Technology Institute, Panhala",,631529310,Electrical Engineering,State Level,"Legends:Start Character G-General, L-Ladies, End Character H-Home University, O-Other than Home University, S-State LevelS",88914,42.3018437
06315,"Holy-Wood Academy's Sanjeevan Engineering and Technology Institute, Panhala",,631529310,Electrical Engineering,State Level,I-NonS,95695,35.6598862
06315,"Holy-Wood Academy's Sanjeevan Engineering and Technology Institute, Panhala",,631561210,Mechanical Engineering,State Level,"Legends:Start Character G-General, L-Ladies, End Character H-Home University, O-Other than Home University, S-State LevelS",111413,17.4354552
06317,"Sharad Institute of Technology College of Engineering, Yadrav(Ichalkaranji)",,631719110,Civil Engineering,State Level,"Legends:Start Character G-General, L-Ladies, End Character H-Home University, O-Other than Home University, S-State LevelS",120424,4.2124186
06317,"Sharad Institute of Technology College of Engineering, Yadrav(Ichalkaranji)",,631719110,Civil Engineering,State Level,Maharashtra State Seats - Cut Off Indicates State General Merit No. ; Figures in bracket Indicates MHT-CET PCM PercentileS,104353,25.8381109
06317,"Sharad Institute of Technology College of Engineering, Yadrav(Ichalkaranji)",,631719110,Civil Engineering,State Level,DS,63894,62.3954246
06317,"Sharad Institute of Technology College of Engineering, Yadrav(Ichalkaranji)",,631724210,Computer Science and Engineering,State Level,GOPENS,31038,83.2284916
06317,"Sharad Institute of Technology College of Engineering, Yadrav(Ichalkaranji)",,631724210,Computer Science and Engineering,State Level,GSTS,32285,82.4407997
06317,"Sharad Institute of Technology College of Engineering, Yadrav(Ichalkaranji)",,631724210,Computer Science and Engineering,State Level,GNT2S,65812,61.2621174
06317,"Sharad Institute of Technology College of Engineering, Yadrav(Ichalkaranji)",,631724210,Computer Science and Engineering,State Level,I-NonS,32206,82.4407997
06317,"Sharad Institute of Technology College of Engineering, Yadrav(Ichalkaranji)",,631724210,Computer Science and Engineering,State Level,VIIS,31444,83.1461738
06317,"Sharad Institute of Technology College of Engineering, Yadrav(Ichalkaranji)",,631729310,Electrical Engineering,State Level,GOPENS,47046,74.0962113
06317,"Sharad Institute of Technology College of Engineering, Yadrav(Ichalkaranji)",,631729310,Electrical Engineering,State Level,GSTS,92610,38.6417086
06317,"Sharad Institute of Technology College of Engineering, Yadrav(Ichalkaranji)",,631729310,Electrical Engineering,State Level,GOBCS,51677,70.9370842
06317,"Sharad Institute of Technology College of Engineering, Yadrav(Ichalkaranji)",,631729310,Electrical Engineering,State Level,LOPENS,54799,69.0394836
06317,"Sharad Institute of Technology College of Engineering, Yadrav(Ichalkaranji)",,631729310,Electrical Engineering,State Level,VIIS,67985,59.5292331
06317,"Sharad Institute of Technology College of Engineering, Yadrav(Ichalkaranji)",,631761210,Mechanical Engineering,State Level,GOPENS,110555,18.375784
06317,"Sharad Institute of Technology College of Engineering, Yadrav(Ichalkaranji)",,631761210,Mechanical Engineering,State Level,GNT1S,104293,25.8381109
06317,"Sharad Institute of Technology College of Engineering, Yadrav(Ichalkaranji)",,631761210,Mechanical Engineering,State Level,LOPENS,105064,25.3179745
06317,"Sharad Institute of Technology College of Engineering, Yadrav(Ichalkaranji)",,631761210,Mechanical Engineering,State Level,PWDOPENS,111346,17.5093411
06317,"Sharad Institute of Technology College of Engineering, Yadrav(Ichalkaranji)",,631761210,Mechanical Engineering,State Level,I-NonS,108319,21.2317049
06317,"Sharad Institute of Technology College of Engineering, Yadrav(Ichalkaranji)",,631761210,Mechanical Engineering,State Level,I-NonS,109110,20.232792
06317,"Sharad Institute of Technology College of Engineering, Yadrav(Ichalkaranji)",,631761210,Mechanical Engineering,State Level,VIIS,116162,10.6465496
06317,"Sharad Institute of Technology College of Engineering, Yadrav(Ichalkaranji)",,631762410,Mechatronics Engineering,State Level,"Legends:Start Character G-General, L-Ladies, End Character H-Home University, O-Other than Home University, S-State LevelS",90189,41.1873138
06317,"Sharad Institute of Technology College of Engineering, Yadrav(Ichalkaranji)",,631762410,Mechatronics Engineering,State Level,Maharashtra State Seats - Cut Off Indicates State General Merit No. ; Figures in bracket Indicates MHT-CET PCM PercentileS,101576,28.9481366
06317,"Sharad Institute of Technology College of Engineering, Yadrav(Ichalkaranji)",,631762410,Mechatronics Engineering,State Level,DS,109215,20.1763116
06317,"Sharad Institute of Technology College of Engineering, Yadrav(Ichalkaranji)",,631762410,Mechatronics Engineering,State Level,State Common Entrance Test CellS,81151,48.9390238
06317,"Sharad Institute of Technology College of Engineering, Yadrav(Ichalkaranji)",,631762410,Mechatronics Engineering,State Level,Cut Off List for Maharashtra & Minority Seats of CAP Round - III for the Admission to the First Year Under Graduate Technical Courses in Engineering and Technology (4 Years) &S,49520,72.4718017
06317,"Sharad Institute of Technology College of Engineering, Yadrav(Ichalkaranji)",,631762410,Mechatronics Engineering,State Level,Master of Engineering and Technology (Integrated 5 Years) Admissions A.Y. 2022-23S,68279,59.5292331
06317,"Sharad Institute of Technology College of Engineering, Yadrav(Ichalkaranji)",,631762410,Mechatronics Engineering,State Level,I-NonS,93524,37.5478565
06317,"Sharad Institute of Technology College of Engineering, Yadrav(Ichalkaranji)",,631762410,Mechatronics Engineering,State Level,I-NonS,82621,47.8470482
06317,"Sharad Institute of Technology College of Engineering, Yadrav(Ichalkaranji)",,631784410,Electronics and Computer Engineering,State Level,GSTS,50170,71.7637042
06317,"Sharad Institute of Technology College of Engineering, Yadrav(Ichalkaranji)",,631784410,Electronics and Computer Engineering,State Level,GOBCS,51340,71.1253958
06317,"Sharad Institute of Technology College of Engineering, Yadrav(Ichalkaranji)",,631784410,Electronics and Computer Engineering,State Level,LOPENS,96974,34.1210946
06317,"Sharad Institute of Technology College of Engineering, Yadrav(Ichalkaranji)",,631784410,Electronics and Computer Engineering,State Level,LSCS,43714,75.67388
06317,"Sharad Institute of Technology College of Engineering, Yadrav(Ichalkaranji)",,631784410,Electronics and Computer Engineering,State Level,I-NonS,49063,72.6414198
06317,"Sharad Institute of Technology College of Engineering, Yadrav(Ichalkaranji)",,631784410,Electronics and Computer Engineering,State Level,VIIS,44363,75.5619344
06317,"Sharad Institute of Technology College of Engineering, Yadrav(Ichalkaranji)",,631791610,Automation and Robotics,State Level,GOPENS,67718,59.6829046
06317,"Sharad Institute of Technology College of Engineering, Yadrav(Ichalkaranji)",,631791610,Automation and Robotics,State Level,LOPENS,92368,39.1582539
06317,"Sharad Institute of Technology College of Engineering, Yadrav(Ichalkaranji)",,631791610,Automation and Robotics,State Level,LVJS,66519,60.6284658
06317,"Sharad Institute of Technology College of Engineering, Yadrav(Ichalkaranji)",,631791610,Automation and Robotics,State Level,VIIS,70553,57.4413646
06317,"Sharad Institute of Technology College of Engineering, Yadrav(Ichalkaranji)",,631799510,Artificial Intelligence and Data Science,State Level,GSTS,47847,73.2440997
06317,"Sharad Institute of Technology College of Engineering, Yadrav(Ichalkaranji)",,631799510,Artificial Intelligence and Data Science,State Level,I-NonS,41415,77.0895594
06317,"Sharad Institute of Technology College of Engineering, Yadrav(Ichalkaranji)",,631799510,Artificial Intelligence and Data Science,State Level,VIIS,24369,86.9162467
06318,"Abhinav Education Society's College of Engineering and Technology (Degree), Wadwadi",,631829310,Electrical Engineering,State Level,"Legends:Start Character G-General, L-Ladies, End Character H-Home University, O-Other than Home University, S-State LevelS",97913,32.5908894
06319,"Shahajirao Patil Vikas Pratishthan, S.B.Patil College of Engineering, Vangali, Tal. Indapur",,631919110,Civil Engineering,State Level,"Legends:Start Character G-General, L-Ladies, End Character H-Home University, O-Other than Home University, S-State LevelS",105896,23.9542468
06319,"Shahajirao Patil Vikas Pratishthan, S.B.Patil College of Engineering, Vangali, Tal. Indapur",,631924510,Computer Engineering,State Level,"Legends:Start Character G-General, L-Ladies, End Character H-Home University, O-Other than Home University, S-State LevelS",102860,28.1605922
06319,"Shahajirao Patil Vikas Pratishthan, S.B.Patil College of Engineering, Vangali, Tal. Indapur",,631924510,Computer Engineering,State Level,Maharashtra State Seats - Cut Off Indicates State General Merit No. ; Figures in bracket Indicates MHT-CET PCM PercentileS,43195,76.2706983
06319,"Shahajirao Patil Vikas Pratishthan, S.B.Patil College of Engineering, Vangali, Tal. Indapur",,631926310,Artificial Intelligence (AI) and Data Science,State Level,"Legends:Start Character G-General, L-Ladies, End Character H-Home University, O-Other than Home University, S-State LevelS",57363,67.1125395
06319,"Shahajirao Patil Vikas Pratishthan, S.B.Patil College of Engineering, Vangali, Tal. Indapur",,631929310,Electrical Engineering,State Level,"Legends:Start Character G-General, L-Ladies, End Character H-Home University, O-Other than Home University, S-State LevelS",86037,44.7418375
06319,"Shahajirao Patil Vikas Pratishthan, S.B.Patil College of Engineering, Vangali, Tal. Indapur",,631937210,Electronics and Telecommunication Engg,State Level,"Legends:Start Character G-General, L-Ladies, End Character H-Home University, O-Other than Home University, S-State LevelS",59559,65.5958943
06319,"Shahajirao Patil Vikas Pratishthan, S.B.Patil College of Engineering, Vangali, Tal. Indapur",,631937210,Electronics and Telecommunication Engg,State Level,I-NonS,66924,60.5043241
06320,"K.J.'s Educational Institute's K.J.College of Engineering & Management Research, Pisoli",,632024510,Computer Engineering,State Level,"Legends:Start Character G-General, L-Ladies, End Character H-Home University, O-Other than Home University, S-State LevelS",81690,48.2601391
06320,"K.J.'s Educational Institute's K.J.College of Engineering & Management Research, Pisoli",,632024510,Computer Engineering,State Level,Maharashtra State Seats - Cut Off Indicates State General Merit No. ; Figures in bracket Indicates MHT-CET PCM PercentileS,12542,93.1795623
06320,"K.J.'s Educational Institute's K.J.College of Engineering & Management Research, Pisoli",,632029310,Electrical Engineering,State Level,"Legends:Start Character G-General, L-Ladies, End Character H-Home University, O-Other than Home University, S-State LevelS",68895,59.0639291
06320,"K.J.'s Educational Institute's K.J.College of Engineering & Management Research, Pisoli",,632029310,Electrical Engineering,State Level,Maharashtra State Seats - Cut Off Indicates State General Merit No. ; Figures in bracket Indicates MHT-CET PCM PercentileS,116157,10.6465496
06320,"K.J.'s Educational Institute's K.J.College of Engineering & Management Research, Pisoli",,632029310,Electrical Engineering,State Level,I-NonS,110399,18.375784
06321,"Vidya Vikas Pratishthan Institute of Engineering and Technology, Solapur",,632124210,Computer Science and Engineering,State Level,"Legends:Start Character G-General, L-Ladies, End Character H-Home University, O-Other than Home University, S-State LevelS",67274,60.0860804
06321,"Vidya Vikas Pratishthan Institute of Engineering and Technology, Solapur",,632129310,Electrical Engineering,State Level,EWS,110091,19.1072714
06321,"Vidya Vikas Pratishthan Institute of Engineering and Technology, Solapur",,632137210,Electronics and Telecommunication Engg,State Level,"Legends:Start Character G-General, L-Ladies, End Character H-Home University, O-Other than Home University, S-State LevelS",67072,60.5043241
06321,"Vidya Vikas Pratishthan Institute of Engineering and Technology, Solapur",,632199510,Artificial Intelligence and Data Science,State Level,"Legends:Start Character G-General, L-Ladies, End Character H-Home University, O-Other than Home University, S-State LevelS",84032,46.1727561
06321,"Vidya Vikas Pratishthan Institute of Engineering and Technology, Solapur",,632199510,Artificial Intelligence and Data Science,State Level,Maharashtra State Seats - Cut Off Indicates State General Merit No. ; Figures in bracket Indicates MHT-CET PCM PercentileS,116288,10.5662165
06322,"Shree Gajanan Maharaj Shikshan Prasarak Manda'l Sharadchandra Pawar College of Engineering, Dumbarwadi",,632224510,Computer Engineering,State Level,"Legends:Start Character G-General, L-Ladies, End Character H-Home University, O-Other than Home University, S-State LevelS",47751,73.2440997
06322,"Shree Gajanan Maharaj Shikshan Prasarak Manda'l Sharadchandra Pawar College of Engineering, Dumbarwadi",,632224510,Computer Engineering,State Level,Maharashtra State Seats - Cut Off Indicates State General Merit No. ; Figures in bracket Indicates MHT-CET PCM PercentileS,55251,68.5714285
06322,"Shree Gajanan Maharaj Shikshan Prasarak Manda'l Sharadchandra Pawar College of Engineering, Dumbarwadi",,632224510,Computer Engineering,State Level,I-NonS,58547,66.2395008
06322,"Shree Gajanan Maharaj Shikshan Prasarak Manda'l Sharadchandra Pawar College of Engineering, Dumbarwadi",,632237210,Electronics and Telecommunication Engg,State Level,"Legends:Start Character G-General, L-Ladies, End Character H-Home University, O-Other than Home University, S-State LevelS",81975,48.2193247
06322,"Shree Gajanan Maharaj Shikshan Prasarak Manda'l Sharadchandra Pawar College of Engineering, Dumbarwadi",,632237210,Electronics and Telecommunication Engg,State Level,I-NonS,82838,47.8470482
06324,"Rajgad Dnyanpeeth's Technical Campus,Dhangwadi, Bhor",,632419110,Civil Engineering,State Level,EWS,31441,83.1461738
06324,"Rajgad Dnyanpeeth's Technical Campus,Dhangwadi, Bhor",,632424510,Computer Engineering,State Level,EWS,39642,78.2814198
06324,"Rajgad Dnyanpeeth's Technical Campus,Dhangwadi, Bhor",,632437210,Electronics and Telecommunication Engg,State Level,"Legends:Start Character G-General, L-Ladies, End Character H-Home University, O-Other than Home University, S-State LevelS",60719,64.7353734
06324,"Rajgad Dnyanpeeth's Technical Campus,Dhangwadi, Bhor",,632437210,Electronics and Telecommunication Engg,State Level,VIIS,54046,69.3404295
06324,"Rajgad Dnyanpeeth's Technical Campus,Dhangwadi, Bhor",,632461210,Mechanical Engineering,State Level,"Legends:Start Character G-General, L-Ladies, End Character H-Home University, O-Other than Home University, S-State LevelS",55668,68.2985361
06325,"Alard  Charitable Trust's Alard College of Engineering and Management, Pune",,632524510,Computer Engineering,State Level,"Legends:Start Character G-General, L-Ladies, End Character H-Home University, O-Other than Home University, S-State LevelS",79385,50.816249
06325,"Alard  Charitable Trust's Alard College of Engineering and Management, Pune",,632524510,Computer Engineering,State Level,Maharashtra State Seats - Cut Off Indicates State General Merit No. ; Figures in bracket Indicates MHT-CET PCM PercentileS,25930,86.0140851
06325,"Alard  Charitable Trust's Alard College of Engineering and Management, Pune",,632524510,Computer Engineering,State Level,Minority Seats Allotted to Maharashtra State Candidature CandidatesS,44537,75.4846987
06325,"Alard  Charitable Trust's Alard College of Engineering and Management, Pune",,632592110,Artificial Intelligence and Machine Learning,State Level,"Legends:Start Character G-General, L-Ladies, End Character H-Home University, O-Other than Home University, S-State LevelS",102898,28.1605922
06325,"Alard  Charitable Trust's Alard College of Engineering and Management, Pune",,632592110,Artificial Intelligence and Machine Learning,State Level,Maharashtra State Seats - Cut Off Indicates State General Merit No. ; Figures in bracket Indicates MHT-CET PCM PercentileS,47781,73.2440997
06325,"Alard  Charitable Trust's Alard College of Engineering and Management, Pune",,632592110,Artificial Intelligence and Machine Learning,State Level,Minority Seats Allotted to Maharashtra State Candidature CandidatesS,49405,72.5765063
06326,Karmayogi Institute of Technology,,632619110,Civil Engineering,State Level,"Legends:Start Character G-General, L-Ladies, End Character H-Home University, O-Other than Home University, S-State LevelS",115910,11.2993545
06326,Karmayogi Institute of Technology,,632637210,Electronics and Telecommunication Engg,State Level,"Legends:Start Character G-General, L-Ladies, End Character H-Home University, O-Other than Home University, S-State LevelS",78163,51.2600953
06419,"Nutan College of Engineering and Research, Talegaon Dabhade Tal. Maval, Pune",,641924210,Computer Science and Engineering,State Level,DEFOBCS,30873,83.3155184
06419,"Nutan College of Engineering and Research, Talegaon Dabhade Tal. Maval, Pune",,641924210,Computer Science and Engineering,State Level,I-NonS,23670,87.2542051
06419,"Nutan College of Engineering and Research, Talegaon Dabhade Tal. Maval, Pune",,641924210,Computer Science and Engineering,State Level,VIIS,29153,84.1949276
06419,"Nutan College of Engineering and Research, Talegaon Dabhade Tal. Maval, Pune",,641937010,Electronics and Communication Engineering,State Level,"Legends:Start Character G-General, L-Ladies, End Character H-Home University, O-Other than Home University, S-State LevelS",50436,71.6451268
06419,"Nutan College of Engineering and Research, Talegaon Dabhade Tal. Maval, Pune",,641937010,Electronics and Communication Engineering,State Level,Maharashtra State Seats - Cut Off Indicates State General Merit No. ; Figures in bracket Indicates MHT-CET PCM PercentileS,47763,73.2440997
06419,"Nutan College of Engineering and Research, Talegaon Dabhade Tal. Maval, Pune",,641961210,Mechanical Engineering,State Level,"Legends:Start Character G-General, L-Ladies, End Character H-Home University, O-Other than Home University, S-State LevelS",109832,19.2567241
06419,"Nutan College of Engineering and Research, Talegaon Dabhade Tal. Maval, Pune",,641991310,Computer Science and Engineering (Artificial Intelligence),State Level,EWS,40164,78.106229
06466,"Shree Santkrupa Shikshan Sanstha, Shree Santkrupa Institute Of Engineering & Technology, Karad",,646624210,Computer Science and Engineering,State Level,"Legends:Start Character G-General, L-Ladies, End Character H-Home University, O-Other than Home University, S-State LevelS",72692,55.8902921
06466,"Shree Santkrupa Shikshan Sanstha, Shree Santkrupa Institute Of Engineering & Technology, Karad",,646624210,Computer Science and Engineering,State Level,Maharashtra State Seats - Cut Off Indicates State General Merit No. ; Figures in bracket Indicates MHT-CET PCM PercentileS,70981,57.2112851
06466,"Shree Santkrupa Shikshan Sanstha, Shree Santkrupa Institute Of Engineering & Technology, Karad",,646624210,Computer Science and Engineering,State Level,I-NonS,90594,39.8713522
06466,"Shree Santkrupa Shikshan Sanstha, Shree Santkrupa Institute Of Engineering & Technology, Karad",,646624210,Computer Science and Engineering,State Level,VIIS,91586,39.4196471
06466,"Shree Santkrupa Shikshan Sanstha, Shree Santkrupa Institute Of Engineering & Technology, Karad",,646629310,Electrical Engineering,State Level,"Legends:Start Character G-General, L-Ladies, End Character H-Home University, O-Other than Home University, S-State LevelS",97163,33.5099087
06466,"Shree Santkrupa Shikshan Sanstha, Shree Santkrupa Institute Of Engineering & Technology, Karad",,646629310,Electrical Engineering,State Level,I-NonS,118369,7.4458997
06466,"Shree Santkrupa Shikshan Sanstha, Shree Santkrupa Institute Of Engineering & Technology, Karad",,646661210,Mechanical Engineering,State Level,EWS,106893,22.9132251
06545,"Samarth Education Trust's Arvind Gavali College Of Engineering Panwalewadi, Varye,Satara.",,654519110,Civil Engineering,State Level,"Legends:Start Character G-General, L-Ladies, End Character H-Home University, O-Other than Home University, S-State LevelS",114757,12.7559948
06545,"Samarth Education Trust's Arvind Gavali College Of Engineering Panwalewadi, Varye,Satara.",,654524210,Computer Science and Engineering,State Level,DEFOPENS,41380,77.0895594
06545,"Samarth Education Trust's Arvind Gavali College Of Engineering Panwalewadi, Varye,Satara.",,654524210,Computer Science and Engineering,State Level,I-NonS,58374,66.4465439
06545,"Samarth Education Trust's Arvind Gavali College Of Engineering Panwalewadi, Varye,Satara.",,654524210,Computer Science and Engineering,State Level,VIIS,61784,64.0075195
06545,"Samarth Education Trust's Arvind Gavali College Of Engineering Panwalewadi, Varye,Satara.",,654529310,Electrical Engineering,State Level,"Legends:Start Character G-General, L-Ladies, End Character H-Home University, O-Other than Home University, S-State LevelS",107036,22.9132251
06545,"Samarth Education Trust's Arvind Gavali College Of Engineering Panwalewadi, Varye,Satara.",,654537210,Electronics and Telecommunication Engg,State Level,"Legends:Start Character G-General, L-Ladies, End Character H-Home University, O-Other than Home University, S-State LevelS",93877,36.7166438
06545,"Samarth Education Trust's Arvind Gavali College Of Engineering Panwalewadi, Varye,Satara.",,654537210,Electronics and Telecommunication Engg,State Level,I-NonS,85470,44.986801
06545,"Samarth Education Trust's Arvind Gavali College Of Engineering Panwalewadi, Varye,Satara.",,654561210,Mechanical Engineering,State Level,EWS,118858,6.8230277
06609,"Jaihind College Of Engineering,Kuran",,660919110,Civil Engineering,State Level,"Legends:Start Character G-General, L-Ladies, End Character H-Home University, O-Other than Home University, S-State LevelS",103232,26.9007793
06609,"Jaihind College Of Engineering,Kuran",,660924510,Computer Engineering,State Level,EWS,36073,80.4540499
06609,"Jaihind College Of Engineering,Kuran",,660926310,Artificial Intelligence (AI) and Data Science,State Level,"Legends:Start Character G-General, L-Ladies, End Character H-Home University, O-Other than Home University, S-State LevelS",54296,69.1685966
06609,"Jaihind College Of Engineering,Kuran",,660937210,Electronics and Telecommunication Engg,State Level,"Legends:Start Character G-General, L-Ladies, End Character H-Home University, O-Other than Home University, S-State LevelS",67570,59.7201871
06609,"Jaihind College Of Engineering,Kuran",,660961210,Mechanical Engineering,State Level,"Legends:Start Character G-General, L-Ladies, End Character H-Home University, O-Other than Home University, S-State LevelS",86767,43.3167495
06622,ISBM College Of Engineering Pune,,662224510,Computer Engineering,State Level,"Legends:Start Character G-General, L-Ladies, End Character H-Home University, O-Other than Home University, S-State LevelS",101033,29.3528763
06622,ISBM College Of Engineering Pune,,662224510,Computer Engineering,State Level,Maharashtra State Seats - Cut Off Indicates State General Merit No. ; Figures in bracket Indicates MHT-CET PCM PercentileS,17001,90.8511759
06622,ISBM College Of Engineering Pune,,662224510,Computer Engineering,State Level,Minority Seats Allotted to Maharashtra State Candidature CandidatesS,28085,84.8888044
06622,ISBM College Of Engineering Pune,,662237210,Electronics and Telecommunication Engg,State Level,"Legends:Start Character G-General, L-Ladies, End Character H-Home University, O-Other than Home University, S-State LevelS",48068,72.9031949
06622,ISBM College Of Engineering Pune,,662237210,Electronics and Telecommunication Engg,State Level,Minority Seats Allotted to Maharashtra State Candidature CandidatesS,48835,72.7060426
06622,ISBM College Of Engineering Pune,,662292110,Artificial Intelligence and Machine Learning,State Level,"Legends:Start Character G-General, L-Ladies, End Character H-Home University, O-Other than Home University, S-State LevelS",74536,54.1780657
06622,ISBM College Of Engineering Pune,,662292110,Artificial Intelligence and Machine Learning,State Level,Maharashtra State Seats - Cut Off Indicates State General Merit No. ; Figures in bracket Indicates MHT-CET PCM PercentileS,38739,78.6657067
06622,ISBM College Of Engineering Pune,,662292110,Artificial Intelligence and Machine Learning,State Level,Minority Seats Allotted to Maharashtra State Candidature CandidatesS,43117,76.2706983
06622,ISBM College Of Engineering Pune,,662299510,Artificial Intelligence and Data Science,State Level,"Legends:Start Character G-General, L-Ladies, End Character H-Home University, O-Other than Home University, S-State LevelS",19832,89.3887863
06622,ISBM College Of Engineering Pune,,662299510,Artificial Intelligence and Data Science,State Level,Minority Seats Allotted to Maharashtra State Candidature CandidatesS,40788,77.6308856
06625,"Universal College of Engineering & Research, Sasewadi",,662524510,Computer Engineering,State Level,"Legends:Start Character G-General, L-Ladies, End Character H-Home University, O-Other than Home University, S-State LevelS",75991,53.7302794
06625,"Universal College of Engineering & Research, Sasewadi",,662524510,Computer Engineering,State Level,Maharashtra State Seats - Cut Off Indicates State General Merit No. ; Figures in bracket Indicates MHT-CET PCM PercentileS,47520,73.4437245
06625,"Universal College of Engineering & Research, Sasewadi",,662529310,Electrical Engineering,State Level,"Legends:Start Character G-General, L-Ladies, End Character H-Home University, O-Other than Home University, S-State LevelS",121050,3.1915928
06628,"Dattakala Group Of Institutions, Swami - Chincholi Tal. Daund Dist. Pune",,662824510,Computer Engineering,State Level,"Legends:Start Character G-General, L-Ladies, End Character H-Home University, O-Other than Home University, S-State LevelS",115695,11.3082039
06628,"Dattakala Group Of Institutions, Swami - Chincholi Tal. Daund Dist. Pune",,662824510,Computer Engineering,State Level,Maharashtra State Seats - Cut Off Indicates State General Merit No. ; Figures in bracket Indicates MHT-CET PCM PercentileS,62126,63.7783399
06628,"Dattakala Group Of Institutions, Swami - Chincholi Tal. Daund Dist. Pune",,662824510,Computer Engineering,State Level,VIIS,64326,62.0823842
06628,"Dattakala Group Of Institutions, Swami - Chincholi Tal. Daund Dist. Pune",,662824610,Information Technology,State Level,"Legends:Start Character G-General, L-Ladies, End Character H-Home University, O-Other than Home University, S-State LevelS",39748,78.2814198
06628,"Dattakala Group Of Institutions, Swami - Chincholi Tal. Daund Dist. Pune",,662824610,Information Technology,State Level,Maharashtra State Seats - Cut Off Indicates State General Merit No. ; Figures in bracket Indicates MHT-CET PCM PercentileS,62202,63.7783399
06628,"Dattakala Group Of Institutions, Swami - Chincholi Tal. Daund Dist. Pune",,662824610,Information Technology,State Level,I-NonS,56158,67.9791157
06628,"Dattakala Group Of Institutions, Swami - Chincholi Tal. Daund Dist. Pune",,662824610,Information Technology,State Level,VIIS,62507,63.7147595
06628,"Dattakala Group Of Institutions, Swami - Chincholi Tal. Daund Dist. Pune",,662829310,Electrical Engineering,State Level,"Legends:Start Character G-General, L-Ladies, End Character H-Home University, O-Other than Home University, S-State LevelS",108920,20.3613489
06628,"Dattakala Group Of Institutions, Swami - Chincholi Tal. Daund Dist. Pune",,662861210,Mechanical Engineering,State Level,EWS,90748,39.6081812
06628,"Dattakala Group Of Institutions, Swami - Chincholi Tal. Daund Dist. Pune",,662884410,Electronics and Computer Engineering,State Level,"Legends:Start Character G-General, L-Ladies, End Character H-Home University, O-Other than Home University, S-State LevelS",66843,60.5043241
06628,"Dattakala Group Of Institutions, Swami - Chincholi Tal. Daund Dist. Pune",,662884410,Electronics and Computer Engineering,State Level,I-NonS,42733,76.5571858
06632,Navsahyadri Education Society's Group of Institutions,,663219110,Civil Engineering,State Level,"Legends:Start Character G-General, L-Ladies, End Character H-Home University, O-Other than Home University, S-State LevelS",109799,19.2567241
06632,Navsahyadri Education Society's Group of Institutions,,663224510,Computer Engineering,State Level,ORPHAN,47413,73.5739966
06632,Navsahyadri Education Society's Group of Institutions,,663224510,Computer Engineering,State Level,VIIS,47601,73.4437245
06632,Navsahyadri Education Society's Group of Institutions,,663237210,Electronics and Telecommunication Engg,State Level,"Legends:Start Character G-General, L-Ladies, End Character H-Home University, O-Other than Home University, S-State LevelS",50583,71.4470469
06632,Navsahyadri Education Society's Group of Institutions,,663261210,Mechanical Engineering,State Level,"Legends:Start Character G-General, L-Ladies, End Character H-Home University, O-Other than Home University, S-State LevelS",98136,32.4992712
06632,Navsahyadri Education Society's Group of Institutions,,663292110,Artificial Intelligence and Machine Learning,State Level,"Legends:Start Character G-General, L-Ladies, End Character H-Home University, O-Other than Home University, S-State LevelS",94299,36.1623265
06632,Navsahyadri Education Society's Group of Institutions,,663292110,Artificial Intelligence and Machine Learning,State Level,Maharashtra State Seats - Cut Off Indicates State General Merit No. ; Figures in bracket Indicates MHT-CET PCM PercentileS,58474,66.2395008
06634,"KJEI's Trinity Academy of Engineering, Yewalewadi, Pune",,663424510,Computer Engineering,State Level,"Legends:Start Character G-General, L-Ladies, End Character H-Home University, O-Other than Home University, S-State LevelS",24136,87.0240046
06634,"KJEI's Trinity Academy of Engineering, Yewalewadi, Pune",,663424510,Computer Engineering,State Level,Maharashtra State Seats - Cut Off Indicates State General Merit No. ; Figures in bracket Indicates MHT-CET PCM PercentileS,27747,84.9850573
06634,"KJEI's Trinity Academy of Engineering, Yewalewadi, Pune",,663424610,Information Technology,State Level,"Legends:Start Character G-General, L-Ladies, End Character H-Home University, O-Other than Home University, S-State LevelS",25928,86.0140851
06634,"KJEI's Trinity Academy of Engineering, Yewalewadi, Pune",,663424610,Information Technology,State Level,Maharashtra State Seats - Cut Off Indicates State General Merit No. ; Figures in bracket Indicates MHT-CET PCM PercentileS,31375,83.1461738
06634,"KJEI's Trinity Academy of Engineering, Yewalewadi, Pune",,663437210,Electronics and Telecommunication Engg,State Level,"Legends:Start Character G-General, L-Ladies, End Character H-Home University, O-Other than Home University, S-State LevelS",62555,63.7147595
06634,"KJEI's Trinity Academy of Engineering, Yewalewadi, Pune",,663461210,Mechanical Engineering,State Level,"Legends:Start Character G-General, L-Ladies, End Character H-Home University, O-Other than Home University, S-State LevelS",69964,57.7165019
06635,"Samarth Group of Institutions, Bangarwadi, Post Belhe Tal. Junnar Dist. Pune",,663519110,Civil Engineering,State Level,"Legends:Start Character G-General, L-Ladies, End Character H-Home University, O-Other than Home University, S-State LevelS",89321,42.0206383
06635,"Samarth Group of Institutions, Bangarwadi, Post Belhe Tal. Junnar Dist. Pune",,663524510,Computer Engineering,State Level,EWS,35909,80.5336015
06635,"Samarth Group of Institutions, Bangarwadi, Post Belhe Tal. Junnar Dist. Pune",,663529310,Electrical Engineering,State Level,"Legends:Start Character G-General, L-Ladies, End Character H-Home University, O-Other than Home University, S-State LevelS",85844,44.9304271
06635,"Samarth Group of Institutions, Bangarwadi, Post Belhe Tal. Junnar Dist. Pune",,663537210,Electronics and Telecommunication Engg,State Level,"Legends:Start Character G-General, L-Ladies, End Character H-Home University, O-Other than Home University, S-State LevelS",64832,61.8814494
06635,"Samarth Group of Institutions, Bangarwadi, Post Belhe Tal. Junnar Dist. Pune",,663561210,Mechanical Engineering,State Level,"Legends:Start Character G-General, L-Ladies, End Character H-Home University, O-Other than Home University, S-State LevelS",87219,43.3051128
06635,"Samarth Group of Institutions, Bangarwadi, Post Belhe Tal. Junnar Dist. Pune",,663561210,Mechanical Engineering,State Level,I-NonS,108629,20.8205322
06635,"Samarth Group of Institutions, Bangarwadi, Post Belhe Tal. Junnar Dist. Pune",,663592110,Artificial Intelligence and Machine Learning,State Level,"Legends:Start Character G-General, L-Ladies, End Character H-Home University, O-Other than Home University, S-State LevelS",61583,64.0172786
06635,"Samarth Group of Institutions, Bangarwadi, Post Belhe Tal. Junnar Dist. Pune",,663592110,Artificial Intelligence and Machine Learning,State Level,Maharashtra State Seats - Cut Off Indicates State General Merit No. ; Figures in bracket Indicates MHT-CET PCM PercentileS,72327,56.5826603
06640,"N. B. Navale Sinhgad College of Engineering, Kegaon, solapur",,664019110,Civil Engineering,State Level,"Legends:Start Character G-General, L-Ladies, End Character H-Home University, O-Other than Home University, S-State LevelS",107969,21.8821184
06640,"N. B. Navale Sinhgad College of Engineering, Kegaon, solapur",,664019110,Civil Engineering,State Level,I-NonS,120859,3.3501235
06640,"N. B. Navale Sinhgad College of Engineering, Kegaon, solapur",,664024210,Computer Science and Engineering,State Level,"Legends:Start Character G-General, L-Ladies, End Character H-Home University, O-Other than Home University, S-State LevelS",40957,77.6049916
06640,"N. B. Navale Sinhgad College of Engineering, Kegaon, solapur",,664029310,Electrical Engineering,State Level,"Legends:Start Character G-General, L-Ladies, End Character H-Home University, O-Other than Home University, S-State LevelS",75658,53.8866742
06640,"N. B. Navale Sinhgad College of Engineering, Kegaon, solapur",,664037210,Electronics and Telecommunication Engg,State Level,"Legends:Start Character G-General, L-Ladies, End Character H-Home University, O-Other than Home University, S-State LevelS",44961,75.182198
06640,"N. B. Navale Sinhgad College of Engineering, Kegaon, solapur",,664061210,Mechanical Engineering,State Level,"Legends:Start Character G-General, L-Ladies, End Character H-Home University, O-Other than Home University, S-State LevelS",66817,60.5043241
06640,"N. B. Navale Sinhgad College of Engineering, Kegaon, solapur",,664061210,Mechanical Engineering,State Level,I-NonS,102501,28.4665226
06640,"N. B. Navale Sinhgad College of Engineering, Kegaon, solapur",,664061210,Mechanical Engineering,State Level,VIIS,116659,10.1982314
06643,"S K N Sinhgad College of Engineering, Korti Tal. Pandharpur Dist Solapur",,664319110,Civil Engineering,State Level,"Legends:Start Character G-General, L-Ladies, End Character H-Home University, O-Other than Home University, S-State LevelS",54795,69.0394836
06643,"S K N Sinhgad College of Engineering, Korti Tal. Pandharpur Dist Solapur",,664319110,Civil Engineering,State Level,I-NonS,61704,64.0172786
06643,"S K N Sinhgad College of Engineering, Korti Tal. Pandharpur Dist Solapur",,664329310,Electrical Engineering,State Level,EWS,63454,63.050238
06643,"S K N Sinhgad College of Engineering, Korti Tal. Pandharpur Dist Solapur",,664337210,Electronics and Telecommunication Engg,State Level,"Legends:Start Character G-General, L-Ladies, End Character H-Home University, O-Other than Home University, S-State LevelS",42670,76.5571858
06643,"S K N Sinhgad College of Engineering, Korti Tal. Pandharpur Dist Solapur",,664361210,Mechanical Engineering,State Level,"Legends:Start Character G-General, L-Ladies, End Character H-Home University, O-Other than Home University, S-State LevelS",101725,28.9481366
06643,"S K N Sinhgad College of Engineering, Korti Tal. Pandharpur Dist Solapur",,664361210,Mechanical Engineering,State Level,VIIS,90318,39.8713522
06644,"Shri. Ambabai Talim Sanstha's Sanjay Bhokare Group of Institutes, Miraj",,664429310,Electrical Engineering,State Level,"Legends:Start Character G-General, L-Ladies, End Character H-Home University, O-Other than Home University, S-State LevelS",100133,30.5619889
06644,"Shri. Ambabai Talim Sanstha's Sanjay Bhokare Group of Institutes, Miraj",,664429310,Electrical Engineering,State Level,Maharashtra State Seats - Cut Off Indicates State General Merit No. ; Figures in bracket Indicates MHT-CET PCM PercentileS,91239,39.5925136
06644,"Shri. Ambabai Talim Sanstha's Sanjay Bhokare Group of Institutes, Miraj",,664437210,Electronics and Telecommunication Engg,State Level,"Legends:Start Character G-General, L-Ladies, End Character H-Home University, O-Other than Home University, S-State LevelS",80535,49.4442605
06644,"Shri. Ambabai Talim Sanstha's Sanjay Bhokare Group of Institutes, Miraj",,664437210,Electronics and Telecommunication Engg,State Level,Maharashtra State Seats - Cut Off Indicates State General Merit No. ; Figures in bracket Indicates MHT-CET PCM PercentileS,120419,4.2124186
06649,"TSSM's Bhivarabai Sawant College of Engineering and Research, Narhe, Pune",,664919110,Civil Engineering,State Level,"Legends:Start Character G-General, L-Ladies, End Character H-Home University, O-Other than Home University, S-State LevelS",116964,9.9445363
06649,"TSSM's Bhivarabai Sawant College of Engineering and Research, Narhe, Pune",,664929310,Electrical Engineering,State Level,ORPHAN,36641,80.0233531
06649,"TSSM's Bhivarabai Sawant College of Engineering and Research, Narhe, Pune",,664929310,Electrical Engineering,State Level,VIIS,53330,69.6045087
06649,"TSSM's Bhivarabai Sawant College of Engineering and Research, Narhe, Pune",,664937210,Electronics and Telecommunication Engg,State Level,"Legends:Start Character G-General, L-Ladies, End Character H-Home University, O-Other than Home University, S-State LevelS",35153,80.8718313
06649,"TSSM's Bhivarabai Sawant College of Engineering and Research, Narhe, Pune",,664937210,Electronics and Telecommunication Engg,State Level,Maharashtra State Seats - Cut Off Indicates State General Merit No. ; Figures in bracket Indicates MHT-CET PCM PercentileS,38521,79.0746326
06649,"TSSM's Bhivarabai Sawant College of Engineering and Research, Narhe, Pune",,664961210,Mechanical Engineering,State Level,"Legends:Start Character G-General, L-Ladies, End Character H-Home University, O-Other than Home University, S-State LevelS",67800,59.6829046
06732,Ajeenkya DY Patil School of Engineering,,673224510,Computer Engineering,State Level,"Legends:Start Character G-General, L-Ladies, End Character H-Home University, O-Other than Home University, S-State LevelS",16745,90.9383249
06732,Ajeenkya DY Patil School of Engineering,,673237210,Electronics and Telecommunication Engg,State Level,"Legends:Start Character G-General, L-Ladies, End Character H-Home University, O-Other than Home University, S-State LevelS",36497,80.1068911
06732,Ajeenkya DY Patil School of Engineering,,673261210,Mechanical Engineering,State Level,"Legends:Start Character G-General, L-Ladies, End Character H-Home University, O-Other than Home University, S-State LevelS",111396,17.4354552
06732,Ajeenkya DY Patil School of Engineering,,673261210,Mechanical Engineering,State Level,I-NonS,86342,44.6471616
06732,Ajeenkya DY Patil School of Engineering,,673299510,Artificial Intelligence and Data Science,State Level,"Legends:Start Character G-General, L-Ladies, End Character H-Home University, O-Other than Home University, S-State LevelS",32707,82.3877908
06754,"International Institute of Information Technology (I²IT), Pune.",,675424510,Computer Engineering,State Level,"Legends:Start Character G-General, L-Ladies, End Character H-Home University, O-Other than Home University, S-State LevelS",3469,98.0099502
06754,"International Institute of Information Technology (I²IT), Pune.",,675424510,Computer Engineering,State Level,Maharashtra State Seats - Cut Off Indicates State General Merit No. ; Figures in bracket Indicates MHT-CET PCM PercentileS,10802,94.1471246
06754,"International Institute of Information Technology (I²IT), Pune.",,675424610,Information Technology,State Level,"Legends:Start Character G-General, L-Ladies, End Character H-Home University, O-Other than Home University, S-State LevelS",8643,95.2860672
06754,"International Institute of Information Technology (I²IT), Pune.",,675424610,Information Technology,State Level,Maharashtra State Seats - Cut Off Indicates State General Merit No. ; Figures in bracket Indicates MHT-CET PCM PercentileS,11938,93.5601746
06754,"International Institute of Information Technology (I²IT), Pune.",,675437210,Electronics and Telecommunication Engg,State Level,"Legends:Start Character G-General, L-Ladies, End Character H-Home University, O-Other than Home University, S-State LevelS",23153,87.5451435
06754,"International Institute of Information Technology (I²IT), Pune.",,675437210,Electronics and Telecommunication Engg,State Level,Maharashtra State Seats - Cut Off Indicates State General Merit No. ; Figures in bracket Indicates MHT-CET PCM PercentileS,22047,88.1374722
06755,"JSPM Narhe Technical Campus, Pune.",,675519110,Civil Engineering,State Level,"Legends:Start Character G-General, L-Ladies, End Character H-Home University, O-Other than Home University, S-State LevelS",63433,63.050238
06755,"JSPM Narhe Technical Campus, Pune.",,675524510,Computer Engineering,State Level,"Legends:Start Character G-General, L-Ladies, End Character H-Home University, O-Other than Home University, S-State LevelS",27454,85.0880607
06755,"JSPM Narhe Technical Campus, Pune.",,675524510,Computer Engineering,State Level,Maharashtra State Seats - Cut Off Indicates State General Merit No. ; Figures in bracket Indicates MHT-CET PCM PercentileS,20229,89.082417
06755,"JSPM Narhe Technical Campus, Pune.",,675537210,Electronics and Telecommunication Engg,State Level,"Legends:Start Character G-General, L-Ladies, End Character H-Home University, O-Other than Home University, S-State LevelS",33372,81.8334533
06755,"JSPM Narhe Technical Campus, Pune.",,675561210,Mechanical Engineering,State Level,"Legends:Start Character G-General, L-Ladies, End Character H-Home University, O-Other than Home University, S-State LevelS",115145,12.219415
06755,"JSPM Narhe Technical Campus, Pune.",,675561210,Mechanical Engineering,State Level,Maharashtra State Seats - Cut Off Indicates State General Merit No. ; Figures in bracket Indicates MHT-CET PCM PercentileS,105815,23.9925869
06756,"Fabtech Technical Campus College of Engineering and Research, Sangola",,675619110,Civil Engineering,State Level,"Legends:Start Character G-General, L-Ladies, End Character H-Home University, O-Other than Home University, S-State LevelS",117403,8.7877784
06756,"Fabtech Technical Campus College of Engineering and Research, Sangola",,675624210,Computer Science and Engineering,State Level,"Legends:Start Character G-General, L-Ladies, End Character H-Home University, O-Other than Home University, S-State LevelS",55509,68.3772406
06756,"Fabtech Technical Campus College of Engineering and Research, Sangola",,675624210,Computer Science and Engineering,State Level,Maharashtra State Seats - Cut Off Indicates State General Merit No. ; Figures in bracket Indicates MHT-CET PCM PercentileS,61526,64.0172786
06756,"Fabtech Technical Campus College of Engineering and Research, Sangola",,675626310,Artificial Intelligence (AI) and Data Science,State Level,"Legends:Start Character G-General, L-Ladies, End Character H-Home University, O-Other than Home University, S-State LevelS",79591,50.816249
06756,"Fabtech Technical Campus College of Engineering and Research, Sangola",,675661210,Mechanical Engineering,State Level,EWS,117783,8.3872203
06757,"Yashoda Technical Campus, Wadhe, Satara.",,675724210,Computer Science and Engineering,State Level,"Legends:Start Character G-General, L-Ladies, End Character H-Home University, O-Other than Home University, S-State LevelS",43932,75.6487214
06757,"Yashoda Technical Campus, Wadhe, Satara.",,675724210,Computer Science and Engineering,State Level,Maharashtra State Seats - Cut Off Indicates State General Merit No. ; Figures in bracket Indicates MHT-CET PCM PercentileS,49197,72.6414198
06757,"Yashoda Technical Campus, Wadhe, Satara.",,675729310,Electrical Engineering,State Level,"Legends:Start Character G-General, L-Ladies, End Character H-Home University, O-Other than Home University, S-State LevelS",120261,4.3556566
06757,"Yashoda Technical Campus, Wadhe, Satara.",,675737210,Electronics and Telecommunication Engg,State Level,EWS,65739,61.4673542
06758,"Sahyadri Valley College of Engineering & Technology, Rajuri, Pune.",,675824510,Computer Engineering,State Level,"Legends:Start Character G-General, L-Ladies, End Character H-Home University, O-Other than Home University, S-State LevelS",37648,79.5309168
06758,"Sahyadri Valley College of Engineering & Technology, Rajuri, Pune.",,675837210,Electronics and Telecommunication Engg,State Level,"Legends:Start Character G-General, L-Ladies, End Character H-Home University, O-Other than Home University, S-State LevelS",64705,61.9054461
06758,"Sahyadri Valley College of Engineering & Technology, Rajuri, Pune.",,675861210,Mechanical Engineering,State Level,"Legends:Start Character G-General, L-Ladies, End Character H-Home University, O-Other than Home University, S-State LevelS",122567,0.1281321
06758,"Sahyadri Valley College of Engineering & Technology, Rajuri, Pune.",,675892110,Artificial Intelligence and Machine Learning,State Level,"Legends:Start Character G-General, L-Ladies, End Character H-Home University, O-Other than Home University, S-State LevelS",67034,60.5043241
06758,"Sahyadri Valley College of Engineering & Technology, Rajuri, Pune.",,675892110,Artificial Intelligence and Machine Learning,State Level,I-NonS,71834,56.7650587
06758,"Sahyadri Valley College of Engineering & Technology, Rajuri, Pune.",,675899510,Artificial Intelligence and Data Science,State Level,"Legends:Start Character G-General, L-Ladies, End Character H-Home University, O-Other than Home University, S-State LevelS",69769,57.9292585
06759,"Shree Ramchandra College of Engineering, Lonikand,Pune",,675924510,Computer Engineering,State Level,"Legends:Start Character G-General, L-Ladies, End Character H-Home University, O-Other than Home University, S-State LevelS",43147,76.2706983
06759,"Shree Ramchandra College of Engineering, Lonikand,Pune",,675924510,Computer Engineering,State Level,Maharashtra State Seats - Cut Off Indicates State General Merit No. ; Figures in bracket Indicates MHT-CET PCM PercentileS,45256,74.745321
06759,"Shree Ramchandra College of Engineering, Lonikand,Pune",,675929310,Electrical Engineering,State Level,"Legends:Start Character G-General, L-Ladies, End Character H-Home University, O-Other than Home University, S-State LevelS",76831,52.4476185
06759,"Shree Ramchandra College of Engineering, Lonikand,Pune",,675961210,Mechanical Engineering,State Level,EWS,80358,49.4442605
06759,"Shree Ramchandra College of Engineering, Lonikand,Pune",,675999510,Artificial Intelligence and Data Science,State Level,"Legends:Start Character G-General, L-Ladies, End Character H-Home University, O-Other than Home University, S-State LevelS",50659,71.4470469
06759,"Shree Ramchandra College of Engineering, Lonikand,Pune",,675999510,Artificial Intelligence and Data Science,State Level,Maharashtra State Seats - Cut Off Indicates State General Merit No. ; Figures in bracket Indicates MHT-CET PCM PercentileS,48769,72.7702415
06762,"Nanasaheb Mahadik College of Engineering,Walwa, Sangli.",,676219110,Civil Engineering,State Level,"Legends:Start Character G-General, L-Ladies, End Character H-Home University, O-Other than Home University, S-State LevelS",90423,39.8713522
06762,"Nanasaheb Mahadik College of Engineering,Walwa, Sangli.",,676224210,Computer Science and Engineering,State Level,EWS,58991,66.2117981
06762,"Nanasaheb Mahadik College of Engineering,Walwa, Sangli.",,676237210,Electronics and Telecommunication Engg,State Level,"Legends:Start Character G-General, L-Ladies, End Character H-Home University, O-Other than Home University, S-State LevelS",80797,49.0525702
06762,"Nanasaheb Mahadik College of Engineering,Walwa, Sangli.",,676237210,Electronics and Telecommunication Engg,State Level,I-NonS,92727,38.6417086
06766,Phaltan Education Society's College of Engineering Thakurki Tal- Phaltan Dist-Satara,,676619110,Civil Engineering,State Level,"Legends:Start Character G-General, L-Ladies, End Character H-Home University, O-Other than Home University, S-State LevelS",47859,73.2440997
06766,Phaltan Education Society's College of Engineering Thakurki Tal- Phaltan Dist-Satara,,676624510,Computer Engineering,State Level,EWS,36678,80.0233531
06766,Phaltan Education Society's College of Engineering Thakurki Tal- Phaltan Dist-Satara,,676637210,Electronics and Telecommunication Engg,State Level,"Legends:Start Character G-General, L-Ladies, End Character H-Home University, O-Other than Home University, S-State LevelS",94000,36.7166438
06766,Phaltan Education Society's College of Engineering Thakurki Tal- Phaltan Dist-Satara,,676637210,Electronics and Telecommunication Engg,State Level,I-NonS,108475,21.2317049
06767,"Suman Ramesh Tulsiani Technical Campus: Faculty of Engineering, Kamshet,Pune.",,676724510,Computer Engineering,State Level,"Legends:Start Character G-General, L-Ladies, End Character H-Home University, O-Other than Home University, S-State LevelS",58249,66.4465439
06767,"Suman Ramesh Tulsiani Technical Campus: Faculty of Engineering, Kamshet,Pune.",,676724510,Computer Engineering,State Level,Maharashtra State Seats - Cut Off Indicates State General Merit No. ; Figures in bracket Indicates MHT-CET PCM PercentileS,47248,73.5739966
06767,"Suman Ramesh Tulsiani Technical Campus: Faculty of Engineering, Kamshet,Pune.",,676724510,Computer Engineering,State Level,DS,49550,72.4718017
06767,"Suman Ramesh Tulsiani Technical Campus: Faculty of Engineering, Kamshet,Pune.",,676799510,Artificial Intelligence and Data Science,State Level,"Legends:Start Character G-General, L-Ladies, End Character H-Home University, O-Other than Home University, S-State LevelS",61619,64.0172786
06768,"P.K. Technical Campus, Pune.",,676824510,Computer Engineering,State Level,"Legends:Start Character G-General, L-Ladies, End Character H-Home University, O-Other than Home University, S-State LevelS",36124,80.3744535
06768,"P.K. Technical Campus, Pune.",,676861210,Mechanical Engineering,State Level,EWS,101565,28.9481366
06769,"Rasiklal M. Dhariwal Sinhgad Technical Institutes Campus, Warje, Pune.",,676919110,Civil Engineering,State Level,"Legends:Start Character G-General, L-Ladies, End Character H-Home University, O-Other than Home University, S-State LevelS",119119,6.4853556
06769,"Rasiklal M. Dhariwal Sinhgad Technical Institutes Campus, Warje, Pune.",,676924510,Computer Engineering,State Level,DEFOPENS,35831,80.5336015
06769,"Rasiklal M. Dhariwal Sinhgad Technical Institutes Campus, Warje, Pune.",,676924510,Computer Engineering,State Level,TFWS,21599,88.3304859
06769,"Rasiklal M. Dhariwal Sinhgad Technical Institutes Campus, Warje, Pune.",,676924510,Computer Engineering,State Level,EWS,16872,90.9190268
06769,"Rasiklal M. Dhariwal Sinhgad Technical Institutes Campus, Warje, Pune.",,676937210,Electronics and Telecommunication Engg,State Level,EWS,32635,82.3877908
06769,"Rasiklal M. Dhariwal Sinhgad Technical Institutes Campus, Warje, Pune.",,676961210,Mechanical Engineering,State Level,"Legends:Start Character G-General, L-Ladies, End Character H-Home University, O-Other than Home University, S-State LevelS",83827,46.4456321
06770,"SKN Sinhgad Institute of Technology & Science, Kusgaon(BK),Pune.",,677024510,Computer Engineering,State Level,"Legends:Start Character G-General, L-Ladies, End Character H-Home University, O-Other than Home University, S-State LevelS",52788,70.0988506
06770,"SKN Sinhgad Institute of Technology & Science, Kusgaon(BK),Pune.",,677024510,Computer Engineering,State Level,Maharashtra State Seats - Cut Off Indicates State General Merit No. ; Figures in bracket Indicates MHT-CET PCM PercentileS,22935,87.6299679
06770,"SKN Sinhgad Institute of Technology & Science, Kusgaon(BK),Pune.",,677024510,Computer Engineering,State Level,DS,34185,81.429386
06770,"SKN Sinhgad Institute of Technology & Science, Kusgaon(BK),Pune.",,677024510,Computer Engineering,State Level,VIIS,26741,85.6396122
06770,"SKN Sinhgad Institute of Technology & Science, Kusgaon(BK),Pune.",,677024610,Information Technology,State Level,"Legends:Start Character G-General, L-Ladies, End Character H-Home University, O-Other than Home University, S-State LevelS",53960,69.3871747
06770,"SKN Sinhgad Institute of Technology & Science, Kusgaon(BK),Pune.",,677024610,Information Technology,State Level,Maharashtra State Seats - Cut Off Indicates State General Merit No. ; Figures in bracket Indicates MHT-CET PCM PercentileS,27261,85.2528023
06770,"SKN Sinhgad Institute of Technology & Science, Kusgaon(BK),Pune.",,677024610,Information Technology,State Level,DS,38175,79.1656813
06770,"SKN Sinhgad Institute of Technology & Science, Kusgaon(BK),Pune.",,677061210,Mechanical Engineering,State Level,EWS,94359,36.1594098
06772,"NBN Sinhgad Technical Institutes Campus, Pune",,677224510,Computer Engineering,State Level,"Legends:Start Character G-General, L-Ladies, End Character H-Home University, O-Other than Home University, S-State LevelS",18240,90.1655867
06772,"NBN Sinhgad Technical Institutes Campus, Pune",,677224610,Information Technology,State Level,"Legends:Start Character G-General, L-Ladies, End Character H-Home University, O-Other than Home University, S-State LevelS",15294,91.8235378
06772,"NBN Sinhgad Technical Institutes Campus, Pune",,677229310,Electrical Engineering,State Level,"Legends:Start Character G-General, L-Ladies, End Character H-Home University, O-Other than Home University, S-State LevelS",62094,63.7783399
06772,"NBN Sinhgad Technical Institutes Campus, Pune",,677229310,Electrical Engineering,State Level,I-NonS,57698,66.8137813
06772,"NBN Sinhgad Technical Institutes Campus, Pune",,677237210,Electronics and Telecommunication Engg,State Level,"Legends:Start Character G-General, L-Ladies, End Character H-Home University, O-Other than Home University, S-State LevelS",32292,82.4407997
06772,"NBN Sinhgad Technical Institutes Campus, Pune",,677261210,Mechanical Engineering,State Level,"Legends:Start Character G-General, L-Ladies, End Character H-Home University, O-Other than Home University, S-State LevelS",101803,28.9481366
06780,"D.Y.Patil Education Society's,D.Y.Patil Technical Campus, Faculty of Engineering & Faculty of Management,Talsande,Kolhapur.",,678019110,Civil Engineering,State Level,"Legends:Start Character G-General, L-Ladies, End Character H-Home University, O-Other than Home University, S-State LevelS",113291,14.7866072
06780,"D.Y.Patil Education Society's,D.Y.Patil Technical Campus, Faculty of Engineering & Faculty of Management,Talsande,Kolhapur.",,678024210,Computer Science and Engineering,State Level,ORPHAN,24500,86.8703589
06780,"D.Y.Patil Education Society's,D.Y.Patil Technical Campus, Faculty of Engineering & Faculty of Management,Talsande,Kolhapur.",,678024210,Computer Science and Engineering,State Level,VIIS,45890,74.5106403
06780,"D.Y.Patil Education Society's,D.Y.Patil Technical Campus, Faculty of Engineering & Faculty of Management,Talsande,Kolhapur.",,678029310,Electrical Engineering,State Level,"Legends:Start Character G-General, L-Ladies, End Character H-Home University, O-Other than Home University, S-State LevelS",70719,57.4413646
06780,"D.Y.Patil Education Society's,D.Y.Patil Technical Campus, Faculty of Engineering & Faculty of Management,Talsande,Kolhapur.",,678061210,Mechanical Engineering,State Level,"Legends:Start Character G-General, L-Ladies, End Character H-Home University, O-Other than Home University, S-State LevelS",99332,32.1061359
06781,"Bhagwant Institute of Technology, Barshi",,678137210,Electronics and Telecommunication Engg,State Level,"Legends:Start Character G-General, L-Ladies, End Character H-Home University, O-Other than Home University, S-State LevelS",59207,66.0248119
06782,"Sahakar Maharshee Shankarrao Mohite Patil Institute of Technology & Research, Akluj",,678224210,Computer Science and Engineering,State Level,"Legends:Start Character G-General, L-Ladies, End Character H-Home University, O-Other than Home University, S-State LevelS",79483,50.816249
06782,"Sahakar Maharshee Shankarrao Mohite Patil Institute of Technology & Research, Akluj",,678229310,Electrical Engineering,State Level,"Legends:Start Character G-General, L-Ladies, End Character H-Home University, O-Other than Home University, S-State LevelS",118871,6.8230277
06794,"Anantrao Pawar College of Engineering & Research, Pune",,679419110,Civil Engineering,State Level,EWS,73621,55.2181517
06794,"Anantrao Pawar College of Engineering & Research, Pune",,679424510,Computer Engineering,State Level,EWS,32124,82.59776
06794,"Anantrao Pawar College of Engineering & Research, Pune",,679424610,Information Technology,State Level,"Legends:Start Character G-General, L-Ladies, End Character H-Home University, O-Other than Home University, S-State LevelS",34891,80.9298585
06794,"Anantrao Pawar College of Engineering & Research, Pune",,679437210,Electronics and Telecommunication Engg,State Level,TFWS,44625,75.3508645
06794,"Anantrao Pawar College of Engineering & Research, Pune",,679499510,Artificial Intelligence and Data Science,State Level,"Legends:Start Character G-General, L-Ladies, End Character H-Home University, O-Other than Home University, S-State LevelS",68821,59.0639291
06794,"Anantrao Pawar College of Engineering & Research, Pune",,679499510,Artificial Intelligence and Data Science,State Level,Maharashtra State Seats - Cut Off Indicates State General Merit No. ; Figures in bracket Indicates MHT-CET PCM PercentileS,40088,78.106229
06795,"Shri.Someshwar Shikshan Prasarak Mandal, Sharadchandra Pawar College of Engineering & Technology, Someshwar Nagar",,679524510,Computer Engineering,State Level,"Legends:Start Character G-General, L-Ladies, End Character H-Home University, O-Other than Home University, S-State LevelS",41563,77.0666918
06795,"Shri.Someshwar Shikshan Prasarak Mandal, Sharadchandra Pawar College of Engineering & Technology, Someshwar Nagar",,679524510,Computer Engineering,State Level,Maharashtra State Seats - Cut Off Indicates State General Merit No. ; Figures in bracket Indicates MHT-CET PCM PercentileS,45553,74.5211181
06795,"Shri.Someshwar Shikshan Prasarak Mandal, Sharadchandra Pawar College of Engineering & Technology, Someshwar Nagar",,679524510,Computer Engineering,State Level,I-NonS,66548,60.6284658
06795,"Shri.Someshwar Shikshan Prasarak Mandal, Sharadchandra Pawar College of Engineering & Technology, Someshwar Nagar",,679524510,Computer Engineering,State Level,VIIS,70164,57.6946774
06795,"Shri.Someshwar Shikshan Prasarak Mandal, Sharadchandra Pawar College of Engineering & Technology, Someshwar Nagar",,679529310,Electrical Engineering,State Level,"Legends:Start Character G-General, L-Ladies, End Character H-Home University, O-Other than Home University, S-State LevelS",88318,42.7946749
06795,"Shri.Someshwar Shikshan Prasarak Mandal, Sharadchandra Pawar College of Engineering & Technology, Someshwar Nagar",,679561210,Mechanical Engineering,State Level,EWS,88223,42.7946749
06796,"Bharati Vidyapeeth's College of Engineering,Lavale, Pune",,679624510,Computer Engineering,State Level,"Legends:Start Character G-General, L-Ladies, End Character H-Home University, O-Other than Home University, S-State LevelS",7661,95.7915734
06796,"Bharati Vidyapeeth's College of Engineering,Lavale, Pune",,679624510,Computer Engineering,State Level,Maharashtra State Seats - Cut Off Indicates State General Merit No. ; Figures in bracket Indicates MHT-CET PCM PercentileS,11152,93.9573805
06796,"Bharati Vidyapeeth's College of Engineering,Lavale, Pune",,679637210,Electronics and Telecommunication Engg,State Level,"Legends:Start Character G-General, L-Ladies, End Character H-Home University, O-Other than Home University, S-State LevelS",61352,64.0609282
06796,"Bharati Vidyapeeth's College of Engineering,Lavale, Pune",,679637210,Electronics and Telecommunication Engg,State Level,Maharashtra State Seats - Cut Off Indicates State General Merit No. ; Figures in bracket Indicates MHT-CET PCM PercentileS,25360,86.3472937
06796,"Bharati Vidyapeeth's College of Engineering,Lavale, Pune",,679637210,Electronics and Telecommunication Engg,State Level,DS,36876,79.8656107
06796,"Bharati Vidyapeeth's College of Engineering,Lavale, Pune",,679637210,Electronics and Telecommunication Engg,State Level,VIIS,29393,84.1495823
06796,"Bharati Vidyapeeth's College of Engineering,Lavale, Pune",,679661210,Mechanical Engineering,State Level,"Legends:Start Character G-General, L-Ladies, End Character H-Home University, O-Other than Home University, S-State LevelS",78795,51.1072039
06796,"Bharati Vidyapeeth's College of Engineering,Lavale, Pune",,679661210,Mechanical Engineering,State Level,I-NonS,85416,44.986801
06796,"Bharati Vidyapeeth's College of Engineering,Lavale, Pune",,679661210,Mechanical Engineering,State Level,VIIS,118275,7.4616793
06797,"Dnyanshree Institute Engineering and Technology, Satara",,679724210,Computer Science and Engineering,State Level,"Legends:Start Character G-General, L-Ladies, End Character H-Home University, O-Other than Home University, S-State LevelS",116568,10.4564832
06797,"Dnyanshree Institute Engineering and Technology, Satara",,679724210,Computer Science and Engineering,State Level,Maharashtra State Seats - Cut Off Indicates State General Merit No. ; Figures in bracket Indicates MHT-CET PCM PercentileS,44880,75.182198
06797,"Dnyanshree Institute Engineering and Technology, Satara",,679761210,Mechanical Engineering,State Level,"Legends:Start Character G-General, L-Ladies, End Character H-Home University, O-Other than Home University, S-State LevelS",120639,3.5945703
06799,"Shivganga Charitable Trust, Sangli Vishveshwarya Technical Campus, Faculty of Diploma Engineering, Patgaon, Miraj",,679924210,Computer Science and Engineering,State Level,"Legends:Start Character G-General, L-Ladies, End Character H-Home University, O-Other than Home University, S-State LevelS",111974,16.5815096
06799,"Shivganga Charitable Trust, Sangli Vishveshwarya Technical Campus, Faculty of Diploma Engineering, Patgaon, Miraj",,679924210,Computer Science and Engineering,State Level,Maharashtra State Seats - Cut Off Indicates State General Merit No. ; Figures in bracket Indicates MHT-CET PCM PercentileS,103165,27.3337429
06799,"Shivganga Charitable Trust, Sangli Vishveshwarya Technical Campus, Faculty of Diploma Engineering, Patgaon, Miraj",,679924510,Computer Engineering,State Level,"Legends:Start Character G-General, L-Ladies, End Character H-Home University, O-Other than Home University, S-State LevelS",87136,43.3051128
06799,"Shivganga Charitable Trust, Sangli Vishveshwarya Technical Campus, Faculty of Diploma Engineering, Patgaon, Miraj",,679924510,Computer Engineering,State Level,Maharashtra State Seats - Cut Off Indicates State General Merit No. ; Figures in bracket Indicates MHT-CET PCM PercentileS,94733,35.978039
06802,"Dr. D.Y.Patil Institute of Engineering, Management & Reseach, Akurdi, Pune",,680219110,Civil Engineering,State Level,"Legends:Start Character G-General, L-Ladies, End Character H-Home University, O-Other than Home University, S-State LevelS",46108,74.364085
06802,"Dr. D.Y.Patil Institute of Engineering, Management & Reseach, Akurdi, Pune",,680219110,Civil Engineering,State Level,Maharashtra State Seats - Cut Off Indicates State General Merit No. ; Figures in bracket Indicates MHT-CET PCM PercentileS,97369,33.5099087
06802,"Dr. D.Y.Patil Institute of Engineering, Management & Reseach, Akurdi, Pune",,680224510,Computer Engineering,State Level,"Legends:Start Character G-General, L-Ladies, End Character H-Home University, O-Other than Home University, S-State LevelS",7763,95.7384206
06802,"Dr. D.Y.Patil Institute of Engineering, Management & Reseach, Akurdi, Pune",,680224510,Computer Engineering,State Level,Maharashtra State Seats - Cut Off Indicates State General Merit No. ; Figures in bracket Indicates MHT-CET PCM PercentileS,9421,94.8726477
06802,"Dr. D.Y.Patil Institute of Engineering, Management & Reseach, Akurdi, Pune",,680224510,Computer Engineering,State Level,VIIS,9388,94.8984549
06802,"Dr. D.Y.Patil Institute of Engineering, Management & Reseach, Akurdi, Pune",,680237210,Electronics and Telecommunication Engg,State Level,"Legends:Start Character G-General, L-Ladies, End Character H-Home University, O-Other than Home University, S-State LevelS",14429,92.2302228
06802,"Dr. D.Y.Patil Institute of Engineering, Management & Reseach, Akurdi, Pune",,680250710,Chemical Engineering,State Level,"Legends:Start Character G-General, L-Ladies, End Character H-Home University, O-Other than Home University, S-State LevelS",84415,45.9884082
06802,"Dr. D.Y.Patil Institute of Engineering, Management & Reseach, Akurdi, Pune",,680261210,Mechanical Engineering,State Level,"Legends:Start Character G-General, L-Ladies, End Character H-Home University, O-Other than Home University, S-State LevelS",52391,70.7220669
06802,"Dr. D.Y.Patil Institute of Engineering, Management & Reseach, Akurdi, Pune",,680261210,Mechanical Engineering,State Level,VIIS,47399,73.5739966
06803,"Sant Gajanan Maharaj College of Engineering, Gadhinglaj",,680319110,Civil Engineering,State Level,EWS,121362,2.5617998
06803,"Sant Gajanan Maharaj College of Engineering, Gadhinglaj",,680329310,Electrical Engineering,State Level,"Legends:Start Character G-General, L-Ladies, End Character H-Home University, O-Other than Home University, S-State LevelS",79447,50.816249
06803,"Sant Gajanan Maharaj College of Engineering, Gadhinglaj",,680361210,Mechanical Engineering,State Level,"Legends:Start Character G-General, L-Ladies, End Character H-Home University, O-Other than Home University, S-State LevelS",75033,54.124615
06803,"Sant Gajanan Maharaj College of Engineering, Gadhinglaj",,680361210,Mechanical Engineering,State Level,I-NonS,109563,19.499854
06808,"Keystone School of Engineering, Pune",,680824510,Computer Engineering,State Level,"Legends:Start Character G-General, L-Ladies, End Character H-Home University, O-Other than Home University, S-State LevelS",61682,64.0172786
06808,"Keystone School of Engineering, Pune",,680824510,Computer Engineering,State Level,Maharashtra State Seats - Cut Off Indicates State General Merit No. ; Figures in bracket Indicates MHT-CET PCM PercentileS,65310,61.6697194
06808,"Keystone School of Engineering, Pune",,680824510,Computer Engineering,State Level,DS,30508,83.4045178
06808,"Keystone School of Engineering, Pune",,680824510,Computer Engineering,State Level,State Common Entrance Test CellS,40312,78.0555027
06808,"Keystone School of Engineering, Pune",,680824510,Computer Engineering,State Level,VIIS,44690,75.3508645
06808,"Keystone School of Engineering, Pune",,680837210,Electronics and Telecommunication Engg,State Level,"Legends:Start Character G-General, L-Ladies, End Character H-Home University, O-Other than Home University, S-State LevelS",54828,69.0394836
06808,"Keystone School of Engineering, Pune",,680861210,Mechanical Engineering,State Level,"Legends:Start Character G-General, L-Ladies, End Character H-Home University, O-Other than Home University, S-State LevelS",109549,19.8474395
06815,"Vidya Prasarini Sabha's College of Engineering & Technology, Lonavala",,681524510,Computer Engineering,State Level,"Legends:Start Character G-General, L-Ladies, End Character H-Home University, O-Other than Home University, S-State LevelS",54323,69.1685966
06815,"Vidya Prasarini Sabha's College of Engineering & Technology, Lonavala",,681524510,Computer Engineering,State Level,I-NonS,49762,71.9798416
06822,"Pimpri Chinchwad Education Trust's Pimpri Chinchwad College Of Engineering And Research, Ravet",,682219110,Civil Engineering,State Level,"Legends:Start Character G-General, L-Ladies, End Character H-Home University, O-Other than Home University, S-State LevelS",49430,72.5765063
06822,"Pimpri Chinchwad Education Trust's Pimpri Chinchwad College Of Engineering And Research, Ravet",,682219110,Civil Engineering,State Level,Maharashtra State Seats - Cut Off Indicates State General Merit No. ; Figures in bracket Indicates MHT-CET PCM PercentileS,96103,35.3945703
06822,"Pimpri Chinchwad Education Trust's Pimpri Chinchwad College Of Engineering And Research, Ravet",,682219110,Civil Engineering,State Level,I-NonS,53207,69.7082914
06822,"Pimpri Chinchwad Education Trust's Pimpri Chinchwad College Of Engineering And Research, Ravet",,682224510,Computer Engineering,State Level,"Legends:Start Character G-General, L-Ladies, End Character H-Home University, O-Other than Home University, S-State LevelS",3564,97.9376544
06822,"Pimpri Chinchwad Education Trust's Pimpri Chinchwad College Of Engineering And Research, Ravet",,682224510,Computer Engineering,State Level,Maharashtra State Seats - Cut Off Indicates State General Merit No. ; Figures in bracket Indicates MHT-CET PCM PercentileS,5674,96.8186638
06822,"Pimpri Chinchwad Education Trust's Pimpri Chinchwad College Of Engineering And Research, Ravet",,682237210,Electronics and Telecommunication Engg,State Level,"Legends:Start Character G-General, L-Ladies, End Character H-Home University, O-Other than Home University, S-State LevelS",14466,92.2302228
06822,"Pimpri Chinchwad Education Trust's Pimpri Chinchwad College Of Engineering And Research, Ravet",,682261210,Mechanical Engineering,State Level,"Legends:Start Character G-General, L-Ladies, End Character H-Home University, O-Other than Home University, S-State LevelS",68676,59.0639291
06822,"Pimpri Chinchwad Education Trust's Pimpri Chinchwad College Of Engineering And Research, Ravet",,682261210,Mechanical Engineering,State Level,Maharashtra State Seats - Cut Off Indicates State General Merit No. ; Figures in bracket Indicates MHT-CET PCM PercentileS,35527,80.6275908
06822,"Pimpri Chinchwad Education Trust's Pimpri Chinchwad College Of Engineering And Research, Ravet",,682261210,Mechanical Engineering,State Level,DS,40911,77.6049916
06834,"Dr.D.Y.Patil College Of Engineering & Innovation,Talegaon",,683424510,Computer Engineering,State Level,"Legends:Start Character G-General, L-Ladies, End Character H-Home University, O-Other than Home University, S-State LevelS",36971,79.5947693
06834,"Dr.D.Y.Patil College Of Engineering & Innovation,Talegaon",,683424510,Computer Engineering,State Level,Maharashtra State Seats - Cut Off Indicates State General Merit No. ; Figures in bracket Indicates MHT-CET PCM PercentileS,28316,84.8614274
06834,"Dr.D.Y.Patil College Of Engineering & Innovation,Talegaon",,683424510,Computer Engineering,State Level,DS,36194,80.3744535
06834,"Dr.D.Y.Patil College Of Engineering & Innovation,Talegaon",,683424510,Computer Engineering,State Level,VIIS,34741,81.0304563
06834,"Dr.D.Y.Patil College Of Engineering & Innovation,Talegaon",,683426310,Artificial Intelligence (AI) and Data Science,State Level,"Legends:Start Character G-General, L-Ladies, End Character H-Home University, O-Other than Home University, S-State LevelS",42412,76.6964455
06839,"Dr. D Y Patil Pratishthan's College of Engineering, Kolhapur",,683919110,Civil Engineering,State Level,"Legends:Start Character G-General, L-Ladies, End Character H-Home University, O-Other than Home University, S-State LevelS",98790,32.2621925
06839,"Dr. D Y Patil Pratishthan's College of Engineering, Kolhapur",,683919110,Civil Engineering,State Level,I-NonS,112669,15.5460791
06839,"Dr. D Y Patil Pratishthan's College of Engineering, Kolhapur",,683924210,Computer Science and Engineering,State Level,"Legends:Start Character G-General, L-Ladies, End Character H-Home University, O-Other than Home University, S-State LevelS",35851,80.5336015
06839,"Dr. D Y Patil Pratishthan's College of Engineering, Kolhapur",,683929310,Electrical Engineering,State Level,"Legends:Start Character G-General, L-Ladies, End Character H-Home University, O-Other than Home University, S-State LevelS",76723,52.4476185
06839,"Dr. D Y Patil Pratishthan's College of Engineering, Kolhapur",,683991210,Computer Science and Engineering(Data Science),State Level,"Legends:Start Character G-General, L-Ladies, End Character H-Home University, O-Other than Home University, S-State LevelS",44579,75.4846987
06878,"Dr. A. D. Shinde College Of Engineering, Tal.Gadhinglaj, Kolhapur",,687824210,Computer Science and Engineering,State Level,"Legends:Start Character G-General, L-Ladies, End Character H-Home University, O-Other than Home University, S-State LevelS",68245,59.5292331
06878,"Dr. A. D. Shinde College Of Engineering, Tal.Gadhinglaj, Kolhapur",,687824210,Computer Science and Engineering,State Level,Maharashtra State Seats - Cut Off Indicates State General Merit No. ; Figures in bracket Indicates MHT-CET PCM PercentileS,80058,49.556541
06878,"Dr. A. D. Shinde College Of Engineering, Tal.Gadhinglaj, Kolhapur",,687824210,Computer Science and Engineering,State Level,I-NonS,79124,50.9996691
06878,"Dr. A. D. Shinde College Of Engineering, Tal.Gadhinglaj, Kolhapur",,687826110,Electronics and Computer Science,State Level,"Legends:Start Character G-General, L-Ladies, End Character H-Home University, O-Other than Home University, S-State LevelS",98427,32.3435843
06878,"Dr. A. D. Shinde College Of Engineering, Tal.Gadhinglaj, Kolhapur",,687826110,Electronics and Computer Science,State Level,Maharashtra State Seats - Cut Off Indicates State General Merit No. ; Figures in bracket Indicates MHT-CET PCM PercentileS,99564,31.7734581
06878,"Dr. A. D. Shinde College Of Engineering, Tal.Gadhinglaj, Kolhapur",,687861210,Mechanical Engineering,State Level,EWS,83550,46.4456321
06901,"MAEER's MIT College of Railway Engineering and Research, Jamgaon, Barshi",,690124210,Computer Science and Engineering,State Level,"Legends:Start Character G-General, L-Ladies, End Character H-Home University, O-Other than Home University, S-State LevelS",45074,74.9700023
06901,"MAEER's MIT College of Railway Engineering and Research, Jamgaon, Barshi",,690137210,Electronics and Telecommunication Engg,State Level,"Legends:Start Character G-General, L-Ladies, End Character H-Home University, O-Other than Home University, S-State LevelS",46448,74.2012741
06901,"MAEER's MIT College of Railway Engineering and Research, Jamgaon, Barshi",,690137210,Electronics and Telecommunication Engg,State Level,I-NonS,42157,76.7344555
06901,"MAEER's MIT College of Railway Engineering and Research, Jamgaon, Barshi",,690161210,Mechanical Engineering,State Level,"Legends:Start Character G-General, L-Ladies, End Character H-Home University, O-Other than Home University, S-State LevelS",119238,5.9143931
06938,Shree Siddheshwar Women's College Of Engineering Solapur.,,,Mechanical Engineering,State Level,"Legends:Start Character G-General, L-Ladies, End Character H-Home University, O-Other than Home University, S-State LevelS",45852,74.5106403
06938,Shree Siddheshwar Women's College Of Engineering Solapur.,,,Mechanical Engineering,State Level,I-NonS,66686,60.6284658
06938,Shree Siddheshwar Women's College Of Engineering Solapur.,,,Mechanical Engineering,State Level,693829350F - Electrical EngineeringS,97781,32.5908894
06938,Shree Siddheshwar Women's College Of Engineering Solapur.,,,Mechanical Engineering,State Level,"Legends:Start Character G-General, L-Ladies, End Character H-Home University, O-Other than Home University, S-State LevelS",62845,63.5478045
