College Code,College Name,Location,Branch Code,Branch Name,Seat Section,Category,Merit No.,Percentile
01002,"Government College of Engineering, Amravati",Amravati,0100219110,Civil Engineering,Minority,GOPENS,34507,91.8268053
01002,"Government College of Engineering, Amravati",Amravati,0100219110,Civil Engineering,Minority,LOPENS,30601,92.7564924
01002,"Government College of Engineering, Amravati",Amravati,0100219110,Civil Engineering,Minority,ORPHANI,27213,93.5645877
01002,"Government College of Engineering, Amravati",Amravati,0100219110,Civil Engineering,Minority,GVJS,42419,89.9742931
01002,"Government College of Engineering, Amravati",Amravati,0100219110,Civil Engineering,Minority,LOBCS,36855,91.2331407
01002,"Government College of Engineering, Amravati",Amravati,0100219110,Civil Engineering,Minority,GOBCS,39541,90.5704062
01002,"Government College of Engineering, Amravati",Amravati,0100219110,Civil Engineering,Minority,LSEBCS,43376,89.6590708
01002,"Government College of Engineering, Amravati",Amravati,0100219110,Civil Engineering,Minority,GSEBCS,43228,89.6830085
01002,"Government College of Engineering, Amravati",Amravati,0100219110,Civil Engineering,Minority,GNT1S,37979,90.9657321
01002,"Government College of Engineering, Amravati",Amravati,0100219110,Civil Engineering,Minority,GNT3S,38815,90.8146472
01002,"Government College of Engineering, Amravati",Amravati,0100219110,Civil Engineering,Minority,LSCS,48878,88.2977496
01002,"Government College of Engineering, Amravati",Amravati,0100219110,Civil Engineering,Minority,GNT2S,49413,88.245893
01002,"Government College of Engineering, Amravati",Amravati,0100219110,Civil Engineering,Minority,GSCS,59898,85.6921506
01002,"Government College of Engineering, Amravati",Amravati,0100219110,Civil Engineering,Minority,PWDOPENS,56918,86.3943435
01002,"Government College of Engineering, Amravati",Amravati,0100219110,Civil Engineering,Minority,GSTS,83081,79.9864621
01002,"Government College of Engineering, Amravati",Amravati,0100219110,Civil Engineering,Minority,LSTS,78065,81.2365306
01002,"Government College of Engineering, Amravati",Amravati,0100219110,Civil Engineering,Minority,DEFOPENS,81290,80.4716144
01002,"Government College of Engineering, Amravati",Amravati,0100219110,Civil Engineering,Minority,PWDRSTS,156087,57.4188806
01002,"Government College of Engineering, Amravati",Amravati,0100219110,Civil Engineering,Minority,DEFRSCS,183913,44.6246246
01002,"Government College of Engineering, Amravati",Amravati,0100219110,Civil Engineering,Minority,DEFOBCS,192421,40.4162412
01002,"Government College of Engineering, Amravati",Amravati,0100219110,Civil Engineering,Minority,PWDOBCS,197479,37.1379111
01002,"Government College of Engineering, Amravati",Amravati,0100219110,Civil Engineering,Minority,EWS,65351,84.3786315
01002,"Government College of Engineering, Amravati",Amravati,0100219110,Civil Engineering,Minority,TFWS,33128,92.1611438
01002,"Government College of Engineering, Amravati",Amravati,0100224210,Computer Science and Engineering,Minority,GOPENS,11243,97.3781998
01002,"Government College of Engineering, Amravati",Amravati,0100224210,Computer Science and Engineering,Minority,LOPENS,11694,97.286596
01002,"Government College of Engineering, Amravati",Amravati,0100224210,Computer Science and Engineering,Minority,GOBCS,11530,97.305038
01002,"Government College of Engineering, Amravati",Amravati,0100224210,Computer Science and Engineering,Minority,GSEBCS,16792,96.0805719
01002,"Government College of Engineering, Amravati",Amravati,0100224210,Computer Science and Engineering,Minority,LOBCS,12808,96.9883668
01002,"Government College of Engineering, Amravati",Amravati,0100224210,Computer Science and Engineering,Minority,GVJS,13740,96.7873551
01002,"Government College of Engineering, Amravati",Amravati,0100224210,Computer Science and Engineering,Minority,LSCS,24712,94.1937425
01002,"Government College of Engineering, Amravati",Amravati,0100224210,Computer Science and Engineering,Minority,GNT2S,16586,96.1350237
01002,"Government College of Engineering, Amravati",Amravati,0100224210,Computer Science and Engineering,Minority,GSCS,23347,94.4912483
01002,"Government College of Engineering, Amravati",Amravati,0100224210,Computer Science and Engineering,Minority,LNT2S,18446,95.6826425
01002,"Government College of Engineering, Amravati",Amravati,0100224210,Computer Science and Engineering,Minority,GNT1S,19662,95.3858303
01002,"Government College of Engineering, Amravati",Amravati,0100224210,Computer Science and Engineering,Minority,LSEBCS,22003,94.8415735
01002,"Government College of Engineering, Amravati",Amravati,0100224210,Computer Science and Engineering,Minority,GNT3S,23605,94.4638756
01002,"Government College of Engineering, Amravati",Amravati,0100224210,Computer Science and Engineering,Minority,LVJS,25385,93.9889579
01002,"Government College of Engineering, Amravati",Amravati,0100224210,Computer Science and Engineering,Minority,DEFOPENS,28409,93.276493
01002,"Government College of Engineering, Amravati",Amravati,0100224210,Computer Science and Engineering,Minority,GSTS,65016,84.4137833
01002,"Government College of Engineering, Amravati",Amravati,0100224210,Computer Science and Engineering,Minority,DEFOBCS,36828,91.2331407
01002,"Government College of Engineering, Amravati",Amravati,0100224210,Computer Science and Engineering,Minority,PWDOPENS,38395,90.866765
01002,"Government College of Engineering, Amravati",Amravati,0100224210,Computer Science and Engineering,Minority,PWDOBCS,43746,89.5592458
01002,"Government College of Engineering, Amravati",Amravati,0100224210,Computer Science and Engineering,Minority,LSTS,67881,83.73706
01002,"Government College of Engineering, Amravati",Amravati,0100224210,Computer Science and Engineering,Minority,ORPHANN,80210,80.5793663
01002,"Government College of Engineering, Amravati",Amravati,0100224210,Computer Science and Engineering,Minority,DEFRSCS,85768,79.2630446
01002,"Government College of Engineering, Amravati",Amravati,0100224210,Computer Science and Engineering,Minority,PWDROBCS,102725,74.7351841
01002,"Government College of Engineering, Amravati",Amravati,0100224210,Computer Science and Engineering,Minority,EWS,18363,95.6991467
01002,"Government College of Engineering, Amravati",Amravati,0100224210,Computer Science and Engineering,Minority,TFWS,7025,98.3765891
01002,"Government College of Engineering, Amravati",Amravati,0100224610,Information Technology,Minority,LOPENS,15118,96.4812287
01002,"Government College of Engineering, Amravati",Amravati,0100224610,Information Technology,Minority,GOPENS,16679,96.1068782
01002,"Government College of Engineering, Amravati",Amravati,0100224610,Information Technology,Minority,LOBCS,15724,96.3335144
01002,"Government College of Engineering, Amravati",Amravati,0100224610,Information Technology,Minority,GSEBCS,20470,95.1933808
01002,"Government College of Engineering, Amravati",Amravati,0100224610,Information Technology,Minority,GOBCS,17343,95.9447134
01002,"Government College of Engineering, Amravati",Amravati,0100224610,Information Technology,Minority,GNT2S,23274,94.5074586
01002,"Government College of Engineering, Amravati",Amravati,0100224610,Information Technology,Minority,LSEBCS,22314,94.7610231
01002,"Government College of Engineering, Amravati",Amravati,0100224610,Information Technology,Minority,GSCS,32067,92.4132948
01002,"Government College of Engineering, Amravati",Amravati,0100224610,Information Technology,Minority,GVJS,25923,93.8884805
01002,"Government College of Engineering, Amravati",Amravati,0100224610,Information Technology,Minority,GNT3S,26120,93.8402527
01002,"Government College of Engineering, Amravati",Amravati,0100224610,Information Technology,Minority,LSCS,30193,92.8590573
01002,"Government College of Engineering, Amravati",Amravati,0100224610,Information Technology,Minority,LNT3S,31177,92.6165904
01002,"Government College of Engineering, Amravati",Amravati,0100224610,Information Technology,Minority,LNT1S,32151,92.4095563
01002,"Government College of Engineering, Amravati",Amravati,0100224610,Information Technology,Minority,DEFOBCS,41369,90.1262916
01002,"Government College of Engineering, Amravati",Amravati,0100224610,Information Technology,Minority,DEFOPENS,42061,90.0508521
01002,"Government College of Engineering, Amravati",Amravati,0100224610,Information Technology,Minority,DEFROBCS,62697,85.1182895
01002,"Government College of Engineering, Amravati",Amravati,0100224610,Information Technology,Minority,GSTS,92552,77.4501436
01002,"Government College of Engineering, Amravati",Amravati,0100224610,Information Technology,Minority,LSTS,97627,76.2591061
01002,"Government College of Engineering, Amravati",Amravati,0100224610,Information Technology,Minority,PWDOPENS,115634,70.9390112
01002,"Government College of Engineering, Amravati",Amravati,0100224610,Information Technology,Minority,ORPHANI,123492,68.6254044
01002,"Government College of Engineering, Amravati",Amravati,0100224610,Information Technology,Minority,PWDOBCS,152009,59.0801845
01002,"Government College of Engineering, Amravati",Amravati,0100224610,Information Technology,Minority,PWDROBCS,157926,56.5182885
01002,"Government College of Engineering, Amravati",Amravati,0100224610,Information Technology,Minority,EWS,25668,93.9486424
01002,"Government College of Engineering, Amravati",Amravati,0100224610,Information Technology,Minority,TFWS,15137,96.4812287
01002,"Government College of Engineering, Amravati",Amravati,0100229310,Electrical Engineering,Minority,GOPENS,26991,93.620848
01002,"Government College of Engineering, Amravati",Amravati,0100229310,Electrical Engineering,Minority,LOPENS,27090,93.603531
01002,"Government College of Engineering, Amravati",Amravati,0100229310,Electrical Engineering,Minority,GOBCS,28013,93.3993174
01002,"Government College of Engineering, Amravati",Amravati,0100229310,Electrical Engineering,Minority,LOBCS,29212,93.0779848
01002,"Government College of Engineering, Amravati",Amravati,0100229310,Electrical Engineering,Minority,LSCS,48900,88.2977496
01002,"Government College of Engineering, Amravati",Amravati,0100229310,Electrical Engineering,Minority,GSEBCS,40511,90.354069
01002,"Government College of Engineering, Amravati",Amravati,0100229310,Electrical Engineering,Minority,GNT2S,33183,92.1611438
01002,"Government College of Engineering, Amravati",Amravati,0100229310,Electrical Engineering,Minority,GSCS,41282,90.1398917
01002,"Government College of Engineering, Amravati",Amravati,0100229310,Electrical Engineering,Minority,GVJS,41080,90.1775065
01002,"Government College of Engineering, Amravati",Amravati,0100229310,Electrical Engineering,Minority,GNT3S,41803,90.0962861
01002,"Government College of Engineering, Amravati",Amravati,0100229310,Electrical Engineering,Minority,GNT1S,47604,88.7299064
01002,"Government College of Engineering, Amravati",Amravati,0100229310,Electrical Engineering,Minority,GSTS,86167,78.9956692
01002,"Government College of Engineering, Amravati",Amravati,0100229310,Electrical Engineering,Minority,LNT2S,59699,85.791852
01002,"Government College of Engineering, Amravati",Amravati,0100229310,Electrical Engineering,Minority,LSEBCS,67416,83.8560469
01002,"Government College of Engineering, Amravati",Amravati,0100229310,Electrical Engineering,Minority,LVJS,68228,83.7030299
01002,"Government College of Engineering, Amravati",Amravati,0100229310,Electrical Engineering,Minority,DEFOPENS,69085,83.4251983
01002,"Government College of Engineering, Amravati",Amravati,0100229310,Electrical Engineering,Minority,DEFRSCS,101427,74.9818126
01002,"Government College of Engineering, Amravati",Amravati,0100229310,Electrical Engineering,Minority,PWDOBCS,112220,71.9146758
01002,"Government College of Engineering, Amravati",Amravati,0100229310,Electrical Engineering,Minority,LSTS,120869,69.3105802
01002,"Government College of Engineering, Amravati",Amravati,0100229310,Electrical Engineering,Minority,DEFOBCS,136957,64.087617
01002,"Government College of Engineering, Amravati",Amravati,0100229310,Electrical Engineering,Minority,PWDOPENS,137355,63.9535342
01002,"Government College of Engineering, Amravati",Amravati,0100229310,Electrical Engineering,Minority,ORPHANN,151134,59.2474828
01002,"Government College of Engineering, Amravati",Amravati,0100229310,Electrical Engineering,Minority,PWDRNT1S,199108,35.8612172
01002,"Government College of Engineering, Amravati",Amravati,0100229310,Electrical Engineering,Minority,EWS,48060,88.5637068
01002,"Government College of Engineering, Amravati",Amravati,0100229310,Electrical Engineering,Minority,TFWS,26165,93.8303342
01002,"Government College of Engineering, Amravati",Amravati,0100237210,Electronics and Telecommunication Engg,Minority,GOPENS,20380,95.2061875
01002,"Government College of Engineering, Amravati",Amravati,0100237210,Electronics and Telecommunication Engg,Minority,LOPENS,24062,94.3412969
01002,"Government College of Engineering, Amravati",Amravati,0100237210,Electronics and Telecommunication Engg,Minority,GOBCS,21651,94.9303758
01002,"Government College of Engineering, Amravati",Amravati,0100237210,Electronics and Telecommunication Engg,Minority,LOBCS,23115,94.5553041
01002,"Government College of Engineering, Amravati",Amravati,0100237210,Electronics and Telecommunication Engg,Minority,GSEBCS,27580,93.4464908
01002,"Government College of Engineering, Amravati",Amravati,0100237210,Electronics and Telecommunication Engg,Minority,GSCS,39602,90.5659048
01002,"Government College of Engineering, Amravati",Amravati,0100237210,Electronics and Telecommunication Engg,Minority,GVJS,40551,90.3279027
01002,"Government College of Engineering, Amravati",Amravati,0100237210,Electronics and Telecommunication Engg,Minority,GNT2S,27384,93.4649935
01002,"Government College of Engineering, Amravati",Amravati,0100237210,Electronics and Telecommunication Engg,Minority,LNT2S,31582,92.5267651
01002,"Government College of Engineering, Amravati",Amravati,0100237210,Electronics and Telecommunication Engg,Minority,LSEBCS,42046,90.0621118
01002,"Government College of Engineering, Amravati",Amravati,0100237210,Electronics and Telecommunication Engg,Minority,LSCS,35687,91.53248
01002,"Government College of Engineering, Amravati",Amravati,0100237210,Electronics and Telecommunication Engg,Minority,GNT3S,35010,91.6610792
01002,"Government College of Engineering, Amravati",Amravati,0100237210,Electronics and Telecommunication Engg,Minority,LNT1S,48326,88.525902
01002,"Government College of Engineering, Amravati",Amravati,0100237210,Electronics and Telecommunication Engg,Minority,GSTS,127113,67.3538592
01002,"Government College of Engineering, Amravati",Amravati,0100237210,Electronics and Telecommunication Engg,Minority,DEFOPENS,72414,82.5792479
01002,"Government College of Engineering, Amravati",Amravati,0100237210,Electronics and Telecommunication Engg,Minority,PWDOBCS,77524,81.3089554
01002,"Government College of Engineering, Amravati",Amravati,0100237210,Electronics and Telecommunication Engg,Minority,LSTS,141965,62.6016833
01002,"Government College of Engineering, Amravati",Amravati,0100237210,Electronics and Telecommunication Engg,Minority,DEFRSCS,85868,79.0728986
01002,"Government College of Engineering, Amravati",Amravati,0100237210,Electronics and Telecommunication Engg,Minority,DEFOBCS,96908,76.3286018
01002,"Government College of Engineering, Amravati",Amravati,0100237210,Electronics and Telecommunication Engg,Minority,PWDOPENS,108768,72.9906413
01002,"Government College of Engineering, Amravati",Amravati,0100237210,Electronics and Telecommunication Engg,Minority,PWDROBCS,190381,41.1906024
01002,"Government College of Engineering, Amravati",Amravati,0100237210,Electronics and Telecommunication Engg,Minority,ORPHANI,216314,22.0653604
01002,"Government College of Engineering, Amravati",Amravati,0100237210,Electronics and Telecommunication Engg,Minority,EWS,32529,92.2609198
01002,"Government College of Engineering, Amravati",Amravati,0100237210,Electronics and Telecommunication Engg,Minority,TFWS,18927,95.5511974
01002,"Government College of Engineering, Amravati",Amravati,0100246610,Instrumentation Engineering,Minority,GOPENS,38583,90.8447181
01002,"Government College of Engineering, Amravati",Amravati,0100246610,Instrumentation Engineering,Minority,LOPENS,43269,89.6618256
01002,"Government College of Engineering, Amravati",Amravati,0100246610,Instrumentation Engineering,Minority,GOBCS,40706,90.3271341
01002,"Government College of Engineering, Amravati",Amravati,0100246610,Instrumentation Engineering,Minority,PWDOPENS,34483,91.8268053
01002,"Government College of Engineering, Amravati",Amravati,0100246610,Instrumentation Engineering,Minority,GSEBCS,47256,88.7955476
01002,"Government College of Engineering, Amravati",Amravati,0100246610,Instrumentation Engineering,Minority,LSEBCS,44149,89.5119454
01002,"Government College of Engineering, Amravati",Amravati,0100246610,Instrumentation Engineering,Minority,LOBCS,45104,89.2457163
01002,"Government College of Engineering, Amravati",Amravati,0100246610,Instrumentation Engineering,Minority,GSCS,65131,84.3808448
01002,"Government College of Engineering, Amravati",Amravati,0100246610,Instrumentation Engineering,Minority,LSCS,59079,85.9212092
01002,"Government College of Engineering, Amravati",Amravati,0100246610,Instrumentation Engineering,Minority,GNT2S,71569,82.8318522
01002,"Government College of Engineering, Amravati",Amravati,0100246610,Instrumentation Engineering,Minority,GNT1S,75400,81.9221888
01002,"Government College of Engineering, Amravati",Amravati,0100246610,Instrumentation Engineering,Minority,LVJS,76286,81.6705255
01002,"Government College of Engineering, Amravati",Amravati,0100246610,Instrumentation Engineering,Minority,GSTS,167924,52.1585439
01002,"Government College of Engineering, Amravati",Amravati,0100246610,Instrumentation Engineering,Minority,DEFOPENS,192197,40.4581492
01002,"Government College of Engineering, Amravati",Amravati,0100246610,Instrumentation Engineering,Minority,EWS,75405,81.9221888
01002,"Government College of Engineering, Amravati",Amravati,0100246610,Instrumentation Engineering,Minority,TFWS,43093,89.6934787
01002,"Government College of Engineering, Amravati",Amravati,0100261210,Mechanical Engineering,Minority,GOPENS,29840,92.9443952
01002,"Government College of Engineering, Amravati",Amravati,0100261210,Mechanical Engineering,Minority,LOPENS,40509,90.354069
01002,"Government College of Engineering, Amravati",Amravati,0100261210,Mechanical Engineering,Minority,GOBCS,32065,92.4132948
01002,"Government College of Engineering, Amravati",Amravati,0100261210,Mechanical Engineering,Minority,ORPHANN,30250,92.8576339
01002,"Government College of Engineering, Amravati",Amravati,0100261210,Mechanical Engineering,Minority,PWDOBCS,30251,92.8576339
01002,"Government College of Engineering, Amravati",Amravati,0100261210,Mechanical Engineering,Minority,GSEBCS,41631,90.1045888
01002,"Government College of Engineering, Amravati",Amravati,0100261210,Mechanical Engineering,Minority,LOBCS,43174,89.683918
01002,"Government College of Engineering, Amravati",Amravati,0100261210,Mechanical Engineering,Minority,GNT3S,42406,89.9742931
01002,"Government College of Engineering, Amravati",Amravati,0100261210,Mechanical Engineering,Minority,LNT3S,43575,89.621821
01002,"Government College of Engineering, Amravati",Amravati,0100261210,Mechanical Engineering,Minority,LSCS,61209,85.2987504
01002,"Government College of Engineering, Amravati",Amravati,0100261210,Mechanical Engineering,Minority,GSCS,52788,87.4466038
01002,"Government College of Engineering, Amravati",Amravati,0100261210,Mechanical Engineering,Minority,GNT1S,45770,89.1791812
01002,"Government College of Engineering, Amravati",Amravati,0100261210,Mechanical Engineering,Minority,LSEBCS,56293,86.5848999
01002,"Government College of Engineering, Amravati",Amravati,0100261210,Mechanical Engineering,Minority,GNT2S,47328,88.7955476
01002,"Government College of Engineering, Amravati",Amravati,0100261210,Mechanical Engineering,Minority,LNT1S,66921,83.9561363
01002,"Government College of Engineering, Amravati",Amravati,0100261210,Mechanical Engineering,Minority,GSTS,113645,71.4785529
01002,"Government College of Engineering, Amravati",Amravati,0100261210,Mechanical Engineering,Minority,GVJS,78502,81.0334862
01002,"Government College of Engineering, Amravati",Amravati,0100261210,Mechanical Engineering,Minority,DEFOPENS,108117,73.0844718
01002,"Government College of Engineering, Amravati",Amravati,0100261210,Mechanical Engineering,Minority,LSTS,185970,43.7064846
01002,"Government College of Engineering, Amravati",Amravati,0100261210,Mechanical Engineering,Minority,DEFOBCS,149155,59.950946
01002,"Government College of Engineering, Amravati",Amravati,0100261210,Mechanical Engineering,Minority,DEFRNT2S,186140,43.7064846
01002,"Government College of Engineering, Amravati",Amravati,0100261210,Mechanical Engineering,Minority,PWDOPENS,205912,31.0015898
01002,"Government College of Engineering, Amravati",Amravati,0100261210,Mechanical Engineering,Minority,EWS,55194,86.8427506
01002,"Government College of Engineering, Amravati",Amravati,0100261210,Mechanical Engineering,Minority,TFWS,31876,92.476754
01005,"Sant Gadge Baba Amravati University,Amravati",Amravati,0100550310,Food Technology,Minority,LOPENH,16882,96.4051127
01005,"Sant Gadge Baba Amravati University,Amravati",Amravati,0100550310,Food Technology,Minority,GOPENH,28070,93.9617023
01005,"Sant Gadge Baba Amravati University,Amravati",Amravati,0100550310,Food Technology,Minority,GOBCH,48034,89.5068295
01005,"Sant Gadge Baba Amravati University,Amravati",Amravati,0100550310,Food Technology,Minority,GSCH,33957,92.6328707
01005,"Sant Gadge Baba Amravati University,Amravati",Amravati,0100550310,Food Technology,Minority,GSEBCH,31338,93.2218043
01005,"Sant Gadge Baba Amravati University,Amravati",Amravati,0100550310,Food Technology,Minority,GSTH,193459,43.9060508
01005,"Sant Gadge Baba Amravati University,Amravati",Amravati,0100550310,Food Technology,Minority,GNT2H,64640,85.7603706
01005,"Sant Gadge Baba Amravati University,Amravati",Amravati,0100550310,Food Technology,Minority,GOPENO,15831,96.6430376
01005,"Sant Gadge Baba Amravati University,Amravati",Amravati,0100550310,Food Technology,Minority,GVJO,45916,90.0351458
01005,"Sant Gadge Baba Amravati University,Amravati",Amravati,0100550310,Food Technology,Minority,GSCO,37626,91.8298535
01005,"Sant Gadge Baba Amravati University,Amravati",Amravati,0100550310,Food Technology,Minority,GSEBCO,34047,92.6293219
01005,"Sant Gadge Baba Amravati University,Amravati",Amravati,0100550310,Food Technology,Minority,EWS,56831,87.5084631
01005,"Sant Gadge Baba Amravati University,Amravati",Amravati,0100550310,Food Technology,Minority,TFWS,6500,98.6245543
01005,"Sant Gadge Baba Amravati University,Amravati",Amravati,0100551710,Oil and Paints Technology,Minority,GOPENH,190573,41.153186
01005,"Sant Gadge Baba Amravati University,Amravati",Amravati,0100551710,Oil and Paints Technology,Minority,LOPENH,158700,56.2435713
01005,"Sant Gadge Baba Amravati University,Amravati",Amravati,0100551710,Oil and Paints Technology,Minority,LOBCH,170959,51.2488599
01005,"Sant Gadge Baba Amravati University,Amravati",Amravati,0100551710,Oil and Paints Technology,Minority,GSEBCH,190726,41.153186
01005,"Sant Gadge Baba Amravati University,Amravati",Amravati,0100551710,Oil and Paints Technology,Minority,GOBCH,190791,41.0952232
01005,"Sant Gadge Baba Amravati University,Amravati",Amravati,0100551710,Oil and Paints Technology,Minority,GVJH,196315,37.8307719
01005,"Sant Gadge Baba Amravati University,Amravati",Amravati,0100551710,Oil and Paints Technology,Minority,GSCH,224047,12.3071672
01005,"Sant Gadge Baba Amravati University,Amravati",Amravati,0100551710,Oil and Paints Technology,Minority,GNT2H,171917,50.8920685
01005,"Sant Gadge Baba Amravati University,Amravati",Amravati,0100551710,Oil and Paints Technology,Minority,GOPENO,122973,68.6498934
01005,"Sant Gadge Baba Amravati University,Amravati",Amravati,0100551710,Oil and Paints Technology,Minority,GSTO,128997,66.5496835
01005,"Sant Gadge Baba Amravati University,Amravati",Amravati,0100551710,Oil and Paints Technology,Minority,LOPENO,136575,64.1240022
01005,"Sant Gadge Baba Amravati University,Amravati",Amravati,0100551710,Oil and Paints Technology,Minority,GOBCO,153689,58.1324148
01005,"Sant Gadge Baba Amravati University,Amravati",Amravati,0100551710,Oil and Paints Technology,Minority,TFWS,97869,76.131941
01005,"Sant Gadge Baba Amravati University,Amravati",Amravati,0100552410,Paper and Pulp Technology,Minority,LOPENH,178683,47.7838912
01005,"Sant Gadge Baba Amravati University,Amravati",Amravati,0100552410,Paper and Pulp Technology,Minority,GOPENH,227804,5.1774267
01005,"Sant Gadge Baba Amravati University,Amravati",Amravati,0100552410,Paper and Pulp Technology,Minority,GOBCH,225744,9.4708811
01005,"Sant Gadge Baba Amravati University,Amravati",Amravati,0100552410,Paper and Pulp Technology,Minority,LSCH,220673,17.200127
01005,"Sant Gadge Baba Amravati University,Amravati",Amravati,0100552410,Paper and Pulp Technology,Minority,GNT1H,211898,26.166493
01005,"Sant Gadge Baba Amravati University,Amravati",Amravati,0100552410,Paper and Pulp Technology,Minority,GOPENO,152560,58.4294088
01005,"Sant Gadge Baba Amravati University,Amravati",Amravati,0100552410,Paper and Pulp Technology,Minority,GSEBCO,209688,28.2298995
01005,"Sant Gadge Baba Amravati University,Amravati",Amravati,0100552410,Paper and Pulp Technology,Minority,GOBCO,224211,12.0650457
01005,"Sant Gadge Baba Amravati University,Amravati",Amravati,0100552710,Petro Chemical Engineering,Minority,GOPENH,123766,68.6031011
01005,"Sant Gadge Baba Amravati University,Amravati",Amravati,0100552710,Petro Chemical Engineering,Minority,LOPENH,141538,62.8284912
01005,"Sant Gadge Baba Amravati University,Amravati",Amravati,0100552710,Petro Chemical Engineering,Minority,LSEBCH,127008,67.458483
01005,"Sant Gadge Baba Amravati University,Amravati",Amravati,0100552710,Petro Chemical Engineering,Minority,GSCH,175567,49.0487536
01005,"Sant Gadge Baba Amravati University,Amravati",Amravati,0100552710,Petro Chemical Engineering,Minority,GOBCH,162190,54.9832594
01005,"Sant Gadge Baba Amravati University,Amravati",Amravati,0100552710,Petro Chemical Engineering,Minority,LOBCH,172745,49.9737275
01005,"Sant Gadge Baba Amravati University,Amravati",Amravati,0100552710,Petro Chemical Engineering,Minority,GSTH,174123,49.4593034
01005,"Sant Gadge Baba Amravati University,Amravati",Amravati,0100552710,Petro Chemical Engineering,Minority,GOBCO,64014,84.5795651
01005,"Sant Gadge Baba Amravati University,Amravati",Amravati,0100552710,Petro Chemical Engineering,Minority,LOPENO,91703,77.7140658
01005,"Sant Gadge Baba Amravati University,Amravati",Amravati,0100552710,Petro Chemical Engineering,Minority,GNT3O,138958,63.5303851
01005,"Sant Gadge Baba Amravati University,Amravati",Amravati,0100552710,Petro Chemical Engineering,Minority,GNT2O,142590,62.4995214
01005,"Sant Gadge Baba Amravati University,Amravati",Amravati,0100552710,Petro Chemical Engineering,Minority,EWS,187953,42.6120917
01005,"Sant Gadge Baba Amravati University,Amravati",Amravati,0100552710,Petro Chemical Engineering,Minority,TFWS,114407,71.2894525
01012,"Government College of Engineering,Yavatmal",Yavatmal,0101219110,Civil Engineering,Minority,GOPENH,83679,79.7046663
01012,"Government College of Engineering,Yavatmal",Yavatmal,0101219110,Civil Engineering,Minority,GOBCH,107029,73.2908824
01012,"Government College of Engineering,Yavatmal",Yavatmal,0101219110,Civil Engineering,Minority,LOBCH,121302,69.0271267
01012,"Government College of Engineering,Yavatmal",Yavatmal,0101219110,Civil Engineering,Minority,LOPENH,120114,69.7621466
01012,"Government College of Engineering,Yavatmal",Yavatmal,0101219110,Civil Engineering,Minority,GVJH,96810,76.3286018
01012,"Government College of Engineering,Yavatmal",Yavatmal,0101219110,Civil Engineering,Minority,PWDOBCH,92590,77.4501436
01012,"Government College of Engineering,Yavatmal",Yavatmal,0101219110,Civil Engineering,Minority,PWDOPENH,99559,75.4489132
01012,"Government College of Engineering,Yavatmal",Yavatmal,0101219110,Civil Engineering,Minority,GSCH,115224,71.0421393
01012,"Government College of Engineering,Yavatmal",Yavatmal,0101219110,Civil Engineering,Minority,GNT2H,106349,73.3487346
01012,"Government College of Engineering,Yavatmal",Yavatmal,0101219110,Civil Engineering,Minority,LSCH,124425,68.4225402
01012,"Government College of Engineering,Yavatmal",Yavatmal,0101219110,Civil Engineering,Minority,GNT3H,124391,68.4225402
01012,"Government College of Engineering,Yavatmal",Yavatmal,0101219110,Civil Engineering,Minority,LNT2H,124629,68.4225402
01012,"Government College of Engineering,Yavatmal",Yavatmal,0101219110,Civil Engineering,Minority,GNT1H,127049,67.3538592
01012,"Government College of Engineering,Yavatmal",Yavatmal,0101219110,Civil Engineering,Minority,GSTH,207724,29.612695
01012,"Government College of Engineering,Yavatmal",Yavatmal,0101219110,Civil Engineering,Minority,LSEBCH,141059,62.9339383
01012,"Government College of Engineering,Yavatmal",Yavatmal,0101219110,Civil Engineering,Minority,GSEBCH,174450,49.2473035
01012,"Government College of Engineering,Yavatmal",Yavatmal,0101219110,Civil Engineering,Minority,LSTH,221477,15.7457927
01012,"Government College of Engineering,Yavatmal",Yavatmal,0101219110,Civil Engineering,Minority,GOPENO,71905,82.7018873
01012,"Government College of Engineering,Yavatmal",Yavatmal,0101219110,Civil Engineering,Minority,LOPENO,61511,85.2566749
01012,"Government College of Engineering,Yavatmal",Yavatmal,0101219110,Civil Engineering,Minority,LOBCO,66579,84.0342981
01012,"Government College of Engineering,Yavatmal",Yavatmal,0101219110,Civil Engineering,Minority,GOBCO,73627,82.3454058
01012,"Government College of Engineering,Yavatmal",Yavatmal,0101219110,Civil Engineering,Minority,GSCO,77299,81.4271094
01012,"Government College of Engineering,Yavatmal",Yavatmal,0101219110,Civil Engineering,Minority,GNT1O,80496,80.5595655
01012,"Government College of Engineering,Yavatmal",Yavatmal,0101219110,Civil Engineering,Minority,LSCO,95582,76.5235824
01012,"Government College of Engineering,Yavatmal",Yavatmal,0101219110,Civil Engineering,Minority,GSEBCO,98605,75.8548894
01012,"Government College of Engineering,Yavatmal",Yavatmal,0101219110,Civil Engineering,Minority,GSTO,104156,74.2209832
01012,"Government College of Engineering,Yavatmal",Yavatmal,0101219110,Civil Engineering,Minority,LSEBCO,161434,55.319298
01012,"Government College of Engineering,Yavatmal",Yavatmal,0101219110,Civil Engineering,Minority,DEFOBCS,67685,83.7431799
01012,"Government College of Engineering,Yavatmal",Yavatmal,0101219110,Civil Engineering,Minority,DEFOPENS,169367,52.0988164
01012,"Government College of Engineering,Yavatmal",Yavatmal,0101219110,Civil Engineering,Minority,DEFROBCS,201957,34.0437095
01012,"Government College of Engineering,Yavatmal",Yavatmal,0101219110,Civil Engineering,Minority,ORPHANI,74315,82.016548
01012,"Government College of Engineering,Yavatmal",Yavatmal,0101219110,Civil Engineering,Minority,EWS,201614,34.1066887
01012,"Government College of Engineering,Yavatmal",Yavatmal,0101219110,Civil Engineering,Minority,TFWS,73769,82.190886
01012,"Government College of Engineering,Yavatmal",Yavatmal,0101224510,Computer Engineering,Minority,LOPENH,55393,86.8334686
01012,"Government College of Engineering,Yavatmal",Yavatmal,0101224510,Computer Engineering,Minority,GOPENH,56908,86.3943435
01012,"Government College of Engineering,Yavatmal",Yavatmal,0101224510,Computer Engineering,Minority,LOBCH,56777,86.560206
01012,"Government College of Engineering,Yavatmal",Yavatmal,0101224510,Computer Engineering,Minority,GOBCH,61664,85.239357
01012,"Government College of Engineering,Yavatmal",Yavatmal,0101224510,Computer Engineering,Minority,PWDOBCH,59713,85.791852
01012,"Government College of Engineering,Yavatmal",Yavatmal,0101224510,Computer Engineering,Minority,GSCH,72726,82.5187713
01012,"Government College of Engineering,Yavatmal",Yavatmal,0101224510,Computer Engineering,Minority,GNT3H,65469,84.3786315
01012,"Government College of Engineering,Yavatmal",Yavatmal,0101224510,Computer Engineering,Minority,GNT2H,66574,84.0342981
01012,"Government College of Engineering,Yavatmal",Yavatmal,0101224510,Computer Engineering,Minority,GSEBCH,73716,82.3454058
01012,"Government College of Engineering,Yavatmal",Yavatmal,0101224510,Computer Engineering,Minority,LVJH,73227,82.4780187
01012,"Government College of Engineering,Yavatmal",Yavatmal,0101224510,Computer Engineering,Minority,LSCH,77438,81.3283933
01012,"Government College of Engineering,Yavatmal",Yavatmal,0101224510,Computer Engineering,Minority,GNT1H,82038,80.1766472
01012,"Government College of Engineering,Yavatmal",Yavatmal,0101224510,Computer Engineering,Minority,GSTH,83089,79.9864621
01012,"Government College of Engineering,Yavatmal",Yavatmal,0101224510,Computer Engineering,Minority,LSEBCH,91678,77.7140658
01012,"Government College of Engineering,Yavatmal",Yavatmal,0101224510,Computer Engineering,Minority,PWDOPENH,185281,44.1937857
01012,"Government College of Engineering,Yavatmal",Yavatmal,0101224510,Computer Engineering,Minority,LSTH,155230,57.6578681
01012,"Government College of Engineering,Yavatmal",Yavatmal,0101224510,Computer Engineering,Minority,PWDRSEBCH,195604,38.0901752
01012,"Government College of Engineering,Yavatmal",Yavatmal,0101224510,Computer Engineering,Minority,GOPENO,35235,91.6438644
01012,"Government College of Engineering,Yavatmal",Yavatmal,0101224510,Computer Engineering,Minority,LOPENO,35880,91.4865131
01012,"Government College of Engineering,Yavatmal",Yavatmal,0101224510,Computer Engineering,Minority,GSEBCO,38204,90.9144237
01012,"Government College of Engineering,Yavatmal",Yavatmal,0101224510,Computer Engineering,Minority,GVJO,39686,90.5491967
01012,"Government College of Engineering,Yavatmal",Yavatmal,0101224510,Computer Engineering,Minority,GOBCO,42808,89.8845123
01012,"Government College of Engineering,Yavatmal",Yavatmal,0101224510,Computer Engineering,Minority,LOBCO,52172,87.5957229
01012,"Government College of Engineering,Yavatmal",Yavatmal,0101224510,Computer Engineering,Minority,GSCO,63660,84.6586561
01012,"Government College of Engineering,Yavatmal",Yavatmal,0101224510,Computer Engineering,Minority,GNT2O,62463,85.1550148
01012,"Government College of Engineering,Yavatmal",Yavatmal,0101224510,Computer Engineering,Minority,LSCO,65231,84.3808448
01012,"Government College of Engineering,Yavatmal",Yavatmal,0101224510,Computer Engineering,Minority,GSTO,118811,69.8506426
01012,"Government College of Engineering,Yavatmal",Yavatmal,0101224510,Computer Engineering,Minority,LSTO,153040,58.3262891
01012,"Government College of Engineering,Yavatmal",Yavatmal,0101224510,Computer Engineering,Minority,DEFOPENS,79084,80.7883659
01012,"Government College of Engineering,Yavatmal",Yavatmal,0101224510,Computer Engineering,Minority,DEFRSEBCS,135327,64.5293156
01012,"Government College of Engineering,Yavatmal",Yavatmal,0101224510,Computer Engineering,Minority,DEFOBCS,178019,47.8398896
01012,"Government College of Engineering,Yavatmal",Yavatmal,0101224510,Computer Engineering,Minority,ORPHANN,42082,90.0508521
01012,"Government College of Engineering,Yavatmal",Yavatmal,0101224510,Computer Engineering,Minority,EWS,93813,77.1955616
01012,"Government College of Engineering,Yavatmal",Yavatmal,0101224510,Computer Engineering,Minority,TFWS,41142,90.1775065
01012,"Government College of Engineering,Yavatmal",Yavatmal,0101229310,Electrical Engineering,Minority,GOPENH,93225,77.2619593
01012,"Government College of Engineering,Yavatmal",Yavatmal,0101229310,Electrical Engineering,Minority,LOPENH,71970,82.7018873
01012,"Government College of Engineering,Yavatmal",Yavatmal,0101229310,Electrical Engineering,Minority,PWDOPENH,69550,83.1950716
01012,"Government College of Engineering,Yavatmal",Yavatmal,0101229310,Electrical Engineering,Minority,LOBCH,85040,79.379989
01012,"Government College of Engineering,Yavatmal",Yavatmal,0101229310,Electrical Engineering,Minority,GOBCH,102387,74.75684
01012,"Government College of Engineering,Yavatmal",Yavatmal,0101229310,Electrical Engineering,Minority,LSCH,141285,62.9339383
01012,"Government College of Engineering,Yavatmal",Yavatmal,0101229310,Electrical Engineering,Minority,LNT1H,91096,77.8612083
01012,"Government College of Engineering,Yavatmal",Yavatmal,0101229310,Electrical Engineering,Minority,GSCH,106460,73.3487346
01012,"Government College of Engineering,Yavatmal",Yavatmal,0101229310,Electrical Engineering,Minority,PWDOBCH,99262,75.4755316
01012,"Government College of Engineering,Yavatmal",Yavatmal,0101229310,Electrical Engineering,Minority,GVJH,105086,74.0786749
01012,"Government College of Engineering,Yavatmal",Yavatmal,0101229310,Electrical Engineering,Minority,GNT2H,121678,68.9409579
01012,"Government College of Engineering,Yavatmal",Yavatmal,0101229310,Electrical Engineering,Minority,LSEBCH,162195,54.9832594
01012,"Government College of Engineering,Yavatmal",Yavatmal,0101229310,Electrical Engineering,Minority,GSTH,203992,32.5248195
01012,"Government College of Engineering,Yavatmal",Yavatmal,0101229310,Electrical Engineering,Minority,LSTH,189472,41.7129534
01012,"Government College of Engineering,Yavatmal",Yavatmal,0101229310,Electrical Engineering,Minority,GSEBCH,207005,30.6281286
01012,"Government College of Engineering,Yavatmal",Yavatmal,0101229310,Electrical Engineering,Minority,GOPENO,53457,87.2593857
01012,"Government College of Engineering,Yavatmal",Yavatmal,0101229310,Electrical Engineering,Minority,LOPENO,58833,85.9425358
01012,"Government College of Engineering,Yavatmal",Yavatmal,0101229310,Electrical Engineering,Minority,GOBCO,57097,86.3505412
01012,"Government College of Engineering,Yavatmal",Yavatmal,0101229310,Electrical Engineering,Minority,GVJO,61212,85.2987504
01012,"Government College of Engineering,Yavatmal",Yavatmal,0101229310,Electrical Engineering,Minority,LOBCO,71980,82.7018873
01012,"Government College of Engineering,Yavatmal",Yavatmal,0101229310,Electrical Engineering,Minority,GSCO,93967,77.1955616
01012,"Government College of Engineering,Yavatmal",Yavatmal,0101229310,Electrical Engineering,Minority,LSEBCO,96072,76.4503291
01012,"Government College of Engineering,Yavatmal",Yavatmal,0101229310,Electrical Engineering,Minority,GNT2O,96759,76.3286018
01012,"Government College of Engineering,Yavatmal",Yavatmal,0101229310,Electrical Engineering,Minority,GSEBCO,98421,75.9291421
01012,"Government College of Engineering,Yavatmal",Yavatmal,0101229310,Electrical Engineering,Minority,GNT3O,104095,74.4163823
01012,"Government College of Engineering,Yavatmal",Yavatmal,0101229310,Electrical Engineering,Minority,GNT1O,110679,72.4223602
01012,"Government College of Engineering,Yavatmal",Yavatmal,0101229310,Electrical Engineering,Minority,GSTO,139037,63.5303851
01012,"Government College of Engineering,Yavatmal",Yavatmal,0101229310,Electrical Engineering,Minority,DEFOPENS,54845,86.8832732
01012,"Government College of Engineering,Yavatmal",Yavatmal,0101229310,Electrical Engineering,Minority,DEFOBCS,67325,83.8560469
01012,"Government College of Engineering,Yavatmal",Yavatmal,0101229310,Electrical Engineering,Minority,ORPHANI,61614,85.239357
01012,"Government College of Engineering,Yavatmal",Yavatmal,0101229310,Electrical Engineering,Minority,EWS,196650,37.5813241
01012,"Government College of Engineering,Yavatmal",Yavatmal,0101229310,Electrical Engineering,Minority,TFWS,78988,80.7883659
01012,"Government College of Engineering,Yavatmal",Yavatmal,0101237210,Electronics and Telecommunication Engg,Minority,GOPENH,82723,80.0260591
01012,"Government College of Engineering,Yavatmal",Yavatmal,0101237210,Electronics and Telecommunication Engg,Minority,LOPENH,85785,79.2630446
01012,"Government College of Engineering,Yavatmal",Yavatmal,0101237210,Electronics and Telecommunication Engg,Minority,GSCH,102153,74.8088122
01012,"Government College of Engineering,Yavatmal",Yavatmal,0101237210,Electronics and Telecommunication Engg,Minority,PWDOPENH,84128,79.5538038
01012,"Government College of Engineering,Yavatmal",Yavatmal,0101237210,Electronics and Telecommunication Engg,Minority,LOBCH,87666,78.8262695
01012,"Government College of Engineering,Yavatmal",Yavatmal,0101237210,Electronics and Telecommunication Engg,Minority,GOBCH,90912,77.8612083
01012,"Government College of Engineering,Yavatmal",Yavatmal,0101237210,Electronics and Telecommunication Engg,Minority,LSTH,89329,78.1913582
01012,"Government College of Engineering,Yavatmal",Yavatmal,0101237210,Electronics and Telecommunication Engg,Minority,GVJH,90043,77.9589871
01012,"Government College of Engineering,Yavatmal",Yavatmal,0101237210,Electronics and Telecommunication Engg,Minority,PWDOBCH,90735,77.8890571
01012,"Government College of Engineering,Yavatmal",Yavatmal,0101237210,Electronics and Telecommunication Engg,Minority,GNT1H,107436,73.262321
01012,"Government College of Engineering,Yavatmal",Yavatmal,0101237210,Electronics and Telecommunication Engg,Minority,GNT2H,109698,72.6740126
01012,"Government College of Engineering,Yavatmal",Yavatmal,0101237210,Electronics and Telecommunication Engg,Minority,LSEBCH,150353,59.5017065
01012,"Government College of Engineering,Yavatmal",Yavatmal,0101237210,Electronics and Telecommunication Engg,Minority,LNT2H,113905,71.4377156
01012,"Government College of Engineering,Yavatmal",Yavatmal,0101237210,Electronics and Telecommunication Engg,Minority,LSCH,127019,67.458483
01012,"Government College of Engineering,Yavatmal",Yavatmal,0101237210,Electronics and Telecommunication Engg,Minority,GNT3H,116659,70.6970324
01012,"Government College of Engineering,Yavatmal",Yavatmal,0101237210,Electronics and Telecommunication Engg,Minority,LNT3H,130435,66.1911263
01012,"Government College of Engineering,Yavatmal",Yavatmal,0101237210,Electronics and Telecommunication Engg,Minority,GSEBCH,152352,58.9637781
01012,"Government College of Engineering,Yavatmal",Yavatmal,0101237210,Electronics and Telecommunication Engg,Minority,GSTH,213734,24.5822293
01012,"Government College of Engineering,Yavatmal",Yavatmal,0101237210,Electronics and Telecommunication Engg,Minority,LOPENO,57507,86.2729883
01012,"Government College of Engineering,Yavatmal",Yavatmal,0101237210,Electronics and Telecommunication Engg,Minority,GOPENO,60386,85.65358
01012,"Government College of Engineering,Yavatmal",Yavatmal,0101237210,Electronics and Telecommunication Engg,Minority,LSCO,55774,86.7003307
01012,"Government College of Engineering,Yavatmal",Yavatmal,0101237210,Electronics and Telecommunication Engg,Minority,GOBCO,68227,83.7030299
01012,"Government College of Engineering,Yavatmal",Yavatmal,0101237210,Electronics and Telecommunication Engg,Minority,GSCO,81085,80.4992916
01012,"Government College of Engineering,Yavatmal",Yavatmal,0101237210,Electronics and Telecommunication Engg,Minority,GSEBCO,84226,79.5076004
01012,"Government College of Engineering,Yavatmal",Yavatmal,0101237210,Electronics and Telecommunication Engg,Minority,GSTO,191080,40.7074872
01012,"Government College of Engineering,Yavatmal",Yavatmal,0101237210,Electronics and Telecommunication Engg,Minority,DEFOBCS,62507,85.1550148
01012,"Government College of Engineering,Yavatmal",Yavatmal,0101237210,Electronics and Telecommunication Engg,Minority,DEFOPENS,158612,56.2435713
01012,"Government College of Engineering,Yavatmal",Yavatmal,0101237210,Electronics and Telecommunication Engg,Minority,ORPHANN,63455,84.8637817
01012,"Government College of Engineering,Yavatmal",Yavatmal,0101237210,Electronics and Telecommunication Engg,Minority,EWS,156972,56.92563
01012,"Government College of Engineering,Yavatmal",Yavatmal,0101237210,Electronics and Telecommunication Engg,Minority,TFWS,51050,87.8873794
01012,"Government College of Engineering,Yavatmal",Yavatmal,0101261210,Mechanical Engineering,Minority,GOPENH,115248,71.0421393
01012,"Government College of Engineering,Yavatmal",Yavatmal,0101261210,Mechanical Engineering,Minority,GOBCH,120733,69.3105802
01012,"Government College of Engineering,Yavatmal",Yavatmal,0101261210,Mechanical Engineering,Minority,LOPENH,127434,67.2980865
01012,"Government College of Engineering,Yavatmal",Yavatmal,0101261210,Mechanical Engineering,Minority,LOBCH,128176,66.8147184
01012,"Government College of Engineering,Yavatmal",Yavatmal,0101261210,Mechanical Engineering,Minority,GSCH,131650,66.0625569
01012,"Government College of Engineering,Yavatmal",Yavatmal,0101261210,Mechanical Engineering,Minority,PWDOBCH,125213,68.063194
01012,"Government College of Engineering,Yavatmal",Yavatmal,0101261210,Mechanical Engineering,Minority,GNT2H,131221,66.0956881
01012,"Government College of Engineering,Yavatmal",Yavatmal,0101261210,Mechanical Engineering,Minority,LSCH,136897,64.1240022
01012,"Government College of Engineering,Yavatmal",Yavatmal,0101261210,Mechanical Engineering,Minority,GNT1H,139988,63.2367632
01012,"Government College of Engineering,Yavatmal",Yavatmal,0101261210,Mechanical Engineering,Minority,LSEBCH,152502,58.4294088
01012,"Government College of Engineering,Yavatmal",Yavatmal,0101261210,Mechanical Engineering,Minority,GSEBCH,209715,27.9569892
01012,"Government College of Engineering,Yavatmal",Yavatmal,0101261210,Mechanical Engineering,Minority,LVJH,173035,49.8699585
01012,"Government College of Engineering,Yavatmal",Yavatmal,0101261210,Mechanical Engineering,Minority,GNT3H,175765,48.8664194
01012,"Government College of Engineering,Yavatmal",Yavatmal,0101261210,Mechanical Engineering,Minority,PWDOPENH,176652,48.401775
01012,"Government College of Engineering,Yavatmal",Yavatmal,0101261210,Mechanical Engineering,Minority,GSTH,208134,29.4122187
01012,"Government College of Engineering,Yavatmal",Yavatmal,0101261210,Mechanical Engineering,Minority,LSTH,227920,5.0094717
01012,"Government College of Engineering,Yavatmal",Yavatmal,0101261210,Mechanical Engineering,Minority,GOPENO,53224,87.3221306
01012,"Government College of Engineering,Yavatmal",Yavatmal,0101261210,Mechanical Engineering,Minority,LOPENO,76741,81.5934486
01012,"Government College of Engineering,Yavatmal",Yavatmal,0101261210,Mechanical Engineering,Minority,GOBCO,56461,86.5748101
01012,"Government College of Engineering,Yavatmal",Yavatmal,0101261210,Mechanical Engineering,Minority,GSEBCO,67260,83.8560469
01012,"Government College of Engineering,Yavatmal",Yavatmal,0101261210,Mechanical Engineering,Minority,LOBCO,84015,79.5928226
01012,"Government College of Engineering,Yavatmal",Yavatmal,0101261210,Mechanical Engineering,Minority,GSCO,106118,73.6510161
01012,"Government College of Engineering,Yavatmal",Yavatmal,0101261210,Mechanical Engineering,Minority,LSCO,104839,74.112751
01012,"Government College of Engineering,Yavatmal",Yavatmal,0101261210,Mechanical Engineering,Minority,LNT2O,134748,65.1648234
01012,"Government College of Engineering,Yavatmal",Yavatmal,0101261210,Mechanical Engineering,Minority,LSEBCO,168996,52.1058919
01012,"Government College of Engineering,Yavatmal",Yavatmal,0101261210,Mechanical Engineering,Minority,LVJO,170158,51.7178644
01012,"Government College of Engineering,Yavatmal",Yavatmal,0101261210,Mechanical Engineering,Minority,GSTO,224895,11.0099135
01012,"Government College of Engineering,Yavatmal",Yavatmal,0101261210,Mechanical Engineering,Minority,LSTO,225884,9.2107074
01012,"Government College of Engineering,Yavatmal",Yavatmal,0101261210,Mechanical Engineering,Minority,DEFOPENS,140904,62.965955
01012,"Government College of Engineering,Yavatmal",Yavatmal,0101261210,Mechanical Engineering,Minority,DEFOBCS,179195,47.0872596
01012,"Government College of Engineering,Yavatmal",Yavatmal,0101261210,Mechanical Engineering,Minority,ORPHANI,60304,85.65358
01012,"Government College of Engineering,Yavatmal",Yavatmal,0101261210,Mechanical Engineering,Minority,EWS,187070,43.2064159
01012,"Government College of Engineering,Yavatmal",Yavatmal,0101261210,Mechanical Engineering,Minority,TFWS,86681,78.9492107
01101,"Shri Sant Gajanan Maharaj College of Engineering,Shegaon",Shegaon,0110124210,Computer Science and Engineering,Minority,GOPENS,27002,93.620848
01101,"Shri Sant Gajanan Maharaj College of Engineering,Shegaon",Shegaon,0110124210,Computer Science and Engineering,Minority,LOPENS,26998,93.620848
01101,"Shri Sant Gajanan Maharaj College of Engineering,Shegaon",Shegaon,0110124210,Computer Science and Engineering,Minority,LOBCS,28532,93.233135
01101,"Shri Sant Gajanan Maharaj College of Engineering,Shegaon",Shegaon,0110124210,Computer Science and Engineering,Minority,LNT2S,26069,93.8417347
01101,"Shri Sant Gajanan Maharaj College of Engineering,Shegaon",Shegaon,0110124210,Computer Science and Engineering,Minority,GOBCS,28851,93.1663509
01101,"Shri Sant Gajanan Maharaj College of Engineering,Shegaon",Shegaon,0110124210,Computer Science and Engineering,Minority,ORPHANN,28396,93.276493
01101,"Shri Sant Gajanan Maharaj College of Engineering,Shegaon",Shegaon,0110124210,Computer Science and Engineering,Minority,GNT2S,36429,91.3672693
01101,"Shri Sant Gajanan Maharaj College of Engineering,Shegaon",Shegaon,0110124210,Computer Science and Engineering,Minority,LSEBCS,32336,92.3523755
01101,"Shri Sant Gajanan Maharaj College of Engineering,Shegaon",Shegaon,0110124210,Computer Science and Engineering,Minority,GVJS,44586,89.4256012
01101,"Shri Sant Gajanan Maharaj College of Engineering,Shegaon",Shegaon,0110124210,Computer Science and Engineering,Minority,GNT1S,34611,91.7989964
01101,"Shri Sant Gajanan Maharaj College of Engineering,Shegaon",Shegaon,0110124210,Computer Science and Engineering,Minority,GSCS,57508,86.2729883
01101,"Shri Sant Gajanan Maharaj College of Engineering,Shegaon",Shegaon,0110124210,Computer Science and Engineering,Minority,DEFSEBCS,34530,91.8268053
01101,"Shri Sant Gajanan Maharaj College of Engineering,Shegaon",Shegaon,0110124210,Computer Science and Engineering,Minority,GSEBCS,44584,89.4256012
01101,"Shri Sant Gajanan Maharaj College of Engineering,Shegaon",Shegaon,0110124210,Computer Science and Engineering,Minority,GNT3S,36830,91.2331407
01101,"Shri Sant Gajanan Maharaj College of Engineering,Shegaon",Shegaon,0110124210,Computer Science and Engineering,Minority,DEFOPENS,44259,89.4554822
01101,"Shri Sant Gajanan Maharaj College of Engineering,Shegaon",Shegaon,0110124210,Computer Science and Engineering,Minority,LSCS,49086,88.2758357
01101,"Shri Sant Gajanan Maharaj College of Engineering,Shegaon",Shegaon,0110124210,Computer Science and Engineering,Minority,LVJS,49176,88.2603909
01101,"Shri Sant Gajanan Maharaj College of Engineering,Shegaon",Shegaon,0110124210,Computer Science and Engineering,Minority,PWDSCS,57293,86.3037543
01101,"Shri Sant Gajanan Maharaj College of Engineering,Shegaon",Shegaon,0110124210,Computer Science and Engineering,Minority,LNT3S,57589,86.2729883
01101,"Shri Sant Gajanan Maharaj College of Engineering,Shegaon",Shegaon,0110124210,Computer Science and Engineering,Minority,GSTS,158946,56.1183815
01101,"Shri Sant Gajanan Maharaj College of Engineering,Shegaon",Shegaon,0110124210,Computer Science and Engineering,Minority,DEFOBCS,84564,79.4663048
01101,"Shri Sant Gajanan Maharaj College of Engineering,Shegaon",Shegaon,0110124210,Computer Science and Engineering,Minority,PWDOPENS,185408,44.1937857
01101,"Shri Sant Gajanan Maharaj College of Engineering,Shegaon",Shegaon,0110124210,Computer Science and Engineering,Minority,LSTS,162466,54.9733848
01101,"Shri Sant Gajanan Maharaj College of Engineering,Shegaon",Shegaon,0110124210,Computer Science and Engineering,Minority,DEFSCS,170019,51.8020478
01101,"Shri Sant Gajanan Maharaj College of Engineering,Shegaon",Shegaon,0110124210,Computer Science and Engineering,Minority,PWDOBCS,176473,48.5585273
01101,"Shri Sant Gajanan Maharaj College of Engineering,Shegaon",Shegaon,0110124210,Computer Science and Engineering,Minority,PWDSEBCS,212075,25.8331579
01101,"Shri Sant Gajanan Maharaj College of Engineering,Shegaon",Shegaon,0110124210,Computer Science and Engineering,Minority,AI,17391,85.5094766
01101,"Shri Sant Gajanan Maharaj College of Engineering,Shegaon",Shegaon,0110124210,Computer Science and Engineering,Minority,EWS,45767,89.1791812
01101,"Shri Sant Gajanan Maharaj College of Engineering,Shegaon",Shegaon,0110124210,Computer Science and Engineering,Minority,TFWS,18338,95.7030198
01101,"Shri Sant Gajanan Maharaj College of Engineering,Shegaon",Shegaon,0110124610,Information Technology,Minority,LOPENS,30409,92.8241551
01101,"Shri Sant Gajanan Maharaj College of Engineering,Shegaon",Shegaon,0110124610,Information Technology,Minority,GOPENS,32414,92.3369677
01101,"Shri Sant Gajanan Maharaj College of Engineering,Shegaon",Shegaon,0110124610,Information Technology,Minority,LOBCS,31920,92.4614728
01101,"Shri Sant Gajanan Maharaj College of Engineering,Shegaon",Shegaon,0110124610,Information Technology,Minority,GOBCS,33127,92.1611438
01101,"Shri Sant Gajanan Maharaj College of Engineering,Shegaon",Shegaon,0110124610,Information Technology,Minority,ORPHANI,32735,92.2381205
01101,"Shri Sant Gajanan Maharaj College of Engineering,Shegaon",Shegaon,0110124610,Information Technology,Minority,GNT2S,36528,91.3421736
01101,"Shri Sant Gajanan Maharaj College of Engineering,Shegaon",Shegaon,0110124610,Information Technology,Minority,GNT3S,37243,91.1518015
01101,"Shri Sant Gajanan Maharaj College of Engineering,Shegaon",Shegaon,0110124610,Information Technology,Minority,LNT2S,39445,90.5728815
01101,"Shri Sant Gajanan Maharaj College of Engineering,Shegaon",Shegaon,0110124610,Information Technology,Minority,LSEBCS,52586,87.468285
01101,"Shri Sant Gajanan Maharaj College of Engineering,Shegaon",Shegaon,0110124610,Information Technology,Minority,GSEBCS,52290,87.5726309
01101,"Shri Sant Gajanan Maharaj College of Engineering,Shegaon",Shegaon,0110124610,Information Technology,Minority,GSCS,60096,85.6921506
01101,"Shri Sant Gajanan Maharaj College of Engineering,Shegaon",Shegaon,0110124610,Information Technology,Minority,GVJS,52615,87.468285
01101,"Shri Sant Gajanan Maharaj College of Engineering,Shegaon",Shegaon,0110124610,Information Technology,Minority,LSCS,60976,85.3469357
01101,"Shri Sant Gajanan Maharaj College of Engineering,Shegaon",Shegaon,0110124610,Information Technology,Minority,LNT1S,65434,84.3786315
01101,"Shri Sant Gajanan Maharaj College of Engineering,Shegaon",Shegaon,0110124610,Information Technology,Minority,DEFOPENS,99671,75.406809
01101,"Shri Sant Gajanan Maharaj College of Engineering,Shegaon",Shegaon,0110124610,Information Technology,Minority,DEFRVJS,100982,75.110975
01101,"Shri Sant Gajanan Maharaj College of Engineering,Shegaon",Shegaon,0110124610,Information Technology,Minority,GSTS,175281,49.1097752
01101,"Shri Sant Gajanan Maharaj College of Engineering,Shegaon",Shegaon,0110124610,Information Technology,Minority,DEFOBCS,145023,61.2510322
01101,"Shri Sant Gajanan Maharaj College of Engineering,Shegaon",Shegaon,0110124610,Information Technology,Minority,LSTS,156275,57.4188806
01101,"Shri Sant Gajanan Maharaj College of Engineering,Shegaon",Shegaon,0110124610,Information Technology,Minority,PWDOPENS,192879,39.9867632
01101,"Shri Sant Gajanan Maharaj College of Engineering,Shegaon",Shegaon,0110124610,Information Technology,Minority,PWDROBCS,194528,38.726658
01101,"Shri Sant Gajanan Maharaj College of Engineering,Shegaon",Shegaon,0110124610,Information Technology,Minority,PWDOBCS,209031,28.7105475
01101,"Shri Sant Gajanan Maharaj College of Engineering,Shegaon",Shegaon,0110124610,Information Technology,Minority,AI,18309,84.8546239
01101,"Shri Sant Gajanan Maharaj College of Engineering,Shegaon",Shegaon,0110124610,Information Technology,Minority,EWS,50103,88.1060139
01101,"Shri Sant Gajanan Maharaj College of Engineering,Shegaon",Shegaon,0110124610,Information Technology,Minority,TFWS,23532,94.4720497
01101,"Shri Sant Gajanan Maharaj College of Engineering,Shegaon",Shegaon,0110135610,Electrical Engineering (Electronics and Power),Minority,GOPENS,49401,88.245893
01101,"Shri Sant Gajanan Maharaj College of Engineering,Shegaon",Shegaon,0110135610,Electrical Engineering (Electronics and Power),Minority,LOPENS,42553,89.935711
01101,"Shri Sant Gajanan Maharaj College of Engineering,Shegaon",Shegaon,0110135610,Electrical Engineering (Electronics and Power),Minority,PWDOPENS,39248,90.651656
01101,"Shri Sant Gajanan Maharaj College of Engineering,Shegaon",Shegaon,0110135610,Electrical Engineering (Electronics and Power),Minority,DEFOBCS,41119,90.1775065
01101,"Shri Sant Gajanan Maharaj College of Engineering,Shegaon",Shegaon,0110135610,Electrical Engineering (Electronics and Power),Minority,ORPHANN,42069,90.0508521
01101,"Shri Sant Gajanan Maharaj College of Engineering,Shegaon",Shegaon,0110135610,Electrical Engineering (Electronics and Power),Minority,PWDOBCS,43009,89.7957754
01101,"Shri Sant Gajanan Maharaj College of Engineering,Shegaon",Shegaon,0110135610,Electrical Engineering (Electronics and Power),Minority,LOBCS,46052,89.0615554
01101,"Shri Sant Gajanan Maharaj College of Engineering,Shegaon",Shegaon,0110135610,Electrical Engineering (Electronics and Power),Minority,GOBCS,50789,87.9627325
01101,"Shri Sant Gajanan Maharaj College of Engineering,Shegaon",Shegaon,0110135610,Electrical Engineering (Electronics and Power),Minority,GNT3S,49652,88.1535836
01101,"Shri Sant Gajanan Maharaj College of Engineering,Shegaon",Shegaon,0110135610,Electrical Engineering (Electronics and Power),Minority,GSEBCS,85140,79.3794141
01101,"Shri Sant Gajanan Maharaj College of Engineering,Shegaon",Shegaon,0110135610,Electrical Engineering (Electronics and Power),Minority,GSCS,81581,80.3167508
01101,"Shri Sant Gajanan Maharaj College of Engineering,Shegaon",Shegaon,0110135610,Electrical Engineering (Electronics and Power),Minority,LNT2S,63412,84.8637817
01101,"Shri Sant Gajanan Maharaj College of Engineering,Shegaon",Shegaon,0110135610,Electrical Engineering (Electronics and Power),Minority,GNT1S,72620,82.5187713
01101,"Shri Sant Gajanan Maharaj College of Engineering,Shegaon",Shegaon,0110135610,Electrical Engineering (Electronics and Power),Minority,GNT2S,74642,81.9381769
01101,"Shri Sant Gajanan Maharaj College of Engineering,Shegaon",Shegaon,0110135610,Electrical Engineering (Electronics and Power),Minority,LSEBCS,79997,80.7004831
01101,"Shri Sant Gajanan Maharaj College of Engineering,Shegaon",Shegaon,0110135610,Electrical Engineering (Electronics and Power),Minority,LSTS,81728,80.2462012
01101,"Shri Sant Gajanan Maharaj College of Engineering,Shegaon",Shegaon,0110135610,Electrical Engineering (Electronics and Power),Minority,LSCS,96556,76.3384255
01101,"Shri Sant Gajanan Maharaj College of Engineering,Shegaon",Shegaon,0110135610,Electrical Engineering (Electronics and Power),Minority,LVJS,111452,72.1871837
01101,"Shri Sant Gajanan Maharaj College of Engineering,Shegaon",Shegaon,0110135610,Electrical Engineering (Electronics and Power),Minority,GSTS,223818,12.7454023
01101,"Shri Sant Gajanan Maharaj College of Engineering,Shegaon",Shegaon,0110135610,Electrical Engineering (Electronics and Power),Minority,DEFOPENS,180575,46.4182823
01101,"Shri Sant Gajanan Maharaj College of Engineering,Shegaon",Shegaon,0110135610,Electrical Engineering (Electronics and Power),Minority,DEFROBCS,185402,44.1937857
01101,"Shri Sant Gajanan Maharaj College of Engineering,Shegaon",Shegaon,0110135610,Electrical Engineering (Electronics and Power),Minority,AI,23535,81.0486177
01101,"Shri Sant Gajanan Maharaj College of Engineering,Shegaon",Shegaon,0110135610,Electrical Engineering (Electronics and Power),Minority,EWS,80891,80.5339227
01101,"Shri Sant Gajanan Maharaj College of Engineering,Shegaon",Shegaon,0110135610,Electrical Engineering (Electronics and Power),Minority,TFWS,33895,92.0013784
01101,"Shri Sant Gajanan Maharaj College of Engineering,Shegaon",Shegaon,0110137210,Electronics and Telecommunication Engg,Minority,LOPENS,35017,91.6610792
01101,"Shri Sant Gajanan Maharaj College of Engineering,Shegaon",Shegaon,0110137210,Electronics and Telecommunication Engg,Minority,GOPENS,39053,90.7559146
01101,"Shri Sant Gajanan Maharaj College of Engineering,Shegaon",Shegaon,0110137210,Electronics and Telecommunication Engg,Minority,LOBCS,38175,90.9200385
01101,"Shri Sant Gajanan Maharaj College of Engineering,Shegaon",Shegaon,0110137210,Electronics and Telecommunication Engg,Minority,PWDOBCS,37777,91.0135161
01101,"Shri Sant Gajanan Maharaj College of Engineering,Shegaon",Shegaon,0110137210,Electronics and Telecommunication Engg,Minority,GOBCS,40157,90.4743555
01101,"Shri Sant Gajanan Maharaj College of Engineering,Shegaon",Shegaon,0110137210,Electronics and Telecommunication Engg,Minority,PWDOPENS,191334,40.6688911
01101,"Shri Sant Gajanan Maharaj College of Engineering,Shegaon",Shegaon,0110137210,Electronics and Telecommunication Engg,Minority,ORPHANI,40170,90.4743555
01101,"Shri Sant Gajanan Maharaj College of Engineering,Shegaon",Shegaon,0110137210,Electronics and Telecommunication Engg,Minority,GNT3S,41246,90.1398917
01101,"Shri Sant Gajanan Maharaj College of Engineering,Shegaon",Shegaon,0110137210,Electronics and Telecommunication Engg,Minority,LSEBCS,60253,85.65358
01101,"Shri Sant Gajanan Maharaj College of Engineering,Shegaon",Shegaon,0110137210,Electronics and Telecommunication Engg,Minority,GSEBCS,61426,85.2824124
01101,"Shri Sant Gajanan Maharaj College of Engineering,Shegaon",Shegaon,0110137210,Electronics and Telecommunication Engg,Minority,GNT2S,51645,87.730083
01101,"Shri Sant Gajanan Maharaj College of Engineering,Shegaon",Shegaon,0110137210,Electronics and Telecommunication Engg,Minority,GNT1S,47788,88.7231708
01101,"Shri Sant Gajanan Maharaj College of Engineering,Shegaon",Shegaon,0110137210,Electronics and Telecommunication Engg,Minority,PWDSEBCS,49220,88.2603909
01101,"Shri Sant Gajanan Maharaj College of Engineering,Shegaon",Shegaon,0110137210,Electronics and Telecommunication Engg,Minority,GVJS,65669,84.3204501
01101,"Shri Sant Gajanan Maharaj College of Engineering,Shegaon",Shegaon,0110137210,Electronics and Telecommunication Engg,Minority,GSCS,77522,81.3089554
01101,"Shri Sant Gajanan Maharaj College of Engineering,Shegaon",Shegaon,0110137210,Electronics and Telecommunication Engg,Minority,DEFSEBCS,58974,85.9241674
01101,"Shri Sant Gajanan Maharaj College of Engineering,Shegaon",Shegaon,0110137210,Electronics and Telecommunication Engg,Minority,LVJS,62168,85.1749825
01101,"Shri Sant Gajanan Maharaj College of Engineering,Shegaon",Shegaon,0110137210,Electronics and Telecommunication Engg,Minority,LSCS,68726,83.5707404
01101,"Shri Sant Gajanan Maharaj College of Engineering,Shegaon",Shegaon,0110137210,Electronics and Telecommunication Engg,Minority,LNT1S,66009,84.2510483
01101,"Shri Sant Gajanan Maharaj College of Engineering,Shegaon",Shegaon,0110137210,Electronics and Telecommunication Engg,Minority,LNT2S,67634,83.769652
01101,"Shri Sant Gajanan Maharaj College of Engineering,Shegaon",Shegaon,0110137210,Electronics and Telecommunication Engg,Minority,PWDSCS,68556,83.6630885
01101,"Shri Sant Gajanan Maharaj College of Engineering,Shegaon",Shegaon,0110137210,Electronics and Telecommunication Engg,Minority,LNT3S,70916,82.9763421
01101,"Shri Sant Gajanan Maharaj College of Engineering,Shegaon",Shegaon,0110137210,Electronics and Telecommunication Engg,Minority,DEFSCS,101228,74.9893249
01101,"Shri Sant Gajanan Maharaj College of Engineering,Shegaon",Shegaon,0110137210,Electronics and Telecommunication Engg,Minority,DEFOPENS,139894,63.2367632
01101,"Shri Sant Gajanan Maharaj College of Engineering,Shegaon",Shegaon,0110137210,Electronics and Telecommunication Engg,Minority,GSTS,211897,26.166493
01101,"Shri Sant Gajanan Maharaj College of Engineering,Shegaon",Shegaon,0110137210,Electronics and Telecommunication Engg,Minority,DEFOBCS,166225,52.8560653
01101,"Shri Sant Gajanan Maharaj College of Engineering,Shegaon",Shegaon,0110137210,Electronics and Telecommunication Engg,Minority,LSTS,200957,34.4790806
01101,"Shri Sant Gajanan Maharaj College of Engineering,Shegaon",Shegaon,0110137210,Electronics and Telecommunication Engg,Minority,AI,20958,82.8572525
01101,"Shri Sant Gajanan Maharaj College of Engineering,Shegaon",Shegaon,0110137210,Electronics and Telecommunication Engg,Minority,EWS,66741,83.9990684
01101,"Shri Sant Gajanan Maharaj College of Engineering,Shegaon",Shegaon,0110137210,Electronics and Telecommunication Engg,Minority,TFWS,29643,92.9781315
01101,"Shri Sant Gajanan Maharaj College of Engineering,Shegaon",Shegaon,0110161210,Mechanical Engineering,Minority,GOPENS,51019,87.8970321
01101,"Shri Sant Gajanan Maharaj College of Engineering,Shegaon",Shegaon,0110161210,Mechanical Engineering,Minority,LOPENS,51935,87.6160033
01101,"Shri Sant Gajanan Maharaj College of Engineering,Shegaon",Shegaon,0110161210,Mechanical Engineering,Minority,PWDOBCS,43837,89.5539769
01101,"Shri Sant Gajanan Maharaj College of Engineering,Shegaon",Shegaon,0110161210,Mechanical Engineering,Minority,PWDOPENS,45084,89.2457163
01101,"Shri Sant Gajanan Maharaj College of Engineering,Shegaon",Shegaon,0110161210,Mechanical Engineering,Minority,LSTS,48037,88.5637068
01101,"Shri Sant Gajanan Maharaj College of Engineering,Shegaon",Shegaon,0110161210,Mechanical Engineering,Minority,ORPHANN,50581,88.070986
01101,"Shri Sant Gajanan Maharaj College of Engineering,Shegaon",Shegaon,0110161210,Mechanical Engineering,Minority,GNT2S,51148,87.8605935
01101,"Shri Sant Gajanan Maharaj College of Engineering,Shegaon",Shegaon,0110161210,Mechanical Engineering,Minority,GOBCS,55126,86.8632708
01101,"Shri Sant Gajanan Maharaj College of Engineering,Shegaon",Shegaon,0110161210,Mechanical Engineering,Minority,DEFOPENS,52016,87.609626
01101,"Shri Sant Gajanan Maharaj College of Engineering,Shegaon",Shegaon,0110161210,Mechanical Engineering,Minority,LOBCS,52320,87.5726309
01101,"Shri Sant Gajanan Maharaj College of Engineering,Shegaon",Shegaon,0110161210,Mechanical Engineering,Minority,GNT1S,65684,84.3204501
01101,"Shri Sant Gajanan Maharaj College of Engineering,Shegaon",Shegaon,0110161210,Mechanical Engineering,Minority,GNT3S,68120,83.7045586
01101,"Shri Sant Gajanan Maharaj College of Engineering,Shegaon",Shegaon,0110161210,Mechanical Engineering,Minority,GSCS,89797,78.0162614
01101,"Shri Sant Gajanan Maharaj College of Engineering,Shegaon",Shegaon,0110161210,Mechanical Engineering,Minority,LSEBCS,74505,81.9712626
01101,"Shri Sant Gajanan Maharaj College of Engineering,Shegaon",Shegaon,0110161210,Mechanical Engineering,Minority,GSEBCS,91423,77.7384664
01101,"Shri Sant Gajanan Maharaj College of Engineering,Shegaon",Shegaon,0110161210,Mechanical Engineering,Minority,GVJS,91848,77.6220509
01101,"Shri Sant Gajanan Maharaj College of Engineering,Shegaon",Shegaon,0110161210,Mechanical Engineering,Minority,LSCS,104454,74.1899324
01101,"Shri Sant Gajanan Maharaj College of Engineering,Shegaon",Shegaon,0110161210,Mechanical Engineering,Minority,GSTS,207080,30.378919
01101,"Shri Sant Gajanan Maharaj College of Engineering,Shegaon",Shegaon,0110161210,Mechanical Engineering,Minority,DEFOBCS,187784,43.0034494
01101,"Shri Sant Gajanan Maharaj College of Engineering,Shegaon",Shegaon,0110161210,Mechanical Engineering,Minority,AI,26183,79.2322912
01101,"Shri Sant Gajanan Maharaj College of Engineering,Shegaon",Shegaon,0110161210,Mechanical Engineering,Minority,EWS,108910,72.9249982
01101,"Shri Sant Gajanan Maharaj College of Engineering,Shegaon",Shegaon,0110161210,Mechanical Engineering,Minority,TFWS,41210,90.1398917
01105,"Prof. Ram Meghe Institute of Technology & Research, Amravati",Amravati,0110519110,Civil Engineering,Minority,LOPENS,90395,77.9303712
01105,"Prof. Ram Meghe Institute of Technology & Research, Amravati",Amravati,0110519110,Civil Engineering,Minority,GOPENS,98365,75.9291421
01105,"Prof. Ram Meghe Institute of Technology & Research, Amravati",Amravati,0110519110,Civil Engineering,Minority,LOBCS,100599,75.1704646
01105,"Prof. Ram Meghe Institute of Technology & Research, Amravati",Amravati,0110519110,Civil Engineering,Minority,DEFOPENS,102289,74.8088122
01105,"Prof. Ram Meghe Institute of Technology & Research, Amravati",Amravati,0110519110,Civil Engineering,Minority,DEFOBCS,94618,76.7952218
01105,"Prof. Ram Meghe Institute of Technology & Research, Amravati",Amravati,0110519110,Civil Engineering,Minority,LNT2S,94956,76.6993653
01105,"Prof. Ram Meghe Institute of Technology & Research, Amravati",Amravati,0110519110,Civil Engineering,Minority,GOBCS,105409,73.9021728
01105,"Prof. Ram Meghe Institute of Technology & Research, Amravati",Amravati,0110519110,Civil Engineering,Minority,GNT1S,96846,76.3286018
01105,"Prof. Ram Meghe Institute of Technology & Research, Amravati",Amravati,0110519110,Civil Engineering,Minority,GNT3S,98720,75.8548894
01105,"Prof. Ram Meghe Institute of Technology & Research, Amravati",Amravati,0110519110,Civil Engineering,Minority,GVJS,98730,75.6280193
01105,"Prof. Ram Meghe Institute of Technology & Research, Amravati",Amravati,0110519110,Civil Engineering,Minority,LNT1S,99554,75.4489132
01105,"Prof. Ram Meghe Institute of Technology & Research, Amravati",Amravati,0110519110,Civil Engineering,Minority,PWDOBCS,103717,74.5525612
01105,"Prof. Ram Meghe Institute of Technology & Research, Amravati",Amravati,0110519110,Civil Engineering,Minority,LSTS,164354,53.864934
01105,"Prof. Ram Meghe Institute of Technology & Research, Amravati",Amravati,0110519110,Civil Engineering,Minority,PWDOPENS,105821,73.676029
01105,"Prof. Ram Meghe Institute of Technology & Research, Amravati",Amravati,0110519110,Civil Engineering,Minority,ORPHANI,106233,73.5651108
01105,"Prof. Ram Meghe Institute of Technology & Research, Amravati",Amravati,0110519110,Civil Engineering,Minority,PWDSCS,106432,73.3487346
01105,"Prof. Ram Meghe Institute of Technology & Research, Amravati",Amravati,0110519110,Civil Engineering,Minority,LSCS,117731,70.3901803
01105,"Prof. Ram Meghe Institute of Technology & Research, Amravati",Amravati,0110519110,Civil Engineering,Minority,GSCS,123635,68.6031011
01105,"Prof. Ram Meghe Institute of Technology & Research, Amravati",Amravati,0110519110,Civil Engineering,Minority,LNT3S,114185,71.4142775
01105,"Prof. Ram Meghe Institute of Technology & Research, Amravati",Amravati,0110519110,Civil Engineering,Minority,DEFSCS,120529,69.3900327
01105,"Prof. Ram Meghe Institute of Technology & Research, Amravati",Amravati,0110519110,Civil Engineering,Minority,GNT2S,131360,66.0913492
01105,"Prof. Ram Meghe Institute of Technology & Research, Amravati",Amravati,0110519110,Civil Engineering,Minority,GSEBCS,213438,24.78221
01105,"Prof. Ram Meghe Institute of Technology & Research, Amravati",Amravati,0110519110,Civil Engineering,Minority,GSTS,205552,31.3655815
01105,"Prof. Ram Meghe Institute of Technology & Research, Amravati",Amravati,0110519110,Civil Engineering,Minority,LVJS,149115,59.950946
01105,"Prof. Ram Meghe Institute of Technology & Research, Amravati",Amravati,0110519110,Civil Engineering,Minority,LSEBCS,225984,9.1242549
01105,"Prof. Ram Meghe Institute of Technology & Research, Amravati",Amravati,0110519110,Civil Engineering,Minority,AI,48083,63.628479
01105,"Prof. Ram Meghe Institute of Technology & Research, Amravati",Amravati,0110519110,Civil Engineering,Minority,EWS,226960,7.2789379
01105,"Prof. Ram Meghe Institute of Technology & Research, Amravati",Amravati,0110519110,Civil Engineering,Minority,TFWS,83449,79.7671884
01105,"Prof. Ram Meghe Institute of Technology & Research, Amravati",Amravati,0110524210,Computer Science and Engineering,Minority,GOPENS,42288,90.0134693
01105,"Prof. Ram Meghe Institute of Technology & Research, Amravati",Amravati,0110524210,Computer Science and Engineering,Minority,LOPENS,37398,91.1313556
01105,"Prof. Ram Meghe Institute of Technology & Research, Amravati",Amravati,0110524210,Computer Science and Engineering,Minority,LOBCS,42235,90.0451538
01105,"Prof. Ram Meghe Institute of Technology & Research, Amravati",Amravati,0110524210,Computer Science and Engineering,Minority,LSCS,54591,87.0084871
01105,"Prof. Ram Meghe Institute of Technology & Research, Amravati",Amravati,0110524210,Computer Science and Engineering,Minority,LNT2S,42171,90.0451538
01105,"Prof. Ram Meghe Institute of Technology & Research, Amravati",Amravati,0110524210,Computer Science and Engineering,Minority,LNT1S,42233,90.0451538
01105,"Prof. Ram Meghe Institute of Technology & Research, Amravati",Amravati,0110524210,Computer Science and Engineering,Minority,GOBCS,44652,89.4256012
01105,"Prof. Ram Meghe Institute of Technology & Research, Amravati",Amravati,0110524210,Computer Science and Engineering,Minority,GNT1S,44718,89.3655049
01105,"Prof. Ram Meghe Institute of Technology & Research, Amravati",Amravati,0110524210,Computer Science and Engineering,Minority,GSEBCS,69367,83.2810347
01105,"Prof. Ram Meghe Institute of Technology & Research, Amravati",Amravati,0110524210,Computer Science and Engineering,Minority,GSCS,55580,86.713982
01105,"Prof. Ram Meghe Institute of Technology & Research, Amravati",Amravati,0110524210,Computer Science and Engineering,Minority,GNT2S,49403,88.245893
01105,"Prof. Ram Meghe Institute of Technology & Research, Amravati",Amravati,0110524210,Computer Science and Engineering,Minority,GNT3S,61455,85.2566749
01105,"Prof. Ram Meghe Institute of Technology & Research, Amravati",Amravati,0110524210,Computer Science and Engineering,Minority,GVJS,63882,84.5857013
01105,"Prof. Ram Meghe Institute of Technology & Research, Amravati",Amravati,0110524210,Computer Science and Engineering,Minority,PWDSCS,52085,87.609626
01105,"Prof. Ram Meghe Institute of Technology & Research, Amravati",Amravati,0110524210,Computer Science and Engineering,Minority,LSEBCS,66016,84.2510483
01105,"Prof. Ram Meghe Institute of Technology & Research, Amravati",Amravati,0110524210,Computer Science and Engineering,Minority,DEFSEBCS,66495,84.0343736
01105,"Prof. Ram Meghe Institute of Technology & Research, Amravati",Amravati,0110524210,Computer Science and Engineering,Minority,LVJS,66645,84.0342981
01105,"Prof. Ram Meghe Institute of Technology & Research, Amravati",Amravati,0110524210,Computer Science and Engineering,Minority,PWDSEBCS,67058,83.9283276
01105,"Prof. Ram Meghe Institute of Technology & Research, Amravati",Amravati,0110524210,Computer Science and Engineering,Minority,DEFOPENS,93119,77.3511663
01105,"Prof. Ram Meghe Institute of Technology & Research, Amravati",Amravati,0110524210,Computer Science and Engineering,Minority,GSTS,153076,58.3262891
01105,"Prof. Ram Meghe Institute of Technology & Research, Amravati",Amravati,0110524210,Computer Science and Engineering,Minority,LSTS,147202,60.5843098
01105,"Prof. Ram Meghe Institute of Technology & Research, Amravati",Amravati,0110524210,Computer Science and Engineering,Minority,DEFOBCS,113910,71.4377156
01105,"Prof. Ram Meghe Institute of Technology & Research, Amravati",Amravati,0110524210,Computer Science and Engineering,Minority,ORPHANN,151533,59.2443064
01105,"Prof. Ram Meghe Institute of Technology & Research, Amravati",Amravati,0110524210,Computer Science and Engineering,Minority,DEFRNT2S,185668,44.1521083
01105,"Prof. Ram Meghe Institute of Technology & Research, Amravati",Amravati,0110524210,Computer Science and Engineering,Minority,PWDOPENS,226154,9.0115153
01105,"Prof. Ram Meghe Institute of Technology & Research, Amravati",Amravati,0110524210,Computer Science and Engineering,Minority,DEFSCS,206654,30.647462
01105,"Prof. Ram Meghe Institute of Technology & Research, Amravati",Amravati,0110524210,Computer Science and Engineering,Minority,PWDOBCS,217661,20.7039337
01105,"Prof. Ram Meghe Institute of Technology & Research, Amravati",Amravati,0110524210,Computer Science and Engineering,Minority,PWDRNT2S,222855,14.1268505
01105,"Prof. Ram Meghe Institute of Technology & Research, Amravati",Amravati,0110524210,Computer Science and Engineering,Minority,AI,23915,80.8025473
01105,"Prof. Ram Meghe Institute of Technology & Research, Amravati",Amravati,0110524210,Computer Science and Engineering,Minority,EWS,65118,84.3808448
01105,"Prof. Ram Meghe Institute of Technology & Research, Amravati",Amravati,0110524210,Computer Science and Engineering,Minority,TFWS,31149,92.6165904
01105,"Prof. Ram Meghe Institute of Technology & Research, Amravati",Amravati,0110524610,Information Technology,Minority,LOPENS,48067,88.5637068
01105,"Prof. Ram Meghe Institute of Technology & Research, Amravati",Amravati,0110524610,Information Technology,Minority,GOPENS,52830,87.4032298
01105,"Prof. Ram Meghe Institute of Technology & Research, Amravati",Amravati,0110524610,Information Technology,Minority,PWDOPENS,52221,87.5957229
01105,"Prof. Ram Meghe Institute of Technology & Research, Amravati",Amravati,0110524610,Information Technology,Minority,LOBCS,51164,87.8605935
01105,"Prof. Ram Meghe Institute of Technology & Research, Amravati",Amravati,0110524610,Information Technology,Minority,DEFOPENS,49341,88.2583444
01105,"Prof. Ram Meghe Institute of Technology & Research, Amravati",Amravati,0110524610,Information Technology,Minority,PWDOBCS,52179,87.5957229
01105,"Prof. Ram Meghe Institute of Technology & Research, Amravati",Amravati,0110524610,Information Technology,Minority,GOBCS,54567,87.0084871
01105,"Prof. Ram Meghe Institute of Technology & Research, Amravati",Amravati,0110524610,Information Technology,Minority,ORPHANI,53804,87.2248719
01105,"Prof. Ram Meghe Institute of Technology & Research, Amravati",Amravati,0110524610,Information Technology,Minority,GNT2S,59896,85.6921506
01105,"Prof. Ram Meghe Institute of Technology & Research, Amravati",Amravati,0110524610,Information Technology,Minority,GNT1S,78418,81.1271398
01105,"Prof. Ram Meghe Institute of Technology & Research, Amravati",Amravati,0110524610,Information Technology,Minority,LNT1S,56517,86.5743412
01105,"Prof. Ram Meghe Institute of Technology & Research, Amravati",Amravati,0110524610,Information Technology,Minority,GSCS,67183,83.9283276
01105,"Prof. Ram Meghe Institute of Technology & Research, Amravati",Amravati,0110524610,Information Technology,Minority,LSCS,60450,85.5419841
01105,"Prof. Ram Meghe Institute of Technology & Research, Amravati",Amravati,0110524610,Information Technology,Minority,PWDSCS,59504,85.819156
01105,"Prof. Ram Meghe Institute of Technology & Research, Amravati",Amravati,0110524610,Information Technology,Minority,GVJS,69731,83.1950716
01105,"Prof. Ram Meghe Institute of Technology & Research, Amravati",Amravati,0110524610,Information Technology,Minority,LNT3S,63157,85.0307561
01105,"Prof. Ram Meghe Institute of Technology & Research, Amravati",Amravati,0110524610,Information Technology,Minority,LNT2S,64415,84.4790806
01105,"Prof. Ram Meghe Institute of Technology & Research, Amravati",Amravati,0110524610,Information Technology,Minority,DEFSCS,65107,84.4137833
01105,"Prof. Ram Meghe Institute of Technology & Research, Amravati",Amravati,0110524610,Information Technology,Minority,LSEBCS,77532,81.3089554
01105,"Prof. Ram Meghe Institute of Technology & Research, Amravati",Amravati,0110524610,Information Technology,Minority,GSEBCS,95530,76.5235824
01105,"Prof. Ram Meghe Institute of Technology & Research, Amravati",Amravati,0110524610,Information Technology,Minority,DEFSEBCS,73403,82.3704723
01105,"Prof. Ram Meghe Institute of Technology & Research, Amravati",Amravati,0110524610,Information Technology,Minority,GNT3S,80433,80.5595655
01105,"Prof. Ram Meghe Institute of Technology & Research, Amravati",Amravati,0110524610,Information Technology,Minority,LVJS,82655,80.0260591
01105,"Prof. Ram Meghe Institute of Technology & Research, Amravati",Amravati,0110524610,Information Technology,Minority,PWDSEBCS,92887,77.3787188
01105,"Prof. Ram Meghe Institute of Technology & Research, Amravati",Amravati,0110524610,Information Technology,Minority,GSTS,215511,22.6197993
01105,"Prof. Ram Meghe Institute of Technology & Research, Amravati",Amravati,0110524610,Information Technology,Minority,LSTS,200194,34.8863278
01105,"Prof. Ram Meghe Institute of Technology & Research, Amravati",Amravati,0110524610,Information Technology,Minority,DEFOBCS,221449,15.8646734
01105,"Prof. Ram Meghe Institute of Technology & Research, Amravati",Amravati,0110524610,Information Technology,Minority,AI,29632,76.7423076
01105,"Prof. Ram Meghe Institute of Technology & Research, Amravati",Amravati,0110524610,Information Technology,Minority,EWS,104572,74.1899324
01105,"Prof. Ram Meghe Institute of Technology & Research, Amravati",Amravati,0110524610,Information Technology,Minority,TFWS,45413,89.2303375
01105,"Prof. Ram Meghe Institute of Technology & Research, Amravati",Amravati,0110526310,Artificial Intelligence (AI) and Data Science,Minority,LOPENS,52622,87.468285
01105,"Prof. Ram Meghe Institute of Technology & Research, Amravati",Amravati,0110526310,Artificial Intelligence (AI) and Data Science,Minority,GOPENS,58164,86.0742045
01105,"Prof. Ram Meghe Institute of Technology & Research, Amravati",Amravati,0110526310,Artificial Intelligence (AI) and Data Science,Minority,LOBCS,56983,86.3943435
01105,"Prof. Ram Meghe Institute of Technology & Research, Amravati",Amravati,0110526310,Artificial Intelligence (AI) and Data Science,Minority,PWDOPENS,51961,87.6160033
01105,"Prof. Ram Meghe Institute of Technology & Research, Amravati",Amravati,0110526310,Artificial Intelligence (AI) and Data Science,Minority,DEFOPENS,201600,34.1066887
01105,"Prof. Ram Meghe Institute of Technology & Research, Amravati",Amravati,0110526310,Artificial Intelligence (AI) and Data Science,Minority,LSEBCS,60461,85.5419841
01105,"Prof. Ram Meghe Institute of Technology & Research, Amravati",Amravati,0110526310,Artificial Intelligence (AI) and Data Science,Minority,PWDOBCS,54678,86.9322985
01105,"Prof. Ram Meghe Institute of Technology & Research, Amravati",Amravati,0110526310,Artificial Intelligence (AI) and Data Science,Minority,LSCS,56780,86.560206
01105,"Prof. Ram Meghe Institute of Technology & Research, Amravati",Amravati,0110526310,Artificial Intelligence (AI) and Data Science,Minority,GOBCS,60573,85.4974574
01105,"Prof. Ram Meghe Institute of Technology & Research, Amravati",Amravati,0110526310,Artificial Intelligence (AI) and Data Science,Minority,GSCS,71589,82.8318522
01105,"Prof. Ram Meghe Institute of Technology & Research, Amravati",Amravati,0110526310,Artificial Intelligence (AI) and Data Science,Minority,DEFOBCS,60716,85.4732337
01105,"Prof. Ram Meghe Institute of Technology & Research, Amravati",Amravati,0110526310,Artificial Intelligence (AI) and Data Science,Minority,GNT2S,77032,81.4993122
01105,"Prof. Ram Meghe Institute of Technology & Research, Amravati",Amravati,0110526310,Artificial Intelligence (AI) and Data Science,Minority,GNT1S,80444,80.5595655
01105,"Prof. Ram Meghe Institute of Technology & Research, Amravati",Amravati,0110526310,Artificial Intelligence (AI) and Data Science,Minority,LNT2S,67797,83.73706
01105,"Prof. Ram Meghe Institute of Technology & Research, Amravati",Amravati,0110526310,Artificial Intelligence (AI) and Data Science,Minority,PWDSCS,67986,83.7154638
01105,"Prof. Ram Meghe Institute of Technology & Research, Amravati",Amravati,0110526310,Artificial Intelligence (AI) and Data Science,Minority,GVJS,90840,77.8890571
01105,"Prof. Ram Meghe Institute of Technology & Research, Amravati",Amravati,0110526310,Artificial Intelligence (AI) and Data Science,Minority,DEFSCS,70397,83.1461103
01105,"Prof. Ram Meghe Institute of Technology & Research, Amravati",Amravati,0110526310,Artificial Intelligence (AI) and Data Science,Minority,GSEBCS,94168,77.022977
01105,"Prof. Ram Meghe Institute of Technology & Research, Amravati",Amravati,0110526310,Artificial Intelligence (AI) and Data Science,Minority,GNT3S,72551,82.5741649
01105,"Prof. Ram Meghe Institute of Technology & Research, Amravati",Amravati,0110526310,Artificial Intelligence (AI) and Data Science,Minority,GSTS,209092,28.6606658
01105,"Prof. Ram Meghe Institute of Technology & Research, Amravati",Amravati,0110526310,Artificial Intelligence (AI) and Data Science,Minority,ORPHANN,159600,55.7542662
01105,"Prof. Ram Meghe Institute of Technology & Research, Amravati",Amravati,0110526310,Artificial Intelligence (AI) and Data Science,Minority,LSTS,174020,49.4593034
01105,"Prof. Ram Meghe Institute of Technology & Research, Amravati",Amravati,0110526310,Artificial Intelligence (AI) and Data Science,Minority,AI,32330,74.8312175
01105,"Prof. Ram Meghe Institute of Technology & Research, Amravati",Amravati,0110526310,Artificial Intelligence (AI) and Data Science,Minority,EWS,105922,73.676029
01105,"Prof. Ram Meghe Institute of Technology & Research, Amravati",Amravati,0110526310,Artificial Intelligence (AI) and Data Science,Minority,TFWS,48700,88.4177906
01105,"Prof. Ram Meghe Institute of Technology & Research, Amravati",Amravati,0110526710,Computer Science and Engineering (IoT),Minority,LOPENS,62383,85.1689875
01105,"Prof. Ram Meghe Institute of Technology & Research, Amravati",Amravati,0110526710,Computer Science and Engineering (IoT),Minority,GOPENS,69266,83.3904312
01105,"Prof. Ram Meghe Institute of Technology & Research, Amravati",Amravati,0110526710,Computer Science and Engineering (IoT),Minority,LOBCS,63397,84.9063828
01105,"Prof. Ram Meghe Institute of Technology & Research, Amravati",Amravati,0110526710,Computer Science and Engineering (IoT),Minority,LSTS,64668,84.4467601
01105,"Prof. Ram Meghe Institute of Technology & Research, Amravati",Amravati,0110526710,Computer Science and Engineering (IoT),Minority,LSEBCS,68039,83.7134808
01105,"Prof. Ram Meghe Institute of Technology & Research, Amravati",Amravati,0110526710,Computer Science and Engineering (IoT),Minority,GOBCS,70122,83.1481862
01105,"Prof. Ram Meghe Institute of Technology & Research, Amravati",Amravati,0110526710,Computer Science and Engineering (IoT),Minority,PWDOPENS,68624,83.5707404
01105,"Prof. Ram Meghe Institute of Technology & Research, Amravati",Amravati,0110526710,Computer Science and Engineering (IoT),Minority,DEFOPENS,69090,83.4251983
01105,"Prof. Ram Meghe Institute of Technology & Research, Amravati",Amravati,0110526710,Computer Science and Engineering (IoT),Minority,GSTS,226276,8.6529978
01105,"Prof. Ram Meghe Institute of Technology & Research, Amravati",Amravati,0110526710,Computer Science and Engineering (IoT),Minority,GSCS,81451,80.4293972
01105,"Prof. Ram Meghe Institute of Technology & Research, Amravati",Amravati,0110526710,Computer Science and Engineering (IoT),Minority,LNT2S,71734,82.7777778
01105,"Prof. Ram Meghe Institute of Technology & Research, Amravati",Amravati,0110526710,Computer Science and Engineering (IoT),Minority,LSCS,82712,80.0260591
01105,"Prof. Ram Meghe Institute of Technology & Research, Amravati",Amravati,0110526710,Computer Science and Engineering (IoT),Minority,GVJS,94733,76.7952218
01105,"Prof. Ram Meghe Institute of Technology & Research, Amravati",Amravati,0110526710,Computer Science and Engineering (IoT),Minority,GSEBCS,118178,70.3444621
01105,"Prof. Ram Meghe Institute of Technology & Research, Amravati",Amravati,0110526710,Computer Science and Engineering (IoT),Minority,LVJS,112121,71.9146758
01105,"Prof. Ram Meghe Institute of Technology & Research, Amravati",Amravati,0110526710,Computer Science and Engineering (IoT),Minority,LNT1S,117030,70.4858678
01105,"Prof. Ram Meghe Institute of Technology & Research, Amravati",Amravati,0110526710,Computer Science and Engineering (IoT),Minority,AI,36186,72.1169261
01105,"Prof. Ram Meghe Institute of Technology & Research, Amravati",Amravati,0110526710,Computer Science and Engineering (IoT),Minority,EWS,133693,65.4837825
01105,"Prof. Ram Meghe Institute of Technology & Research, Amravati",Amravati,0110526710,Computer Science and Engineering (IoT),Minority,TFWS,59116,85.9212092
01105,"Prof. Ram Meghe Institute of Technology & Research, Amravati",Amravati,0110537210,Electronics and Telecommunication Engg,Minority,GOPENS,60693,85.4732337
01105,"Prof. Ram Meghe Institute of Technology & Research, Amravati",Amravati,0110537210,Electronics and Telecommunication Engg,Minority,LOPENS,59332,85.8946885
01105,"Prof. Ram Meghe Institute of Technology & Research, Amravati",Amravati,0110537210,Electronics and Telecommunication Engg,Minority,PWDOBCS,47869,88.6611545
01105,"Prof. Ram Meghe Institute of Technology & Research, Amravati",Amravati,0110537210,Electronics and Telecommunication Engg,Minority,DEFOBCS,54432,87.0343086
01105,"Prof. Ram Meghe Institute of Technology & Research, Amravati",Amravati,0110537210,Electronics and Telecommunication Engg,Minority,LOBCS,62602,85.129786
01105,"Prof. Ram Meghe Institute of Technology & Research, Amravati",Amravati,0110537210,Electronics and Telecommunication Engg,Minority,PWDOPENS,65576,84.3396689
01105,"Prof. Ram Meghe Institute of Technology & Research, Amravati",Amravati,0110537210,Electronics and Telecommunication Engg,Minority,GOBCS,65501,84.3396689
01105,"Prof. Ram Meghe Institute of Technology & Research, Amravati",Amravati,0110537210,Electronics and Telecommunication Engg,Minority,GNT2S,78688,80.9705409
01105,"Prof. Ram Meghe Institute of Technology & Research, Amravati",Amravati,0110537210,Electronics and Telecommunication Engg,Minority,ORPHANI,65180,84.3808448
01105,"Prof. Ram Meghe Institute of Technology & Research, Amravati",Amravati,0110537210,Electronics and Telecommunication Engg,Minority,DEFOPENS,163929,54.1426021
01105,"Prof. Ram Meghe Institute of Technology & Research, Amravati",Amravati,0110537210,Electronics and Telecommunication Engg,Minority,LSCS,83960,79.5928226
01105,"Prof. Ram Meghe Institute of Technology & Research, Amravati",Amravati,0110537210,Electronics and Telecommunication Engg,Minority,GNT1S,83077,79.9864621
01105,"Prof. Ram Meghe Institute of Technology & Research, Amravati",Amravati,0110537210,Electronics and Telecommunication Engg,Minority,GSCS,92318,77.540946
01105,"Prof. Ram Meghe Institute of Technology & Research, Amravati",Amravati,0110537210,Electronics and Telecommunication Engg,Minority,PWDSCS,87501,78.8724264
01105,"Prof. Ram Meghe Institute of Technology & Research, Amravati",Amravati,0110537210,Electronics and Telecommunication Engg,Minority,DEFSCS,89774,78.0816199
01105,"Prof. Ram Meghe Institute of Technology & Research, Amravati",Amravati,0110537210,Electronics and Telecommunication Engg,Minority,GVJS,93142,77.2619593
01105,"Prof. Ram Meghe Institute of Technology & Research, Amravati",Amravati,0110537210,Electronics and Telecommunication Engg,Minority,GSEBCS,117220,70.4215645
01105,"Prof. Ram Meghe Institute of Technology & Research, Amravati",Amravati,0110537210,Electronics and Telecommunication Engg,Minority,LSEBCS,120776,69.3105802
01105,"Prof. Ram Meghe Institute of Technology & Research, Amravati",Amravati,0110537210,Electronics and Telecommunication Engg,Minority,LVJS,107597,73.2109713
01105,"Prof. Ram Meghe Institute of Technology & Research, Amravati",Amravati,0110537210,Electronics and Telecommunication Engg,Minority,LNT3S,116409,70.733113
01105,"Prof. Ram Meghe Institute of Technology & Research, Amravati",Amravati,0110537210,Electronics and Telecommunication Engg,Minority,GNT3S,118099,70.3444621
01105,"Prof. Ram Meghe Institute of Technology & Research, Amravati",Amravati,0110537210,Electronics and Telecommunication Engg,Minority,GSTS,210266,27.6982865
01105,"Prof. Ram Meghe Institute of Technology & Research, Amravati",Amravati,0110537210,Electronics and Telecommunication Engg,Minority,LSTS,229501,0.2152663
01105,"Prof. Ram Meghe Institute of Technology & Research, Amravati",Amravati,0110537210,Electronics and Telecommunication Engg,Minority,AI,34315,73.5612077
01105,"Prof. Ram Meghe Institute of Technology & Research, Amravati",Amravati,0110537210,Electronics and Telecommunication Engg,Minority,EWS,154011,58.1150221
01105,"Prof. Ram Meghe Institute of Technology & Research, Amravati",Amravati,0110537210,Electronics and Telecommunication Engg,Minority,TFWS,48546,88.4226013
01105,"Prof. Ram Meghe Institute of Technology & Research, Amravati",Amravati,0110561210,Mechanical Engineering,Minority,GOPENS,95652,76.5032413
01105,"Prof. Ram Meghe Institute of Technology & Research, Amravati",Amravati,0110561210,Mechanical Engineering,Minority,LOPENS,97997,76.099588
01105,"Prof. Ram Meghe Institute of Technology & Research, Amravati",Amravati,0110561210,Mechanical Engineering,Minority,PWDOBCS,71379,82.9428736
01105,"Prof. Ram Meghe Institute of Technology & Research, Amravati",Amravati,0110561210,Mechanical Engineering,Minority,PWDOPENS,103082,74.6516923
01105,"Prof. Ram Meghe Institute of Technology & Research, Amravati",Amravati,0110561210,Mechanical Engineering,Minority,DEFOBCS,77168,81.4271094
01105,"Prof. Ram Meghe Institute of Technology & Research, Amravati",Amravati,0110561210,Mechanical Engineering,Minority,PWDSCS,94679,76.7952218
01105,"Prof. Ram Meghe Institute of Technology & Research, Amravati",Amravati,0110561210,Mechanical Engineering,Minority,GOBCS,100905,75.110975
01105,"Prof. Ram Meghe Institute of Technology & Research, Amravati",Amravati,0110561210,Mechanical Engineering,Minority,LOBCS,104483,74.1899324
01105,"Prof. Ram Meghe Institute of Technology & Research, Amravati",Amravati,0110561210,Mechanical Engineering,Minority,GSEBCS,161345,55.319298
01105,"Prof. Ram Meghe Institute of Technology & Research, Amravati",Amravati,0110561210,Mechanical Engineering,Minority,GVJS,105558,73.9021728
01105,"Prof. Ram Meghe Institute of Technology & Research, Amravati",Amravati,0110561210,Mechanical Engineering,Minority,GSCS,118010,70.3444621
01105,"Prof. Ram Meghe Institute of Technology & Research, Amravati",Amravati,0110561210,Mechanical Engineering,Minority,GSTS,102968,74.6516923
01105,"Prof. Ram Meghe Institute of Technology & Research, Amravati",Amravati,0110561210,Mechanical Engineering,Minority,DEFOPENS,102881,74.6853954
01105,"Prof. Ram Meghe Institute of Technology & Research, Amravati",Amravati,0110561210,Mechanical Engineering,Minority,LSTS,102912,74.6853954
01105,"Prof. Ram Meghe Institute of Technology & Research, Amravati",Amravati,0110561210,Mechanical Engineering,Minority,ORPHANN,102224,74.8088122
01105,"Prof. Ram Meghe Institute of Technology & Research, Amravati",Amravati,0110561210,Mechanical Engineering,Minority,DEFSCS,105559,73.9021728
01105,"Prof. Ram Meghe Institute of Technology & Research, Amravati",Amravati,0110561210,Mechanical Engineering,Minority,LVJS,112206,71.9146758
01105,"Prof. Ram Meghe Institute of Technology & Research, Amravati",Amravati,0110561210,Mechanical Engineering,Minority,LSCS,132499,65.9070599
01105,"Prof. Ram Meghe Institute of Technology & Research, Amravati",Amravati,0110561210,Mechanical Engineering,Minority,GNT1S,117465,70.4097117
01105,"Prof. Ram Meghe Institute of Technology & Research, Amravati",Amravati,0110561210,Mechanical Engineering,Minority,GNT2S,124222,68.5042436
01105,"Prof. Ram Meghe Institute of Technology & Research, Amravati",Amravati,0110561210,Mechanical Engineering,Minority,LNT2S,131325,66.0913492
01105,"Prof. Ram Meghe Institute of Technology & Research, Amravati",Amravati,0110561210,Mechanical Engineering,Minority,GNT3S,133131,65.6970807
01105,"Prof. Ram Meghe Institute of Technology & Research, Amravati",Amravati,0110561210,Mechanical Engineering,Minority,LNT1S,141631,62.8284912
01105,"Prof. Ram Meghe Institute of Technology & Research, Amravati",Amravati,0110561210,Mechanical Engineering,Minority,DEFSEBCS,142312,62.5282864
01105,"Prof. Ram Meghe Institute of Technology & Research, Amravati",Amravati,0110561210,Mechanical Engineering,Minority,LSEBCS,176468,48.5585273
01105,"Prof. Ram Meghe Institute of Technology & Research, Amravati",Amravati,0110561210,Mechanical Engineering,Minority,PWDSEBCS,146740,60.6803919
01105,"Prof. Ram Meghe Institute of Technology & Research, Amravati",Amravati,0110561210,Mechanical Engineering,Minority,LNT3S,190897,41.0952232
01105,"Prof. Ram Meghe Institute of Technology & Research, Amravati",Amravati,0110561210,Mechanical Engineering,Minority,AI,49538,62.5775682
01105,"Prof. Ram Meghe Institute of Technology & Research, Amravati",Amravati,0110561210,Mechanical Engineering,Minority,EWS,219571,18.2784396
01105,"Prof. Ram Meghe Institute of Technology & Research, Amravati",Amravati,0110561210,Mechanical Engineering,Minority,TFWS,76708,81.5934486
01107,"P. R. Pote Patil College of Engineering & Management, Amravati",Amravati,0110719110,Civil Engineering,Minority,LOPENS,63148,85.0307561
01107,"P. R. Pote Patil College of Engineering & Management, Amravati",Amravati,0110719110,Civil Engineering,Minority,GOPENS,92248,77.550585
01107,"P. R. Pote Patil College of Engineering & Management, Amravati",Amravati,0110719110,Civil Engineering,Minority,DEFOPENS,76274,81.6705255
01107,"P. R. Pote Patil College of Engineering & Management, Amravati",Amravati,0110719110,Civil Engineering,Minority,GOBCS,104268,74.2209832
01107,"P. R. Pote Patil College of Engineering & Management, Amravati",Amravati,0110719110,Civil Engineering,Minority,GSCS,116965,70.4858678
01107,"P. R. Pote Patil College of Engineering & Management, Amravati",Amravati,0110719110,Civil Engineering,Minority,LOBCS,100092,75.2331528
01107,"P. R. Pote Patil College of Engineering & Management, Amravati",Amravati,0110719110,Civil Engineering,Minority,GNT2S,103560,74.5525612
01107,"P. R. Pote Patil College of Engineering & Management, Amravati",Amravati,0110719110,Civil Engineering,Minority,LSCS,110440,72.5022286
01107,"P. R. Pote Patil College of Engineering & Management, Amravati",Amravati,0110719110,Civil Engineering,Minority,GSTS,158184,56.4419991
01107,"P. R. Pote Patil College of Engineering & Management, Amravati",Amravati,0110719110,Civil Engineering,Minority,GVJS,116283,70.733113
01107,"P. R. Pote Patil College of Engineering & Management, Amravati",Amravati,0110719110,Civil Engineering,Minority,LSTS,122769,68.6717464
01107,"P. R. Pote Patil College of Engineering & Management, Amravati",Amravati,0110719110,Civil Engineering,Minority,LNT2S,126654,67.500481
01107,"P. R. Pote Patil College of Engineering & Management, Amravati",Amravati,0110719110,Civil Engineering,Minority,GNT1S,129930,66.2459959
01107,"P. R. Pote Patil College of Engineering & Management, Amravati",Amravati,0110719110,Civil Engineering,Minority,GNT3S,139957,63.2367632
01107,"P. R. Pote Patil College of Engineering & Management, Amravati",Amravati,0110719110,Civil Engineering,Minority,LSEBCS,167252,52.6909021
01107,"P. R. Pote Patil College of Engineering & Management, Amravati",Amravati,0110719110,Civil Engineering,Minority,GSEBCS,184774,44.3667268
01107,"P. R. Pote Patil College of Engineering & Management, Amravati",Amravati,0110719110,Civil Engineering,Minority,PWDOPENS,216428,21.6834785
01107,"P. R. Pote Patil College of Engineering & Management, Amravati",Amravati,0110719110,Civil Engineering,Minority,AI,50096,62.1556399
01107,"P. R. Pote Patil College of Engineering & Management, Amravati",Amravati,0110719110,Civil Engineering,Minority,EWS,227034,7.0846022
01107,"P. R. Pote Patil College of Engineering & Management, Amravati",Amravati,0110719110,Civil Engineering,Minority,TFWS,70302,83.1481862
01107,"P. R. Pote Patil College of Engineering & Management, Amravati",Amravati,0110724210,Computer Science and Engineering,Minority,LOPENS,48678,88.4177906
01107,"P. R. Pote Patil College of Engineering & Management, Amravati",Amravati,0110724210,Computer Science and Engineering,Minority,LOBCS,52749,87.4466038
01107,"P. R. Pote Patil College of Engineering & Management, Amravati",Amravati,0110724210,Computer Science and Engineering,Minority,GOPENS,59827,85.7396473
01107,"P. R. Pote Patil College of Engineering & Management, Amravati",Amravati,0110724210,Computer Science and Engineering,Minority,LSCS,73451,82.3548238
01107,"P. R. Pote Patil College of Engineering & Management, Amravati",Amravati,0110724210,Computer Science and Engineering,Minority,PWDOPENS,204050,32.5248195
01107,"P. R. Pote Patil College of Engineering & Management, Amravati",Amravati,0110724210,Computer Science and Engineering,Minority,GOBCS,63992,84.5795651
01107,"P. R. Pote Patil College of Engineering & Management, Amravati",Amravati,0110724210,Computer Science and Engineering,Minority,PWDOBCS,59864,85.7396473
01107,"P. R. Pote Patil College of Engineering & Management, Amravati",Amravati,0110724210,Computer Science and Engineering,Minority,GNT2S,69774,83.1821207
01107,"P. R. Pote Patil College of Engineering & Management, Amravati",Amravati,0110724210,Computer Science and Engineering,Minority,DEFOBCS,60944,85.3531656
01107,"P. R. Pote Patil College of Engineering & Management, Amravati",Amravati,0110724210,Computer Science and Engineering,Minority,LNT1S,64964,84.4137833
01107,"P. R. Pote Patil College of Engineering & Management, Amravati",Amravati,0110724210,Computer Science and Engineering,Minority,LSEBCS,86244,78.9956692
01107,"P. R. Pote Patil College of Engineering & Management, Amravati",Amravati,0110724210,Computer Science and Engineering,Minority,GSCS,78092,81.2365306
01107,"P. R. Pote Patil College of Engineering & Management, Amravati",Amravati,0110724210,Computer Science and Engineering,Minority,GNT1S,76240,81.6705255
01107,"P. R. Pote Patil College of Engineering & Management, Amravati",Amravati,0110724210,Computer Science and Engineering,Minority,GVJS,72724,82.5187713
01107,"P. R. Pote Patil College of Engineering & Management, Amravati",Amravati,0110724210,Computer Science and Engineering,Minority,LVJS,72977,82.4999118
01107,"P. R. Pote Patil College of Engineering & Management, Amravati",Amravati,0110724210,Computer Science and Engineering,Minority,LNT2S,74137,82.1268327
01107,"P. R. Pote Patil College of Engineering & Management, Amravati",Amravati,0110724210,Computer Science and Engineering,Minority,LNT3S,74984,81.9314642
01107,"P. R. Pote Patil College of Engineering & Management, Amravati",Amravati,0110724210,Computer Science and Engineering,Minority,PWDSCS,76102,81.7199
01107,"P. R. Pote Patil College of Engineering & Management, Amravati",Amravati,0110724210,Computer Science and Engineering,Minority,DEFSCS,78981,80.7883659
01107,"P. R. Pote Patil College of Engineering & Management, Amravati",Amravati,0110724210,Computer Science and Engineering,Minority,LSTS,153266,58.235114
01107,"P. R. Pote Patil College of Engineering & Management, Amravati",Amravati,0110724210,Computer Science and Engineering,Minority,PWDSEBCS,84824,79.4627847
01107,"P. R. Pote Patil College of Engineering & Management, Amravati",Amravati,0110724210,Computer Science and Engineering,Minority,GNT3S,85096,79.3794141
01107,"P. R. Pote Patil College of Engineering & Management, Amravati",Amravati,0110724210,Computer Science and Engineering,Minority,GSTS,175339,49.1097752
01107,"P. R. Pote Patil College of Engineering & Management, Amravati",Amravati,0110724210,Computer Science and Engineering,Minority,GSEBCS,99977,75.242318
01107,"P. R. Pote Patil College of Engineering & Management, Amravati",Amravati,0110724210,Computer Science and Engineering,Minority,DEFSEBCS,99064,75.6051641
01107,"P. R. Pote Patil College of Engineering & Management, Amravati",Amravati,0110724210,Computer Science and Engineering,Minority,DEFOPENS,194181,39.1300992
01107,"P. R. Pote Patil College of Engineering & Management, Amravati",Amravati,0110724210,Computer Science and Engineering,Minority,DEFRSCS,190505,41.153186
01107,"P. R. Pote Patil College of Engineering & Management, Amravati",Amravati,0110724210,Computer Science and Engineering,Minority,ORPHANI,228071,4.6483134
01107,"P. R. Pote Patil College of Engineering & Management, Amravati",Amravati,0110724210,Computer Science and Engineering,Minority,AI,29804,76.657076
01107,"P. R. Pote Patil College of Engineering & Management, Amravati",Amravati,0110724210,Computer Science and Engineering,Minority,EWS,97292,76.2668468
01107,"P. R. Pote Patil College of Engineering & Management, Amravati",Amravati,0110724210,Computer Science and Engineering,Minority,TFWS,38431,90.866765
01107,"P. R. Pote Patil College of Engineering & Management, Amravati",Amravati,0110729310,Electrical Engineering,Minority,LOPENS,86178,78.9956692
01107,"P. R. Pote Patil College of Engineering & Management, Amravati",Amravati,0110729310,Electrical Engineering,Minority,GOPENS,91579,77.7384664
01107,"P. R. Pote Patil College of Engineering & Management, Amravati",Amravati,0110729310,Electrical Engineering,Minority,LOBCS,89458,78.1871974
01107,"P. R. Pote Patil College of Engineering & Management, Amravati",Amravati,0110729310,Electrical Engineering,Minority,PWDOPENS,90436,77.9303712
01107,"P. R. Pote Patil College of Engineering & Management, Amravati",Amravati,0110729310,Electrical Engineering,Minority,GOBCS,94127,77.022977
01107,"P. R. Pote Patil College of Engineering & Management, Amravati",Amravati,0110729310,Electrical Engineering,Minority,LSTS,94368,76.973775
01107,"P. R. Pote Patil College of Engineering & Management, Amravati",Amravati,0110729310,Electrical Engineering,Minority,GSEBCS,166441,52.8560653
01107,"P. R. Pote Patil College of Engineering & Management, Amravati",Amravati,0110729310,Electrical Engineering,Minority,GNT1S,99352,75.4489132
01107,"P. R. Pote Patil College of Engineering & Management, Amravati",Amravati,0110729310,Electrical Engineering,Minority,GSCS,113137,71.5294662
01107,"P. R. Pote Patil College of Engineering & Management, Amravati",Amravati,0110729310,Electrical Engineering,Minority,LSCS,112629,71.7544603
01107,"P. R. Pote Patil College of Engineering & Management, Amravati",Amravati,0110729310,Electrical Engineering,Minority,GNT2S,105827,73.676029
01107,"P. R. Pote Patil College of Engineering & Management, Amravati",Amravati,0110729310,Electrical Engineering,Minority,GVJS,119767,69.7766245
01107,"P. R. Pote Patil College of Engineering & Management, Amravati",Amravati,0110729310,Electrical Engineering,Minority,GNT3S,119742,69.7766245
01107,"P. R. Pote Patil College of Engineering & Management, Amravati",Amravati,0110729310,Electrical Engineering,Minority,DEFOPENS,160347,55.6597249
01107,"P. R. Pote Patil College of Engineering & Management, Amravati",Amravati,0110729310,Electrical Engineering,Minority,LSEBCS,178783,47.7548586
01107,"P. R. Pote Patil College of Engineering & Management, Amravati",Amravati,0110729310,Electrical Engineering,Minority,GSTS,208290,29.2374051
01107,"P. R. Pote Patil College of Engineering & Management, Amravati",Amravati,0110729310,Electrical Engineering,Minority,AI,46336,65.1502532
01107,"P. R. Pote Patil College of Engineering & Management, Amravati",Amravati,0110729310,Electrical Engineering,Minority,EWS,204413,32.4603175
01107,"P. R. Pote Patil College of Engineering & Management, Amravati",Amravati,0110729310,Electrical Engineering,Minority,TFWS,70569,83.1030453
01107,"P. R. Pote Patil College of Engineering & Management, Amravati",Amravati,0110737210,Electronics and Telecommunication Engg,Minority,LOPENS,71549,82.8318522
01107,"P. R. Pote Patil College of Engineering & Management, Amravati",Amravati,0110737210,Electronics and Telecommunication Engg,Minority,GOPENS,82508,80.1708014
01107,"P. R. Pote Patil College of Engineering & Management, Amravati",Amravati,0110737210,Electronics and Telecommunication Engg,Minority,LOBCS,80321,80.5595655
01107,"P. R. Pote Patil College of Engineering & Management, Amravati",Amravati,0110737210,Electronics and Telecommunication Engg,Minority,PWDOPENS,84211,79.5538038
01107,"P. R. Pote Patil College of Engineering & Management, Amravati",Amravati,0110737210,Electronics and Telecommunication Engg,Minority,DEFOPENS,78541,81.0159708
01107,"P. R. Pote Patil College of Engineering & Management, Amravati",Amravati,0110737210,Electronics and Telecommunication Engg,Minority,GOBCS,83746,79.6966406
01107,"P. R. Pote Patil College of Engineering & Management, Amravati",Amravati,0110737210,Electronics and Telecommunication Engg,Minority,PWDOBCS,82818,80.0260591
01107,"P. R. Pote Patil College of Engineering & Management, Amravati",Amravati,0110737210,Electronics and Telecommunication Engg,Minority,GNT2S,92983,77.3511663
01107,"P. R. Pote Patil College of Engineering & Management, Amravati",Amravati,0110737210,Electronics and Telecommunication Engg,Minority,GSTS,165172,53.7405107
01107,"P. R. Pote Patil College of Engineering & Management, Amravati",Amravati,0110737210,Electronics and Telecommunication Engg,Minority,DEFOBCS,83856,79.5928226
01107,"P. R. Pote Patil College of Engineering & Management, Amravati",Amravati,0110737210,Electronics and Telecommunication Engg,Minority,ORPHANN,84981,79.379989
01107,"P. R. Pote Patil College of Engineering & Management, Amravati",Amravati,0110737210,Electronics and Telecommunication Engg,Minority,LNT1S,90706,77.9049638
01107,"P. R. Pote Patil College of Engineering & Management, Amravati",Amravati,0110737210,Electronics and Telecommunication Engg,Minority,GSCS,105006,74.0786749
01107,"P. R. Pote Patil College of Engineering & Management, Amravati",Amravati,0110737210,Electronics and Telecommunication Engg,Minority,GSEBCS,145776,60.9758938
01107,"P. R. Pote Patil College of Engineering & Management, Amravati",Amravati,0110737210,Electronics and Telecommunication Engg,Minority,GNT1S,95931,76.468112
01107,"P. R. Pote Patil College of Engineering & Management, Amravati",Amravati,0110737210,Electronics and Telecommunication Engg,Minority,GNT3S,99455,75.4489132
01107,"P. R. Pote Patil College of Engineering & Management, Amravati",Amravati,0110737210,Electronics and Telecommunication Engg,Minority,LSCS,99947,75.242318
01107,"P. R. Pote Patil College of Engineering & Management, Amravati",Amravati,0110737210,Electronics and Telecommunication Engg,Minority,DEFSCS,103540,74.5525612
01107,"P. R. Pote Patil College of Engineering & Management, Amravati",Amravati,0110737210,Electronics and Telecommunication Engg,Minority,PWDSCS,104242,74.2209832
01107,"P. R. Pote Patil College of Engineering & Management, Amravati",Amravati,0110737210,Electronics and Telecommunication Engg,Minority,LNT2S,105703,73.7754477
01107,"P. R. Pote Patil College of Engineering & Management, Amravati",Amravati,0110737210,Electronics and Telecommunication Engg,Minority,LSEBCS,158172,56.4419991
01107,"P. R. Pote Patil College of Engineering & Management, Amravati",Amravati,0110737210,Electronics and Telecommunication Engg,Minority,GVJS,113940,71.4377156
01107,"P. R. Pote Patil College of Engineering & Management, Amravati",Amravati,0110737210,Electronics and Telecommunication Engg,Minority,LVJS,114200,71.4142775
01107,"P. R. Pote Patil College of Engineering & Management, Amravati",Amravati,0110737210,Electronics and Telecommunication Engg,Minority,LSTS,213457,24.78221
01107,"P. R. Pote Patil College of Engineering & Management, Amravati",Amravati,0110737210,Electronics and Telecommunication Engg,Minority,AI,42148,68.1431641
01107,"P. R. Pote Patil College of Engineering & Management, Amravati",Amravati,0110737210,Electronics and Telecommunication Engg,Minority,EWS,178768,47.7548586
01107,"P. R. Pote Patil College of Engineering & Management, Amravati",Amravati,0110737210,Electronics and Telecommunication Engg,Minority,TFWS,65490,84.3396689
01107,"P. R. Pote Patil College of Engineering & Management, Amravati",Amravati,0110761210,Mechanical Engineering,Minority,LSCS,133240,65.6970807
01107,"P. R. Pote Patil College of Engineering & Management, Amravati",Amravati,0110761210,Mechanical Engineering,Minority,GOPENS,105244,73.9721817
01107,"P. R. Pote Patil College of Engineering & Management, Amravati",Amravati,0110761210,Mechanical Engineering,Minority,LOPENS,105800,73.676029
01107,"P. R. Pote Patil College of Engineering & Management, Amravati",Amravati,0110761210,Mechanical Engineering,Minority,LOBCS,108398,72.9916849
01107,"P. R. Pote Patil College of Engineering & Management, Amravati",Amravati,0110761210,Mechanical Engineering,Minority,DEFOPENS,91166,77.741426
01107,"P. R. Pote Patil College of Engineering & Management, Amravati",Amravati,0110761210,Mechanical Engineering,Minority,LSTS,103066,74.6516923
01107,"P. R. Pote Patil College of Engineering & Management, Amravati",Amravati,0110761210,Mechanical Engineering,Minority,PWDOPENS,103287,74.6275026
01107,"P. R. Pote Patil College of Engineering & Management, Amravati",Amravati,0110761210,Mechanical Engineering,Minority,GOBCS,107050,73.2908824
01107,"P. R. Pote Patil College of Engineering & Management, Amravati",Amravati,0110761210,Mechanical Engineering,Minority,GSTS,106936,73.2908824
01107,"P. R. Pote Patil College of Engineering & Management, Amravati",Amravati,0110761210,Mechanical Engineering,Minority,LNT2S,111255,72.3251186
01107,"P. R. Pote Patil College of Engineering & Management, Amravati",Amravati,0110761210,Mechanical Engineering,Minority,GVJS,120077,69.7621466
01107,"P. R. Pote Patil College of Engineering & Management, Amravati",Amravati,0110761210,Mechanical Engineering,Minority,GSCS,126730,67.500481
01107,"P. R. Pote Patil College of Engineering & Management, Amravati",Amravati,0110761210,Mechanical Engineering,Minority,GNT1S,135919,64.2926156
01107,"P. R. Pote Patil College of Engineering & Management, Amravati",Amravati,0110761210,Mechanical Engineering,Minority,GSEBCS,168553,52.1256716
01107,"P. R. Pote Patil College of Engineering & Management, Amravati",Amravati,0110761210,Mechanical Engineering,Minority,GNT3S,174838,49.1668381
01107,"P. R. Pote Patil College of Engineering & Management, Amravati",Amravati,0110761210,Mechanical Engineering,Minority,LSEBCS,181943,45.8934793
01107,"P. R. Pote Patil College of Engineering & Management, Amravati",Amravati,0110761210,Mechanical Engineering,Minority,AI,49745,62.4885763
01107,"P. R. Pote Patil College of Engineering & Management, Amravati",Amravati,0110761210,Mechanical Engineering,Minority,EWS,218262,19.7294902
01107,"P. R. Pote Patil College of Engineering & Management, Amravati",Amravati,0110761210,Mechanical Engineering,Minority,TFWS,81259,80.4716144
01107,"P. R. Pote Patil College of Engineering & Management, Amravati",Amravati,0110791110,Computer Science and Engineering(Artificial Intelligence and Machine L,Minority,LOPENS,70576,83.1030453
01107,"P. R. Pote Patil College of Engineering & Management, Amravati",Amravati,0110791110,Computer Science and Engineering(Artificial Intelligence and Machine L,Minority,GOPENS,80558,80.5383458
01107,"P. R. Pote Patil College of Engineering & Management, Amravati",Amravati,0110791110,Computer Science and Engineering(Artificial Intelligence and Machine L,Minority,LOBCS,75448,81.9137967
01107,"P. R. Pote Patil College of Engineering & Management, Amravati",Amravati,0110791110,Computer Science and Engineering(Artificial Intelligence and Machine L,Minority,PWDOPENS,75438,81.9221888
01107,"P. R. Pote Patil College of Engineering & Management, Amravati",Amravati,0110791110,Computer Science and Engineering(Artificial Intelligence and Machine L,Minority,PWDOBCS,79373,80.78157
01107,"P. R. Pote Patil College of Engineering & Management, Amravati",Amravati,0110791110,Computer Science and Engineering(Artificial Intelligence and Machine L,Minority,ORPHANI,80031,80.7004831
01107,"P. R. Pote Patil College of Engineering & Management, Amravati",Amravati,0110791110,Computer Science and Engineering(Artificial Intelligence and Machine L,Minority,GOBCS,82469,80.1708014
01107,"P. R. Pote Patil College of Engineering & Management, Amravati",Amravati,0110791110,Computer Science and Engineering(Artificial Intelligence and Machine L,Minority,GSTS,219536,18.3316683
01107,"P. R. Pote Patil College of Engineering & Management, Amravati",Amravati,0110791110,Computer Science and Engineering(Artificial Intelligence and Machine L,Minority,DEFOPENS,154973,57.8274425
01107,"P. R. Pote Patil College of Engineering & Management, Amravati",Amravati,0110791110,Computer Science and Engineering(Artificial Intelligence and Machine L,Minority,GSCS,101230,74.9893249
01107,"P. R. Pote Patil College of Engineering & Management, Amravati",Amravati,0110791110,Computer Science and Engineering(Artificial Intelligence and Machine L,Minority,GVJS,101105,75.0953827
01107,"P. R. Pote Patil College of Engineering & Management, Amravati",Amravati,0110791110,Computer Science and Engineering(Artificial Intelligence and Machine L,Minority,PWDSCS,85363,79.3766715
01107,"P. R. Pote Patil College of Engineering & Management, Amravati",Amravati,0110791110,Computer Science and Engineering(Artificial Intelligence and Machine L,Minority,GNT3S,85644,79.3692556
01107,"P. R. Pote Patil College of Engineering & Management, Amravati",Amravati,0110791110,Computer Science and Engineering(Artificial Intelligence and Machine L,Minority,GNT1S,93416,77.2289819
01107,"P. R. Pote Patil College of Engineering & Management, Amravati",Amravati,0110791110,Computer Science and Engineering(Artificial Intelligence and Machine L,Minority,GNT2S,93653,77.2143105
01107,"P. R. Pote Patil College of Engineering & Management, Amravati",Amravati,0110791110,Computer Science and Engineering(Artificial Intelligence and Machine L,Minority,LVJS,89140,78.2850242
01107,"P. R. Pote Patil College of Engineering & Management, Amravati",Amravati,0110791110,Computer Science and Engineering(Artificial Intelligence and Machine L,Minority,DEFSCS,91472,77.7384664
01107,"P. R. Pote Patil College of Engineering & Management, Amravati",Amravati,0110791110,Computer Science and Engineering(Artificial Intelligence and Machine L,Minority,LNT2S,93140,77.2619593
01107,"P. R. Pote Patil College of Engineering & Management, Amravati",Amravati,0110791110,Computer Science and Engineering(Artificial Intelligence and Machine L,Minority,GSEBCS,154370,57.9680585
01107,"P. R. Pote Patil College of Engineering & Management, Amravati",Amravati,0110791110,Computer Science and Engineering(Artificial Intelligence and Machine L,Minority,LSCS,108989,72.9249982
01107,"P. R. Pote Patil College of Engineering & Management, Amravati",Amravati,0110791110,Computer Science and Engineering(Artificial Intelligence and Machine L,Minority,LNT1S,101178,75.0953827
01107,"P. R. Pote Patil College of Engineering & Management, Amravati",Amravati,0110791110,Computer Science and Engineering(Artificial Intelligence and Machine L,Minority,PWDSEBCS,101436,74.9818126
01107,"P. R. Pote Patil College of Engineering & Management, Amravati",Amravati,0110791110,Computer Science and Engineering(Artificial Intelligence and Machine L,Minority,DEFSEBCS,111822,72.0373703
01107,"P. R. Pote Patil College of Engineering & Management, Amravati",Amravati,0110791110,Computer Science and Engineering(Artificial Intelligence and Machine L,Minority,LSEBCS,149281,59.950946
01107,"P. R. Pote Patil College of Engineering & Management, Amravati",Amravati,0110791110,Computer Science and Engineering(Artificial Intelligence and Machine L,Minority,LNT3S,126027,67.9621973
01107,"P. R. Pote Patil College of Engineering & Management, Amravati",Amravati,0110791110,Computer Science and Engineering(Artificial Intelligence and Machine L,Minority,LSTS,180045,46.728217
01107,"P. R. Pote Patil College of Engineering & Management, Amravati",Amravati,0110791110,Computer Science and Engineering(Artificial Intelligence and Machine L,Minority,DEFOBCS,228292,4.0175987
01107,"P. R. Pote Patil College of Engineering & Management, Amravati",Amravati,0110791110,Computer Science and Engineering(Artificial Intelligence and Machine L,Minority,AI,41933,68.2111482
01107,"P. R. Pote Patil College of Engineering & Management, Amravati",Amravati,0110791110,Computer Science and Engineering(Artificial Intelligence and Machine L,Minority,EWS,156600,57.0044084
01107,"P. R. Pote Patil College of Engineering & Management, Amravati",Amravati,0110791110,Computer Science and Engineering(Artificial Intelligence and Machine L,Minority,TFWS,64248,84.4852349
01107,"P. R. Pote Patil College of Engineering & Management, Amravati",Amravati,0110799510,Artificial Intelligence and Data Science,Minority,GOPENS,75835,81.8599034
01107,"P. R. Pote Patil College of Engineering & Management, Amravati",Amravati,0110799510,Artificial Intelligence and Data Science,Minority,LOPENS,66536,84.0343736
01107,"P. R. Pote Patil College of Engineering & Management, Amravati",Amravati,0110799510,Artificial Intelligence and Data Science,Minority,PWDOPENS,66255,84.207639
01107,"P. R. Pote Patil College of Engineering & Management, Amravati",Amravati,0110799510,Artificial Intelligence and Data Science,Minority,DEFOBCS,66392,84.0343736
01107,"P. R. Pote Patil College of Engineering & Management, Amravati",Amravati,0110799510,Artificial Intelligence and Data Science,Minority,LOBCS,70943,82.9763421
01107,"P. R. Pote Patil College of Engineering & Management, Amravati",Amravati,0110799510,Artificial Intelligence and Data Science,Minority,LSTS,224036,12.3071672
01107,"P. R. Pote Patil College of Engineering & Management, Amravati",Amravati,0110799510,Artificial Intelligence and Data Science,Minority,PWDOBCS,74080,82.1268327
01107,"P. R. Pote Patil College of Engineering & Management, Amravati",Amravati,0110799510,Artificial Intelligence and Data Science,Minority,LNT1S,74196,82.0388536
01107,"P. R. Pote Patil College of Engineering & Management, Amravati",Amravati,0110799510,Artificial Intelligence and Data Science,Minority,GOBCS,79440,80.78157
01107,"P. R. Pote Patil College of Engineering & Management, Amravati",Amravati,0110799510,Artificial Intelligence and Data Science,Minority,DEFOPENS,148953,60.010721
01107,"P. R. Pote Patil College of Engineering & Management, Amravati",Amravati,0110799510,Artificial Intelligence and Data Science,Minority,GSTS,205680,31.2469386
01107,"P. R. Pote Patil College of Engineering & Management, Amravati",Amravati,0110799510,Artificial Intelligence and Data Science,Minority,ORPHANN,78662,80.9705409
01107,"P. R. Pote Patil College of Engineering & Management, Amravati",Amravati,0110799510,Artificial Intelligence and Data Science,Minority,LSCS,87867,78.733317
01107,"P. R. Pote Patil College of Engineering & Management, Amravati",Amravati,0110799510,Artificial Intelligence and Data Science,Minority,GSCS,95024,76.6875679
01107,"P. R. Pote Patil College of Engineering & Management, Amravati",Amravati,0110799510,Artificial Intelligence and Data Science,Minority,LNT2S,80955,80.5339227
01107,"P. R. Pote Patil College of Engineering & Management, Amravati",Amravati,0110799510,Artificial Intelligence and Data Science,Minority,GNT2S,93171,77.2619593
01107,"P. R. Pote Patil College of Engineering & Management, Amravati",Amravati,0110799510,Artificial Intelligence and Data Science,Minority,GNT1S,91377,77.741426
01107,"P. R. Pote Patil College of Engineering & Management, Amravati",Amravati,0110799510,Artificial Intelligence and Data Science,Minority,GVJS,104811,74.112751
01107,"P. R. Pote Patil College of Engineering & Management, Amravati",Amravati,0110799510,Artificial Intelligence and Data Science,Minority,GNT3S,112732,71.7479911
01107,"P. R. Pote Patil College of Engineering & Management, Amravati",Amravati,0110799510,Artificial Intelligence and Data Science,Minority,DEFSCS,99142,75.4755316
01107,"P. R. Pote Patil College of Engineering & Management, Amravati",Amravati,0110799510,Artificial Intelligence and Data Science,Minority,GSEBCS,120085,69.7621466
01107,"P. R. Pote Patil College of Engineering & Management, Amravati",Amravati,0110799510,Artificial Intelligence and Data Science,Minority,LSEBCS,103281,74.6275026
01107,"P. R. Pote Patil College of Engineering & Management, Amravati",Amravati,0110799510,Artificial Intelligence and Data Science,Minority,LVJS,100218,75.2331528
01107,"P. R. Pote Patil College of Engineering & Management, Amravati",Amravati,0110799510,Artificial Intelligence and Data Science,Minority,PWDSCS,100575,75.1704646
01107,"P. R. Pote Patil College of Engineering & Management, Amravati",Amravati,0110799510,Artificial Intelligence and Data Science,Minority,PWDSEBCS,101567,74.9818126
01107,"P. R. Pote Patil College of Engineering & Management, Amravati",Amravati,0110799510,Artificial Intelligence and Data Science,Minority,DEFSEBCS,107272,73.262321
01107,"P. R. Pote Patil College of Engineering & Management, Amravati",Amravati,0110799510,Artificial Intelligence and Data Science,Minority,LNT3S,107302,73.262321
01107,"P. R. Pote Patil College of Engineering & Management, Amravati",Amravati,0110799510,Artificial Intelligence and Data Science,Minority,AI,40399,69.2477078
01107,"P. R. Pote Patil College of Engineering & Management, Amravati",Amravati,0110799510,Artificial Intelligence and Data Science,Minority,EWS,148584,60.070698
01107,"P. R. Pote Patil College of Engineering & Management, Amravati",Amravati,0110799510,Artificial Intelligence and Data Science,Minority,TFWS,60961,85.3469357
01114,"Sipna Shikshan Prasarak Mandal College of Engineering & Technology, Amravati",Amravati,0111419110,Civil Engineering,Minority,GOPENS,122279,68.78733
01114,"Sipna Shikshan Prasarak Mandal College of Engineering & Technology, Amravati",Amravati,0111419110,Civil Engineering,Minority,LOPENS,115823,70.9390112
01114,"Sipna Shikshan Prasarak Mandal College of Engineering & Technology, Amravati",Amravati,0111419110,Civil Engineering,Minority,PWDOPENS,116733,70.6970324
01114,"Sipna Shikshan Prasarak Mandal College of Engineering & Technology, Amravati",Amravati,0111419110,Civil Engineering,Minority,LOBCS,121778,68.9346395
01114,"Sipna Shikshan Prasarak Mandal College of Engineering & Technology, Amravati",Amravati,0111419110,Civil Engineering,Minority,LSTS,204860,31.8317161
01114,"Sipna Shikshan Prasarak Mandal College of Engineering & Technology, Amravati",Amravati,0111419110,Civil Engineering,Minority,PWDOBCS,116686,70.6970324
01114,"Sipna Shikshan Prasarak Mandal College of Engineering & Technology, Amravati",Amravati,0111419110,Civil Engineering,Minority,LSCS,125003,68.1448034
01114,"Sipna Shikshan Prasarak Mandal College of Engineering & Technology, Amravati",Amravati,0111419110,Civil Engineering,Minority,DEFOBCS,121067,69.1748413
01114,"Sipna Shikshan Prasarak Mandal College of Engineering & Technology, Amravati",Amravati,0111419110,Civil Engineering,Minority,DEFOPENS,122653,68.7336094
01114,"Sipna Shikshan Prasarak Mandal College of Engineering & Technology, Amravati",Amravati,0111419110,Civil Engineering,Minority,GOBCS,127459,67.2980865
01114,"Sipna Shikshan Prasarak Mandal College of Engineering & Technology, Amravati",Amravati,0111419110,Civil Engineering,Minority,GNT1S,122876,68.6717464
01114,"Sipna Shikshan Prasarak Mandal College of Engineering & Technology, Amravati",Amravati,0111419110,Civil Engineering,Minority,GSCS,139179,63.5035466
01114,"Sipna Shikshan Prasarak Mandal College of Engineering & Technology, Amravati",Amravati,0111419110,Civil Engineering,Minority,GSTS,187401,43.1236655
01114,"Sipna Shikshan Prasarak Mandal College of Engineering & Technology, Amravati",Amravati,0111419110,Civil Engineering,Minority,ORPHANI,126581,67.500481
01114,"Sipna Shikshan Prasarak Mandal College of Engineering & Technology, Amravati",Amravati,0111419110,Civil Engineering,Minority,DEFSCS,126881,67.458483
01114,"Sipna Shikshan Prasarak Mandal College of Engineering & Technology, Amravati",Amravati,0111419110,Civil Engineering,Minority,GNT2S,137827,63.8128892
01114,"Sipna Shikshan Prasarak Mandal College of Engineering & Technology, Amravati",Amravati,0111419110,Civil Engineering,Minority,LNT2S,135679,64.4305882
01114,"Sipna Shikshan Prasarak Mandal College of Engineering & Technology, Amravati",Amravati,0111419110,Civil Engineering,Minority,GSEBCS,204757,31.8464164
01114,"Sipna Shikshan Prasarak Mandal College of Engineering & Technology, Amravati",Amravati,0111419110,Civil Engineering,Minority,GVJS,138849,63.5303851
01114,"Sipna Shikshan Prasarak Mandal College of Engineering & Technology, Amravati",Amravati,0111419110,Civil Engineering,Minority,PWDSCS,145122,61.2510322
01114,"Sipna Shikshan Prasarak Mandal College of Engineering & Technology, Amravati",Amravati,0111419110,Civil Engineering,Minority,LNT1S,155164,57.6578681
01114,"Sipna Shikshan Prasarak Mandal College of Engineering & Technology, Amravati",Amravati,0111419110,Civil Engineering,Minority,LVJS,161450,55.2387338
01114,"Sipna Shikshan Prasarak Mandal College of Engineering & Technology, Amravati",Amravati,0111419110,Civil Engineering,Minority,GNT3S,171607,50.9743237
01114,"Sipna Shikshan Prasarak Mandal College of Engineering & Technology, Amravati",Amravati,0111419110,Civil Engineering,Minority,LSEBCS,225632,9.5733084
01114,"Sipna Shikshan Prasarak Mandal College of Engineering & Technology, Amravati",Amravati,0111419110,Civil Engineering,Minority,AI,54053,59.4153468
01114,"Sipna Shikshan Prasarak Mandal College of Engineering & Technology, Amravati",Amravati,0111419110,Civil Engineering,Minority,EWS,224074,12.3071672
01114,"Sipna Shikshan Prasarak Mandal College of Engineering & Technology, Amravati",Amravati,0111419110,Civil Engineering,Minority,TFWS,103146,74.6275026
01114,"Sipna Shikshan Prasarak Mandal College of Engineering & Technology, Amravati",Amravati,0111424210,Computer Science and Engineering,Minority,LOPENS,57400,86.3032893
01114,"Sipna Shikshan Prasarak Mandal College of Engineering & Technology, Amravati",Amravati,0111424210,Computer Science and Engineering,Minority,GOPENS,65015,84.4137833
01114,"Sipna Shikshan Prasarak Mandal College of Engineering & Technology, Amravati",Amravati,0111424210,Computer Science and Engineering,Minority,LOBCS,61438,85.2824124
01114,"Sipna Shikshan Prasarak Mandal College of Engineering & Technology, Amravati",Amravati,0111424210,Computer Science and Engineering,Minority,LNT2S,60559,85.4974574
01114,"Sipna Shikshan Prasarak Mandal College of Engineering & Technology, Amravati",Amravati,0111424210,Computer Science and Engineering,Minority,PWDOPENS,68022,83.7134808
01114,"Sipna Shikshan Prasarak Mandal College of Engineering & Technology, Amravati",Amravati,0111424210,Computer Science and Engineering,Minority,DEFOPENS,143858,61.8012422
01114,"Sipna Shikshan Prasarak Mandal College of Engineering & Technology, Amravati",Amravati,0111424210,Computer Science and Engineering,Minority,DEFOBCS,63747,84.6438942
01114,"Sipna Shikshan Prasarak Mandal College of Engineering & Technology, Amravati",Amravati,0111424210,Computer Science and Engineering,Minority,GOBCS,68641,83.5707404
01114,"Sipna Shikshan Prasarak Mandal College of Engineering & Technology, Amravati",Amravati,0111424210,Computer Science and Engineering,Minority,ORPHANN,66439,84.0343736
01114,"Sipna Shikshan Prasarak Mandal College of Engineering & Technology, Amravati",Amravati,0111424210,Computer Science and Engineering,Minority,PWDOBCS,68411,83.6944391
01114,"Sipna Shikshan Prasarak Mandal College of Engineering & Technology, Amravati",Amravati,0111424210,Computer Science and Engineering,Minority,GNT2S,72859,82.4999118
01114,"Sipna Shikshan Prasarak Mandal College of Engineering & Technology, Amravati",Amravati,0111424210,Computer Science and Engineering,Minority,LSEBCS,105537,73.9021728
01114,"Sipna Shikshan Prasarak Mandal College of Engineering & Technology, Amravati",Amravati,0111424210,Computer Science and Engineering,Minority,GSEBCS,111070,72.3753397
01114,"Sipna Shikshan Prasarak Mandal College of Engineering & Technology, Amravati",Amravati,0111424210,Computer Science and Engineering,Minority,LSCS,87534,78.8724264
01114,"Sipna Shikshan Prasarak Mandal College of Engineering & Technology, Amravati",Amravati,0111424210,Computer Science and Engineering,Minority,GSCS,89475,78.1871974
01114,"Sipna Shikshan Prasarak Mandal College of Engineering & Technology, Amravati",Amravati,0111424210,Computer Science and Engineering,Minority,GNT3S,75552,81.9137967
01114,"Sipna Shikshan Prasarak Mandal College of Engineering & Technology, Amravati",Amravati,0111424210,Computer Science and Engineering,Minority,GNT1S,86148,78.9956692
01114,"Sipna Shikshan Prasarak Mandal College of Engineering & Technology, Amravati",Amravati,0111424210,Computer Science and Engineering,Minority,GVJS,86391,78.975446
01114,"Sipna Shikshan Prasarak Mandal College of Engineering & Technology, Amravati",Amravati,0111424210,Computer Science and Engineering,Minority,LVJS,82251,80.1749582
01114,"Sipna Shikshan Prasarak Mandal College of Engineering & Technology, Amravati",Amravati,0111424210,Computer Science and Engineering,Minority,PWDSCS,87054,78.8983322
01114,"Sipna Shikshan Prasarak Mandal College of Engineering & Technology, Amravati",Amravati,0111424210,Computer Science and Engineering,Minority,DEFSCS,89837,78.0162614
01114,"Sipna Shikshan Prasarak Mandal College of Engineering & Technology, Amravati",Amravati,0111424210,Computer Science and Engineering,Minority,GSTS,178275,47.8219396
01114,"Sipna Shikshan Prasarak Mandal College of Engineering & Technology, Amravati",Amravati,0111424210,Computer Science and Engineering,Minority,LNT3S,96946,76.3286018
01114,"Sipna Shikshan Prasarak Mandal College of Engineering & Technology, Amravati",Amravati,0111424210,Computer Science and Engineering,Minority,DEFSEBCS,103634,74.5525612
01114,"Sipna Shikshan Prasarak Mandal College of Engineering & Technology, Amravati",Amravati,0111424210,Computer Science and Engineering,Minority,PWDSEBCS,107105,73.2860799
01114,"Sipna Shikshan Prasarak Mandal College of Engineering & Technology, Amravati",Amravati,0111424210,Computer Science and Engineering,Minority,LSTS,145060,61.2510322
01114,"Sipna Shikshan Prasarak Mandal College of Engineering & Technology, Amravati",Amravati,0111424210,Computer Science and Engineering,Minority,AI,32132,74.8910003
01114,"Sipna Shikshan Prasarak Mandal College of Engineering & Technology, Amravati",Amravati,0111424210,Computer Science and Engineering,Minority,EWS,112639,71.7544603
01114,"Sipna Shikshan Prasarak Mandal College of Engineering & Technology, Amravati",Amravati,0111424210,Computer Science and Engineering,Minority,TFWS,51853,87.6167151
01114,"Sipna Shikshan Prasarak Mandal College of Engineering & Technology, Amravati",Amravati,0111424610,Information Technology,Minority,LOPENS,71817,82.7777778
01114,"Sipna Shikshan Prasarak Mandal College of Engineering & Technology, Amravati",Amravati,0111424610,Information Technology,Minority,GOPENS,76055,81.7199
01114,"Sipna Shikshan Prasarak Mandal College of Engineering & Technology, Amravati",Amravati,0111424610,Information Technology,Minority,PWDOBCS,68921,83.4527296
01114,"Sipna Shikshan Prasarak Mandal College of Engineering & Technology, Amravati",Amravati,0111424610,Information Technology,Minority,PWDOPENS,75296,81.9221888
01114,"Sipna Shikshan Prasarak Mandal College of Engineering & Technology, Amravati",Amravati,0111424610,Information Technology,Minority,LOBCS,73724,82.190886
01114,"Sipna Shikshan Prasarak Mandal College of Engineering & Technology, Amravati",Amravati,0111424610,Information Technology,Minority,LSTS,75038,81.9314642
01114,"Sipna Shikshan Prasarak Mandal College of Engineering & Technology, Amravati",Amravati,0111424610,Information Technology,Minority,GOBCS,78920,80.7910924
01114,"Sipna Shikshan Prasarak Mandal College of Engineering & Technology, Amravati",Amravati,0111424610,Information Technology,Minority,DEFOBCS,77382,81.3607995
01114,"Sipna Shikshan Prasarak Mandal College of Engineering & Technology, Amravati",Amravati,0111424610,Information Technology,Minority,DEFOPENS,193024,39.9867632
01114,"Sipna Shikshan Prasarak Mandal College of Engineering & Technology, Amravati",Amravati,0111424610,Information Technology,Minority,GSTS,215467,22.6197993
01114,"Sipna Shikshan Prasarak Mandal College of Engineering & Technology, Amravati",Amravati,0111424610,Information Technology,Minority,ORPHANI,79180,80.78157
01114,"Sipna Shikshan Prasarak Mandal College of Engineering & Technology, Amravati",Amravati,0111424610,Information Technology,Minority,LVJS,80635,80.5383458
01114,"Sipna Shikshan Prasarak Mandal College of Engineering & Technology, Amravati",Amravati,0111424610,Information Technology,Minority,GVJS,89304,78.1913582
01114,"Sipna Shikshan Prasarak Mandal College of Engineering & Technology, Amravati",Amravati,0111424610,Information Technology,Minority,LSCS,93761,77.1955616
01114,"Sipna Shikshan Prasarak Mandal College of Engineering & Technology, Amravati",Amravati,0111424610,Information Technology,Minority,GSCS,95862,76.468112
01114,"Sipna Shikshan Prasarak Mandal College of Engineering & Technology, Amravati",Amravati,0111424610,Information Technology,Minority,LNT2S,90217,77.937978
01114,"Sipna Shikshan Prasarak Mandal College of Engineering & Technology, Amravati",Amravati,0111424610,Information Technology,Minority,GNT2S,94295,76.973775
01114,"Sipna Shikshan Prasarak Mandal College of Engineering & Technology, Amravati",Amravati,0111424610,Information Technology,Minority,PWDSCS,93578,77.2289819
01114,"Sipna Shikshan Prasarak Mandal College of Engineering & Technology, Amravati",Amravati,0111424610,Information Technology,Minority,GNT1S,93987,77.1955616
01114,"Sipna Shikshan Prasarak Mandal College of Engineering & Technology, Amravati",Amravati,0111424610,Information Technology,Minority,DEFSCS,95431,76.5235824
01114,"Sipna Shikshan Prasarak Mandal College of Engineering & Technology, Amravati",Amravati,0111424610,Information Technology,Minority,GNT3S,119623,69.8131691
01114,"Sipna Shikshan Prasarak Mandal College of Engineering & Technology, Amravati",Amravati,0111424610,Information Technology,Minority,LSEBCS,118080,70.3444621
01114,"Sipna Shikshan Prasarak Mandal College of Engineering & Technology, Amravati",Amravati,0111424610,Information Technology,Minority,LNT1S,111325,72.3251186
01114,"Sipna Shikshan Prasarak Mandal College of Engineering & Technology, Amravati",Amravati,0111424610,Information Technology,Minority,GSEBCS,129780,66.3432235
01114,"Sipna Shikshan Prasarak Mandal College of Engineering & Technology, Amravati",Amravati,0111424610,Information Technology,Minority,AI,39780,69.6381099
01114,"Sipna Shikshan Prasarak Mandal College of Engineering & Technology, Amravati",Amravati,0111424610,Information Technology,Minority,EWS,142316,62.5282864
01114,"Sipna Shikshan Prasarak Mandal College of Engineering & Technology, Amravati",Amravati,0111424610,Information Technology,Minority,TFWS,68657,83.5707404
01114,"Sipna Shikshan Prasarak Mandal College of Engineering & Technology, Amravati",Amravati,0111426310,Artificial Intelligence (AI) and Data Science,Minority,LOPENS,72405,82.5792479
01114,"Sipna Shikshan Prasarak Mandal College of Engineering & Technology, Amravati",Amravati,0111426310,Artificial Intelligence (AI) and Data Science,Minority,GOPENS,80586,80.5383458
01114,"Sipna Shikshan Prasarak Mandal College of Engineering & Technology, Amravati",Amravati,0111426310,Artificial Intelligence (AI) and Data Science,Minority,LOBCS,76020,81.7199
01114,"Sipna Shikshan Prasarak Mandal College of Engineering & Technology, Amravati",Amravati,0111426310,Artificial Intelligence (AI) and Data Science,Minority,PWDOBCS,73422,82.3704723
01114,"Sipna Shikshan Prasarak Mandal College of Engineering & Technology, Amravati",Amravati,0111426310,Artificial Intelligence (AI) and Data Science,Minority,DEFOPENS,79644,80.7055032
01114,"Sipna Shikshan Prasarak Mandal College of Engineering & Technology, Amravati",Amravati,0111426310,Artificial Intelligence (AI) and Data Science,Minority,PWDSCS,76903,81.5923479
01114,"Sipna Shikshan Prasarak Mandal College of Engineering & Technology, Amravati",Amravati,0111426310,Artificial Intelligence (AI) and Data Science,Minority,PWDOPENS,83021,79.9864621
01114,"Sipna Shikshan Prasarak Mandal College of Engineering & Technology, Amravati",Amravati,0111426310,Artificial Intelligence (AI) and Data Science,Minority,LSTS,80249,80.5793663
01114,"Sipna Shikshan Prasarak Mandal College of Engineering & Technology, Amravati",Amravati,0111426310,Artificial Intelligence (AI) and Data Science,Minority,GOBCS,83125,79.9864621
01114,"Sipna Shikshan Prasarak Mandal College of Engineering & Technology, Amravati",Amravati,0111426310,Artificial Intelligence (AI) and Data Science,Minority,GSEBCS,136170,64.2198294
01114,"Sipna Shikshan Prasarak Mandal College of Engineering & Technology, Amravati",Amravati,0111426310,Artificial Intelligence (AI) and Data Science,Minority,DEFOBCS,83211,79.9422744
01114,"Sipna Shikshan Prasarak Mandal College of Engineering & Technology, Amravati",Amravati,0111426310,Artificial Intelligence (AI) and Data Science,Minority,GSTS,84308,79.5076004
01114,"Sipna Shikshan Prasarak Mandal College of Engineering & Technology, Amravati",Amravati,0111426310,Artificial Intelligence (AI) and Data Science,Minority,ORPHANN,84328,79.5076004
01114,"Sipna Shikshan Prasarak Mandal College of Engineering & Technology, Amravati",Amravati,0111426310,Artificial Intelligence (AI) and Data Science,Minority,GVJS,98836,75.6280193
01114,"Sipna Shikshan Prasarak Mandal College of Engineering & Technology, Amravati",Amravati,0111426310,Artificial Intelligence (AI) and Data Science,Minority,LNT1S,86661,78.9492107
01114,"Sipna Shikshan Prasarak Mandal College of Engineering & Technology, Amravati",Amravati,0111426310,Artificial Intelligence (AI) and Data Science,Minority,GSCS,100644,75.1704646
01114,"Sipna Shikshan Prasarak Mandal College of Engineering & Technology, Amravati",Amravati,0111426310,Artificial Intelligence (AI) and Data Science,Minority,LSCS,91351,77.741426
01114,"Sipna Shikshan Prasarak Mandal College of Engineering & Technology, Amravati",Amravati,0111426310,Artificial Intelligence (AI) and Data Science,Minority,LNT2S,89589,78.0816199
01114,"Sipna Shikshan Prasarak Mandal College of Engineering & Technology, Amravati",Amravati,0111426310,Artificial Intelligence (AI) and Data Science,Minority,GNT2S,91290,77.741426
01114,"Sipna Shikshan Prasarak Mandal College of Engineering & Technology, Amravati",Amravati,0111426310,Artificial Intelligence (AI) and Data Science,Minority,GNT1S,92255,77.550585
01114,"Sipna Shikshan Prasarak Mandal College of Engineering & Technology, Amravati",Amravati,0111426310,Artificial Intelligence (AI) and Data Science,Minority,GNT3S,99727,75.406809
01114,"Sipna Shikshan Prasarak Mandal College of Engineering & Technology, Amravati",Amravati,0111426310,Artificial Intelligence (AI) and Data Science,Minority,DEFSCS,100933,75.110975
01114,"Sipna Shikshan Prasarak Mandal College of Engineering & Technology, Amravati",Amravati,0111426310,Artificial Intelligence (AI) and Data Science,Minority,LNT3S,111787,72.0373703
01114,"Sipna Shikshan Prasarak Mandal College of Engineering & Technology, Amravati",Amravati,0111426310,Artificial Intelligence (AI) and Data Science,Minority,LSEBCS,117930,70.3901803
01114,"Sipna Shikshan Prasarak Mandal College of Engineering & Technology, Amravati",Amravati,0111426310,Artificial Intelligence (AI) and Data Science,Minority,AI,39265,70.1376923
01114,"Sipna Shikshan Prasarak Mandal College of Engineering & Technology, Amravati",Amravati,0111426310,Artificial Intelligence (AI) and Data Science,Minority,EWS,151727,59.2124434
01114,"Sipna Shikshan Prasarak Mandal College of Engineering & Technology, Amravati",Amravati,0111426310,Artificial Intelligence (AI) and Data Science,Minority,TFWS,64891,84.4412567
01114,"Sipna Shikshan Prasarak Mandal College of Engineering & Technology, Amravati",Amravati,0111437210,Electronics and Telecommunication Engg,Minority,GOPENS,89202,78.1913582
01114,"Sipna Shikshan Prasarak Mandal College of Engineering & Technology, Amravati",Amravati,0111437210,Electronics and Telecommunication Engg,Minority,LOPENS,85789,79.2630446
01114,"Sipna Shikshan Prasarak Mandal College of Engineering & Technology, Amravati",Amravati,0111437210,Electronics and Telecommunication Engg,Minority,PWDOPENS,92380,77.540946
01114,"Sipna Shikshan Prasarak Mandal College of Engineering & Technology, Amravati",Amravati,0111437210,Electronics and Telecommunication Engg,Minority,LOBCS,87030,78.8983322
01114,"Sipna Shikshan Prasarak Mandal College of Engineering & Technology, Amravati",Amravati,0111437210,Electronics and Telecommunication Engg,Minority,DEFOBCS,88242,78.699881
01114,"Sipna Shikshan Prasarak Mandal College of Engineering & Technology, Amravati",Amravati,0111437210,Electronics and Telecommunication Engg,Minority,DEFOPENS,92216,77.550585
01114,"Sipna Shikshan Prasarak Mandal College of Engineering & Technology, Amravati",Amravati,0111437210,Electronics and Telecommunication Engg,Minority,GOBCS,91794,77.6220509
01114,"Sipna Shikshan Prasarak Mandal College of Engineering & Technology, Amravati",Amravati,0111437210,Electronics and Telecommunication Engg,Minority,PWDOBCS,91233,77.741426
01114,"Sipna Shikshan Prasarak Mandal College of Engineering & Technology, Amravati",Amravati,0111437210,Electronics and Telecommunication Engg,Minority,LSTS,92766,77.3787188
01114,"Sipna Shikshan Prasarak Mandal College of Engineering & Technology, Amravati",Amravati,0111437210,Electronics and Telecommunication Engg,Minority,GSTS,93130,77.2619593
01114,"Sipna Shikshan Prasarak Mandal College of Engineering & Technology, Amravati",Amravati,0111437210,Electronics and Telecommunication Engg,Minority,ORPHANI,92792,77.3787188
01114,"Sipna Shikshan Prasarak Mandal College of Engineering & Technology, Amravati",Amravati,0111437210,Electronics and Telecommunication Engg,Minority,LNT2S,101772,74.8210845
01114,"Sipna Shikshan Prasarak Mandal College of Engineering & Technology, Amravati",Amravati,0111437210,Electronics and Telecommunication Engg,Minority,LSCS,103907,74.4163823
01114,"Sipna Shikshan Prasarak Mandal College of Engineering & Technology, Amravati",Amravati,0111437210,Electronics and Telecommunication Engg,Minority,GNT2S,103453,74.6217331
01114,"Sipna Shikshan Prasarak Mandal College of Engineering & Technology, Amravati",Amravati,0111437210,Electronics and Telecommunication Engg,Minority,GSCS,111528,72.0579403
01114,"Sipna Shikshan Prasarak Mandal College of Engineering & Technology, Amravati",Amravati,0111437210,Electronics and Telecommunication Engg,Minority,PWDSCS,104159,74.2209832
01114,"Sipna Shikshan Prasarak Mandal College of Engineering & Technology, Amravati",Amravati,0111437210,Electronics and Telecommunication Engg,Minority,GNT1S,109445,72.8027463
01114,"Sipna Shikshan Prasarak Mandal College of Engineering & Technology, Amravati",Amravati,0111437210,Electronics and Telecommunication Engg,Minority,DEFSCS,108449,72.9916849
01114,"Sipna Shikshan Prasarak Mandal College of Engineering & Technology, Amravati",Amravati,0111437210,Electronics and Telecommunication Engg,Minority,LVJS,111903,72.0373703
01114,"Sipna Shikshan Prasarak Mandal College of Engineering & Technology, Amravati",Amravati,0111437210,Electronics and Telecommunication Engg,Minority,GVJS,127363,67.3167917
01114,"Sipna Shikshan Prasarak Mandal College of Engineering & Technology, Amravati",Amravati,0111437210,Electronics and Telecommunication Engg,Minority,GNT3S,127913,67.1207715
01114,"Sipna Shikshan Prasarak Mandal College of Engineering & Technology, Amravati",Amravati,0111437210,Electronics and Telecommunication Engg,Minority,GSEBCS,160446,55.4914407
01114,"Sipna Shikshan Prasarak Mandal College of Engineering & Technology, Amravati",Amravati,0111437210,Electronics and Telecommunication Engg,Minority,LSEBCS,146145,60.7738415
01114,"Sipna Shikshan Prasarak Mandal College of Engineering & Technology, Amravati",Amravati,0111437210,Electronics and Telecommunication Engg,Minority,AI,44910,66.2187207
01114,"Sipna Shikshan Prasarak Mandal College of Engineering & Technology, Amravati",Amravati,0111437210,Electronics and Telecommunication Engg,Minority,EWS,189884,41.5554243
01114,"Sipna Shikshan Prasarak Mandal College of Engineering & Technology, Amravati",Amravati,0111437210,Electronics and Telecommunication Engg,Minority,TFWS,77130,81.4271094
01114,"Sipna Shikshan Prasarak Mandal College of Engineering & Technology, Amravati",Amravati,0111461210,Mechanical Engineering,Minority,GOPENS,109514,72.6740126
01114,"Sipna Shikshan Prasarak Mandal College of Engineering & Technology, Amravati",Amravati,0111461210,Mechanical Engineering,Minority,LOPENS,111304,72.3251186
01114,"Sipna Shikshan Prasarak Mandal College of Engineering & Technology, Amravati",Amravati,0111461210,Mechanical Engineering,Minority,DEFOPENS,94227,77.022977
01114,"Sipna Shikshan Prasarak Mandal College of Engineering & Technology, Amravati",Amravati,0111461210,Mechanical Engineering,Minority,LSTS,107324,73.262321
01114,"Sipna Shikshan Prasarak Mandal College of Engineering & Technology, Amravati",Amravati,0111461210,Mechanical Engineering,Minority,GOBCS,111237,72.3251186
01114,"Sipna Shikshan Prasarak Mandal College of Engineering & Technology, Amravati",Amravati,0111461210,Mechanical Engineering,Minority,GSTS,110897,72.3753397
01114,"Sipna Shikshan Prasarak Mandal College of Engineering & Technology, Amravati",Amravati,0111461210,Mechanical Engineering,Minority,PWDOPENS,110359,72.5022286
01114,"Sipna Shikshan Prasarak Mandal College of Engineering & Technology, Amravati",Amravati,0111461210,Mechanical Engineering,Minority,LOBCS,114615,71.1330463
01114,"Sipna Shikshan Prasarak Mandal College of Engineering & Technology, Amravati",Amravati,0111461210,Mechanical Engineering,Minority,GSEBCS,177432,48.1265004
01114,"Sipna Shikshan Prasarak Mandal College of Engineering & Technology, Amravati",Amravati,0111461210,Mechanical Engineering,Minority,GSCS,126939,67.458483
01114,"Sipna Shikshan Prasarak Mandal College of Engineering & Technology, Amravati",Amravati,0111461210,Mechanical Engineering,Minority,LSCS,136621,64.1240022
01114,"Sipna Shikshan Prasarak Mandal College of Engineering & Technology, Amravati",Amravati,0111461210,Mechanical Engineering,Minority,GNT2S,135117,64.7164682
01114,"Sipna Shikshan Prasarak Mandal College of Engineering & Technology, Amravati",Amravati,0111461210,Mechanical Engineering,Minority,LNT1S,142490,62.5282864
01114,"Sipna Shikshan Prasarak Mandal College of Engineering & Technology, Amravati",Amravati,0111461210,Mechanical Engineering,Minority,LNT3S,154137,58.1150221
01114,"Sipna Shikshan Prasarak Mandal College of Engineering & Technology, Amravati",Amravati,0111461210,Mechanical Engineering,Minority,LSEBCS,183148,45.035095
01114,"Sipna Shikshan Prasarak Mandal College of Engineering & Technology, Amravati",Amravati,0111461210,Mechanical Engineering,Minority,LVJS,178745,47.7548586
01114,"Sipna Shikshan Prasarak Mandal College of Engineering & Technology, Amravati",Amravati,0111461210,Mechanical Engineering,Minority,AI,50484,62.0701796
01114,"Sipna Shikshan Prasarak Mandal College of Engineering & Technology, Amravati",Amravati,0111461210,Mechanical Engineering,Minority,EWS,211295,26.6925382
01114,"Sipna Shikshan Prasarak Mandal College of Engineering & Technology, Amravati",Amravati,0111461210,Mechanical Engineering,Minority,TFWS,91302,77.741426
01116,"Shri Shivaji Education Society's College of Engineering and Technology, Akola",Akola,0111619110,Civil Engineering,Minority,GOPENH,141594,62.8284912
01116,"Shri Shivaji Education Society's College of Engineering and Technology, Akola",Akola,0111619110,Civil Engineering,Minority,LOPENH,161162,55.3743463
01116,"Shri Shivaji Education Society's College of Engineering and Technology, Akola",Akola,0111619110,Civil Engineering,Minority,GOBCH,161993,54.9986599
01116,"Shri Shivaji Education Society's College of Engineering and Technology, Akola",Akola,0111619110,Civil Engineering,Minority,GSCH,177073,48.1318449
01116,"Shri Shivaji Education Society's College of Engineering and Technology, Akola",Akola,0111619110,Civil Engineering,Minority,LSEBCH,143821,61.8012422
01116,"Shri Shivaji Education Society's College of Engineering and Technology, Akola",Akola,0111619110,Civil Engineering,Minority,GSTH,222853,14.1268505
01116,"Shri Shivaji Education Society's College of Engineering and Technology, Akola",Akola,0111619110,Civil Engineering,Minority,LSCH,168263,52.1496391
01116,"Shri Shivaji Education Society's College of Engineering and Technology, Akola",Akola,0111619110,Civil Engineering,Minority,LOBCH,166096,52.8745002
01116,"Shri Shivaji Education Society's College of Engineering and Technology, Akola",Akola,0111619110,Civil Engineering,Minority,GSEBCH,221832,15.4884768
01116,"Shri Shivaji Education Society's College of Engineering and Technology, Akola",Akola,0111619110,Civil Engineering,Minority,GVJH,167177,52.6909021
01116,"Shri Shivaji Education Society's College of Engineering and Technology, Akola",Akola,0111619110,Civil Engineering,Minority,PWDOPENH,204035,32.5248195
01116,"Shri Shivaji Education Society's College of Engineering and Technology, Akola",Akola,0111619110,Civil Engineering,Minority,GNT3H,204458,32.0852596
01116,"Shri Shivaji Education Society's College of Engineering and Technology, Akola",Akola,0111619110,Civil Engineering,Minority,GOPENO,178178,47.8398896
01116,"Shri Shivaji Education Society's College of Engineering and Technology, Akola",Akola,0111619110,Civil Engineering,Minority,LOBCO,156885,56.92563
01116,"Shri Shivaji Education Society's College of Engineering and Technology, Akola",Akola,0111619110,Civil Engineering,Minority,GSTO,190190,41.3533547
01116,"Shri Shivaji Education Society's College of Engineering and Technology, Akola",Akola,0111619110,Civil Engineering,Minority,GSEBCO,195242,38.215662
01116,"Shri Shivaji Education Society's College of Engineering and Technology, Akola",Akola,0111619110,Civil Engineering,Minority,GVJO,197965,36.7116245
01116,"Shri Shivaji Education Society's College of Engineering and Technology, Akola",Akola,0111619110,Civil Engineering,Minority,GOBCO,226287,8.6529978
01116,"Shri Shivaji Education Society's College of Engineering and Technology, Akola",Akola,0111619110,Civil Engineering,Minority,GSCO,204428,32.0852596
01116,"Shri Shivaji Education Society's College of Engineering and Technology, Akola",Akola,0111619110,Civil Engineering,Minority,LOPENO,204636,31.8464164
01116,"Shri Shivaji Education Society's College of Engineering and Technology, Akola",Akola,0111619110,Civil Engineering,Minority,GNT2O,153911,58.1324148
01116,"Shri Shivaji Education Society's College of Engineering and Technology, Akola",Akola,0111619110,Civil Engineering,Minority,GNT1O,155349,57.5477401
01116,"Shri Shivaji Education Society's College of Engineering and Technology, Akola",Akola,0111619110,Civil Engineering,Minority,AI,81607,33.3836053
01116,"Shri Shivaji Education Society's College of Engineering and Technology, Akola",Akola,0111619110,Civil Engineering,Minority,DEFOPENS,59819,85.7396473
01116,"Shri Shivaji Education Society's College of Engineering and Technology, Akola",Akola,0111619110,Civil Engineering,Minority,EWS,179518,46.9424901
01116,"Shri Shivaji Education Society's College of Engineering and Technology, Akola",Akola,0111619110,Civil Engineering,Minority,TFWS,102103,74.8088122
01116,"Shri Shivaji Education Society's College of Engineering and Technology, Akola",Akola,0111624210,Computer Science and Engineering,Minority,LOPENH,102684,74.7351841
01116,"Shri Shivaji Education Society's College of Engineering and Technology, Akola",Akola,0111624210,Computer Science and Engineering,Minority,GOPENH,116111,70.8903389
01116,"Shri Shivaji Education Society's College of Engineering and Technology, Akola",Akola,0111624210,Computer Science and Engineering,Minority,LOBCH,107026,73.2908824
01116,"Shri Shivaji Education Society's College of Engineering and Technology, Akola",Akola,0111624210,Computer Science and Engineering,Minority,PWDOBCH,93495,77.2289819
01116,"Shri Shivaji Education Society's College of Engineering and Technology, Akola",Akola,0111624210,Computer Science and Engineering,Minority,LSCH,115783,70.9390112
01116,"Shri Shivaji Education Society's College of Engineering and Technology, Akola",Akola,0111624210,Computer Science and Engineering,Minority,PWDOPENH,125799,67.967082
01116,"Shri Shivaji Education Society's College of Engineering and Technology, Akola",Akola,0111624210,Computer Science and Engineering,Minority,GOBCH,129017,66.5496835
01116,"Shri Shivaji Education Society's College of Engineering and Technology, Akola",Akola,0111624210,Computer Science and Engineering,Minority,LNT2H,110576,72.4223602
01116,"Shri Shivaji Education Society's College of Engineering and Technology, Akola",Akola,0111624210,Computer Science and Engineering,Minority,GVJH,136835,64.1240022
01116,"Shri Shivaji Education Society's College of Engineering and Technology, Akola",Akola,0111624210,Computer Science and Engineering,Minority,GSCH,148067,60.268127
01116,"Shri Shivaji Education Society's College of Engineering and Technology, Akola",Akola,0111624210,Computer Science and Engineering,Minority,PWDSCH,119254,69.8303637
01116,"Shri Shivaji Education Society's College of Engineering and Technology, Akola",Akola,0111624210,Computer Science and Engineering,Minority,GNT1H,136424,64.1499185
01116,"Shri Shivaji Education Society's College of Engineering and Technology, Akola",Akola,0111624210,Computer Science and Engineering,Minority,LSTH,121721,68.9346395
01116,"Shri Shivaji Education Society's College of Engineering and Technology, Akola",Akola,0111624210,Computer Science and Engineering,Minority,GSTH,127978,67.1207715
01116,"Shri Shivaji Education Society's College of Engineering and Technology, Akola",Akola,0111624210,Computer Science and Engineering,Minority,GNT2H,131968,66.0549811
01116,"Shri Shivaji Education Society's College of Engineering and Technology, Akola",Akola,0111624210,Computer Science and Engineering,Minority,GSEBCH,228386,3.6878544
01116,"Shri Shivaji Education Society's College of Engineering and Technology, Akola",Akola,0111624210,Computer Science and Engineering,Minority,LVJH,132303,65.9070599
01116,"Shri Shivaji Education Society's College of Engineering and Technology, Akola",Akola,0111624210,Computer Science and Engineering,Minority,LNT1H,132784,65.8087807
01116,"Shri Shivaji Education Society's College of Engineering and Technology, Akola",Akola,0111624210,Computer Science and Engineering,Minority,LNT3H,137694,63.8128892
01116,"Shri Shivaji Education Society's College of Engineering and Technology, Akola",Akola,0111624210,Computer Science and Engineering,Minority,GNT3H,158715,56.1183815
01116,"Shri Shivaji Education Society's College of Engineering and Technology, Akola",Akola,0111624210,Computer Science and Engineering,Minority,LSEBCH,201725,34.1022162
01116,"Shri Shivaji Education Society's College of Engineering and Technology, Akola",Akola,0111624210,Computer Science and Engineering,Minority,PWDSEBCH,216243,22.1683213
01116,"Shri Shivaji Education Society's College of Engineering and Technology, Akola",Akola,0111624210,Computer Science and Engineering,Minority,LOPENO,131296,66.0913492
01116,"Shri Shivaji Education Society's College of Engineering and Technology, Akola",Akola,0111624210,Computer Science and Engineering,Minority,GOPENO,146590,60.7556304
01116,"Shri Shivaji Education Society's College of Engineering and Technology, Akola",Akola,0111624210,Computer Science and Engineering,Minority,LSTO,137063,64.087617
01116,"Shri Shivaji Education Society's College of Engineering and Technology, Akola",Akola,0111624210,Computer Science and Engineering,Minority,LSEBCO,138762,63.540901
01116,"Shri Shivaji Education Society's College of Engineering and Technology, Akola",Akola,0111624210,Computer Science and Engineering,Minority,LOBCO,154892,57.8274425
01116,"Shri Shivaji Education Society's College of Engineering and Technology, Akola",Akola,0111624210,Computer Science and Engineering,Minority,GVJO,147052,60.5843098
01116,"Shri Shivaji Education Society's College of Engineering and Technology, Akola",Akola,0111624210,Computer Science and Engineering,Minority,GOBCO,175487,49.0487536
01116,"Shri Shivaji Education Society's College of Engineering and Technology, Akola",Akola,0111624210,Computer Science and Engineering,Minority,GSCO,172297,50.5512969
01116,"Shri Shivaji Education Society's College of Engineering and Technology, Akola",Akola,0111624210,Computer Science and Engineering,Minority,GSEBCO,169733,52.016058
01116,"Shri Shivaji Education Society's College of Engineering and Technology, Akola",Akola,0111624210,Computer Science and Engineering,Minority,GSTO,175345,49.1097752
01116,"Shri Shivaji Education Society's College of Engineering and Technology, Akola",Akola,0111624210,Computer Science and Engineering,Minority,GNT2O,176959,48.1318449
01116,"Shri Shivaji Education Society's College of Engineering and Technology, Akola",Akola,0111624210,Computer Science and Engineering,Minority,LSCO,202477,33.8928203
01116,"Shri Shivaji Education Society's College of Engineering and Technology, Akola",Akola,0111624210,Computer Science and Engineering,Minority,GNT3O,153515,58.1924692
01116,"Shri Shivaji Education Society's College of Engineering and Technology, Akola",Akola,0111624210,Computer Science and Engineering,Minority,LNT1O,155953,57.502776
01116,"Shri Shivaji Education Society's College of Engineering and Technology, Akola",Akola,0111624210,Computer Science and Engineering,Minority,AI,60239,54.4854985
01116,"Shri Shivaji Education Society's College of Engineering and Technology, Akola",Akola,0111624210,Computer Science and Engineering,Minority,DEFOBCS,110558,72.4223602
01116,"Shri Shivaji Education Society's College of Engineering and Technology, Akola",Akola,0111624210,Computer Science and Engineering,Minority,DEFOPENS,114618,71.1330463
01116,"Shri Shivaji Education Society's College of Engineering and Technology, Akola",Akola,0111624210,Computer Science and Engineering,Minority,DEFSEBCS,127465,67.2980865
01116,"Shri Shivaji Education Society's College of Engineering and Technology, Akola",Akola,0111624210,Computer Science and Engineering,Minority,DEFSCS,130499,66.1311211
01116,"Shri Shivaji Education Society's College of Engineering and Technology, Akola",Akola,0111624210,Computer Science and Engineering,Minority,ORPHANN,127639,67.2460619
01116,"Shri Shivaji Education Society's College of Engineering and Technology, Akola",Akola,0111624210,Computer Science and Engineering,Minority,EWS,152814,58.4262318
01116,"Shri Shivaji Education Society's College of Engineering and Technology, Akola",Akola,0111624210,Computer Science and Engineering,Minority,TFWS,77016,81.4993122
01116,"Shri Shivaji Education Society's College of Engineering and Technology, Akola",Akola,0111624610,Information Technology,Minority,GOPENH,144359,61.5912113
01116,"Shri Shivaji Education Society's College of Engineering and Technology, Akola",Akola,0111624610,Information Technology,Minority,LOPENH,131190,66.0956881
01116,"Shri Shivaji Education Society's College of Engineering and Technology, Akola",Akola,0111624610,Information Technology,Minority,LOBCH,133446,65.4837825
01116,"Shri Shivaji Education Society's College of Engineering and Technology, Akola",Akola,0111624610,Information Technology,Minority,GOBCH,147872,60.4816409
01116,"Shri Shivaji Education Society's College of Engineering and Technology, Akola",Akola,0111624610,Information Technology,Minority,PWDOPENH,139110,63.5303851
01116,"Shri Shivaji Education Society's College of Engineering and Technology, Akola",Akola,0111624610,Information Technology,Minority,LSTH,145459,61.114444
01116,"Shri Shivaji Education Society's College of Engineering and Technology, Akola",Akola,0111624610,Information Technology,Minority,LNT2H,145667,60.9758938
01116,"Shri Shivaji Education Society's College of Engineering and Technology, Akola",Akola,0111624610,Information Technology,Minority,GSEBCH,151130,59.2474828
01116,"Shri Shivaji Education Society's College of Engineering and Technology, Akola",Akola,0111624610,Information Technology,Minority,PWDSEBCH,148779,60.070698
01116,"Shri Shivaji Education Society's College of Engineering and Technology, Akola",Akola,0111624610,Information Technology,Minority,GSTH,150381,59.5017065
01116,"Shri Shivaji Education Society's College of Engineering and Technology, Akola",Akola,0111624610,Information Technology,Minority,LSCH,153435,58.1924692
01116,"Shri Shivaji Education Society's College of Engineering and Technology, Akola",Akola,0111624610,Information Technology,Minority,GSCH,169872,51.8020478
01116,"Shri Shivaji Education Society's College of Engineering and Technology, Akola",Akola,0111624610,Information Technology,Minority,PWDOBCH,151378,59.2443064
01116,"Shri Shivaji Education Society's College of Engineering and Technology, Akola",Akola,0111624610,Information Technology,Minority,PWDSCH,154708,57.8685189
01116,"Shri Shivaji Education Society's College of Engineering and Technology, Akola",Akola,0111624610,Information Technology,Minority,GNT2H,174988,49.1668381
01116,"Shri Shivaji Education Society's College of Engineering and Technology, Akola",Akola,0111624610,Information Technology,Minority,GVJH,199667,35.5866115
01116,"Shri Shivaji Education Society's College of Engineering and Technology, Akola",Akola,0111624610,Information Technology,Minority,GNT1H,162319,54.9733848
01116,"Shri Shivaji Education Society's College of Engineering and Technology, Akola",Akola,0111624610,Information Technology,Minority,GNT3H,165300,53.1999725
01116,"Shri Shivaji Education Society's College of Engineering and Technology, Akola",Akola,0111624610,Information Technology,Minority,LSEBCH,184596,44.5569356
01116,"Shri Shivaji Education Society's College of Engineering and Technology, Akola",Akola,0111624610,Information Technology,Minority,LNT1H,190889,41.0952232
01116,"Shri Shivaji Education Society's College of Engineering and Technology, Akola",Akola,0111624610,Information Technology,Minority,GOPENO,171274,51.0139791
01116,"Shri Shivaji Education Society's College of Engineering and Technology, Akola",Akola,0111624610,Information Technology,Minority,LOPENO,150578,59.4665021
01116,"Shri Shivaji Education Society's College of Engineering and Technology, Akola",Akola,0111624610,Information Technology,Minority,LOBCO,153302,58.235114
01116,"Shri Shivaji Education Society's College of Engineering and Technology, Akola",Akola,0111624610,Information Technology,Minority,LSTO,150836,59.3625359
01116,"Shri Shivaji Education Society's College of Engineering and Technology, Akola",Akola,0111624610,Information Technology,Minority,GOBCO,179580,46.9424901
01116,"Shri Shivaji Education Society's College of Engineering and Technology, Akola",Akola,0111624610,Information Technology,Minority,LSEBCO,183708,44.7174641
01116,"Shri Shivaji Education Society's College of Engineering and Technology, Akola",Akola,0111624610,Information Technology,Minority,GSCO,220645,17.200127
01116,"Shri Shivaji Education Society's College of Engineering and Technology, Akola",Akola,0111624610,Information Technology,Minority,GSTO,187990,42.6120917
01116,"Shri Shivaji Education Society's College of Engineering and Technology, Akola",Akola,0111624610,Information Technology,Minority,GSEBCO,204316,32.4603175
01116,"Shri Shivaji Education Society's College of Engineering and Technology, Akola",Akola,0111624610,Information Technology,Minority,LNT2O,139931,63.2367632
01116,"Shri Shivaji Education Society's College of Engineering and Technology, Akola",Akola,0111624610,Information Technology,Minority,LNT3O,139958,63.2367632
01116,"Shri Shivaji Education Society's College of Engineering and Technology, Akola",Akola,0111624610,Information Technology,Minority,LVJO,201746,34.1022162
01116,"Shri Shivaji Education Society's College of Engineering and Technology, Akola",Akola,0111624610,Information Technology,Minority,AI,70994,44.7614067
01116,"Shri Shivaji Education Society's College of Engineering and Technology, Akola",Akola,0111624610,Information Technology,Minority,DEFOPENS,149549,59.8130199
01116,"Shri Shivaji Education Society's College of Engineering and Technology, Akola",Akola,0111624610,Information Technology,Minority,DEFOBCS,142157,62.6016833
01116,"Shri Shivaji Education Society's College of Engineering and Technology, Akola",Akola,0111624610,Information Technology,Minority,DEFSEBCS,149683,59.7703364
01116,"Shri Shivaji Education Society's College of Engineering and Technology, Akola",Akola,0111624610,Information Technology,Minority,DEFSCS,156684,57.0044084
01116,"Shri Shivaji Education Society's College of Engineering and Technology, Akola",Akola,0111624610,Information Technology,Minority,ORPHANI,149926,59.5499981
01116,"Shri Shivaji Education Society's College of Engineering and Technology, Akola",Akola,0111624610,Information Technology,Minority,EWS,192499,40.369284
01116,"Shri Shivaji Education Society's College of Engineering and Technology, Akola",Akola,0111624610,Information Technology,Minority,TFWS,111975,71.9146758
01116,"Shri Shivaji Education Society's College of Engineering and Technology, Akola",Akola,0111650710,Chemical Engineering,Minority,LOPENH,175353,49.1097752
01116,"Shri Shivaji Education Society's College of Engineering and Technology, Akola",Akola,0111650710,Chemical Engineering,Minority,GOPENH,180303,46.7128425
01116,"Shri Shivaji Education Society's College of Engineering and Technology, Akola",Akola,0111650710,Chemical Engineering,Minority,LOBCH,165806,52.9701068
01116,"Shri Shivaji Education Society's College of Engineering and Technology, Akola",Akola,0111650710,Chemical Engineering,Minority,GOBCH,191078,40.7074872
01116,"Shri Shivaji Education Society's College of Engineering and Technology, Akola",Akola,0111650710,Chemical Engineering,Minority,PWDOPENH,176996,48.1318449
01116,"Shri Shivaji Education Society's College of Engineering and Technology, Akola",Akola,0111650710,Chemical Engineering,Minority,LSCH,194530,38.726658
01116,"Shri Shivaji Education Society's College of Engineering and Technology, Akola",Akola,0111650710,Chemical Engineering,Minority,PWDOBCH,182476,45.457039
01116,"Shri Shivaji Education Society's College of Engineering and Technology, Akola",Akola,0111650710,Chemical Engineering,Minority,LNT3H,186374,43.6669107
01116,"Shri Shivaji Education Society's College of Engineering and Technology, Akola",Akola,0111650710,Chemical Engineering,Minority,LVJH,187180,43.2064159
01116,"Shri Shivaji Education Society's College of Engineering and Technology, Akola",Akola,0111650710,Chemical Engineering,Minority,LSEBCH,188438,42.3488094
01116,"Shri Shivaji Education Society's College of Engineering and Technology, Akola",Akola,0111650710,Chemical Engineering,Minority,GSTH,193497,39.9385666
01116,"Shri Shivaji Education Society's College of Engineering and Technology, Akola",Akola,0111650710,Chemical Engineering,Minority,LNT2H,192374,40.4162412
01116,"Shri Shivaji Education Society's College of Engineering and Technology, Akola",Akola,0111650710,Chemical Engineering,Minority,GSEBCH,217557,20.7106482
01116,"Shri Shivaji Education Society's College of Engineering and Technology, Akola",Akola,0111650710,Chemical Engineering,Minority,GSCH,199735,35.5866115
01116,"Shri Shivaji Education Society's College of Engineering and Technology, Akola",Akola,0111650710,Chemical Engineering,Minority,LOPENO,82400,80.1749582
01116,"Shri Shivaji Education Society's College of Engineering and Technology, Akola",Akola,0111650710,Chemical Engineering,Minority,GOPENO,149284,59.950946
01116,"Shri Shivaji Education Society's College of Engineering and Technology, Akola",Akola,0111650710,Chemical Engineering,Minority,GOBCO,189394,41.7129534
01116,"Shri Shivaji Education Society's College of Engineering and Technology, Akola",Akola,0111650710,Chemical Engineering,Minority,GSTO,163700,54.2626684
01116,"Shri Shivaji Education Society's College of Engineering and Technology, Akola",Akola,0111650710,Chemical Engineering,Minority,GSEBCO,191342,40.6688911
01116,"Shri Shivaji Education Society's College of Engineering and Technology, Akola",Akola,0111650710,Chemical Engineering,Minority,GSCO,197041,37.2122315
01116,"Shri Shivaji Education Society's College of Engineering and Technology, Akola",Akola,0111650710,Chemical Engineering,Minority,LSCO,210184,27.84396
01116,"Shri Shivaji Education Society's College of Engineering and Technology, Akola",Akola,0111650710,Chemical Engineering,Minority,GNT1O,171999,50.8385093
01116,"Shri Shivaji Education Society's College of Engineering and Technology, Akola",Akola,0111650710,Chemical Engineering,Minority,GNT2O,223521,13.1538992
01116,"Shri Shivaji Education Society's College of Engineering and Technology, Akola",Akola,0111650710,Chemical Engineering,Minority,AI,97664,3.5907469
01116,"Shri Shivaji Education Society's College of Engineering and Technology, Akola",Akola,0111650710,Chemical Engineering,Minority,DEFOPENS,108258,73.0237189
01116,"Shri Shivaji Education Society's College of Engineering and Technology, Akola",Akola,0111650710,Chemical Engineering,Minority,DEFOBCS,184298,44.586183
01116,"Shri Shivaji Education Society's College of Engineering and Technology, Akola",Akola,0111650710,Chemical Engineering,Minority,ORPHANN,190073,41.3533547
01116,"Shri Shivaji Education Society's College of Engineering and Technology, Akola",Akola,0111650710,Chemical Engineering,Minority,EWS,229540,0.056344
01116,"Shri Shivaji Education Society's College of Engineering and Technology, Akola",Akola,0111650710,Chemical Engineering,Minority,TFWS,125367,68.0484125
01116,"Shri Shivaji Education Society's College of Engineering and Technology, Akola",Akola,0111661210,Mechanical Engineering,Minority,GOPENH,166861,52.7016685
01116,"Shri Shivaji Education Society's College of Engineering and Technology, Akola",Akola,0111661210,Mechanical Engineering,Minority,LOPENH,156845,56.92563
01116,"Shri Shivaji Education Society's College of Engineering and Technology, Akola",Akola,0111661210,Mechanical Engineering,Minority,GOBCH,173312,49.8201439
01116,"Shri Shivaji Education Society's College of Engineering and Technology, Akola",Akola,0111661210,Mechanical Engineering,Minority,PWDOBCH,152093,59.0801845
01116,"Shri Shivaji Education Society's College of Engineering and Technology, Akola",Akola,0111661210,Mechanical Engineering,Minority,LOBCH,162678,54.96898
01116,"Shri Shivaji Education Society's College of Engineering and Technology, Akola",Akola,0111661210,Mechanical Engineering,Minority,LSTH,166150,52.8745002
01116,"Shri Shivaji Education Society's College of Engineering and Technology, Akola",Akola,0111661210,Mechanical Engineering,Minority,GNT1H,167934,52.1585439
01116,"Shri Shivaji Education Society's College of Engineering and Technology, Akola",Akola,0111661210,Mechanical Engineering,Minority,LSEBCH,176757,48.401775
01116,"Shri Shivaji Education Society's College of Engineering and Technology, Akola",Akola,0111661210,Mechanical Engineering,Minority,PWDOPENH,173116,49.8699585
01116,"Shri Shivaji Education Society's College of Engineering and Technology, Akola",Akola,0111661210,Mechanical Engineering,Minority,GSTH,177896,47.8532423
01116,"Shri Shivaji Education Society's College of Engineering and Technology, Akola",Akola,0111661210,Mechanical Engineering,Minority,GSEBCH,178466,47.7838912
01116,"Shri Shivaji Education Society's College of Engineering and Technology, Akola",Akola,0111661210,Mechanical Engineering,Minority,GVJH,178781,47.7548586
01116,"Shri Shivaji Education Society's College of Engineering and Technology, Akola",Akola,0111661210,Mechanical Engineering,Minority,GNT2H,180185,46.7128425
01116,"Shri Shivaji Education Society's College of Engineering and Technology, Akola",Akola,0111661210,Mechanical Engineering,Minority,GSCH,189930,41.5554243
01116,"Shri Shivaji Education Society's College of Engineering and Technology, Akola",Akola,0111661210,Mechanical Engineering,Minority,LSCH,200325,34.8863278
01116,"Shri Shivaji Education Society's College of Engineering and Technology, Akola",Akola,0111661210,Mechanical Engineering,Minority,GOPENO,187711,43.0034494
01116,"Shri Shivaji Education Society's College of Engineering and Technology, Akola",Akola,0111661210,Mechanical Engineering,Minority,LSEBCO,184589,44.5569356
01116,"Shri Shivaji Education Society's College of Engineering and Technology, Akola",Akola,0111661210,Mechanical Engineering,Minority,LOPENO,185326,44.1937857
01116,"Shri Shivaji Education Society's College of Engineering and Technology, Akola",Akola,0111661210,Mechanical Engineering,Minority,GOBCO,188086,42.6120917
01116,"Shri Shivaji Education Society's College of Engineering and Technology, Akola",Akola,0111661210,Mechanical Engineering,Minority,GSEBCO,215213,22.8294494
01116,"Shri Shivaji Education Society's College of Engineering and Technology, Akola",Akola,0111661210,Mechanical Engineering,Minority,GNT3O,215784,22.5386607
01116,"Shri Shivaji Education Society's College of Engineering and Technology, Akola",Akola,0111661210,Mechanical Engineering,Minority,GSTO,225821,9.3008868
01116,"Shri Shivaji Education Society's College of Engineering and Technology, Akola",Akola,0111661210,Mechanical Engineering,Minority,LSCO,164192,53.864934
01116,"Shri Shivaji Education Society's College of Engineering and Technology, Akola",Akola,0111661210,Mechanical Engineering,Minority,GVJO,172302,50.5512969
01116,"Shri Shivaji Education Society's College of Engineering and Technology, Akola",Akola,0111661210,Mechanical Engineering,Minority,GSCO,187295,43.1236655
01116,"Shri Shivaji Education Society's College of Engineering and Technology, Akola",Akola,0111661210,Mechanical Engineering,Minority,AI,83699,30.6848835
01116,"Shri Shivaji Education Society's College of Engineering and Technology, Akola",Akola,0111661210,Mechanical Engineering,Minority,DEFOBCS,173369,49.8201439
01116,"Shri Shivaji Education Society's College of Engineering and Technology, Akola",Akola,0111661210,Mechanical Engineering,Minority,DEFOPENS,212751,25.2991393
01116,"Shri Shivaji Education Society's College of Engineering and Technology, Akola",Akola,0111661210,Mechanical Engineering,Minority,ORPHANI,173352,49.8201439
01116,"Shri Shivaji Education Society's College of Engineering and Technology, Akola",Akola,0111661210,Mechanical Engineering,Minority,EWS,219506,18.3316683
01116,"Shri Shivaji Education Society's College of Engineering and Technology, Akola",Akola,0111661210,Mechanical Engineering,Minority,TFWS,143835,61.8012422
01117,"Janata Shikshan Prasarak Mandal’s Babasaheb Naik College Of Engineering, Pusad",Pusad,0111719110,Civil Engineering,Minority,GOPENH,163435,54.4258624
01117,"Janata Shikshan Prasarak Mandal’s Babasaheb Naik College Of Engineering, Pusad",Pusad,0111719110,Civil Engineering,Minority,LOPENH,119047,69.8418157
01117,"Janata Shikshan Prasarak Mandal’s Babasaheb Naik College Of Engineering, Pusad",Pusad,0111719110,Civil Engineering,Minority,LSCH,226568,7.912154
01117,"Janata Shikshan Prasarak Mandal’s Babasaheb Naik College Of Engineering, Pusad",Pusad,0111719110,Civil Engineering,Minority,PWDOPENH,147117,60.5843098
01117,"Janata Shikshan Prasarak Mandal’s Babasaheb Naik College Of Engineering, Pusad",Pusad,0111719110,Civil Engineering,Minority,LOBCH,198645,36.6388387
01117,"Janata Shikshan Prasarak Mandal’s Babasaheb Naik College Of Engineering, Pusad",Pusad,0111719110,Civil Engineering,Minority,GSTH,166056,52.8745002
01117,"Janata Shikshan Prasarak Mandal’s Babasaheb Naik College Of Engineering, Pusad",Pusad,0111719110,Civil Engineering,Minority,GVJH,167336,52.4918222
01117,"Janata Shikshan Prasarak Mandal’s Babasaheb Naik College Of Engineering, Pusad",Pusad,0111719110,Civil Engineering,Minority,GSEBCH,212344,25.6909658
01117,"Janata Shikshan Prasarak Mandal’s Babasaheb Naik College Of Engineering, Pusad",Pusad,0111719110,Civil Engineering,Minority,GOBCH,190237,41.1906024
01117,"Janata Shikshan Prasarak Mandal’s Babasaheb Naik College Of Engineering, Pusad",Pusad,0111719110,Civil Engineering,Minority,LSTH,181224,46.0219719
01117,"Janata Shikshan Prasarak Mandal’s Babasaheb Naik College Of Engineering, Pusad",Pusad,0111719110,Civil Engineering,Minority,GNT1H,182212,45.6611497
01117,"Janata Shikshan Prasarak Mandal’s Babasaheb Naik College Of Engineering, Pusad",Pusad,0111719110,Civil Engineering,Minority,GSCH,223040,13.7926161
01117,"Janata Shikshan Prasarak Mandal’s Babasaheb Naik College Of Engineering, Pusad",Pusad,0111719110,Civil Engineering,Minority,GNT2H,220167,17.7235495
01117,"Janata Shikshan Prasarak Mandal’s Babasaheb Naik College Of Engineering, Pusad",Pusad,0111719110,Civil Engineering,Minority,GNT3H,222865,14.1268505
01117,"Janata Shikshan Prasarak Mandal’s Babasaheb Naik College Of Engineering, Pusad",Pusad,0111719110,Civil Engineering,Minority,LOPENO,206246,30.8808364
01117,"Janata Shikshan Prasarak Mandal’s Babasaheb Naik College Of Engineering, Pusad",Pusad,0111719110,Civil Engineering,Minority,GOPENO,204021,32.5248195
01117,"Janata Shikshan Prasarak Mandal’s Babasaheb Naik College Of Engineering, Pusad",Pusad,0111719110,Civil Engineering,Minority,LOBCO,137904,63.5901214
01117,"Janata Shikshan Prasarak Mandal’s Babasaheb Naik College Of Engineering, Pusad",Pusad,0111719110,Civil Engineering,Minority,GSEBCO,172415,50.5512969
01117,"Janata Shikshan Prasarak Mandal’s Babasaheb Naik College Of Engineering, Pusad",Pusad,0111719110,Civil Engineering,Minority,GOBCO,189307,41.7620841
01117,"Janata Shikshan Prasarak Mandal’s Babasaheb Naik College Of Engineering, Pusad",Pusad,0111719110,Civil Engineering,Minority,GSCO,193696,39.4647165
01117,"Janata Shikshan Prasarak Mandal’s Babasaheb Naik College Of Engineering, Pusad",Pusad,0111719110,Civil Engineering,Minority,LSTO,194145,39.1300992
01117,"Janata Shikshan Prasarak Mandal’s Babasaheb Naik College Of Engineering, Pusad",Pusad,0111719110,Civil Engineering,Minority,GNT2O,208332,29.2374051
01117,"Janata Shikshan Prasarak Mandal’s Babasaheb Naik College Of Engineering, Pusad",Pusad,0111719110,Civil Engineering,Minority,AI,206383,43.1236655
01117,"Janata Shikshan Prasarak Mandal’s Babasaheb Naik College Of Engineering, Pusad",Pusad,0111719110,Civil Engineering,Minority,DEFOPENS,158519,56.2435713
01117,"Janata Shikshan Prasarak Mandal’s Babasaheb Naik College Of Engineering, Pusad",Pusad,0111719110,Civil Engineering,Minority,EWS,224690,11.134049
01117,"Janata Shikshan Prasarak Mandal’s Babasaheb Naik College Of Engineering, Pusad",Pusad,0111719110,Civil Engineering,Minority,TFWS,161859,54.9986599
01117,"Janata Shikshan Prasarak Mandal’s Babasaheb Naik College Of Engineering, Pusad",Pusad,0111724210,Computer Science and Engineering,Minority,LOPENH,82697,80.0260591
01117,"Janata Shikshan Prasarak Mandal’s Babasaheb Naik College Of Engineering, Pusad",Pusad,0111724210,Computer Science and Engineering,Minority,GOPENH,142529,62.4995214
01117,"Janata Shikshan Prasarak Mandal’s Babasaheb Naik College Of Engineering, Pusad",Pusad,0111724210,Computer Science and Engineering,Minority,LVJH,89279,78.1913582
01117,"Janata Shikshan Prasarak Mandal’s Babasaheb Naik College Of Engineering, Pusad",Pusad,0111724210,Computer Science and Engineering,Minority,LOBCH,117443,70.4097117
01117,"Janata Shikshan Prasarak Mandal’s Babasaheb Naik College Of Engineering, Pusad",Pusad,0111724210,Computer Science and Engineering,Minority,LSEBCH,167247,52.6909021
01117,"Janata Shikshan Prasarak Mandal’s Babasaheb Naik College Of Engineering, Pusad",Pusad,0111724210,Computer Science and Engineering,Minority,LSCH,142042,62.6016833
01117,"Janata Shikshan Prasarak Mandal’s Babasaheb Naik College Of Engineering, Pusad",Pusad,0111724210,Computer Science and Engineering,Minority,PWDOPENH,177320,48.1265004
01117,"Janata Shikshan Prasarak Mandal’s Babasaheb Naik College Of Engineering, Pusad",Pusad,0111724210,Computer Science and Engineering,Minority,LNT1H,132323,65.9070599
01117,"Janata Shikshan Prasarak Mandal’s Babasaheb Naik College Of Engineering, Pusad",Pusad,0111724210,Computer Science and Engineering,Minority,GNT1H,135353,64.5293156
01117,"Janata Shikshan Prasarak Mandal’s Babasaheb Naik College Of Engineering, Pusad",Pusad,0111724210,Computer Science and Engineering,Minority,GSCH,183181,45.035095
01117,"Janata Shikshan Prasarak Mandal’s Babasaheb Naik College Of Engineering, Pusad",Pusad,0111724210,Computer Science and Engineering,Minority,GSEBCH,177531,47.8755661
01117,"Janata Shikshan Prasarak Mandal’s Babasaheb Naik College Of Engineering, Pusad",Pusad,0111724210,Computer Science and Engineering,Minority,GOBCH,165062,53.7405107
01117,"Janata Shikshan Prasarak Mandal’s Babasaheb Naik College Of Engineering, Pusad",Pusad,0111724210,Computer Science and Engineering,Minority,GNT2H,180902,46.3536656
01117,"Janata Shikshan Prasarak Mandal’s Babasaheb Naik College Of Engineering, Pusad",Pusad,0111724210,Computer Science and Engineering,Minority,GSTH,215476,22.6197993
01117,"Janata Shikshan Prasarak Mandal’s Babasaheb Naik College Of Engineering, Pusad",Pusad,0111724210,Computer Science and Engineering,Minority,LSTH,218098,19.9986005
01117,"Janata Shikshan Prasarak Mandal’s Babasaheb Naik College Of Engineering, Pusad",Pusad,0111724210,Computer Science and Engineering,Minority,GVJH,154805,57.8274425
01117,"Janata Shikshan Prasarak Mandal’s Babasaheb Naik College Of Engineering, Pusad",Pusad,0111724210,Computer Science and Engineering,Minority,GNT3H,196446,37.8307719
01117,"Janata Shikshan Prasarak Mandal’s Babasaheb Naik College Of Engineering, Pusad",Pusad,0111724210,Computer Science and Engineering,Minority,PWDSEBCH,155623,57.5392085
01117,"Janata Shikshan Prasarak Mandal’s Babasaheb Naik College Of Engineering, Pusad",Pusad,0111724210,Computer Science and Engineering,Minority,PWDOBCH,156690,57.0044084
01117,"Janata Shikshan Prasarak Mandal’s Babasaheb Naik College Of Engineering, Pusad",Pusad,0111724210,Computer Science and Engineering,Minority,PWDSCH,162495,54.9733848
01117,"Janata Shikshan Prasarak Mandal’s Babasaheb Naik College Of Engineering, Pusad",Pusad,0111724210,Computer Science and Engineering,Minority,LNT2H,164411,53.8067479
01117,"Janata Shikshan Prasarak Mandal’s Babasaheb Naik College Of Engineering, Pusad",Pusad,0111724210,Computer Science and Engineering,Minority,LOPENO,126649,67.500481
01117,"Janata Shikshan Prasarak Mandal’s Babasaheb Naik College Of Engineering, Pusad",Pusad,0111724210,Computer Science and Engineering,Minority,GOPENO,178496,47.7838912
01117,"Janata Shikshan Prasarak Mandal’s Babasaheb Naik College Of Engineering, Pusad",Pusad,0111724210,Computer Science and Engineering,Minority,GSEBCO,180267,46.7128425
01117,"Janata Shikshan Prasarak Mandal’s Babasaheb Naik College Of Engineering, Pusad",Pusad,0111724210,Computer Science and Engineering,Minority,LOBCO,170502,51.5429844
01117,"Janata Shikshan Prasarak Mandal’s Babasaheb Naik College Of Engineering, Pusad",Pusad,0111724210,Computer Science and Engineering,Minority,LSTO,170150,51.7178644
01117,"Janata Shikshan Prasarak Mandal’s Babasaheb Naik College Of Engineering, Pusad",Pusad,0111724210,Computer Science and Engineering,Minority,GSCO,201804,34.1022162
01117,"Janata Shikshan Prasarak Mandal’s Babasaheb Naik College Of Engineering, Pusad",Pusad,0111724210,Computer Science and Engineering,Minority,GOBCO,190868,41.0952232
01117,"Janata Shikshan Prasarak Mandal’s Babasaheb Naik College Of Engineering, Pusad",Pusad,0111724210,Computer Science and Engineering,Minority,GSTO,190081,41.3533547
01117,"Janata Shikshan Prasarak Mandal’s Babasaheb Naik College Of Engineering, Pusad",Pusad,0111724210,Computer Science and Engineering,Minority,GVJO,202344,33.9583652
01117,"Janata Shikshan Prasarak Mandal’s Babasaheb Naik College Of Engineering, Pusad",Pusad,0111724210,Computer Science and Engineering,Minority,LSEBCO,204233,32.4603175
01117,"Janata Shikshan Prasarak Mandal’s Babasaheb Naik College Of Engineering, Pusad",Pusad,0111724210,Computer Science and Engineering,Minority,LNT1O,204687,31.8464164
01117,"Janata Shikshan Prasarak Mandal’s Babasaheb Naik College Of Engineering, Pusad",Pusad,0111724210,Computer Science and Engineering,Minority,LSCO,217920,20.4040793
01117,"Janata Shikshan Prasarak Mandal’s Babasaheb Naik College Of Engineering, Pusad",Pusad,0111724210,Computer Science and Engineering,Minority,GNT1O,114579,71.1330463
01117,"Janata Shikshan Prasarak Mandal’s Babasaheb Naik College Of Engineering, Pusad",Pusad,0111724210,Computer Science and Engineering,Minority,LNT2O,208538,29.1650526
01117,"Janata Shikshan Prasarak Mandal’s Babasaheb Naik College Of Engineering, Pusad",Pusad,0111724210,Computer Science and Engineering,Minority,AI,92000,18.134353
01117,"Janata Shikshan Prasarak Mandal’s Babasaheb Naik College Of Engineering, Pusad",Pusad,0111724210,Computer Science and Engineering,Minority,DEFOPENS,154827,57.8274425
01117,"Janata Shikshan Prasarak Mandal’s Babasaheb Naik College Of Engineering, Pusad",Pusad,0111724210,Computer Science and Engineering,Minority,DEFSEBCS,161910,54.9986599
01117,"Janata Shikshan Prasarak Mandal’s Babasaheb Naik College Of Engineering, Pusad",Pusad,0111724210,Computer Science and Engineering,Minority,DEFSCS,164746,53.7903103
01117,"Janata Shikshan Prasarak Mandal’s Babasaheb Naik College Of Engineering, Pusad",Pusad,0111724210,Computer Science and Engineering,Minority,DEFOBCS,165853,52.9701068
01117,"Janata Shikshan Prasarak Mandal’s Babasaheb Naik College Of Engineering, Pusad",Pusad,0111724210,Computer Science and Engineering,Minority,ORPHANN,153200,58.235114
01117,"Janata Shikshan Prasarak Mandal’s Babasaheb Naik College Of Engineering, Pusad",Pusad,0111724210,Computer Science and Engineering,Minority,EWS,228799,2.7009895
01117,"Janata Shikshan Prasarak Mandal’s Babasaheb Naik College Of Engineering, Pusad",Pusad,0111724210,Computer Science and Engineering,Minority,TFWS,122670,68.7336094
01117,"Janata Shikshan Prasarak Mandal’s Babasaheb Naik College Of Engineering, Pusad",Pusad,0111735610,Electrical Engineering (Electronics and Power),Minority,LOPENH,123818,68.6031011
01117,"Janata Shikshan Prasarak Mandal’s Babasaheb Naik College Of Engineering, Pusad",Pusad,0111735610,Electrical Engineering (Electronics and Power),Minority,GOPENH,197039,37.2122315
01117,"Janata Shikshan Prasarak Mandal’s Babasaheb Naik College Of Engineering, Pusad",Pusad,0111735610,Electrical Engineering (Electronics and Power),Minority,GSCH,219117,18.8254623
01117,"Janata Shikshan Prasarak Mandal’s Babasaheb Naik College Of Engineering, Pusad",Pusad,0111735610,Electrical Engineering (Electronics and Power),Minority,LOBCH,213096,25.0611389
01117,"Janata Shikshan Prasarak Mandal’s Babasaheb Naik College Of Engineering, Pusad",Pusad,0111735610,Electrical Engineering (Electronics and Power),Minority,GOBCH,213213,25.0523784
01117,"Janata Shikshan Prasarak Mandal’s Babasaheb Naik College Of Engineering, Pusad",Pusad,0111735610,Electrical Engineering (Electronics and Power),Minority,PWDOPENH,195414,38.2037534
01117,"Janata Shikshan Prasarak Mandal’s Babasaheb Naik College Of Engineering, Pusad",Pusad,0111735610,Electrical Engineering (Electronics and Power),Minority,GSEBCH,218775,19.4285936
01117,"Janata Shikshan Prasarak Mandal’s Babasaheb Naik College Of Engineering, Pusad",Pusad,0111735610,Electrical Engineering (Electronics and Power),Minority,GSTH,214905,23.5097171
01117,"Janata Shikshan Prasarak Mandal’s Babasaheb Naik College Of Engineering, Pusad",Pusad,0111735610,Electrical Engineering (Electronics and Power),Minority,LSEBCH,202247,33.9583652
01117,"Janata Shikshan Prasarak Mandal’s Babasaheb Naik College Of Engineering, Pusad",Pusad,0111735610,Electrical Engineering (Electronics and Power),Minority,GNT1H,203665,32.6058557
01117,"Janata Shikshan Prasarak Mandal’s Babasaheb Naik College Of Engineering, Pusad",Pusad,0111735610,Electrical Engineering (Electronics and Power),Minority,LSCH,213940,24.2423208
01117,"Janata Shikshan Prasarak Mandal’s Babasaheb Naik College Of Engineering, Pusad",Pusad,0111735610,Electrical Engineering (Electronics and Power),Minority,LOPENO,159068,55.7703505
01117,"Janata Shikshan Prasarak Mandal’s Babasaheb Naik College Of Engineering, Pusad",Pusad,0111735610,Electrical Engineering (Electronics and Power),Minority,GOPENO,197234,37.2122315
01117,"Janata Shikshan Prasarak Mandal’s Babasaheb Naik College Of Engineering, Pusad",Pusad,0111735610,Electrical Engineering (Electronics and Power),Minority,LVJO,159533,55.7542662
01117,"Janata Shikshan Prasarak Mandal’s Babasaheb Naik College Of Engineering, Pusad",Pusad,0111735610,Electrical Engineering (Electronics and Power),Minority,GNT2O,187975,42.6120917
01117,"Janata Shikshan Prasarak Mandal’s Babasaheb Naik College Of Engineering, Pusad",Pusad,0111735610,Electrical Engineering (Electronics and Power),Minority,GSCO,194407,38.9526061
01117,"Janata Shikshan Prasarak Mandal’s Babasaheb Naik College Of Engineering, Pusad",Pusad,0111735610,Electrical Engineering (Electronics and Power),Minority,GSTO,194536,38.726658
01117,"Janata Shikshan Prasarak Mandal’s Babasaheb Naik College Of Engineering, Pusad",Pusad,0111735610,Electrical Engineering (Electronics and Power),Minority,GOBCO,213271,24.9635504
01117,"Janata Shikshan Prasarak Mandal’s Babasaheb Naik College Of Engineering, Pusad",Pusad,0111735610,Electrical Engineering (Electronics and Power),Minority,GNT3O,207305,30.1917921
01117,"Janata Shikshan Prasarak Mandal’s Babasaheb Naik College Of Engineering, Pusad",Pusad,0111735610,Electrical Engineering (Electronics and Power),Minority,LSEBCO,209623,28.2298995
01117,"Janata Shikshan Prasarak Mandal’s Babasaheb Naik College Of Engineering, Pusad",Pusad,0111735610,Electrical Engineering (Electronics and Power),Minority,LOBCO,212564,25.432546
01117,"Janata Shikshan Prasarak Mandal’s Babasaheb Naik College Of Engineering, Pusad",Pusad,0111735610,Electrical Engineering (Electronics and Power),Minority,GSEBCO,214099,24.093066
01117,"Janata Shikshan Prasarak Mandal’s Babasaheb Naik College Of Engineering, Pusad",Pusad,0111735610,Electrical Engineering (Electronics and Power),Minority,LSCO,218849,19.3259851
01117,"Janata Shikshan Prasarak Mandal’s Babasaheb Naik College Of Engineering, Pusad",Pusad,0111735610,Electrical Engineering (Electronics and Power),Minority,AI,222035,28.9974428
01117,"Janata Shikshan Prasarak Mandal’s Babasaheb Naik College Of Engineering, Pusad",Pusad,0111735610,Electrical Engineering (Electronics and Power),Minority,DEFOPENS,197212,37.2122315
01117,"Janata Shikshan Prasarak Mandal’s Babasaheb Naik College Of Engineering, Pusad",Pusad,0111735610,Electrical Engineering (Electronics and Power),Minority,EWS,209352,28.3323489
01117,"Janata Shikshan Prasarak Mandal’s Babasaheb Naik College Of Engineering, Pusad",Pusad,0111735610,Electrical Engineering (Electronics and Power),Minority,TFWS,193749,39.4647165
01117,"Janata Shikshan Prasarak Mandal’s Babasaheb Naik College Of Engineering, Pusad",Pusad,0111761210,Mechanical Engineering,Minority,LOPENH,212972,25.2895608
01117,"Janata Shikshan Prasarak Mandal’s Babasaheb Naik College Of Engineering, Pusad",Pusad,0111761210,Mechanical Engineering,Minority,GOPENH,195344,38.2037534
01117,"Janata Shikshan Prasarak Mandal’s Babasaheb Naik College Of Engineering, Pusad",Pusad,0111761210,Mechanical Engineering,Minority,PWDOPENH,126558,67.500481
01117,"Janata Shikshan Prasarak Mandal’s Babasaheb Naik College Of Engineering, Pusad",Pusad,0111761210,Mechanical Engineering,Minority,LNT1H,195111,38.215662
01117,"Janata Shikshan Prasarak Mandal’s Babasaheb Naik College Of Engineering, Pusad",Pusad,0111761210,Mechanical Engineering,Minority,GVJH,197946,36.7116245
01117,"Janata Shikshan Prasarak Mandal’s Babasaheb Naik College Of Engineering, Pusad",Pusad,0111761210,Mechanical Engineering,Minority,GSEBCH,204466,32.0852596
01117,"Janata Shikshan Prasarak Mandal’s Babasaheb Naik College Of Engineering, Pusad",Pusad,0111761210,Mechanical Engineering,Minority,LSTH,198061,36.7116245
01117,"Janata Shikshan Prasarak Mandal’s Babasaheb Naik College Of Engineering, Pusad",Pusad,0111761210,Mechanical Engineering,Minority,LNT3H,203481,32.7909025
01117,"Janata Shikshan Prasarak Mandal’s Babasaheb Naik College Of Engineering, Pusad",Pusad,0111761210,Mechanical Engineering,Minority,GSTH,211340,26.6925382
01117,"Janata Shikshan Prasarak Mandal’s Babasaheb Naik College Of Engineering, Pusad",Pusad,0111761210,Mechanical Engineering,Minority,GNT2H,207399,30.191544
01117,"Janata Shikshan Prasarak Mandal’s Babasaheb Naik College Of Engineering, Pusad",Pusad,0111761210,Mechanical Engineering,Minority,LSCH,208411,29.1650526
01117,"Janata Shikshan Prasarak Mandal’s Babasaheb Naik College Of Engineering, Pusad",Pusad,0111761210,Mechanical Engineering,Minority,GSCH,222520,14.7883959
01117,"Janata Shikshan Prasarak Mandal’s Babasaheb Naik College Of Engineering, Pusad",Pusad,0111761210,Mechanical Engineering,Minority,GOBCH,218844,19.3259851
01117,"Janata Shikshan Prasarak Mandal’s Babasaheb Naik College Of Engineering, Pusad",Pusad,0111761210,Mechanical Engineering,Minority,LSEBCH,213621,24.7436032
01117,"Janata Shikshan Prasarak Mandal’s Babasaheb Naik College Of Engineering, Pusad",Pusad,0111761210,Mechanical Engineering,Minority,LOBCH,214936,23.5097171
01117,"Janata Shikshan Prasarak Mandal’s Babasaheb Naik College Of Engineering, Pusad",Pusad,0111761210,Mechanical Engineering,Minority,LNT2H,216227,22.1683213
01117,"Janata Shikshan Prasarak Mandal’s Babasaheb Naik College Of Engineering, Pusad",Pusad,0111761210,Mechanical Engineering,Minority,LVJH,218434,19.5678103
01117,"Janata Shikshan Prasarak Mandal’s Babasaheb Naik College Of Engineering, Pusad",Pusad,0111761210,Mechanical Engineering,Minority,GOPENO,182997,45.1152324
01117,"Janata Shikshan Prasarak Mandal’s Babasaheb Naik College Of Engineering, Pusad",Pusad,0111761210,Mechanical Engineering,Minority,GOBCO,212596,25.432546
01117,"Janata Shikshan Prasarak Mandal’s Babasaheb Naik College Of Engineering, Pusad",Pusad,0111761210,Mechanical Engineering,Minority,GSEBCO,217093,20.9880869
01117,"Janata Shikshan Prasarak Mandal’s Babasaheb Naik College Of Engineering, Pusad",Pusad,0111761210,Mechanical Engineering,Minority,LOPENO,220771,17.0157534
01117,"Janata Shikshan Prasarak Mandal’s Babasaheb Naik College Of Engineering, Pusad",Pusad,0111761210,Mechanical Engineering,Minority,GSCO,227075,7.0309794
01117,"Janata Shikshan Prasarak Mandal’s Babasaheb Naik College Of Engineering, Pusad",Pusad,0111761210,Mechanical Engineering,Minority,LOBCO,218528,19.5229257
01117,"Janata Shikshan Prasarak Mandal’s Babasaheb Naik College Of Engineering, Pusad",Pusad,0111761210,Mechanical Engineering,Minority,AI,226917,22.7484499
01117,"Janata Shikshan Prasarak Mandal’s Babasaheb Naik College Of Engineering, Pusad",Pusad,0111761210,Mechanical Engineering,Minority,DEFOPENS,157007,56.92563
01117,"Janata Shikshan Prasarak Mandal’s Babasaheb Naik College Of Engineering, Pusad",Pusad,0111761210,Mechanical Engineering,Minority,TFWS,205162,31.7722006
01117,"Janata Shikshan Prasarak Mandal’s Babasaheb Naik College Of Engineering, Pusad",Pusad,0111799510,Artificial Intelligence and Data Science,Minority,LOPENH,111932,72.0373703
01117,"Janata Shikshan Prasarak Mandal’s Babasaheb Naik College Of Engineering, Pusad",Pusad,0111799510,Artificial Intelligence and Data Science,Minority,GOPENH,150411,59.5017065
01117,"Janata Shikshan Prasarak Mandal’s Babasaheb Naik College Of Engineering, Pusad",Pusad,0111799510,Artificial Intelligence and Data Science,Minority,LNT2H,127511,67.2980865
01117,"Janata Shikshan Prasarak Mandal’s Babasaheb Naik College Of Engineering, Pusad",Pusad,0111799510,Artificial Intelligence and Data Science,Minority,LOBCH,186730,43.578754
01117,"Janata Shikshan Prasarak Mandal’s Babasaheb Naik College Of Engineering, Pusad",Pusad,0111799510,Artificial Intelligence and Data Science,Minority,LSCH,133110,65.6970807
01117,"Janata Shikshan Prasarak Mandal’s Babasaheb Naik College Of Engineering, Pusad",Pusad,0111799510,Artificial Intelligence and Data Science,Minority,LSEBCH,133485,65.4837825
01117,"Janata Shikshan Prasarak Mandal’s Babasaheb Naik College Of Engineering, Pusad",Pusad,0111799510,Artificial Intelligence and Data Science,Minority,PWDOPENH,145429,61.114444
01117,"Janata Shikshan Prasarak Mandal’s Babasaheb Naik College Of Engineering, Pusad",Pusad,0111799510,Artificial Intelligence and Data Science,Minority,GVJH,147971,60.4816409
01117,"Janata Shikshan Prasarak Mandal’s Babasaheb Naik College Of Engineering, Pusad",Pusad,0111799510,Artificial Intelligence and Data Science,Minority,GSTH,202177,34.0389056
01117,"Janata Shikshan Prasarak Mandal’s Babasaheb Naik College Of Engineering, Pusad",Pusad,0111799510,Artificial Intelligence and Data Science,Minority,GSEBCH,196308,37.8307719
01117,"Janata Shikshan Prasarak Mandal’s Babasaheb Naik College Of Engineering, Pusad",Pusad,0111799510,Artificial Intelligence and Data Science,Minority,GSCH,216260,22.1683213
01117,"Janata Shikshan Prasarak Mandal’s Babasaheb Naik College Of Engineering, Pusad",Pusad,0111799510,Artificial Intelligence and Data Science,Minority,GOBCH,191607,40.4681495
01117,"Janata Shikshan Prasarak Mandal’s Babasaheb Naik College Of Engineering, Pusad",Pusad,0111799510,Artificial Intelligence and Data Science,Minority,GNT2H,158688,56.2435713
01117,"Janata Shikshan Prasarak Mandal’s Babasaheb Naik College Of Engineering, Pusad",Pusad,0111799510,Artificial Intelligence and Data Science,Minority,GNT1H,166031,52.8745002
01117,"Janata Shikshan Prasarak Mandal’s Babasaheb Naik College Of Engineering, Pusad",Pusad,0111799510,Artificial Intelligence and Data Science,Minority,PWDSCH,183053,45.035095
01117,"Janata Shikshan Prasarak Mandal’s Babasaheb Naik College Of Engineering, Pusad",Pusad,0111799510,Artificial Intelligence and Data Science,Minority,GNT3H,193842,39.199832
01117,"Janata Shikshan Prasarak Mandal’s Babasaheb Naik College Of Engineering, Pusad",Pusad,0111799510,Artificial Intelligence and Data Science,Minority,PWDSEBCH,199388,35.8191126
01117,"Janata Shikshan Prasarak Mandal’s Babasaheb Naik College Of Engineering, Pusad",Pusad,0111799510,Artificial Intelligence and Data Science,Minority,PWDOBCH,208239,29.2374051
01117,"Janata Shikshan Prasarak Mandal’s Babasaheb Naik College Of Engineering, Pusad",Pusad,0111799510,Artificial Intelligence and Data Science,Minority,LSTH,223080,13.6469615
01117,"Janata Shikshan Prasarak Mandal’s Babasaheb Naik College Of Engineering, Pusad",Pusad,0111799510,Artificial Intelligence and Data Science,Minority,GOPENO,175549,49.0487536
01117,"Janata Shikshan Prasarak Mandal’s Babasaheb Naik College Of Engineering, Pusad",Pusad,0111799510,Artificial Intelligence and Data Science,Minority,LOPENO,178080,47.8398896
01117,"Janata Shikshan Prasarak Mandal’s Babasaheb Naik College Of Engineering, Pusad",Pusad,0111799510,Artificial Intelligence and Data Science,Minority,GSEBCO,192568,40.369284
01117,"Janata Shikshan Prasarak Mandal’s Babasaheb Naik College Of Engineering, Pusad",Pusad,0111799510,Artificial Intelligence and Data Science,Minority,GVJO,193130,39.966573
01117,"Janata Shikshan Prasarak Mandal’s Babasaheb Naik College Of Engineering, Pusad",Pusad,0111799510,Artificial Intelligence and Data Science,Minority,GSCO,203569,32.7909025
01117,"Janata Shikshan Prasarak Mandal’s Babasaheb Naik College Of Engineering, Pusad",Pusad,0111799510,Artificial Intelligence and Data Science,Minority,GNT1O,220972,16.8122355
01117,"Janata Shikshan Prasarak Mandal’s Babasaheb Naik College Of Engineering, Pusad",Pusad,0111799510,Artificial Intelligence and Data Science,Minority,LSCO,146255,60.7738415
01117,"Janata Shikshan Prasarak Mandal’s Babasaheb Naik College Of Engineering, Pusad",Pusad,0111799510,Artificial Intelligence and Data Science,Minority,GSTO,157658,56.5505021
01117,"Janata Shikshan Prasarak Mandal’s Babasaheb Naik College Of Engineering, Pusad",Pusad,0111799510,Artificial Intelligence and Data Science,Minority,GNT2O,155594,57.5392085
01117,"Janata Shikshan Prasarak Mandal’s Babasaheb Naik College Of Engineering, Pusad",Pusad,0111799510,Artificial Intelligence and Data Science,Minority,GOBCO,203324,32.8661478
01117,"Janata Shikshan Prasarak Mandal’s Babasaheb Naik College Of Engineering, Pusad",Pusad,0111799510,Artificial Intelligence and Data Science,Minority,LOBCO,187140,43.2064159
01117,"Janata Shikshan Prasarak Mandal’s Babasaheb Naik College Of Engineering, Pusad",Pusad,0111799510,Artificial Intelligence and Data Science,Minority,LNT3O,208822,28.7221654
01117,"Janata Shikshan Prasarak Mandal’s Babasaheb Naik College Of Engineering, Pusad",Pusad,0111799510,Artificial Intelligence and Data Science,Minority,AI,179638,59.5017065
01117,"Janata Shikshan Prasarak Mandal’s Babasaheb Naik College Of Engineering, Pusad",Pusad,0111799510,Artificial Intelligence and Data Science,Minority,DEFOPENS,164430,53.8067479
01117,"Janata Shikshan Prasarak Mandal’s Babasaheb Naik College Of Engineering, Pusad",Pusad,0111799510,Artificial Intelligence and Data Science,Minority,DEFSEBCS,192243,40.4162412
01117,"Janata Shikshan Prasarak Mandal’s Babasaheb Naik College Of Engineering, Pusad",Pusad,0111799510,Artificial Intelligence and Data Science,Minority,DEFOBCS,193908,39.199832
01117,"Janata Shikshan Prasarak Mandal’s Babasaheb Naik College Of Engineering, Pusad",Pusad,0111799510,Artificial Intelligence and Data Science,Minority,DEFSCS,205191,31.7722006
01117,"Janata Shikshan Prasarak Mandal’s Babasaheb Naik College Of Engineering, Pusad",Pusad,0111799510,Artificial Intelligence and Data Science,Minority,ORPHANI,154876,57.8274425
01117,"Janata Shikshan Prasarak Mandal’s Babasaheb Naik College Of Engineering, Pusad",Pusad,0111799510,Artificial Intelligence and Data Science,Minority,EWS,217415,20.9078498
01117,"Janata Shikshan Prasarak Mandal’s Babasaheb Naik College Of Engineering, Pusad",Pusad,0111799510,Artificial Intelligence and Data Science,Minority,TFWS,152164,58.9637781
01119,ANURADHA COLLEGE OF ENGINEERING & TECHNOLOGY,TECHNOLOGY,0111924210,Computer Science and Engineering,Minority,LOPENS,119994,69.7621466
01119,ANURADHA COLLEGE OF ENGINEERING & TECHNOLOGY,TECHNOLOGY,0111924210,Computer Science and Engineering,Minority,GOPENS,139617,63.4876968
01119,ANURADHA COLLEGE OF ENGINEERING & TECHNOLOGY,TECHNOLOGY,0111924210,Computer Science and Engineering,Minority,LOBCS,127345,67.3167917
01119,ANURADHA COLLEGE OF ENGINEERING & TECHNOLOGY,TECHNOLOGY,0111924210,Computer Science and Engineering,Minority,LSCS,134155,65.3107562
01119,ANURADHA COLLEGE OF ENGINEERING & TECHNOLOGY,TECHNOLOGY,0111924210,Computer Science and Engineering,Minority,GNT3S,148031,60.268127
01119,ANURADHA COLLEGE OF ENGINEERING & TECHNOLOGY,TECHNOLOGY,0111924210,Computer Science and Engineering,Minority,DEFOBCS,125941,67.9621973
01119,ANURADHA COLLEGE OF ENGINEERING & TECHNOLOGY,TECHNOLOGY,0111924210,Computer Science and Engineering,Minority,DEFOPENS,151190,59.2474828
01119,ANURADHA COLLEGE OF ENGINEERING & TECHNOLOGY,TECHNOLOGY,0111924210,Computer Science and Engineering,Minority,LSTS,130719,66.1311211
01119,ANURADHA COLLEGE OF ENGINEERING & TECHNOLOGY,TECHNOLOGY,0111924210,Computer Science and Engineering,Minority,GOBCS,146643,60.7556304
01119,ANURADHA COLLEGE OF ENGINEERING & TECHNOLOGY,TECHNOLOGY,0111924210,Computer Science and Engineering,Minority,GSTS,150978,59.3625359
01119,ANURADHA COLLEGE OF ENGINEERING & TECHNOLOGY,TECHNOLOGY,0111924210,Computer Science and Engineering,Minority,LSEBCS,148059,60.268127
01119,ANURADHA COLLEGE OF ENGINEERING & TECHNOLOGY,TECHNOLOGY,0111924210,Computer Science and Engineering,Minority,DEFSCS,141567,62.8284912
01119,ANURADHA COLLEGE OF ENGINEERING & TECHNOLOGY,TECHNOLOGY,0111924210,Computer Science and Engineering,Minority,PWDOBCS,142908,62.3077731
01119,ANURADHA COLLEGE OF ENGINEERING & TECHNOLOGY,TECHNOLOGY,0111924210,Computer Science and Engineering,Minority,GVJS,191037,40.7074872
01119,ANURADHA COLLEGE OF ENGINEERING & TECHNOLOGY,TECHNOLOGY,0111924210,Computer Science and Engineering,Minority,PWDOPENS,161588,55.2387338
01119,ANURADHA COLLEGE OF ENGINEERING & TECHNOLOGY,TECHNOLOGY,0111924210,Computer Science and Engineering,Minority,LNT2S,148573,60.070698
01119,ANURADHA COLLEGE OF ENGINEERING & TECHNOLOGY,TECHNOLOGY,0111924210,Computer Science and Engineering,Minority,ORPHANN,150570,59.4665021
01119,ANURADHA COLLEGE OF ENGINEERING & TECHNOLOGY,TECHNOLOGY,0111924210,Computer Science and Engineering,Minority,GSCS,177088,48.1318449
01119,ANURADHA COLLEGE OF ENGINEERING & TECHNOLOGY,TECHNOLOGY,0111924210,Computer Science and Engineering,Minority,GSEBCS,195483,38.2037534
01119,ANURADHA COLLEGE OF ENGINEERING & TECHNOLOGY,TECHNOLOGY,0111924210,Computer Science and Engineering,Minority,GNT2S,162006,54.9832594
01119,ANURADHA COLLEGE OF ENGINEERING & TECHNOLOGY,TECHNOLOGY,0111924210,Computer Science and Engineering,Minority,PWDSCS,168641,52.1191375
01119,ANURADHA COLLEGE OF ENGINEERING & TECHNOLOGY,TECHNOLOGY,0111924210,Computer Science and Engineering,Minority,PWDSEBCS,187261,43.1236655
01119,ANURADHA COLLEGE OF ENGINEERING & TECHNOLOGY,TECHNOLOGY,0111924210,Computer Science and Engineering,Minority,DEFSEBCS,191848,40.4599724
01119,ANURADHA COLLEGE OF ENGINEERING & TECHNOLOGY,TECHNOLOGY,0111924210,Computer Science and Engineering,Minority,GNT1S,209677,28.2298995
01119,ANURADHA COLLEGE OF ENGINEERING & TECHNOLOGY,TECHNOLOGY,0111924210,Computer Science and Engineering,Minority,AI,62303,52.6361376
01119,ANURADHA COLLEGE OF ENGINEERING & TECHNOLOGY,TECHNOLOGY,0111924210,Computer Science and Engineering,Minority,EWS,211580,26.3181412
01119,ANURADHA COLLEGE OF ENGINEERING & TECHNOLOGY,TECHNOLOGY,0111924210,Computer Science and Engineering,Minority,TFWS,110308,72.5022286
01119,ANURADHA COLLEGE OF ENGINEERING & TECHNOLOGY,TECHNOLOGY,0111924610,Information Technology,Minority,GOPENS,156614,57.0044084
01119,ANURADHA COLLEGE OF ENGINEERING & TECHNOLOGY,TECHNOLOGY,0111924610,Information Technology,Minority,LOPENS,152388,58.4294088
01119,ANURADHA COLLEGE OF ENGINEERING & TECHNOLOGY,TECHNOLOGY,0111924610,Information Technology,Minority,LNT3S,137924,63.5901214
01119,ANURADHA COLLEGE OF ENGINEERING & TECHNOLOGY,TECHNOLOGY,0111924610,Information Technology,Minority,LOBCS,152846,58.4262318
01119,ANURADHA COLLEGE OF ENGINEERING & TECHNOLOGY,TECHNOLOGY,0111924610,Information Technology,Minority,GOBCS,164742,53.7903103
01119,ANURADHA COLLEGE OF ENGINEERING & TECHNOLOGY,TECHNOLOGY,0111924610,Information Technology,Minority,GSTS,158708,56.1183815
01119,ANURADHA COLLEGE OF ENGINEERING & TECHNOLOGY,TECHNOLOGY,0111924610,Information Technology,Minority,LSTS,157902,56.5182885
01119,ANURADHA COLLEGE OF ENGINEERING & TECHNOLOGY,TECHNOLOGY,0111924610,Information Technology,Minority,GSCS,209716,27.9569892
01119,ANURADHA COLLEGE OF ENGINEERING & TECHNOLOGY,TECHNOLOGY,0111924610,Information Technology,Minority,GVJS,164870,53.7903103
01119,ANURADHA COLLEGE OF ENGINEERING & TECHNOLOGY,TECHNOLOGY,0111924610,Information Technology,Minority,GNT2S,172487,50.5512969
01119,ANURADHA COLLEGE OF ENGINEERING & TECHNOLOGY,TECHNOLOGY,0111924610,Information Technology,Minority,LSCS,184945,44.3215833
01119,ANURADHA COLLEGE OF ENGINEERING & TECHNOLOGY,TECHNOLOGY,0111924610,Information Technology,Minority,LSEBCS,181762,45.9819894
01119,ANURADHA COLLEGE OF ENGINEERING & TECHNOLOGY,TECHNOLOGY,0111924610,Information Technology,Minority,PWDOPENS,185772,43.723793
01119,ANURADHA COLLEGE OF ENGINEERING & TECHNOLOGY,TECHNOLOGY,0111924610,Information Technology,Minority,GSEBCS,206389,30.74803
01119,ANURADHA COLLEGE OF ENGINEERING & TECHNOLOGY,TECHNOLOGY,0111924610,Information Technology,Minority,LNT1S,199655,35.5866115
01119,ANURADHA COLLEGE OF ENGINEERING & TECHNOLOGY,TECHNOLOGY,0111924610,Information Technology,Minority,GNT1S,206640,30.647462
01119,ANURADHA COLLEGE OF ENGINEERING & TECHNOLOGY,TECHNOLOGY,0111924610,Information Technology,Minority,DEFOPENS,224814,11.0148558
01119,ANURADHA COLLEGE OF ENGINEERING & TECHNOLOGY,TECHNOLOGY,0111924610,Information Technology,Minority,AI,73220,42.5001183
01119,ANURADHA COLLEGE OF ENGINEERING & TECHNOLOGY,TECHNOLOGY,0111924610,Information Technology,Minority,EWS,228506,3.4375727
01119,ANURADHA COLLEGE OF ENGINEERING & TECHNOLOGY,TECHNOLOGY,0111924610,Information Technology,Minority,TFWS,125464,68.0484125
01119,ANURADHA COLLEGE OF ENGINEERING & TECHNOLOGY,TECHNOLOGY,0111937210,Electronics and Telecommunication Engg,Minority,PWDOBCS,115669,70.9390112
01119,ANURADHA COLLEGE OF ENGINEERING & TECHNOLOGY,TECHNOLOGY,0111937210,Electronics and Telecommunication Engg,Minority,LOPENS,155268,57.6578681
01119,ANURADHA COLLEGE OF ENGINEERING & TECHNOLOGY,TECHNOLOGY,0111937210,Electronics and Telecommunication Engg,Minority,GOPENS,176542,48.5585273
01119,ANURADHA COLLEGE OF ENGINEERING & TECHNOLOGY,TECHNOLOGY,0111937210,Electronics and Telecommunication Engg,Minority,DEFOPENS,155933,57.502776
01119,ANURADHA COLLEGE OF ENGINEERING & TECHNOLOGY,TECHNOLOGY,0111937210,Electronics and Telecommunication Engg,Minority,LOBCS,171033,51.2488599
01119,ANURADHA COLLEGE OF ENGINEERING & TECHNOLOGY,TECHNOLOGY,0111937210,Electronics and Telecommunication Engg,Minority,LSTS,165000,53.7405107
01119,ANURADHA COLLEGE OF ENGINEERING & TECHNOLOGY,TECHNOLOGY,0111937210,Electronics and Telecommunication Engg,Minority,GOBCS,183928,44.6246246
01119,ANURADHA COLLEGE OF ENGINEERING & TECHNOLOGY,TECHNOLOGY,0111937210,Electronics and Telecommunication Engg,Minority,GSTS,186574,43.578754
01119,ANURADHA COLLEGE OF ENGINEERING & TECHNOLOGY,TECHNOLOGY,0111937210,Electronics and Telecommunication Engg,Minority,PWDOPENS,178157,47.8398896
01119,ANURADHA COLLEGE OF ENGINEERING & TECHNOLOGY,TECHNOLOGY,0111937210,Electronics and Telecommunication Engg,Minority,GSEBCS,182991,45.1152324
01119,ANURADHA COLLEGE OF ENGINEERING & TECHNOLOGY,TECHNOLOGY,0111937210,Electronics and Telecommunication Engg,Minority,DEFOBCS,180680,46.4182823
01119,ANURADHA COLLEGE OF ENGINEERING & TECHNOLOGY,TECHNOLOGY,0111937210,Electronics and Telecommunication Engg,Minority,GNT3S,181490,45.9819894
01119,ANURADHA COLLEGE OF ENGINEERING & TECHNOLOGY,TECHNOLOGY,0111937210,Electronics and Telecommunication Engg,Minority,GNT2S,181638,45.9819894
01119,ANURADHA COLLEGE OF ENGINEERING & TECHNOLOGY,TECHNOLOGY,0111937210,Electronics and Telecommunication Engg,Minority,ORPHANI,186432,43.6669107
01119,ANURADHA COLLEGE OF ENGINEERING & TECHNOLOGY,TECHNOLOGY,0111937210,Electronics and Telecommunication Engg,Minority,LNT2S,196917,37.2578704
01119,ANURADHA COLLEGE OF ENGINEERING & TECHNOLOGY,TECHNOLOGY,0111937210,Electronics and Telecommunication Engg,Minority,GSCS,218127,19.9880898
01119,ANURADHA COLLEGE OF ENGINEERING & TECHNOLOGY,TECHNOLOGY,0111937210,Electronics and Telecommunication Engg,Minority,GVJS,204291,32.4603175
01119,ANURADHA COLLEGE OF ENGINEERING & TECHNOLOGY,TECHNOLOGY,0111937210,Electronics and Telecommunication Engg,Minority,LVJS,205963,31.0015898
01119,ANURADHA COLLEGE OF ENGINEERING & TECHNOLOGY,TECHNOLOGY,0111937210,Electronics and Telecommunication Engg,Minority,GNT1S,212577,25.432546
01119,ANURADHA COLLEGE OF ENGINEERING & TECHNOLOGY,TECHNOLOGY,0111937210,Electronics and Telecommunication Engg,Minority,LSEBCS,216923,21.1739609
01119,ANURADHA COLLEGE OF ENGINEERING & TECHNOLOGY,TECHNOLOGY,0111937210,Electronics and Telecommunication Engg,Minority,LSCS,223666,13.0294287
01119,ANURADHA COLLEGE OF ENGINEERING & TECHNOLOGY,TECHNOLOGY,0111937210,Electronics and Telecommunication Engg,Minority,AI,81664,33.3836053
01119,ANURADHA COLLEGE OF ENGINEERING & TECHNOLOGY,TECHNOLOGY,0111937210,Electronics and Telecommunication Engg,Minority,TFWS,139813,63.4757967
01119,ANURADHA COLLEGE OF ENGINEERING & TECHNOLOGY,TECHNOLOGY,0111950710,Chemical Engineering,Minority,GOPENS,228468,3.5388008
01119,ANURADHA COLLEGE OF ENGINEERING & TECHNOLOGY,TECHNOLOGY,0111950710,Chemical Engineering,Minority,LOPENS,220954,16.8122355
01119,ANURADHA COLLEGE OF ENGINEERING & TECHNOLOGY,TECHNOLOGY,0111950710,Chemical Engineering,Minority,DEFOPENS,197718,37.0257103
01119,ANURADHA COLLEGE OF ENGINEERING & TECHNOLOGY,TECHNOLOGY,0111950710,Chemical Engineering,Minority,PWDOPENS,199760,35.5420211
01119,ANURADHA COLLEGE OF ENGINEERING & TECHNOLOGY,TECHNOLOGY,0111950710,Chemical Engineering,Minority,LOBCS,221605,15.7373377
01119,ANURADHA COLLEGE OF ENGINEERING & TECHNOLOGY,TECHNOLOGY,0111950710,Chemical Engineering,Minority,LSCS,224749,11.1244146
01119,ANURADHA COLLEGE OF ENGINEERING & TECHNOLOGY,TECHNOLOGY,0111950710,Chemical Engineering,Minority,AI,236432,5.1420646
01119,ANURADHA COLLEGE OF ENGINEERING & TECHNOLOGY,TECHNOLOGY,0111950710,Chemical Engineering,Minority,TFWS,192186,40.4581492
01119,ANURADHA COLLEGE OF ENGINEERING & TECHNOLOGY,TECHNOLOGY,0111961210,Mechanical Engineering,Minority,GOPENS,195136,38.215662
01119,ANURADHA COLLEGE OF ENGINEERING & TECHNOLOGY,TECHNOLOGY,0111961210,Mechanical Engineering,Minority,LOPENS,186472,43.6669107
01119,ANURADHA COLLEGE OF ENGINEERING & TECHNOLOGY,TECHNOLOGY,0111961210,Mechanical Engineering,Minority,PWDOBCS,180847,46.3536656
01119,ANURADHA COLLEGE OF ENGINEERING & TECHNOLOGY,TECHNOLOGY,0111961210,Mechanical Engineering,Minority,LOBCS,192217,40.4581492
01119,ANURADHA COLLEGE OF ENGINEERING & TECHNOLOGY,TECHNOLOGY,0111961210,Mechanical Engineering,Minority,LNT1S,189364,41.7129534
01119,ANURADHA COLLEGE OF ENGINEERING & TECHNOLOGY,TECHNOLOGY,0111961210,Mechanical Engineering,Minority,GSCS,216558,21.5915263
01119,ANURADHA COLLEGE OF ENGINEERING & TECHNOLOGY,TECHNOLOGY,0111961210,Mechanical Engineering,Minority,PWDOPENS,192021,40.4581492
01119,ANURADHA COLLEGE OF ENGINEERING & TECHNOLOGY,TECHNOLOGY,0111961210,Mechanical Engineering,Minority,LSTS,193304,39.9385666
01119,ANURADHA COLLEGE OF ENGINEERING & TECHNOLOGY,TECHNOLOGY,0111961210,Mechanical Engineering,Minority,GSTS,211758,26.2353347
01119,ANURADHA COLLEGE OF ENGINEERING & TECHNOLOGY,TECHNOLOGY,0111961210,Mechanical Engineering,Minority,GSEBCS,211873,26.166493
01119,ANURADHA COLLEGE OF ENGINEERING & TECHNOLOGY,TECHNOLOGY,0111961210,Mechanical Engineering,Minority,GOBCS,206396,30.74803
01119,ANURADHA COLLEGE OF ENGINEERING & TECHNOLOGY,TECHNOLOGY,0111961210,Mechanical Engineering,Minority,ORPHANN,202029,34.0437095
01119,ANURADHA COLLEGE OF ENGINEERING & TECHNOLOGY,TECHNOLOGY,0111961210,Mechanical Engineering,Minority,LSCS,215331,22.7484499
01119,ANURADHA COLLEGE OF ENGINEERING & TECHNOLOGY,TECHNOLOGY,0111961210,Mechanical Engineering,Minority,DEFOBCS,205706,31.2469386
01119,ANURADHA COLLEGE OF ENGINEERING & TECHNOLOGY,TECHNOLOGY,0111961210,Mechanical Engineering,Minority,GVJS,207563,29.7556282
01119,ANURADHA COLLEGE OF ENGINEERING & TECHNOLOGY,TECHNOLOGY,0111961210,Mechanical Engineering,Minority,DEFOPENS,208230,29.2374051
01119,ANURADHA COLLEGE OF ENGINEERING & TECHNOLOGY,TECHNOLOGY,0111961210,Mechanical Engineering,Minority,GNT3S,210051,27.8805461
01119,ANURADHA COLLEGE OF ENGINEERING & TECHNOLOGY,TECHNOLOGY,0111961210,Mechanical Engineering,Minority,LVJS,210804,27.2101033
01119,ANURADHA COLLEGE OF ENGINEERING & TECHNOLOGY,TECHNOLOGY,0111961210,Mechanical Engineering,Minority,LSEBCS,214489,23.9624698
01119,ANURADHA COLLEGE OF ENGINEERING & TECHNOLOGY,TECHNOLOGY,0111961210,Mechanical Engineering,Minority,GNT2S,221914,15.4623879
01119,ANURADHA COLLEGE OF ENGINEERING & TECHNOLOGY,TECHNOLOGY,0111961210,Mechanical Engineering,Minority,AI,94811,12.0972456
01119,ANURADHA COLLEGE OF ENGINEERING & TECHNOLOGY,TECHNOLOGY,0111961210,Mechanical Engineering,Minority,TFWS,183849,44.6246246
01119,ANURADHA COLLEGE OF ENGINEERING & TECHNOLOGY,TECHNOLOGY,0111999510,Artificial Intelligence and Data Science,Minority,GOPENS,158697,56.2435713
01119,ANURADHA COLLEGE OF ENGINEERING & TECHNOLOGY,TECHNOLOGY,0111999510,Artificial Intelligence and Data Science,Minority,LOPENS,162895,54.873582
01119,ANURADHA COLLEGE OF ENGINEERING & TECHNOLOGY,TECHNOLOGY,0111999510,Artificial Intelligence and Data Science,Minority,PWDOPENS,103806,74.4163823
01119,ANURADHA COLLEGE OF ENGINEERING & TECHNOLOGY,TECHNOLOGY,0111999510,Artificial Intelligence and Data Science,Minority,LOBCS,170860,51.4221759
01119,ANURADHA COLLEGE OF ENGINEERING & TECHNOLOGY,TECHNOLOGY,0111999510,Artificial Intelligence and Data Science,Minority,LNT3S,122958,68.6498934
01119,ANURADHA COLLEGE OF ENGINEERING & TECHNOLOGY,TECHNOLOGY,0111999510,Artificial Intelligence and Data Science,Minority,GVJS,139083,63.5303851
01119,ANURADHA COLLEGE OF ENGINEERING & TECHNOLOGY,TECHNOLOGY,0111999510,Artificial Intelligence and Data Science,Minority,LSTS,150902,59.3625359
01119,ANURADHA COLLEGE OF ENGINEERING & TECHNOLOGY,TECHNOLOGY,0111999510,Artificial Intelligence and Data Science,Minority,GSTS,160257,55.6597249
01119,ANURADHA COLLEGE OF ENGINEERING & TECHNOLOGY,TECHNOLOGY,0111999510,Artificial Intelligence and Data Science,Minority,ORPHANI,158794,56.1183815
01119,ANURADHA COLLEGE OF ENGINEERING & TECHNOLOGY,TECHNOLOGY,0111999510,Artificial Intelligence and Data Science,Minority,GOBCS,166330,52.8560653
01119,ANURADHA COLLEGE OF ENGINEERING & TECHNOLOGY,TECHNOLOGY,0111999510,Artificial Intelligence and Data Science,Minority,PWDOBCS,162114,54.9832594
01119,ANURADHA COLLEGE OF ENGINEERING & TECHNOLOGY,TECHNOLOGY,0111999510,Artificial Intelligence and Data Science,Minority,DEFOPENS,167381,52.4918222
01119,ANURADHA COLLEGE OF ENGINEERING & TECHNOLOGY,TECHNOLOGY,0111999510,Artificial Intelligence and Data Science,Minority,GNT1S,168328,52.1496391
01119,ANURADHA COLLEGE OF ENGINEERING & TECHNOLOGY,TECHNOLOGY,0111999510,Artificial Intelligence and Data Science,Minority,GNT2S,196760,37.5813241
01119,ANURADHA COLLEGE OF ENGINEERING & TECHNOLOGY,TECHNOLOGY,0111999510,Artificial Intelligence and Data Science,Minority,DEFOBCS,172348,50.5512969
01119,ANURADHA COLLEGE OF ENGINEERING & TECHNOLOGY,TECHNOLOGY,0111999510,Artificial Intelligence and Data Science,Minority,GSCS,212117,25.8055428
01119,ANURADHA COLLEGE OF ENGINEERING & TECHNOLOGY,TECHNOLOGY,0111999510,Artificial Intelligence and Data Science,Minority,GNT3S,201671,34.1066887
01119,ANURADHA COLLEGE OF ENGINEERING & TECHNOLOGY,TECHNOLOGY,0111999510,Artificial Intelligence and Data Science,Minority,GSEBCS,224522,11.420728
01119,ANURADHA COLLEGE OF ENGINEERING & TECHNOLOGY,TECHNOLOGY,0111999510,Artificial Intelligence and Data Science,Minority,LSEBCS,219535,18.3316683
01119,ANURADHA COLLEGE OF ENGINEERING & TECHNOLOGY,TECHNOLOGY,0111999510,Artificial Intelligence and Data Science,Minority,LSCS,221052,16.7388465
01119,ANURADHA COLLEGE OF ENGINEERING & TECHNOLOGY,TECHNOLOGY,0111999510,Artificial Intelligence and Data Science,Minority,AI,78687,36.8255481
01119,ANURADHA COLLEGE OF ENGINEERING & TECHNOLOGY,TECHNOLOGY,0111999510,Artificial Intelligence and Data Science,Minority,EWS,223722,13.0221818
01119,ANURADHA COLLEGE OF ENGINEERING & TECHNOLOGY,TECHNOLOGY,0111999510,Artificial Intelligence and Data Science,Minority,TFWS,143382,61.9398096
01120,"Jawaharlal Darda Institute of Engineering and Technology, Yavatmal",Yavatmal,0112019110,Civil Engineering,Minority,LOPENS,144292,61.5912113
01120,"Jawaharlal Darda Institute of Engineering and Technology, Yavatmal",Yavatmal,0112019110,Civil Engineering,Minority,GOPENS,160178,55.6712077
01120,"Jawaharlal Darda Institute of Engineering and Technology, Yavatmal",Yavatmal,0112019110,Civil Engineering,Minority,MI,229262,1.1831006
01120,"Jawaharlal Darda Institute of Engineering and Technology, Yavatmal",Yavatmal,0112019110,Civil Engineering,Minority,MI-MH,193453,39.9385666
01120,"Jawaharlal Darda Institute of Engineering and Technology, Yavatmal",Yavatmal,0112019110,Civil Engineering,Minority,AI,65695,49.6121533
01120,"Jawaharlal Darda Institute of Engineering and Technology, Yavatmal",Yavatmal,0112019110,Civil Engineering,Minority,TFWS,134400,65.2933256
01120,"Jawaharlal Darda Institute of Engineering and Technology, Yavatmal",Yavatmal,0112024210,Computer Science and Engineering,Minority,LOPENS,85483,79.3692556
01120,"Jawaharlal Darda Institute of Engineering and Technology, Yavatmal",Yavatmal,0112024210,Computer Science and Engineering,Minority,GOPENS,93037,77.3511663
01120,"Jawaharlal Darda Institute of Engineering and Technology, Yavatmal",Yavatmal,0112024210,Computer Science and Engineering,Minority,MI,225993,9.0555876
01120,"Jawaharlal Darda Institute of Engineering and Technology, Yavatmal",Yavatmal,0112024210,Computer Science and Engineering,Minority,MI-MH,120246,69.4641016
01120,"Jawaharlal Darda Institute of Engineering and Technology, Yavatmal",Yavatmal,0112024210,Computer Science and Engineering,Minority,AI,45022,66.1993384
01120,"Jawaharlal Darda Institute of Engineering and Technology, Yavatmal",Yavatmal,0112024210,Computer Science and Engineering,Minority,TFWS,67242,83.8560469
01120,"Jawaharlal Darda Institute of Engineering and Technology, Yavatmal",Yavatmal,0112029310,Electrical Engineering,Minority,LOPENS,143981,61.7346759
01120,"Jawaharlal Darda Institute of Engineering and Technology, Yavatmal",Yavatmal,0112029310,Electrical Engineering,Minority,GOPENS,142272,62.5282864
01120,"Jawaharlal Darda Institute of Engineering and Technology, Yavatmal",Yavatmal,0112029310,Electrical Engineering,Minority,MI,216058,22.27398
01120,"Jawaharlal Darda Institute of Engineering and Technology, Yavatmal",Yavatmal,0112029310,Electrical Engineering,Minority,MI-MH,164981,53.7405107
01120,"Jawaharlal Darda Institute of Engineering and Technology, Yavatmal",Yavatmal,0112029310,Electrical Engineering,Minority,AI,64671,50.7955891
01120,"Jawaharlal Darda Institute of Engineering and Technology, Yavatmal",Yavatmal,0112029310,Electrical Engineering,Minority,TFWS,134276,65.2933256
01120,"Jawaharlal Darda Institute of Engineering and Technology, Yavatmal",Yavatmal,0112037210,Electronics and Telecommunication Engg,Minority,LOPENS,93186,77.2619593
01120,"Jawaharlal Darda Institute of Engineering and Technology, Yavatmal",Yavatmal,0112037210,Electronics and Telecommunication Engg,Minority,GOPENS,121558,68.9409579
01120,"Jawaharlal Darda Institute of Engineering and Technology, Yavatmal",Yavatmal,0112037210,Electronics and Telecommunication Engg,Minority,MI-MH,134958,65.1614878
01120,"Jawaharlal Darda Institute of Engineering and Technology, Yavatmal",Yavatmal,0112037210,Electronics and Telecommunication Engg,Minority,AI,40447,69.2477078
01120,"Jawaharlal Darda Institute of Engineering and Technology, Yavatmal",Yavatmal,0112037210,Electronics and Telecommunication Engg,Minority,TFWS,83555,79.7671884
01120,"Jawaharlal Darda Institute of Engineering and Technology, Yavatmal",Yavatmal,0112050710,Chemical Engineering,Minority,LOPENS,145947,60.9157012
01120,"Jawaharlal Darda Institute of Engineering and Technology, Yavatmal",Yavatmal,0112050710,Chemical Engineering,Minority,GOPENS,171530,50.9743237
01120,"Jawaharlal Darda Institute of Engineering and Technology, Yavatmal",Yavatmal,0112050710,Chemical Engineering,Minority,MI-MH,198615,36.6388387
01120,"Jawaharlal Darda Institute of Engineering and Technology, Yavatmal",Yavatmal,0112050710,Chemical Engineering,Minority,AI,73461,42.4770571
01120,"Jawaharlal Darda Institute of Engineering and Technology, Yavatmal",Yavatmal,0112050710,Chemical Engineering,Minority,TFWS,165349,53.1999725
01120,"Jawaharlal Darda Institute of Engineering and Technology, Yavatmal",Yavatmal,0112061210,Mechanical Engineering,Minority,LOPENS,179056,47.4563898
01120,"Jawaharlal Darda Institute of Engineering and Technology, Yavatmal",Yavatmal,0112061210,Mechanical Engineering,Minority,GOPENS,173503,49.7711098
01120,"Jawaharlal Darda Institute of Engineering and Technology, Yavatmal",Yavatmal,0112061210,Mechanical Engineering,Minority,MI-MH,197922,36.8722261
01120,"Jawaharlal Darda Institute of Engineering and Technology, Yavatmal",Yavatmal,0112061210,Mechanical Engineering,Minority,AI,72339,43.5846301
01120,"Jawaharlal Darda Institute of Engineering and Technology, Yavatmal",Yavatmal,0112061210,Mechanical Engineering,Minority,TFWS,127088,67.3538592
01120,"Jawaharlal Darda Institute of Engineering and Technology, Yavatmal",Yavatmal,0112089310,Textile Engineering / Technology,Minority,GOPENS,164869,53.7903103
01120,"Jawaharlal Darda Institute of Engineering and Technology, Yavatmal",Yavatmal,0112089310,Textile Engineering / Technology,Minority,LOPENS,160669,55.4743121
01120,"Jawaharlal Darda Institute of Engineering and Technology, Yavatmal",Yavatmal,0112089310,Textile Engineering / Technology,Minority,MI-MH,201339,34.2796407
01120,"Jawaharlal Darda Institute of Engineering and Technology, Yavatmal",Yavatmal,0112089310,Textile Engineering / Technology,Minority,AI,83771,30.6848835
01120,"Jawaharlal Darda Institute of Engineering and Technology, Yavatmal",Yavatmal,0112089310,Textile Engineering / Technology,Minority,TFWS,162185,54.9832594
01121,"Shri Hanuman Vyayam  Prasarak Mandals College of Engineering & Technology, Amravati",Amravati,0112124210,Computer Science and Engineering,Minority,LOPENS,91738,77.7140658
01121,"Shri Hanuman Vyayam  Prasarak Mandals College of Engineering & Technology, Amravati",Amravati,0112124210,Computer Science and Engineering,Minority,GOPENS,99931,75.242318
01121,"Shri Hanuman Vyayam  Prasarak Mandals College of Engineering & Technology, Amravati",Amravati,0112124210,Computer Science and Engineering,Minority,LOBCS,94324,76.973775
01121,"Shri Hanuman Vyayam  Prasarak Mandals College of Engineering & Technology, Amravati",Amravati,0112124210,Computer Science and Engineering,Minority,PWDOBCS,95300,76.5995199
01121,"Shri Hanuman Vyayam  Prasarak Mandals College of Engineering & Technology, Amravati",Amravati,0112124210,Computer Science and Engineering,Minority,PWDOPENS,225488,10.0170648
01121,"Shri Hanuman Vyayam  Prasarak Mandals College of Engineering & Technology, Amravati",Amravati,0112124210,Computer Science and Engineering,Minority,DEFOBCS,98394,75.9291421
01121,"Shri Hanuman Vyayam  Prasarak Mandals College of Engineering & Technology, Amravati",Amravati,0112124210,Computer Science and Engineering,Minority,GOBCS,107706,73.2109713
01121,"Shri Hanuman Vyayam  Prasarak Mandals College of Engineering & Technology, Amravati",Amravati,0112124210,Computer Science and Engineering,Minority,GSTS,225634,9.5733084
01121,"Shri Hanuman Vyayam  Prasarak Mandals College of Engineering & Technology, Amravati",Amravati,0112124210,Computer Science and Engineering,Minority,DEFOPENS,106277,73.5651108
01121,"Shri Hanuman Vyayam  Prasarak Mandals College of Engineering & Technology, Amravati",Amravati,0112124210,Computer Science and Engineering,Minority,LVJS,102060,74.8112584
01121,"Shri Hanuman Vyayam  Prasarak Mandals College of Engineering & Technology, Amravati",Amravati,0112124210,Computer Science and Engineering,Minority,GSCS,123436,68.6254044
01121,"Shri Hanuman Vyayam  Prasarak Mandals College of Engineering & Technology, Amravati",Amravati,0112124210,Computer Science and Engineering,Minority,LSCS,111995,71.9146758
01121,"Shri Hanuman Vyayam  Prasarak Mandals College of Engineering & Technology, Amravati",Amravati,0112124210,Computer Science and Engineering,Minority,GVJS,109575,72.6740126
01121,"Shri Hanuman Vyayam  Prasarak Mandals College of Engineering & Technology, Amravati",Amravati,0112124210,Computer Science and Engineering,Minority,GNT1S,117701,70.3901803
01121,"Shri Hanuman Vyayam  Prasarak Mandals College of Engineering & Technology, Amravati",Amravati,0112124210,Computer Science and Engineering,Minority,PWDSCS,119425,69.8131691
01121,"Shri Hanuman Vyayam  Prasarak Mandals College of Engineering & Technology, Amravati",Amravati,0112124210,Computer Science and Engineering,Minority,GNT3S,123323,68.6254044
01121,"Shri Hanuman Vyayam  Prasarak Mandals College of Engineering & Technology, Amravati",Amravati,0112124210,Computer Science and Engineering,Minority,LNT2S,130757,66.1169676
01121,"Shri Hanuman Vyayam  Prasarak Mandals College of Engineering & Technology, Amravati",Amravati,0112124210,Computer Science and Engineering,Minority,DEFSCS,122150,68.8065641
01121,"Shri Hanuman Vyayam  Prasarak Mandals College of Engineering & Technology, Amravati",Amravati,0112124210,Computer Science and Engineering,Minority,ORPHANN,130892,66.1169676
01121,"Shri Hanuman Vyayam  Prasarak Mandals College of Engineering & Technology, Amravati",Amravati,0112124210,Computer Science and Engineering,Minority,LSEBCS,145556,61.114444
01121,"Shri Hanuman Vyayam  Prasarak Mandals College of Engineering & Technology, Amravati",Amravati,0112124210,Computer Science and Engineering,Minority,GNT2S,136893,64.1240022
01121,"Shri Hanuman Vyayam  Prasarak Mandals College of Engineering & Technology, Amravati",Amravati,0112124210,Computer Science and Engineering,Minority,PWDSEBCS,143706,61.8012422
01121,"Shri Hanuman Vyayam  Prasarak Mandals College of Engineering & Technology, Amravati",Amravati,0112124210,Computer Science and Engineering,Minority,LNT1S,148332,60.1814551
01121,"Shri Hanuman Vyayam  Prasarak Mandals College of Engineering & Technology, Amravati",Amravati,0112124210,Computer Science and Engineering,Minority,GSEBCS,177264,48.1265004
01121,"Shri Hanuman Vyayam  Prasarak Mandals College of Engineering & Technology, Amravati",Amravati,0112124210,Computer Science and Engineering,Minority,DEFSEBCS,166005,52.8745002
01121,"Shri Hanuman Vyayam  Prasarak Mandals College of Engineering & Technology, Amravati",Amravati,0112124210,Computer Science and Engineering,Minority,LSTS,214704,23.5746832
01121,"Shri Hanuman Vyayam  Prasarak Mandals College of Engineering & Technology, Amravati",Amravati,0112124210,Computer Science and Engineering,Minority,AI,50209,62.1351067
01121,"Shri Hanuman Vyayam  Prasarak Mandals College of Engineering & Technology, Amravati",Amravati,0112124210,Computer Science and Engineering,Minority,EWS,183695,44.7174641
01121,"Shri Hanuman Vyayam  Prasarak Mandals College of Engineering & Technology, Amravati",Amravati,0112124210,Computer Science and Engineering,Minority,TFWS,90362,77.937978
01121,"Shri Hanuman Vyayam  Prasarak Mandals College of Engineering & Technology, Amravati",Amravati,0112124610,Information Technology,Minority,LOPENS,99606,75.4489132
01121,"Shri Hanuman Vyayam  Prasarak Mandals College of Engineering & Technology, Amravati",Amravati,0112124610,Information Technology,Minority,GOPENS,109537,72.6740126
01121,"Shri Hanuman Vyayam  Prasarak Mandals College of Engineering & Technology, Amravati",Amravati,0112124610,Information Technology,Minority,LOBCS,100954,75.110975
01121,"Shri Hanuman Vyayam  Prasarak Mandals College of Engineering & Technology, Amravati",Amravati,0112124610,Information Technology,Minority,GOBCS,115122,71.0421393
01121,"Shri Hanuman Vyayam  Prasarak Mandals College of Engineering & Technology, Amravati",Amravati,0112124610,Information Technology,Minority,LSTS,112177,71.9146758
01121,"Shri Hanuman Vyayam  Prasarak Mandals College of Engineering & Technology, Amravati",Amravati,0112124610,Information Technology,Minority,GSTS,114501,71.1330463
01121,"Shri Hanuman Vyayam  Prasarak Mandals College of Engineering & Technology, Amravati",Amravati,0112124610,Information Technology,Minority,DEFOBCS,111180,72.3251186
01121,"Shri Hanuman Vyayam  Prasarak Mandals College of Engineering & Technology, Amravati",Amravati,0112124610,Information Technology,Minority,DEFOPENS,111911,72.0373703
01121,"Shri Hanuman Vyayam  Prasarak Mandals College of Engineering & Technology, Amravati",Amravati,0112124610,Information Technology,Minority,PWDOPENS,112909,71.5917775
01121,"Shri Hanuman Vyayam  Prasarak Mandals College of Engineering & Technology, Amravati",Amravati,0112124610,Information Technology,Minority,ORPHANI,113736,71.4785529
01121,"Shri Hanuman Vyayam  Prasarak Mandals College of Engineering & Technology, Amravati",Amravati,0112124610,Information Technology,Minority,PWDOBCS,115305,71.0421393
01121,"Shri Hanuman Vyayam  Prasarak Mandals College of Engineering & Technology, Amravati",Amravati,0112124610,Information Technology,Minority,GNT1S,124302,68.5042436
01121,"Shri Hanuman Vyayam  Prasarak Mandals College of Engineering & Technology, Amravati",Amravati,0112124610,Information Technology,Minority,LSCS,127344,67.3167917
01121,"Shri Hanuman Vyayam  Prasarak Mandals College of Engineering & Technology, Amravati",Amravati,0112124610,Information Technology,Minority,GVJS,128774,66.5942029
01121,"Shri Hanuman Vyayam  Prasarak Mandals College of Engineering & Technology, Amravati",Amravati,0112124610,Information Technology,Minority,GSCS,136736,64.1240022
01121,"Shri Hanuman Vyayam  Prasarak Mandals College of Engineering & Technology, Amravati",Amravati,0112124610,Information Technology,Minority,LVJS,133320,65.6313822
01121,"Shri Hanuman Vyayam  Prasarak Mandals College of Engineering & Technology, Amravati",Amravati,0112124610,Information Technology,Minority,GNT2S,144411,61.5912113
01121,"Shri Hanuman Vyayam  Prasarak Mandals College of Engineering & Technology, Amravati",Amravati,0112124610,Information Technology,Minority,LNT3S,143167,62.2946352
01121,"Shri Hanuman Vyayam  Prasarak Mandals College of Engineering & Technology, Amravati",Amravati,0112124610,Information Technology,Minority,LSEBCS,185756,43.723793
01121,"Shri Hanuman Vyayam  Prasarak Mandals College of Engineering & Technology, Amravati",Amravati,0112124610,Information Technology,Minority,GSEBCS,214284,23.9884494
01121,"Shri Hanuman Vyayam  Prasarak Mandals College of Engineering & Technology, Amravati",Amravati,0112124610,Information Technology,Minority,AI,55862,57.7678558
01121,"Shri Hanuman Vyayam  Prasarak Mandals College of Engineering & Technology, Amravati",Amravati,0112124610,Information Technology,Minority,EWS,202323,33.9583652
01121,"Shri Hanuman Vyayam  Prasarak Mandals College of Engineering & Technology, Amravati",Amravati,0112124610,Information Technology,Minority,TFWS,101371,74.9893249
01121,"Shri Hanuman Vyayam  Prasarak Mandals College of Engineering & Technology, Amravati",Amravati,0112137210,Electronics and Telecommunication Engg,Minority,GOPENS,119709,69.7766245
01121,"Shri Hanuman Vyayam  Prasarak Mandals College of Engineering & Technology, Amravati",Amravati,0112137210,Electronics and Telecommunication Engg,Minority,PWDOBCS,104865,74.112751
01121,"Shri Hanuman Vyayam  Prasarak Mandals College of Engineering & Technology, Amravati",Amravati,0112137210,Electronics and Telecommunication Engg,Minority,LOPENS,115749,70.9390112
01121,"Shri Hanuman Vyayam  Prasarak Mandals College of Engineering & Technology, Amravati",Amravati,0112137210,Electronics and Telecommunication Engg,Minority,DEFOPENS,115177,71.0421393
01121,"Shri Hanuman Vyayam  Prasarak Mandals College of Engineering & Technology, Amravati",Amravati,0112137210,Electronics and Telecommunication Engg,Minority,LOBCS,116608,70.6987601
01121,"Shri Hanuman Vyayam  Prasarak Mandals College of Engineering & Technology, Amravati",Amravati,0112137210,Electronics and Telecommunication Engg,Minority,DEFOBCS,120421,69.3900327
01121,"Shri Hanuman Vyayam  Prasarak Mandals College of Engineering & Technology, Amravati",Amravati,0112137210,Electronics and Telecommunication Engg,Minority,GOBCS,121994,68.8065641
01121,"Shri Hanuman Vyayam  Prasarak Mandals College of Engineering & Technology, Amravati",Amravati,0112137210,Electronics and Telecommunication Engg,Minority,PWDOPENS,121436,68.9409579
01121,"Shri Hanuman Vyayam  Prasarak Mandals College of Engineering & Technology, Amravati",Amravati,0112137210,Electronics and Telecommunication Engg,Minority,ORPHANN,122346,68.78733
01121,"Shri Hanuman Vyayam  Prasarak Mandals College of Engineering & Technology, Amravati",Amravati,0112137210,Electronics and Telecommunication Engg,Minority,GSTS,122915,68.6498934
01121,"Shri Hanuman Vyayam  Prasarak Mandals College of Engineering & Technology, Amravati",Amravati,0112137210,Electronics and Telecommunication Engg,Minority,GSCS,136428,64.1499185
01121,"Shri Hanuman Vyayam  Prasarak Mandals College of Engineering & Technology, Amravati",Amravati,0112137210,Electronics and Telecommunication Engg,Minority,GSEBCS,124300,68.5042436
01121,"Shri Hanuman Vyayam  Prasarak Mandals College of Engineering & Technology, Amravati",Amravati,0112137210,Electronics and Telecommunication Engg,Minority,GVJS,145522,61.114444
01121,"Shri Hanuman Vyayam  Prasarak Mandals College of Engineering & Technology, Amravati",Amravati,0112137210,Electronics and Telecommunication Engg,Minority,LSTS,123857,68.6031011
01121,"Shri Hanuman Vyayam  Prasarak Mandals College of Engineering & Technology, Amravati",Amravati,0112137210,Electronics and Telecommunication Engg,Minority,LSCS,139274,63.5035466
01121,"Shri Hanuman Vyayam  Prasarak Mandals College of Engineering & Technology, Amravati",Amravati,0112137210,Electronics and Telecommunication Engg,Minority,GNT2S,144949,61.2510322
01121,"Shri Hanuman Vyayam  Prasarak Mandals College of Engineering & Technology, Amravati",Amravati,0112137210,Electronics and Telecommunication Engg,Minority,GNT3S,146032,60.9157012
01121,"Shri Hanuman Vyayam  Prasarak Mandals College of Engineering & Technology, Amravati",Amravati,0112137210,Electronics and Telecommunication Engg,Minority,LNT2S,151478,59.2443064
01121,"Shri Hanuman Vyayam  Prasarak Mandals College of Engineering & Technology, Amravati",Amravati,0112137210,Electronics and Telecommunication Engg,Minority,LNT1S,152149,59.0801845
01121,"Shri Hanuman Vyayam  Prasarak Mandals College of Engineering & Technology, Amravati",Amravati,0112137210,Electronics and Telecommunication Engg,Minority,LSEBCS,206210,30.8808364
01121,"Shri Hanuman Vyayam  Prasarak Mandals College of Engineering & Technology, Amravati",Amravati,0112137210,Electronics and Telecommunication Engg,Minority,AI,60592,53.9808666
01121,"Shri Hanuman Vyayam  Prasarak Mandals College of Engineering & Technology, Amravati",Amravati,0112137210,Electronics and Telecommunication Engg,Minority,EWS,220271,17.5512583
01121,"Shri Hanuman Vyayam  Prasarak Mandals College of Engineering & Technology, Amravati",Amravati,0112137210,Electronics and Telecommunication Engg,Minority,TFWS,106608,73.3487346
01121,"Shri Hanuman Vyayam  Prasarak Mandals College of Engineering & Technology, Amravati",Amravati,0112161210,Mechanical Engineering,Minority,GOPENS,129201,66.5496835
01121,"Shri Hanuman Vyayam  Prasarak Mandals College of Engineering & Technology, Amravati",Amravati,0112161210,Mechanical Engineering,Minority,LOPENS,129555,66.4794206
01121,"Shri Hanuman Vyayam  Prasarak Mandals College of Engineering & Technology, Amravati",Amravati,0112161210,Mechanical Engineering,Minority,GSEBCS,207235,30.1917921
01121,"Shri Hanuman Vyayam  Prasarak Mandals College of Engineering & Technology, Amravati",Amravati,0112161210,Mechanical Engineering,Minority,GOBCS,135105,64.7164682
01121,"Shri Hanuman Vyayam  Prasarak Mandals College of Engineering & Technology, Amravati",Amravati,0112161210,Mechanical Engineering,Minority,LOBCS,133797,65.4837825
01121,"Shri Hanuman Vyayam  Prasarak Mandals College of Engineering & Technology, Amravati",Amravati,0112161210,Mechanical Engineering,Minority,PWDOBCS,132077,66.0549811
01121,"Shri Hanuman Vyayam  Prasarak Mandals College of Engineering & Technology, Amravati",Amravati,0112161210,Mechanical Engineering,Minority,DEFOBCS,132443,65.9070599
01121,"Shri Hanuman Vyayam  Prasarak Mandals College of Engineering & Technology, Amravati",Amravati,0112161210,Mechanical Engineering,Minority,GSCS,151049,59.3625359
01121,"Shri Hanuman Vyayam  Prasarak Mandals College of Engineering & Technology, Amravati",Amravati,0112161210,Mechanical Engineering,Minority,GSTS,135059,64.7164682
01121,"Shri Hanuman Vyayam  Prasarak Mandals College of Engineering & Technology, Amravati",Amravati,0112161210,Mechanical Engineering,Minority,LSEBCS,133657,65.4837825
01121,"Shri Hanuman Vyayam  Prasarak Mandals College of Engineering & Technology, Amravati",Amravati,0112161210,Mechanical Engineering,Minority,LSTS,135066,64.7164682
01121,"Shri Hanuman Vyayam  Prasarak Mandals College of Engineering & Technology, Amravati",Amravati,0112161210,Mechanical Engineering,Minority,GNT1S,136139,64.2198294
01121,"Shri Hanuman Vyayam  Prasarak Mandals College of Engineering & Technology, Amravati",Amravati,0112161210,Mechanical Engineering,Minority,ORPHANI,136950,64.087617
01121,"Shri Hanuman Vyayam  Prasarak Mandals College of Engineering & Technology, Amravati",Amravati,0112161210,Mechanical Engineering,Minority,PWDOPENS,137519,63.9397326
01121,"Shri Hanuman Vyayam  Prasarak Mandals College of Engineering & Technology, Amravati",Amravati,0112161210,Mechanical Engineering,Minority,DEFOPENS,137676,63.8128892
01121,"Shri Hanuman Vyayam  Prasarak Mandals College of Engineering & Technology, Amravati",Amravati,0112161210,Mechanical Engineering,Minority,LSCS,144107,61.7346759
01121,"Shri Hanuman Vyayam  Prasarak Mandals College of Engineering & Technology, Amravati",Amravati,0112161210,Mechanical Engineering,Minority,GNT2S,161595,55.2387338
01121,"Shri Hanuman Vyayam  Prasarak Mandals College of Engineering & Technology, Amravati",Amravati,0112161210,Mechanical Engineering,Minority,GVJS,152651,58.4262318
01121,"Shri Hanuman Vyayam  Prasarak Mandals College of Engineering & Technology, Amravati",Amravati,0112161210,Mechanical Engineering,Minority,LVJS,177520,47.8755661
01121,"Shri Hanuman Vyayam  Prasarak Mandals College of Engineering & Technology, Amravati",Amravati,0112161210,Mechanical Engineering,Minority,GNT3S,221648,15.6857493
01121,"Shri Hanuman Vyayam  Prasarak Mandals College of Engineering & Technology, Amravati",Amravati,0112161210,Mechanical Engineering,Minority,AI,67418,48.1132938
01121,"Shri Hanuman Vyayam  Prasarak Mandals College of Engineering & Technology, Amravati",Amravati,0112161210,Mechanical Engineering,Minority,TFWS,122294,68.78733
01123,"Dr.Rajendra Gode Institute of Technology & Research, Amravati",Amravati,0112319110,Civil Engineering,Minority,GOPENS,142684,62.4995214
01123,"Dr.Rajendra Gode Institute of Technology & Research, Amravati",Amravati,0112319110,Civil Engineering,Minority,LOPENS,139783,63.4757967
01123,"Dr.Rajendra Gode Institute of Technology & Research, Amravati",Amravati,0112319110,Civil Engineering,Minority,DEFOPENS,136771,64.1240022
01123,"Dr.Rajendra Gode Institute of Technology & Research, Amravati",Amravati,0112319110,Civil Engineering,Minority,GOBCS,153046,58.3262891
01123,"Dr.Rajendra Gode Institute of Technology & Research, Amravati",Amravati,0112319110,Civil Engineering,Minority,LOBCS,143956,61.8012422
01123,"Dr.Rajendra Gode Institute of Technology & Research, Amravati",Amravati,0112319110,Civil Engineering,Minority,GSTS,215939,22.3579956
01123,"Dr.Rajendra Gode Institute of Technology & Research, Amravati",Amravati,0112319110,Civil Engineering,Minority,LSTS,146905,60.6803919
01123,"Dr.Rajendra Gode Institute of Technology & Research, Amravati",Amravati,0112319110,Civil Engineering,Minority,GNT1S,147198,60.5843098
01123,"Dr.Rajendra Gode Institute of Technology & Research, Amravati",Amravati,0112319110,Civil Engineering,Minority,GSEBCS,214086,24.2423208
01123,"Dr.Rajendra Gode Institute of Technology & Research, Amravati",Amravati,0112319110,Civil Engineering,Minority,LSEBCS,151082,59.2474828
01123,"Dr.Rajendra Gode Institute of Technology & Research, Amravati",Amravati,0112319110,Civil Engineering,Minority,PWDOPENS,153000,58.3262891
01123,"Dr.Rajendra Gode Institute of Technology & Research, Amravati",Amravati,0112319110,Civil Engineering,Minority,PWDOBCS,153109,58.3262891
01123,"Dr.Rajendra Gode Institute of Technology & Research, Amravati",Amravati,0112319110,Civil Engineering,Minority,ORPHANN,155426,57.5477401
01123,"Dr.Rajendra Gode Institute of Technology & Research, Amravati",Amravati,0112319110,Civil Engineering,Minority,GSCS,163115,54.7674174
01123,"Dr.Rajendra Gode Institute of Technology & Research, Amravati",Amravati,0112319110,Civil Engineering,Minority,DEFOBCS,156374,57.0070614
01123,"Dr.Rajendra Gode Institute of Technology & Research, Amravati",Amravati,0112319110,Civil Engineering,Minority,LSCS,161083,55.3743463
01123,"Dr.Rajendra Gode Institute of Technology & Research, Amravati",Amravati,0112319110,Civil Engineering,Minority,GVJS,159416,55.7542662
01123,"Dr.Rajendra Gode Institute of Technology & Research, Amravati",Amravati,0112319110,Civil Engineering,Minority,LNT2S,187065,43.2064159
01123,"Dr.Rajendra Gode Institute of Technology & Research, Amravati",Amravati,0112319110,Civil Engineering,Minority,LNT3S,189603,41.7129534
01123,"Dr.Rajendra Gode Institute of Technology & Research, Amravati",Amravati,0112319110,Civil Engineering,Minority,AI,77135,38.5078192
01123,"Dr.Rajendra Gode Institute of Technology & Research, Amravati",Amravati,0112319110,Civil Engineering,Minority,EWS,227744,5.4201909
01123,"Dr.Rajendra Gode Institute of Technology & Research, Amravati",Amravati,0112319110,Civil Engineering,Minority,TFWS,148914,60.010721
01123,"Dr.Rajendra Gode Institute of Technology & Research, Amravati",Amravati,0112324210,Computer Science and Engineering,Minority,GOPENS,123486,68.6254044
01123,"Dr.Rajendra Gode Institute of Technology & Research, Amravati",Amravati,0112324210,Computer Science and Engineering,Minority,LOPENS,111029,72.3753397
01123,"Dr.Rajendra Gode Institute of Technology & Research, Amravati",Amravati,0112324210,Computer Science and Engineering,Minority,LOBCS,117556,70.4097117
01123,"Dr.Rajendra Gode Institute of Technology & Research, Amravati",Amravati,0112324210,Computer Science and Engineering,Minority,LSCS,124298,68.5042436
01123,"Dr.Rajendra Gode Institute of Technology & Research, Amravati",Amravati,0112324210,Computer Science and Engineering,Minority,GOBCS,130234,66.1911263
01123,"Dr.Rajendra Gode Institute of Technology & Research, Amravati",Amravati,0112324210,Computer Science and Engineering,Minority,DEFOPENS,130893,66.1169676
01123,"Dr.Rajendra Gode Institute of Technology & Research, Amravati",Amravati,0112324210,Computer Science and Engineering,Minority,PWDOBCS,118867,69.8506426
01123,"Dr.Rajendra Gode Institute of Technology & Research, Amravati",Amravati,0112324210,Computer Science and Engineering,Minority,LSTS,124051,68.58833
01123,"Dr.Rajendra Gode Institute of Technology & Research, Amravati",Amravati,0112324210,Computer Science and Engineering,Minority,LNT1S,120404,69.4641016
01123,"Dr.Rajendra Gode Institute of Technology & Research, Amravati",Amravati,0112324210,Computer Science and Engineering,Minority,PWDOPENS,124730,68.2993965
01123,"Dr.Rajendra Gode Institute of Technology & Research, Amravati",Amravati,0112324210,Computer Science and Engineering,Minority,GSCS,135511,64.4305882
01123,"Dr.Rajendra Gode Institute of Technology & Research, Amravati",Amravati,0112324210,Computer Science and Engineering,Minority,PWDSCS,125405,68.0484125
01123,"Dr.Rajendra Gode Institute of Technology & Research, Amravati",Amravati,0112324210,Computer Science and Engineering,Minority,GNT2S,141487,62.8386652
01123,"Dr.Rajendra Gode Institute of Technology & Research, Amravati",Amravati,0112324210,Computer Science and Engineering,Minority,GSEBCS,225757,9.3099208
01123,"Dr.Rajendra Gode Institute of Technology & Research, Amravati",Amravati,0112324210,Computer Science and Engineering,Minority,DEFSCS,130199,66.1911263
01123,"Dr.Rajendra Gode Institute of Technology & Research, Amravati",Amravati,0112324210,Computer Science and Engineering,Minority,GSTS,214295,23.9884494
01123,"Dr.Rajendra Gode Institute of Technology & Research, Amravati",Amravati,0112324210,Computer Science and Engineering,Minority,ORPHANI,131357,66.0913492
01123,"Dr.Rajendra Gode Institute of Technology & Research, Amravati",Amravati,0112324210,Computer Science and Engineering,Minority,DEFOBCS,132642,65.814611
01123,"Dr.Rajendra Gode Institute of Technology & Research, Amravati",Amravati,0112324210,Computer Science and Engineering,Minority,LSEBCS,174623,49.1980067
01123,"Dr.Rajendra Gode Institute of Technology & Research, Amravati",Amravati,0112324210,Computer Science and Engineering,Minority,GVJS,154218,57.9680585
01123,"Dr.Rajendra Gode Institute of Technology & Research, Amravati",Amravati,0112324210,Computer Science and Engineering,Minority,LVJS,136607,64.1240022
01123,"Dr.Rajendra Gode Institute of Technology & Research, Amravati",Amravati,0112324210,Computer Science and Engineering,Minority,GNT1S,148364,60.1814551
01123,"Dr.Rajendra Gode Institute of Technology & Research, Amravati",Amravati,0112324210,Computer Science and Engineering,Minority,GNT3S,168300,52.1496391
01123,"Dr.Rajendra Gode Institute of Technology & Research, Amravati",Amravati,0112324210,Computer Science and Engineering,Minority,LNT2S,148502,60.1814551
01123,"Dr.Rajendra Gode Institute of Technology & Research, Amravati",Amravati,0112324210,Computer Science and Engineering,Minority,PWDSEBCS,182375,45.4941917
01123,"Dr.Rajendra Gode Institute of Technology & Research, Amravati",Amravati,0112324210,Computer Science and Engineering,Minority,DEFSEBCS,183675,44.7174641
01123,"Dr.Rajendra Gode Institute of Technology & Research, Amravati",Amravati,0112324210,Computer Science and Engineering,Minority,AI,58048,56.2693212
01123,"Dr.Rajendra Gode Institute of Technology & Research, Amravati",Amravati,0112324210,Computer Science and Engineering,Minority,EWS,205955,31.0015898
01123,"Dr.Rajendra Gode Institute of Technology & Research, Amravati",Amravati,0112324210,Computer Science and Engineering,Minority,TFWS,103856,74.4163823
01123,"Dr.Rajendra Gode Institute of Technology & Research, Amravati",Amravati,0112337210,Electronics and Telecommunication Engg,Minority,LOPENS,133476,65.4837825
01123,"Dr.Rajendra Gode Institute of Technology & Research, Amravati",Amravati,0112337210,Electronics and Telecommunication Engg,Minority,GOPENS,138503,63.552865
01123,"Dr.Rajendra Gode Institute of Technology & Research, Amravati",Amravati,0112337210,Electronics and Telecommunication Engg,Minority,LOBCS,133658,65.4837825
01123,"Dr.Rajendra Gode Institute of Technology & Research, Amravati",Amravati,0112337210,Electronics and Telecommunication Engg,Minority,DEFOPENS,133853,65.4076693
01123,"Dr.Rajendra Gode Institute of Technology & Research, Amravati",Amravati,0112337210,Electronics and Telecommunication Engg,Minority,LSTS,136682,64.1240022
01123,"Dr.Rajendra Gode Institute of Technology & Research, Amravati",Amravati,0112337210,Electronics and Telecommunication Engg,Minority,LSEBCS,213466,24.78221
01123,"Dr.Rajendra Gode Institute of Technology & Research, Amravati",Amravati,0112337210,Electronics and Telecommunication Engg,Minority,PWDOPENS,137615,63.9397326
01123,"Dr.Rajendra Gode Institute of Technology & Research, Amravati",Amravati,0112337210,Electronics and Telecommunication Engg,Minority,GOBCS,141424,62.8386652
01123,"Dr.Rajendra Gode Institute of Technology & Research, Amravati",Amravati,0112337210,Electronics and Telecommunication Engg,Minority,GSCS,151834,59.2124434
01123,"Dr.Rajendra Gode Institute of Technology & Research, Amravati",Amravati,0112337210,Electronics and Telecommunication Engg,Minority,GSEBCS,195053,38.2278771
01123,"Dr.Rajendra Gode Institute of Technology & Research, Amravati",Amravati,0112337210,Electronics and Telecommunication Engg,Minority,DEFOBCS,141228,62.9339383
01123,"Dr.Rajendra Gode Institute of Technology & Research, Amravati",Amravati,0112337210,Electronics and Telecommunication Engg,Minority,ORPHANN,141356,62.8386652
01123,"Dr.Rajendra Gode Institute of Technology & Research, Amravati",Amravati,0112337210,Electronics and Telecommunication Engg,Minority,GSTS,143806,61.8012422
01123,"Dr.Rajendra Gode Institute of Technology & Research, Amravati",Amravati,0112337210,Electronics and Telecommunication Engg,Minority,PWDOBCS,143683,61.8012422
01123,"Dr.Rajendra Gode Institute of Technology & Research, Amravati",Amravati,0112337210,Electronics and Telecommunication Engg,Minority,LSCS,160991,55.3743463
01123,"Dr.Rajendra Gode Institute of Technology & Research, Amravati",Amravati,0112337210,Electronics and Telecommunication Engg,Minority,LNT2S,149447,59.8130199
01123,"Dr.Rajendra Gode Institute of Technology & Research, Amravati",Amravati,0112337210,Electronics and Telecommunication Engg,Minority,GNT2S,155119,57.6578681
01123,"Dr.Rajendra Gode Institute of Technology & Research, Amravati",Amravati,0112337210,Electronics and Telecommunication Engg,Minority,LNT1S,160841,55.4743121
01123,"Dr.Rajendra Gode Institute of Technology & Research, Amravati",Amravati,0112337210,Electronics and Telecommunication Engg,Minority,GVJS,166424,52.8560653
01123,"Dr.Rajendra Gode Institute of Technology & Research, Amravati",Amravati,0112337210,Electronics and Telecommunication Engg,Minority,GNT3S,183377,44.8240166
01123,"Dr.Rajendra Gode Institute of Technology & Research, Amravati",Amravati,0112337210,Electronics and Telecommunication Engg,Minority,LVJS,224718,11.1302155
01123,"Dr.Rajendra Gode Institute of Technology & Research, Amravati",Amravati,0112337210,Electronics and Telecommunication Engg,Minority,AI,64357,51.0951041
01123,"Dr.Rajendra Gode Institute of Technology & Research, Amravati",Amravati,0112337210,Electronics and Telecommunication Engg,Minority,EWS,228564,3.2568611
01123,"Dr.Rajendra Gode Institute of Technology & Research, Amravati",Amravati,0112337210,Electronics and Telecommunication Engg,Minority,TFWS,114012,71.4377156
01123,"Dr.Rajendra Gode Institute of Technology & Research, Amravati",Amravati,0112356810,Computer Science and Information Technology,Minority,GOPENS,141008,62.9339383
01123,"Dr.Rajendra Gode Institute of Technology & Research, Amravati",Amravati,0112356810,Computer Science and Information Technology,Minority,LOPENS,123237,68.6498934
01123,"Dr.Rajendra Gode Institute of Technology & Research, Amravati",Amravati,0112356810,Computer Science and Information Technology,Minority,LOBCS,135562,64.4305882
01123,"Dr.Rajendra Gode Institute of Technology & Research, Amravati",Amravati,0112356810,Computer Science and Information Technology,Minority,DEFOPENS,127648,67.2460619
01123,"Dr.Rajendra Gode Institute of Technology & Research, Amravati",Amravati,0112356810,Computer Science and Information Technology,Minority,LSCS,153451,58.1924692
01123,"Dr.Rajendra Gode Institute of Technology & Research, Amravati",Amravati,0112356810,Computer Science and Information Technology,Minority,LSEBCS,135142,64.7164682
01123,"Dr.Rajendra Gode Institute of Technology & Research, Amravati",Amravati,0112356810,Computer Science and Information Technology,Minority,GOBCS,142553,62.4995214
01123,"Dr.Rajendra Gode Institute of Technology & Research, Amravati",Amravati,0112356810,Computer Science and Information Technology,Minority,GSEBCS,146410,60.7556304
01123,"Dr.Rajendra Gode Institute of Technology & Research, Amravati",Amravati,0112356810,Computer Science and Information Technology,Minority,DEFOBCS,142895,62.3077731
01123,"Dr.Rajendra Gode Institute of Technology & Research, Amravati",Amravati,0112356810,Computer Science and Information Technology,Minority,GVJS,143629,61.9042106
01123,"Dr.Rajendra Gode Institute of Technology & Research, Amravati",Amravati,0112356810,Computer Science and Information Technology,Minority,LSTS,144693,61.579051
01123,"Dr.Rajendra Gode Institute of Technology & Research, Amravati",Amravati,0112356810,Computer Science and Information Technology,Minority,PWDOPENS,144811,61.2830506
01123,"Dr.Rajendra Gode Institute of Technology & Research, Amravati",Amravati,0112356810,Computer Science and Information Technology,Minority,PWDOBCS,146830,60.6803919
01123,"Dr.Rajendra Gode Institute of Technology & Research, Amravati",Amravati,0112356810,Computer Science and Information Technology,Minority,GSTS,148777,60.070698
01123,"Dr.Rajendra Gode Institute of Technology & Research, Amravati",Amravati,0112356810,Computer Science and Information Technology,Minority,ORPHANI,149190,59.950946
01123,"Dr.Rajendra Gode Institute of Technology & Research, Amravati",Amravati,0112356810,Computer Science and Information Technology,Minority,GSCS,158376,56.2435713
01123,"Dr.Rajendra Gode Institute of Technology & Research, Amravati",Amravati,0112356810,Computer Science and Information Technology,Minority,GNT1S,166072,52.8745002
01123,"Dr.Rajendra Gode Institute of Technology & Research, Amravati",Amravati,0112356810,Computer Science and Information Technology,Minority,GNT2S,168426,52.1256716
01123,"Dr.Rajendra Gode Institute of Technology & Research, Amravati",Amravati,0112356810,Computer Science and Information Technology,Minority,LNT3S,168702,52.1191375
01123,"Dr.Rajendra Gode Institute of Technology & Research, Amravati",Amravati,0112356810,Computer Science and Information Technology,Minority,AI,71535,44.2354858
01123,"Dr.Rajendra Gode Institute of Technology & Research, Amravati",Amravati,0112356810,Computer Science and Information Technology,Minority,EWS,228884,2.3258261
01123,"Dr.Rajendra Gode Institute of Technology & Research, Amravati",Amravati,0112356810,Computer Science and Information Technology,Minority,TFWS,133010,65.6970807
01123,"Dr.Rajendra Gode Institute of Technology & Research, Amravati",Amravati,0112361210,Mechanical Engineering,Minority,GOPENS,144453,61.5912113
01123,"Dr.Rajendra Gode Institute of Technology & Research, Amravati",Amravati,0112361210,Mechanical Engineering,Minority,LOPENS,144893,61.2830506
01123,"Dr.Rajendra Gode Institute of Technology & Research, Amravati",Amravati,0112361210,Mechanical Engineering,Minority,PWDOPENS,132506,65.9070599
01123,"Dr.Rajendra Gode Institute of Technology & Research, Amravati",Amravati,0112361210,Mechanical Engineering,Minority,LOBCS,148851,60.010721
01123,"Dr.Rajendra Gode Institute of Technology & Research, Amravati",Amravati,0112361210,Mechanical Engineering,Minority,GOBCS,152496,58.4294088
01123,"Dr.Rajendra Gode Institute of Technology & Research, Amravati",Amravati,0112361210,Mechanical Engineering,Minority,LSCS,146467,60.7556304
01123,"Dr.Rajendra Gode Institute of Technology & Research, Amravati",Amravati,0112361210,Mechanical Engineering,Minority,DEFOPENS,146901,60.6803919
01123,"Dr.Rajendra Gode Institute of Technology & Research, Amravati",Amravati,0112361210,Mechanical Engineering,Minority,ORPHANN,146912,60.6803919
01123,"Dr.Rajendra Gode Institute of Technology & Research, Amravati",Amravati,0112361210,Mechanical Engineering,Minority,LSEBCS,152406,58.4294088
01123,"Dr.Rajendra Gode Institute of Technology & Research, Amravati",Amravati,0112361210,Mechanical Engineering,Minority,GSTS,152464,58.4294088
01123,"Dr.Rajendra Gode Institute of Technology & Research, Amravati",Amravati,0112361210,Mechanical Engineering,Minority,PWDOBCS,148792,60.070698
01123,"Dr.Rajendra Gode Institute of Technology & Research, Amravati",Amravati,0112361210,Mechanical Engineering,Minority,DEFOBCS,149361,59.8130199
01123,"Dr.Rajendra Gode Institute of Technology & Research, Amravati",Amravati,0112361210,Mechanical Engineering,Minority,LSTS,150270,59.5017065
01123,"Dr.Rajendra Gode Institute of Technology & Research, Amravati",Amravati,0112361210,Mechanical Engineering,Minority,GSCS,172354,50.5512969
01123,"Dr.Rajendra Gode Institute of Technology & Research, Amravati",Amravati,0112361210,Mechanical Engineering,Minority,GNT1S,173290,49.8201439
01123,"Dr.Rajendra Gode Institute of Technology & Research, Amravati",Amravati,0112361210,Mechanical Engineering,Minority,GNT2S,164554,53.8067479
01123,"Dr.Rajendra Gode Institute of Technology & Research, Amravati",Amravati,0112361210,Mechanical Engineering,Minority,GVJS,175392,49.0487536
01123,"Dr.Rajendra Gode Institute of Technology & Research, Amravati",Amravati,0112361210,Mechanical Engineering,Minority,GNT3S,213988,24.2423208
01123,"Dr.Rajendra Gode Institute of Technology & Research, Amravati",Amravati,0112361210,Mechanical Engineering,Minority,LVJS,215168,22.8294494
01123,"Dr.Rajendra Gode Institute of Technology & Research, Amravati",Amravati,0112361210,Mechanical Engineering,Minority,GSEBCS,228260,4.1246657
01123,"Dr.Rajendra Gode Institute of Technology & Research, Amravati",Amravati,0112361210,Mechanical Engineering,Minority,AI,72277,43.5846301
01123,"Dr.Rajendra Gode Institute of Technology & Research, Amravati",Amravati,0112361210,Mechanical Engineering,Minority,TFWS,157421,56.5580532
01123,"Dr.Rajendra Gode Institute of Technology & Research, Amravati",Amravati,0112399510,Artificial Intelligence and Data Science,Minority,GOPENS,134266,65.2933256
01123,"Dr.Rajendra Gode Institute of Technology & Research, Amravati",Amravati,0112399510,Artificial Intelligence and Data Science,Minority,LOPENS,115081,71.0421393
01123,"Dr.Rajendra Gode Institute of Technology & Research, Amravati",Amravati,0112399510,Artificial Intelligence and Data Science,Minority,LOBCS,123958,68.58833
01123,"Dr.Rajendra Gode Institute of Technology & Research, Amravati",Amravati,0112399510,Artificial Intelligence and Data Science,Minority,DEFOPENS,123179,68.6498934
01123,"Dr.Rajendra Gode Institute of Technology & Research, Amravati",Amravati,0112399510,Artificial Intelligence and Data Science,Minority,LSCS,137359,63.9535342
01123,"Dr.Rajendra Gode Institute of Technology & Research, Amravati",Amravati,0112399510,Artificial Intelligence and Data Science,Minority,LNT1S,126618,67.500481
01123,"Dr.Rajendra Gode Institute of Technology & Research, Amravati",Amravati,0112399510,Artificial Intelligence and Data Science,Minority,PWDOBCS,131775,66.0625569
01123,"Dr.Rajendra Gode Institute of Technology & Research, Amravati",Amravati,0112399510,Artificial Intelligence and Data Science,Minority,LNT2S,133111,65.6970807
01123,"Dr.Rajendra Gode Institute of Technology & Research, Amravati",Amravati,0112399510,Artificial Intelligence and Data Science,Minority,GSTS,140927,62.965955
01123,"Dr.Rajendra Gode Institute of Technology & Research, Amravati",Amravati,0112399510,Artificial Intelligence and Data Science,Minority,GOBCS,137470,63.9397326
01123,"Dr.Rajendra Gode Institute of Technology & Research, Amravati",Amravati,0112399510,Artificial Intelligence and Data Science,Minority,GSCS,145224,61.2510322
01123,"Dr.Rajendra Gode Institute of Technology & Research, Amravati",Amravati,0112399510,Artificial Intelligence and Data Science,Minority,PWDOPENS,137929,63.5901214
01123,"Dr.Rajendra Gode Institute of Technology & Research, Amravati",Amravati,0112399510,Artificial Intelligence and Data Science,Minority,DEFOBCS,138059,63.5901214
01123,"Dr.Rajendra Gode Institute of Technology & Research, Amravati",Amravati,0112399510,Artificial Intelligence and Data Science,Minority,LSTS,138522,63.552865
01123,"Dr.Rajendra Gode Institute of Technology & Research, Amravati",Amravati,0112399510,Artificial Intelligence and Data Science,Minority,ORPHANI,138734,63.540901
01123,"Dr.Rajendra Gode Institute of Technology & Research, Amravati",Amravati,0112399510,Artificial Intelligence and Data Science,Minority,LSEBCS,144515,61.5912113
01123,"Dr.Rajendra Gode Institute of Technology & Research, Amravati",Amravati,0112399510,Artificial Intelligence and Data Science,Minority,GNT2S,144853,61.2830506
01123,"Dr.Rajendra Gode Institute of Technology & Research, Amravati",Amravati,0112399510,Artificial Intelligence and Data Science,Minority,GSEBCS,219975,18.015086
01123,"Dr.Rajendra Gode Institute of Technology & Research, Amravati",Amravati,0112399510,Artificial Intelligence and Data Science,Minority,GVJS,154951,57.8274425
01123,"Dr.Rajendra Gode Institute of Technology & Research, Amravati",Amravati,0112399510,Artificial Intelligence and Data Science,Minority,GNT3S,184137,44.6087422
01123,"Dr.Rajendra Gode Institute of Technology & Research, Amravati",Amravati,0112399510,Artificial Intelligence and Data Science,Minority,AI,56198,57.7045679
01123,"Dr.Rajendra Gode Institute of Technology & Research, Amravati",Amravati,0112399510,Artificial Intelligence and Data Science,Minority,EWS,185598,44.1521083
01123,"Dr.Rajendra Gode Institute of Technology & Research, Amravati",Amravati,0112399510,Artificial Intelligence and Data Science,Minority,TFWS,122515,68.7336094
01125,"Dwarka Bahu Uddeshiya Gramin Vikas Foundation, Rajarshi Shahu College of Engineering, Buldhana",Buldhana,0112519110,Civil Engineering,Minority,GOPENH,220150,17.7299217
01125,"Dwarka Bahu Uddeshiya Gramin Vikas Foundation, Rajarshi Shahu College of Engineering, Buldhana",Buldhana,0112519110,Civil Engineering,Minority,LOPENH,225338,10.3857148
01125,"Dwarka Bahu Uddeshiya Gramin Vikas Foundation, Rajarshi Shahu College of Engineering, Buldhana",Buldhana,0112519110,Civil Engineering,Minority,PWDOBCH,186679,43.578754
01125,"Dwarka Bahu Uddeshiya Gramin Vikas Foundation, Rajarshi Shahu College of Engineering, Buldhana",Buldhana,0112519110,Civil Engineering,Minority,LVJH,200798,34.7115718
01125,"Dwarka Bahu Uddeshiya Gramin Vikas Foundation, Rajarshi Shahu College of Engineering, Buldhana",Buldhana,0112519110,Civil Engineering,Minority,PWDOPENH,208648,28.9974428
01125,"Dwarka Bahu Uddeshiya Gramin Vikas Foundation, Rajarshi Shahu College of Engineering, Buldhana",Buldhana,0112519110,Civil Engineering,Minority,GOBCH,217267,20.9233553
01125,"Dwarka Bahu Uddeshiya Gramin Vikas Foundation, Rajarshi Shahu College of Engineering, Buldhana",Buldhana,0112519110,Civil Engineering,Minority,GSCH,228166,4.3948304
01125,"Dwarka Bahu Uddeshiya Gramin Vikas Foundation, Rajarshi Shahu College of Engineering, Buldhana",Buldhana,0112519110,Civil Engineering,Minority,GNT1H,227840,5.1420646
01125,"Dwarka Bahu Uddeshiya Gramin Vikas Foundation, Rajarshi Shahu College of Engineering, Buldhana",Buldhana,0112519110,Civil Engineering,Minority,GOPENO,204151,32.4939862
01125,"Dwarka Bahu Uddeshiya Gramin Vikas Foundation, Rajarshi Shahu College of Engineering, Buldhana",Buldhana,0112519110,Civil Engineering,Minority,GNT2O,220436,17.5005248
01125,"Dwarka Bahu Uddeshiya Gramin Vikas Foundation, Rajarshi Shahu College of Engineering, Buldhana",Buldhana,0112519110,Civil Engineering,Minority,GOBCO,209616,28.2298995
01125,"Dwarka Bahu Uddeshiya Gramin Vikas Foundation, Rajarshi Shahu College of Engineering, Buldhana",Buldhana,0112519110,Civil Engineering,Minority,GNT3O,212811,25.2991393
01125,"Dwarka Bahu Uddeshiya Gramin Vikas Foundation, Rajarshi Shahu College of Engineering, Buldhana",Buldhana,0112519110,Civil Engineering,Minority,LOPENO,222247,15.1259327
01125,"Dwarka Bahu Uddeshiya Gramin Vikas Foundation, Rajarshi Shahu College of Engineering, Buldhana",Buldhana,0112519110,Civil Engineering,Minority,AI,232605,13.9341445
01125,"Dwarka Bahu Uddeshiya Gramin Vikas Foundation, Rajarshi Shahu College of Engineering, Buldhana",Buldhana,0112519110,Civil Engineering,Minority,DEFOPENS,209292,28.3323489
01125,"Dwarka Bahu Uddeshiya Gramin Vikas Foundation, Rajarshi Shahu College of Engineering, Buldhana",Buldhana,0112519110,Civil Engineering,Minority,EWS,224609,11.1503744
01125,"Dwarka Bahu Uddeshiya Gramin Vikas Foundation, Rajarshi Shahu College of Engineering, Buldhana",Buldhana,0112519110,Civil Engineering,Minority,TFWS,174441,49.2473035
01125,"Dwarka Bahu Uddeshiya Gramin Vikas Foundation, Rajarshi Shahu College of Engineering, Buldhana",Buldhana,0112524210,Computer Science and Engineering,Minority,LOPENH,152095,59.0801845
01125,"Dwarka Bahu Uddeshiya Gramin Vikas Foundation, Rajarshi Shahu College of Engineering, Buldhana",Buldhana,0112524210,Computer Science and Engineering,Minority,GOPENH,170220,51.7178644
01125,"Dwarka Bahu Uddeshiya Gramin Vikas Foundation, Rajarshi Shahu College of Engineering, Buldhana",Buldhana,0112524210,Computer Science and Engineering,Minority,PWDOBCH,130267,66.1911263
01125,"Dwarka Bahu Uddeshiya Gramin Vikas Foundation, Rajarshi Shahu College of Engineering, Buldhana",Buldhana,0112524210,Computer Science and Engineering,Minority,PWDOPENH,134237,65.3107562
01125,"Dwarka Bahu Uddeshiya Gramin Vikas Foundation, Rajarshi Shahu College of Engineering, Buldhana",Buldhana,0112524210,Computer Science and Engineering,Minority,LSCH,144022,61.7346759
01125,"Dwarka Bahu Uddeshiya Gramin Vikas Foundation, Rajarshi Shahu College of Engineering, Buldhana",Buldhana,0112524210,Computer Science and Engineering,Minority,LOBCH,155643,57.5392085
01125,"Dwarka Bahu Uddeshiya Gramin Vikas Foundation, Rajarshi Shahu College of Engineering, Buldhana",Buldhana,0112524210,Computer Science and Engineering,Minority,GOBCH,177315,48.1265004
01125,"Dwarka Bahu Uddeshiya Gramin Vikas Foundation, Rajarshi Shahu College of Engineering, Buldhana",Buldhana,0112524210,Computer Science and Engineering,Minority,LSEBCH,168849,52.1191375
01125,"Dwarka Bahu Uddeshiya Gramin Vikas Foundation, Rajarshi Shahu College of Engineering, Buldhana",Buldhana,0112524210,Computer Science and Engineering,Minority,GSCH,220507,17.4168914
01125,"Dwarka Bahu Uddeshiya Gramin Vikas Foundation, Rajarshi Shahu College of Engineering, Buldhana",Buldhana,0112524210,Computer Science and Engineering,Minority,GSEBCH,182200,45.6611497
01125,"Dwarka Bahu Uddeshiya Gramin Vikas Foundation, Rajarshi Shahu College of Engineering, Buldhana",Buldhana,0112524210,Computer Science and Engineering,Minority,GSTH,181625,45.9819894
01125,"Dwarka Bahu Uddeshiya Gramin Vikas Foundation, Rajarshi Shahu College of Engineering, Buldhana",Buldhana,0112524210,Computer Science and Engineering,Minority,GNT3H,183558,44.7174641
01125,"Dwarka Bahu Uddeshiya Gramin Vikas Foundation, Rajarshi Shahu College of Engineering, Buldhana",Buldhana,0112524210,Computer Science and Engineering,Minority,GNT2H,186526,43.6669107
01125,"Dwarka Bahu Uddeshiya Gramin Vikas Foundation, Rajarshi Shahu College of Engineering, Buldhana",Buldhana,0112524210,Computer Science and Engineering,Minority,LSTH,222673,14.6839821
01125,"Dwarka Bahu Uddeshiya Gramin Vikas Foundation, Rajarshi Shahu College of Engineering, Buldhana",Buldhana,0112524210,Computer Science and Engineering,Minority,GVJH,193037,39.966573
01125,"Dwarka Bahu Uddeshiya Gramin Vikas Foundation, Rajarshi Shahu College of Engineering, Buldhana",Buldhana,0112524210,Computer Science and Engineering,Minority,GOPENO,171150,51.2488599
01125,"Dwarka Bahu Uddeshiya Gramin Vikas Foundation, Rajarshi Shahu College of Engineering, Buldhana",Buldhana,0112524210,Computer Science and Engineering,Minority,LOPENO,162301,54.9733848
01125,"Dwarka Bahu Uddeshiya Gramin Vikas Foundation, Rajarshi Shahu College of Engineering, Buldhana",Buldhana,0112524210,Computer Science and Engineering,Minority,GOBCO,183775,44.6246246
01125,"Dwarka Bahu Uddeshiya Gramin Vikas Foundation, Rajarshi Shahu College of Engineering, Buldhana",Buldhana,0112524210,Computer Science and Engineering,Minority,LOBCO,195076,38.215662
01125,"Dwarka Bahu Uddeshiya Gramin Vikas Foundation, Rajarshi Shahu College of Engineering, Buldhana",Buldhana,0112524210,Computer Science and Engineering,Minority,GSEBCO,204213,32.4939862
01125,"Dwarka Bahu Uddeshiya Gramin Vikas Foundation, Rajarshi Shahu College of Engineering, Buldhana",Buldhana,0112524210,Computer Science and Engineering,Minority,GSTO,202421,33.8928203
01125,"Dwarka Bahu Uddeshiya Gramin Vikas Foundation, Rajarshi Shahu College of Engineering, Buldhana",Buldhana,0112524210,Computer Science and Engineering,Minority,GNT1O,202702,33.7141758
01125,"Dwarka Bahu Uddeshiya Gramin Vikas Foundation, Rajarshi Shahu College of Engineering, Buldhana",Buldhana,0112524210,Computer Science and Engineering,Minority,LSCO,162838,54.873582
01125,"Dwarka Bahu Uddeshiya Gramin Vikas Foundation, Rajarshi Shahu College of Engineering, Buldhana",Buldhana,0112524210,Computer Science and Engineering,Minority,GSCO,198755,36.6299371
01125,"Dwarka Bahu Uddeshiya Gramin Vikas Foundation, Rajarshi Shahu College of Engineering, Buldhana",Buldhana,0112524210,Computer Science and Engineering,Minority,AI,93130,15.7917593
01125,"Dwarka Bahu Uddeshiya Gramin Vikas Foundation, Rajarshi Shahu College of Engineering, Buldhana",Buldhana,0112524210,Computer Science and Engineering,Minority,DEFOPENS,157327,56.5580532
01125,"Dwarka Bahu Uddeshiya Gramin Vikas Foundation, Rajarshi Shahu College of Engineering, Buldhana",Buldhana,0112524210,Computer Science and Engineering,Minority,DEFOBCS,170902,51.4221759
01125,"Dwarka Bahu Uddeshiya Gramin Vikas Foundation, Rajarshi Shahu College of Engineering, Buldhana",Buldhana,0112524210,Computer Science and Engineering,Minority,ORPHANI,180075,46.728217
01125,"Dwarka Bahu Uddeshiya Gramin Vikas Foundation, Rajarshi Shahu College of Engineering, Buldhana",Buldhana,0112524210,Computer Science and Engineering,Minority,EWS,221081,16.6253199
01125,"Dwarka Bahu Uddeshiya Gramin Vikas Foundation, Rajarshi Shahu College of Engineering, Buldhana",Buldhana,0112524210,Computer Science and Engineering,Minority,TFWS,123609,68.6031011
01125,"Dwarka Bahu Uddeshiya Gramin Vikas Foundation, Rajarshi Shahu College of Engineering, Buldhana",Buldhana,0112526310,Artificial Intelligence (AI) and Data Science,Minority,LOPENH,143186,62.2946352
01125,"Dwarka Bahu Uddeshiya Gramin Vikas Foundation, Rajarshi Shahu College of Engineering, Buldhana",Buldhana,0112526310,Artificial Intelligence (AI) and Data Science,Minority,LOBCH,164089,54.1426021
01125,"Dwarka Bahu Uddeshiya Gramin Vikas Foundation, Rajarshi Shahu College of Engineering, Buldhana",Buldhana,0112526310,Artificial Intelligence (AI) and Data Science,Minority,LSEBCH,91079,77.8612083
01125,"Dwarka Bahu Uddeshiya Gramin Vikas Foundation, Rajarshi Shahu College of Engineering, Buldhana",Buldhana,0112526310,Artificial Intelligence (AI) and Data Science,Minority,GOPENH,191298,40.6688911
01125,"Dwarka Bahu Uddeshiya Gramin Vikas Foundation, Rajarshi Shahu College of Engineering, Buldhana",Buldhana,0112526310,Artificial Intelligence (AI) and Data Science,Minority,PWDOBCH,179410,47.0872596
01125,"Dwarka Bahu Uddeshiya Gramin Vikas Foundation, Rajarshi Shahu College of Engineering, Buldhana",Buldhana,0112526310,Artificial Intelligence (AI) and Data Science,Minority,PWDOPENH,186102,43.7064846
01125,"Dwarka Bahu Uddeshiya Gramin Vikas Foundation, Rajarshi Shahu College of Engineering, Buldhana",Buldhana,0112526310,Artificial Intelligence (AI) and Data Science,Minority,GOBCH,201444,34.2796407
01125,"Dwarka Bahu Uddeshiya Gramin Vikas Foundation, Rajarshi Shahu College of Engineering, Buldhana",Buldhana,0112526310,Artificial Intelligence (AI) and Data Science,Minority,LSCH,208622,28.9974428
01125,"Dwarka Bahu Uddeshiya Gramin Vikas Foundation, Rajarshi Shahu College of Engineering, Buldhana",Buldhana,0112526310,Artificial Intelligence (AI) and Data Science,Minority,LNT3H,191573,40.4681495
01125,"Dwarka Bahu Uddeshiya Gramin Vikas Foundation, Rajarshi Shahu College of Engineering, Buldhana",Buldhana,0112526310,Artificial Intelligence (AI) and Data Science,Minority,GNT1H,192005,40.4581492
01125,"Dwarka Bahu Uddeshiya Gramin Vikas Foundation, Rajarshi Shahu College of Engineering, Buldhana",Buldhana,0112526310,Artificial Intelligence (AI) and Data Science,Minority,GSEBCH,203487,32.7909025
01125,"Dwarka Bahu Uddeshiya Gramin Vikas Foundation, Rajarshi Shahu College of Engineering, Buldhana",Buldhana,0112526310,Artificial Intelligence (AI) and Data Science,Minority,GSTH,202419,33.8928203
01125,"Dwarka Bahu Uddeshiya Gramin Vikas Foundation, Rajarshi Shahu College of Engineering, Buldhana",Buldhana,0112526310,Artificial Intelligence (AI) and Data Science,Minority,LSTH,206706,30.647462
01125,"Dwarka Bahu Uddeshiya Gramin Vikas Foundation, Rajarshi Shahu College of Engineering, Buldhana",Buldhana,0112526310,Artificial Intelligence (AI) and Data Science,Minority,GSCH,217226,20.9233553
01125,"Dwarka Bahu Uddeshiya Gramin Vikas Foundation, Rajarshi Shahu College of Engineering, Buldhana",Buldhana,0112526310,Artificial Intelligence (AI) and Data Science,Minority,LNT2H,209659,28.2298995
01125,"Dwarka Bahu Uddeshiya Gramin Vikas Foundation, Rajarshi Shahu College of Engineering, Buldhana",Buldhana,0112526310,Artificial Intelligence (AI) and Data Science,Minority,LVJH,216656,21.5368309
01125,"Dwarka Bahu Uddeshiya Gramin Vikas Foundation, Rajarshi Shahu College of Engineering, Buldhana",Buldhana,0112526310,Artificial Intelligence (AI) and Data Science,Minority,LNT1H,219459,18.3800623
01125,"Dwarka Bahu Uddeshiya Gramin Vikas Foundation, Rajarshi Shahu College of Engineering, Buldhana",Buldhana,0112526310,Artificial Intelligence (AI) and Data Science,Minority,GOPENO,153625,58.1924692
01125,"Dwarka Bahu Uddeshiya Gramin Vikas Foundation, Rajarshi Shahu College of Engineering, Buldhana",Buldhana,0112526310,Artificial Intelligence (AI) and Data Science,Minority,GVJO,174648,49.1980067
01125,"Dwarka Bahu Uddeshiya Gramin Vikas Foundation, Rajarshi Shahu College of Engineering, Buldhana",Buldhana,0112526310,Artificial Intelligence (AI) and Data Science,Minority,LOPENO,202186,34.0389056
01125,"Dwarka Bahu Uddeshiya Gramin Vikas Foundation, Rajarshi Shahu College of Engineering, Buldhana",Buldhana,0112526310,Artificial Intelligence (AI) and Data Science,Minority,GOBCO,205710,31.2469386
01125,"Dwarka Bahu Uddeshiya Gramin Vikas Foundation, Rajarshi Shahu College of Engineering, Buldhana",Buldhana,0112526310,Artificial Intelligence (AI) and Data Science,Minority,GSEBCO,208618,28.9974428
01125,"Dwarka Bahu Uddeshiya Gramin Vikas Foundation, Rajarshi Shahu College of Engineering, Buldhana",Buldhana,0112526310,Artificial Intelligence (AI) and Data Science,Minority,GSTO,221397,16.0591472
01125,"Dwarka Bahu Uddeshiya Gramin Vikas Foundation, Rajarshi Shahu College of Engineering, Buldhana",Buldhana,0112526310,Artificial Intelligence (AI) and Data Science,Minority,GSCO,225615,9.5804392
01125,"Dwarka Bahu Uddeshiya Gramin Vikas Foundation, Rajarshi Shahu College of Engineering, Buldhana",Buldhana,0112526310,Artificial Intelligence (AI) and Data Science,Minority,LOBCO,183721,44.7174641
01125,"Dwarka Bahu Uddeshiya Gramin Vikas Foundation, Rajarshi Shahu College of Engineering, Buldhana",Buldhana,0112526310,Artificial Intelligence (AI) and Data Science,Minority,LNT2O,224183,12.2161407
01125,"Dwarka Bahu Uddeshiya Gramin Vikas Foundation, Rajarshi Shahu College of Engineering, Buldhana",Buldhana,0112526310,Artificial Intelligence (AI) and Data Science,Minority,AI,182848,57.8274425
01125,"Dwarka Bahu Uddeshiya Gramin Vikas Foundation, Rajarshi Shahu College of Engineering, Buldhana",Buldhana,0112526310,Artificial Intelligence (AI) and Data Science,Minority,DEFOBCS,171283,51.0139791
01125,"Dwarka Bahu Uddeshiya Gramin Vikas Foundation, Rajarshi Shahu College of Engineering, Buldhana",Buldhana,0112526310,Artificial Intelligence (AI) and Data Science,Minority,DEFOPENS,206704,30.647462
01125,"Dwarka Bahu Uddeshiya Gramin Vikas Foundation, Rajarshi Shahu College of Engineering, Buldhana",Buldhana,0112526310,Artificial Intelligence (AI) and Data Science,Minority,ORPHANN,204416,32.4603175
01125,"Dwarka Bahu Uddeshiya Gramin Vikas Foundation, Rajarshi Shahu College of Engineering, Buldhana",Buldhana,0112526310,Artificial Intelligence (AI) and Data Science,Minority,EWS,225158,10.7179688
01125,"Dwarka Bahu Uddeshiya Gramin Vikas Foundation, Rajarshi Shahu College of Engineering, Buldhana",Buldhana,0112526310,Artificial Intelligence (AI) and Data Science,Minority,TFWS,148703,60.070698
01125,"Dwarka Bahu Uddeshiya Gramin Vikas Foundation, Rajarshi Shahu College of Engineering, Buldhana",Buldhana,0112529310,Electrical Engineering,Minority,GOPENH,223495,13.1538992
01125,"Dwarka Bahu Uddeshiya Gramin Vikas Foundation, Rajarshi Shahu College of Engineering, Buldhana",Buldhana,0112529310,Electrical Engineering,Minority,LOBCH,191586,40.4681495
01125,"Dwarka Bahu Uddeshiya Gramin Vikas Foundation, Rajarshi Shahu College of Engineering, Buldhana",Buldhana,0112529310,Electrical Engineering,Minority,LOPENH,221246,16.2056174
01125,"Dwarka Bahu Uddeshiya Gramin Vikas Foundation, Rajarshi Shahu College of Engineering, Buldhana",Buldhana,0112529310,Electrical Engineering,Minority,GOBCH,211178,27.0109031
01125,"Dwarka Bahu Uddeshiya Gramin Vikas Foundation, Rajarshi Shahu College of Engineering, Buldhana",Buldhana,0112529310,Electrical Engineering,Minority,GVJH,217083,20.9880869
01125,"Dwarka Bahu Uddeshiya Gramin Vikas Foundation, Rajarshi Shahu College of Engineering, Buldhana",Buldhana,0112529310,Electrical Engineering,Minority,PWDOBCH,221889,15.4884768
01125,"Dwarka Bahu Uddeshiya Gramin Vikas Foundation, Rajarshi Shahu College of Engineering, Buldhana",Buldhana,0112529310,Electrical Engineering,Minority,GOPENO,183879,44.6246246
01125,"Dwarka Bahu Uddeshiya Gramin Vikas Foundation, Rajarshi Shahu College of Engineering, Buldhana",Buldhana,0112529310,Electrical Engineering,Minority,GOBCO,215842,22.4923895
01125,"Dwarka Bahu Uddeshiya Gramin Vikas Foundation, Rajarshi Shahu College of Engineering, Buldhana",Buldhana,0112529310,Electrical Engineering,Minority,LOPENO,226540,8.0477816
01125,"Dwarka Bahu Uddeshiya Gramin Vikas Foundation, Rajarshi Shahu College of Engineering, Buldhana",Buldhana,0112529310,Electrical Engineering,Minority,AI,231728,15.6344619
01125,"Dwarka Bahu Uddeshiya Gramin Vikas Foundation, Rajarshi Shahu College of Engineering, Buldhana",Buldhana,0112529310,Electrical Engineering,Minority,EWS,124180,68.58833
01125,"Dwarka Bahu Uddeshiya Gramin Vikas Foundation, Rajarshi Shahu College of Engineering, Buldhana",Buldhana,0112529310,Electrical Engineering,Minority,TFWS,125366,68.0484125
01125,"Dwarka Bahu Uddeshiya Gramin Vikas Foundation, Rajarshi Shahu College of Engineering, Buldhana",Buldhana,0112561210,Mechanical Engineering,Minority,GOPENH,225360,10.3339505
01125,"Dwarka Bahu Uddeshiya Gramin Vikas Foundation, Rajarshi Shahu College of Engineering, Buldhana",Buldhana,0112561210,Mechanical Engineering,Minority,GOBCH,213548,24.7436032
01125,"Dwarka Bahu Uddeshiya Gramin Vikas Foundation, Rajarshi Shahu College of Engineering, Buldhana",Buldhana,0112561210,Mechanical Engineering,Minority,LOPENH,220570,17.4168914
01125,"Dwarka Bahu Uddeshiya Gramin Vikas Foundation, Rajarshi Shahu College of Engineering, Buldhana",Buldhana,0112561210,Mechanical Engineering,Minority,GOPENO,197004,37.2578704
01125,"Dwarka Bahu Uddeshiya Gramin Vikas Foundation, Rajarshi Shahu College of Engineering, Buldhana",Buldhana,0112561210,Mechanical Engineering,Minority,LOPENO,223481,13.1614654
01125,"Dwarka Bahu Uddeshiya Gramin Vikas Foundation, Rajarshi Shahu College of Engineering, Buldhana",Buldhana,0112561210,Mechanical Engineering,Minority,AI,233003,13.1614654
01126,"Takshashila Institute of Engineering & Technology, Darapur, Amravati",Amravati,0112619110,Civil Engineering,Minority,GOPENH,183646,44.7174641
01126,"Takshashila Institute of Engineering & Technology, Darapur, Amravati",Amravati,0112619110,Civil Engineering,Minority,LOPENH,186401,43.6669107
01126,"Takshashila Institute of Engineering & Technology, Darapur, Amravati",Amravati,0112619110,Civil Engineering,Minority,PWDOBCH,171127,51.2488599
01126,"Takshashila Institute of Engineering & Technology, Darapur, Amravati",Amravati,0112619110,Civil Engineering,Minority,GSCH,198886,36.6299371
01126,"Takshashila Institute of Engineering & Technology, Darapur, Amravati",Amravati,0112619110,Civil Engineering,Minority,GOBCH,203679,32.6058557
01126,"Takshashila Institute of Engineering & Technology, Darapur, Amravati",Amravati,0112619110,Civil Engineering,Minority,LOBCH,192918,39.9867632
01126,"Takshashila Institute of Engineering & Technology, Darapur, Amravati",Amravati,0112619110,Civil Engineering,Minority,GSEBCH,202448,33.8928203
01126,"Takshashila Institute of Engineering & Technology, Darapur, Amravati",Amravati,0112619110,Civil Engineering,Minority,LSCH,196471,37.8307719
01126,"Takshashila Institute of Engineering & Technology, Darapur, Amravati",Amravati,0112619110,Civil Engineering,Minority,PWDOPENH,197228,37.2122315
01126,"Takshashila Institute of Engineering & Technology, Darapur, Amravati",Amravati,0112619110,Civil Engineering,Minority,LNT2H,199479,35.5990164
01126,"Takshashila Institute of Engineering & Technology, Darapur, Amravati",Amravati,0112619110,Civil Engineering,Minority,GSTH,204987,31.8317161
01126,"Takshashila Institute of Engineering & Technology, Darapur, Amravati",Amravati,0112619110,Civil Engineering,Minority,GNT2H,205153,31.7722006
01126,"Takshashila Institute of Engineering & Technology, Darapur, Amravati",Amravati,0112619110,Civil Engineering,Minority,GNT3H,205192,31.7722006
01126,"Takshashila Institute of Engineering & Technology, Darapur, Amravati",Amravati,0112619110,Civil Engineering,Minority,LSEBCH,206114,30.9042114
01126,"Takshashila Institute of Engineering & Technology, Darapur, Amravati",Amravati,0112619110,Civil Engineering,Minority,GNT1H,209336,28.3323489
01126,"Takshashila Institute of Engineering & Technology, Darapur, Amravati",Amravati,0112619110,Civil Engineering,Minority,GVJH,211198,27.0109031
01126,"Takshashila Institute of Engineering & Technology, Darapur, Amravati",Amravati,0112619110,Civil Engineering,Minority,GOPENO,196576,37.8097183
01126,"Takshashila Institute of Engineering & Technology, Darapur, Amravati",Amravati,0112619110,Civil Engineering,Minority,LOPENO,223636,13.0566298
01126,"Takshashila Institute of Engineering & Technology, Darapur, Amravati",Amravati,0112619110,Civil Engineering,Minority,LSCO,176989,48.1318449
01126,"Takshashila Institute of Engineering & Technology, Darapur, Amravati",Amravati,0112619110,Civil Engineering,Minority,GOBCO,188767,42.1633326
01126,"Takshashila Institute of Engineering & Technology, Darapur, Amravati",Amravati,0112619110,Civil Engineering,Minority,GSCO,185578,44.1521083
01126,"Takshashila Institute of Engineering & Technology, Darapur, Amravati",Amravati,0112619110,Civil Engineering,Minority,LSEBCO,202072,34.0389056
01126,"Takshashila Institute of Engineering & Technology, Darapur, Amravati",Amravati,0112619110,Civil Engineering,Minority,GSTO,207026,30.6281286
01126,"Takshashila Institute of Engineering & Technology, Darapur, Amravati",Amravati,0112619110,Civil Engineering,Minority,AI,223817,27.0109031
01126,"Takshashila Institute of Engineering & Technology, Darapur, Amravati",Amravati,0112619110,Civil Engineering,Minority,DEFOPENS,182492,45.457039
01126,"Takshashila Institute of Engineering & Technology, Darapur, Amravati",Amravati,0112619110,Civil Engineering,Minority,DEFOBCS,208853,28.7221654
01126,"Takshashila Institute of Engineering & Technology, Darapur, Amravati",Amravati,0112619110,Civil Engineering,Minority,ORPHANN,205225,31.6249855
01126,"Takshashila Institute of Engineering & Technology, Darapur, Amravati",Amravati,0112619110,Civil Engineering,Minority,EWS,228460,3.5388008
01126,"Takshashila Institute of Engineering & Technology, Darapur, Amravati",Amravati,0112619110,Civil Engineering,Minority,TFWS,156504,57.0070614
01126,"Takshashila Institute of Engineering & Technology, Darapur, Amravati",Amravati,0112624210,Computer Science and Engineering,Minority,GOPENH,160898,55.3743463
01126,"Takshashila Institute of Engineering & Technology, Darapur, Amravati",Amravati,0112624210,Computer Science and Engineering,Minority,LOPENH,141772,62.8284912
01126,"Takshashila Institute of Engineering & Technology, Darapur, Amravati",Amravati,0112624210,Computer Science and Engineering,Minority,LSCH,173051,49.8699585
01126,"Takshashila Institute of Engineering & Technology, Darapur, Amravati",Amravati,0112624210,Computer Science and Engineering,Minority,LOBCH,150999,59.3625359
01126,"Takshashila Institute of Engineering & Technology, Darapur, Amravati",Amravati,0112624210,Computer Science and Engineering,Minority,PWDOPENH,177313,48.1265004
01126,"Takshashila Institute of Engineering & Technology, Darapur, Amravati",Amravati,0112624210,Computer Science and Engineering,Minority,PWDSCH,159675,55.7277177
01126,"Takshashila Institute of Engineering & Technology, Darapur, Amravati",Amravati,0112624210,Computer Science and Engineering,Minority,GSTH,168450,52.1256716
01126,"Takshashila Institute of Engineering & Technology, Darapur, Amravati",Amravati,0112624210,Computer Science and Engineering,Minority,GOBCH,174499,49.2473035
01126,"Takshashila Institute of Engineering & Technology, Darapur, Amravati",Amravati,0112624210,Computer Science and Engineering,Minority,GSCH,182883,45.1152324
01126,"Takshashila Institute of Engineering & Technology, Darapur, Amravati",Amravati,0112624210,Computer Science and Engineering,Minority,GSEBCH,178993,47.4563898
01126,"Takshashila Institute of Engineering & Technology, Darapur, Amravati",Amravati,0112624210,Computer Science and Engineering,Minority,LSTH,177598,47.8755661
01126,"Takshashila Institute of Engineering & Technology, Darapur, Amravati",Amravati,0112624210,Computer Science and Engineering,Minority,LNT1H,172149,50.8385093
01126,"Takshashila Institute of Engineering & Technology, Darapur, Amravati",Amravati,0112624210,Computer Science and Engineering,Minority,PWDSEBCH,174537,49.2473035
01126,"Takshashila Institute of Engineering & Technology, Darapur, Amravati",Amravati,0112624210,Computer Science and Engineering,Minority,GNT2H,181427,46.0219719
01126,"Takshashila Institute of Engineering & Technology, Darapur, Amravati",Amravati,0112624210,Computer Science and Engineering,Minority,LVJH,178809,47.7548586
01126,"Takshashila Institute of Engineering & Technology, Darapur, Amravati",Amravati,0112624210,Computer Science and Engineering,Minority,PWDOBCH,179502,46.9424901
01126,"Takshashila Institute of Engineering & Technology, Darapur, Amravati",Amravati,0112624210,Computer Science and Engineering,Minority,LNT3H,185539,44.1521083
01126,"Takshashila Institute of Engineering & Technology, Darapur, Amravati",Amravati,0112624210,Computer Science and Engineering,Minority,GVJH,192458,40.369284
01126,"Takshashila Institute of Engineering & Technology, Darapur, Amravati",Amravati,0112624210,Computer Science and Engineering,Minority,LSEBCH,184085,44.6087422
01126,"Takshashila Institute of Engineering & Technology, Darapur, Amravati",Amravati,0112624210,Computer Science and Engineering,Minority,GNT3H,177799,47.8532423
01126,"Takshashila Institute of Engineering & Technology, Darapur, Amravati",Amravati,0112624210,Computer Science and Engineering,Minority,LOPENO,171903,50.8920685
01126,"Takshashila Institute of Engineering & Technology, Darapur, Amravati",Amravati,0112624210,Computer Science and Engineering,Minority,GOPENO,197727,37.0257103
01126,"Takshashila Institute of Engineering & Technology, Darapur, Amravati",Amravati,0112624210,Computer Science and Engineering,Minority,LNT3O,174130,49.4593034
01126,"Takshashila Institute of Engineering & Technology, Darapur, Amravati",Amravati,0112624210,Computer Science and Engineering,Minority,LSTO,176651,48.401775
01126,"Takshashila Institute of Engineering & Technology, Darapur, Amravati",Amravati,0112624210,Computer Science and Engineering,Minority,LOBCO,184899,44.3667268
01126,"Takshashila Institute of Engineering & Technology, Darapur, Amravati",Amravati,0112624210,Computer Science and Engineering,Minority,GSEBCO,210848,27.2101033
01126,"Takshashila Institute of Engineering & Technology, Darapur, Amravati",Amravati,0112624210,Computer Science and Engineering,Minority,GNT1O,203511,32.7909025
01126,"Takshashila Institute of Engineering & Technology, Darapur, Amravati",Amravati,0112624210,Computer Science and Engineering,Minority,GOBCO,218182,19.9880898
01126,"Takshashila Institute of Engineering & Technology, Darapur, Amravati",Amravati,0112624210,Computer Science and Engineering,Minority,GSTO,222066,15.4472393
01126,"Takshashila Institute of Engineering & Technology, Darapur, Amravati",Amravati,0112624210,Computer Science and Engineering,Minority,LSCO,222712,14.4618704
01126,"Takshashila Institute of Engineering & Technology, Darapur, Amravati",Amravati,0112624210,Computer Science and Engineering,Minority,GSCO,172652,50.184431
01126,"Takshashila Institute of Engineering & Technology, Darapur, Amravati",Amravati,0112624210,Computer Science and Engineering,Minority,GNT2O,195131,38.215662
01126,"Takshashila Institute of Engineering & Technology, Darapur, Amravati",Amravati,0112624210,Computer Science and Engineering,Minority,LVJO,212563,25.432546
01126,"Takshashila Institute of Engineering & Technology, Darapur, Amravati",Amravati,0112624210,Computer Science and Engineering,Minority,AI,199996,47.7548586
01126,"Takshashila Institute of Engineering & Technology, Darapur, Amravati",Amravati,0112624210,Computer Science and Engineering,Minority,DEFOPENS,177542,47.8755661
01126,"Takshashila Institute of Engineering & Technology, Darapur, Amravati",Amravati,0112624210,Computer Science and Engineering,Minority,DEFOBCS,163000,54.873582
01126,"Takshashila Institute of Engineering & Technology, Darapur, Amravati",Amravati,0112624210,Computer Science and Engineering,Minority,DEFSEBCS,175726,48.8664194
01126,"Takshashila Institute of Engineering & Technology, Darapur, Amravati",Amravati,0112624210,Computer Science and Engineering,Minority,DEFSCS,179737,46.7838981
01126,"Takshashila Institute of Engineering & Technology, Darapur, Amravati",Amravati,0112624210,Computer Science and Engineering,Minority,ORPHANI,177998,47.8398896
01126,"Takshashila Institute of Engineering & Technology, Darapur, Amravati",Amravati,0112624210,Computer Science and Engineering,Minority,EWS,215356,22.7484499
01126,"Takshashila Institute of Engineering & Technology, Darapur, Amravati",Amravati,0112624210,Computer Science and Engineering,Minority,TFWS,171366,51.0139791
01126,"Takshashila Institute of Engineering & Technology, Darapur, Amravati",Amravati,0112629310,Electrical Engineering,Minority,GOPENH,153763,58.1324148
01126,"Takshashila Institute of Engineering & Technology, Darapur, Amravati",Amravati,0112629310,Electrical Engineering,Minority,LOPENH,191563,40.4681495
01126,"Takshashila Institute of Engineering & Technology, Darapur, Amravati",Amravati,0112629310,Electrical Engineering,Minority,GOBCH,184884,44.3667268
01126,"Takshashila Institute of Engineering & Technology, Darapur, Amravati",Amravati,0112629310,Electrical Engineering,Minority,LOBCH,204702,31.8464164
01126,"Takshashila Institute of Engineering & Technology, Darapur, Amravati",Amravati,0112629310,Electrical Engineering,Minority,PWDOBCH,174564,49.2473035
01126,"Takshashila Institute of Engineering & Technology, Darapur, Amravati",Amravati,0112629310,Electrical Engineering,Minority,GSCH,189389,41.7129534
01126,"Takshashila Institute of Engineering & Technology, Darapur, Amravati",Amravati,0112629310,Electrical Engineering,Minority,GVJH,180745,46.3536656
01126,"Takshashila Institute of Engineering & Technology, Darapur, Amravati",Amravati,0112629310,Electrical Engineering,Minority,PWDOPENH,181816,45.8934793
01126,"Takshashila Institute of Engineering & Technology, Darapur, Amravati",Amravati,0112629310,Electrical Engineering,Minority,GSTH,205110,31.7722006
01126,"Takshashila Institute of Engineering & Technology, Darapur, Amravati",Amravati,0112629310,Electrical Engineering,Minority,GSEBCH,204867,31.8317161
01126,"Takshashila Institute of Engineering & Technology, Darapur, Amravati",Amravati,0112629310,Electrical Engineering,Minority,GNT3H,194071,39.199832
01126,"Takshashila Institute of Engineering & Technology, Darapur, Amravati",Amravati,0112629310,Electrical Engineering,Minority,LSTH,195802,38.0740533
01126,"Takshashila Institute of Engineering & Technology, Darapur, Amravati",Amravati,0112629310,Electrical Engineering,Minority,LSEBCH,196525,37.8097183
01126,"Takshashila Institute of Engineering & Technology, Darapur, Amravati",Amravati,0112629310,Electrical Engineering,Minority,GNT1H,213198,25.0523784
01126,"Takshashila Institute of Engineering & Technology, Darapur, Amravati",Amravati,0112629310,Electrical Engineering,Minority,LNT2H,216032,22.27398
01126,"Takshashila Institute of Engineering & Technology, Darapur, Amravati",Amravati,0112629310,Electrical Engineering,Minority,LSCH,219389,18.3800623
01126,"Takshashila Institute of Engineering & Technology, Darapur, Amravati",Amravati,0112629310,Electrical Engineering,Minority,LOPENO,195667,38.0901752
01126,"Takshashila Institute of Engineering & Technology, Darapur, Amravati",Amravati,0112629310,Electrical Engineering,Minority,GOPENO,222112,15.353984
01126,"Takshashila Institute of Engineering & Technology, Darapur, Amravati",Amravati,0112629310,Electrical Engineering,Minority,GOBCO,179570,46.9424901
01126,"Takshashila Institute of Engineering & Technology, Darapur, Amravati",Amravati,0112629310,Electrical Engineering,Minority,GSCO,199202,35.8191126
01126,"Takshashila Institute of Engineering & Technology, Darapur, Amravati",Amravati,0112629310,Electrical Engineering,Minority,GSTO,200303,34.8863278
01126,"Takshashila Institute of Engineering & Technology, Darapur, Amravati",Amravati,0112629310,Electrical Engineering,Minority,LSEBCO,200886,34.4790806
01126,"Takshashila Institute of Engineering & Technology, Darapur, Amravati",Amravati,0112629310,Electrical Engineering,Minority,GSEBCO,200982,34.4790806
01126,"Takshashila Institute of Engineering & Technology, Darapur, Amravati",Amravati,0112629310,Electrical Engineering,Minority,LNT2O,223263,13.2598171
01126,"Takshashila Institute of Engineering & Technology, Darapur, Amravati",Amravati,0112629310,Electrical Engineering,Minority,AI,220376,30.74803
01126,"Takshashila Institute of Engineering & Technology, Darapur, Amravati",Amravati,0112629310,Electrical Engineering,Minority,DEFOPENS,179525,46.9424901
01126,"Takshashila Institute of Engineering & Technology, Darapur, Amravati",Amravati,0112629310,Electrical Engineering,Minority,DEFOBCS,207058,30.378919
01126,"Takshashila Institute of Engineering & Technology, Darapur, Amravati",Amravati,0112629310,Electrical Engineering,Minority,ORPHANN,201248,34.2796407
01126,"Takshashila Institute of Engineering & Technology, Darapur, Amravati",Amravati,0112629310,Electrical Engineering,Minority,EWS,171047,51.2488599
01126,"Takshashila Institute of Engineering & Technology, Darapur, Amravati",Amravati,0112629310,Electrical Engineering,Minority,TFWS,181384,46.0219719
01126,"Takshashila Institute of Engineering & Technology, Darapur, Amravati",Amravati,0112661210,Mechanical Engineering,Minority,LOPENH,211780,26.2353347
01126,"Takshashila Institute of Engineering & Technology, Darapur, Amravati",Amravati,0112661210,Mechanical Engineering,Minority,GOPENH,199993,35.508346
01126,"Takshashila Institute of Engineering & Technology, Darapur, Amravati",Amravati,0112661210,Mechanical Engineering,Minority,GNT2H,196110,37.9825825
01126,"Takshashila Institute of Engineering & Technology, Darapur, Amravati",Amravati,0112661210,Mechanical Engineering,Minority,PWDOBCH,196602,37.8097183
01126,"Takshashila Institute of Engineering & Technology, Darapur, Amravati",Amravati,0112661210,Mechanical Engineering,Minority,PWDOPENH,199409,35.8191126
01126,"Takshashila Institute of Engineering & Technology, Darapur, Amravati",Amravati,0112661210,Mechanical Engineering,Minority,GOBCH,210740,27.2101033
01126,"Takshashila Institute of Engineering & Technology, Darapur, Amravati",Amravati,0112661210,Mechanical Engineering,Minority,GSEBCH,220379,17.5485857
01126,"Takshashila Institute of Engineering & Technology, Darapur, Amravati",Amravati,0112661210,Mechanical Engineering,Minority,GNT1H,213759,24.5822293
01126,"Takshashila Institute of Engineering & Technology, Darapur, Amravati",Amravati,0112661210,Mechanical Engineering,Minority,LSEBCH,214455,23.9624698
01126,"Takshashila Institute of Engineering & Technology, Darapur, Amravati",Amravati,0112661210,Mechanical Engineering,Minority,GSTH,215400,22.7484499
01126,"Takshashila Institute of Engineering & Technology, Darapur, Amravati",Amravati,0112661210,Mechanical Engineering,Minority,GNT3H,215294,22.8294494
01126,"Takshashila Institute of Engineering & Technology, Darapur, Amravati",Amravati,0112661210,Mechanical Engineering,Minority,GSCH,225446,10.1190706
01126,"Takshashila Institute of Engineering & Technology, Darapur, Amravati",Amravati,0112661210,Mechanical Engineering,Minority,LOBCH,217116,20.9290709
01126,"Takshashila Institute of Engineering & Technology, Darapur, Amravati",Amravati,0112661210,Mechanical Engineering,Minority,LSCH,221037,16.7388465
01126,"Takshashila Institute of Engineering & Technology, Darapur, Amravati",Amravati,0112661210,Mechanical Engineering,Minority,GVJH,221347,16.1702768
01126,"Takshashila Institute of Engineering & Technology, Darapur, Amravati",Amravati,0112661210,Mechanical Engineering,Minority,GOPENO,206584,30.6903413
01126,"Takshashila Institute of Engineering & Technology, Darapur, Amravati",Amravati,0112661210,Mechanical Engineering,Minority,GOBCO,214116,24.093066
01126,"Takshashila Institute of Engineering & Technology, Darapur, Amravati",Amravati,0112661210,Mechanical Engineering,Minority,GNT1O,216343,22.0653604
01126,"Takshashila Institute of Engineering & Technology, Darapur, Amravati",Amravati,0112661210,Mechanical Engineering,Minority,LOPENO,190827,41.0952232
01126,"Takshashila Institute of Engineering & Technology, Darapur, Amravati",Amravati,0112661210,Mechanical Engineering,Minority,LSCO,198195,36.6711564
01126,"Takshashila Institute of Engineering & Technology, Darapur, Amravati",Amravati,0112661210,Mechanical Engineering,Minority,GSCO,210161,27.84396
01126,"Takshashila Institute of Engineering & Technology, Darapur, Amravati",Amravati,0112661210,Mechanical Engineering,Minority,LOBCO,215413,22.7484499
01126,"Takshashila Institute of Engineering & Technology, Darapur, Amravati",Amravati,0112661210,Mechanical Engineering,Minority,GSEBCO,216144,22.1854696
01126,"Takshashila Institute of Engineering & Technology, Darapur, Amravati",Amravati,0112661210,Mechanical Engineering,Minority,GSTO,218867,19.3259851
01126,"Takshashila Institute of Engineering & Technology, Darapur, Amravati",Amravati,0112661210,Mechanical Engineering,Minority,GVJO,219516,18.3316683
01126,"Takshashila Institute of Engineering & Technology, Darapur, Amravati",Amravati,0112661210,Mechanical Engineering,Minority,AI,231199,16.7388465
01126,"Takshashila Institute of Engineering & Technology, Darapur, Amravati",Amravati,0112661210,Mechanical Engineering,Minority,DEFOBCS,187381,43.1236655
01126,"Takshashila Institute of Engineering & Technology, Darapur, Amravati",Amravati,0112661210,Mechanical Engineering,Minority,DEFOPENS,202724,33.7141758
01126,"Takshashila Institute of Engineering & Technology, Darapur, Amravati",Amravati,0112661210,Mechanical Engineering,Minority,ORPHANI,214488,23.9624698
01126,"Takshashila Institute of Engineering & Technology, Darapur, Amravati",Amravati,0112661210,Mechanical Engineering,Minority,EWS,224956,10.9696342
01126,"Takshashila Institute of Engineering & Technology, Darapur, Amravati",Amravati,0112684410,Electronics and Computer Engineering,Minority,GOPENH,196353,37.8307719
01126,"Takshashila Institute of Engineering & Technology, Darapur, Amravati",Amravati,0112684410,Electronics and Computer Engineering,Minority,LOPENH,182274,45.4941917
01126,"Takshashila Institute of Engineering & Technology, Darapur, Amravati",Amravati,0112684410,Electronics and Computer Engineering,Minority,LVJH,171005,51.2488599
01126,"Takshashila Institute of Engineering & Technology, Darapur, Amravati",Amravati,0112684410,Electronics and Computer Engineering,Minority,PWDOPENH,184943,44.3215833
01126,"Takshashila Institute of Engineering & Technology, Darapur, Amravati",Amravati,0112684410,Electronics and Computer Engineering,Minority,LNT1H,185259,44.1937857
01126,"Takshashila Institute of Engineering & Technology, Darapur, Amravati",Amravati,0112684410,Electronics and Computer Engineering,Minority,PWDOBCH,189464,41.7129534
01126,"Takshashila Institute of Engineering & Technology, Darapur, Amravati",Amravati,0112684410,Electronics and Computer Engineering,Minority,GNT2H,195113,38.215662
01126,"Takshashila Institute of Engineering & Technology, Darapur, Amravati",Amravati,0112684410,Electronics and Computer Engineering,Minority,LOBCH,199498,35.5990164
01126,"Takshashila Institute of Engineering & Technology, Darapur, Amravati",Amravati,0112684410,Electronics and Computer Engineering,Minority,GOBCH,223526,13.1538992
01126,"Takshashila Institute of Engineering & Technology, Darapur, Amravati",Amravati,0112684410,Electronics and Computer Engineering,Minority,LSTH,200616,34.7351841
01126,"Takshashila Institute of Engineering & Technology, Darapur, Amravati",Amravati,0112684410,Electronics and Computer Engineering,Minority,GSCH,222248,15.1259327
01126,"Takshashila Institute of Engineering & Technology, Darapur, Amravati",Amravati,0112684410,Electronics and Computer Engineering,Minority,LSEBCH,204323,32.4603175
01126,"Takshashila Institute of Engineering & Technology, Darapur, Amravati",Amravati,0112684410,Electronics and Computer Engineering,Minority,LSCH,209600,28.2298995
01126,"Takshashila Institute of Engineering & Technology, Darapur, Amravati",Amravati,0112684410,Electronics and Computer Engineering,Minority,GSEBCH,216903,21.1739609
01126,"Takshashila Institute of Engineering & Technology, Darapur, Amravati",Amravati,0112684410,Electronics and Computer Engineering,Minority,GSTH,225037,10.9277482
01126,"Takshashila Institute of Engineering & Technology, Darapur, Amravati",Amravati,0112684410,Electronics and Computer Engineering,Minority,LOPENO,190892,41.0952232
01126,"Takshashila Institute of Engineering & Technology, Darapur, Amravati",Amravati,0112684410,Electronics and Computer Engineering,Minority,GOPENO,200618,34.7351841
01126,"Takshashila Institute of Engineering & Technology, Darapur, Amravati",Amravati,0112684410,Electronics and Computer Engineering,Minority,LSTO,208609,28.9974428
01126,"Takshashila Institute of Engineering & Technology, Darapur, Amravati",Amravati,0112684410,Electronics and Computer Engineering,Minority,GOBCO,225552,9.7897898
01126,"Takshashila Institute of Engineering & Technology, Darapur, Amravati",Amravati,0112684410,Electronics and Computer Engineering,Minority,LSEBCO,210819,27.2101033
01126,"Takshashila Institute of Engineering & Technology, Darapur, Amravati",Amravati,0112684410,Electronics and Computer Engineering,Minority,GSEBCO,221444,15.8646734
01126,"Takshashila Institute of Engineering & Technology, Darapur, Amravati",Amravati,0112684410,Electronics and Computer Engineering,Minority,GNT3O,223430,13.1614654
01126,"Takshashila Institute of Engineering & Technology, Darapur, Amravati",Amravati,0112684410,Electronics and Computer Engineering,Minority,LSCO,223608,13.1401169
01126,"Takshashila Institute of Engineering & Technology, Darapur, Amravati",Amravati,0112684410,Electronics and Computer Engineering,Minority,GSCO,226093,9.0217275
01126,"Takshashila Institute of Engineering & Technology, Darapur, Amravati",Amravati,0112684410,Electronics and Computer Engineering,Minority,GNT2O,228613,3.0695292
01126,"Takshashila Institute of Engineering & Technology, Darapur, Amravati",Amravati,0112684410,Electronics and Computer Engineering,Minority,AI,236724,4.2388251
01126,"Takshashila Institute of Engineering & Technology, Darapur, Amravati",Amravati,0112684410,Electronics and Computer Engineering,Minority,DEFOBCS,195167,38.215662
01126,"Takshashila Institute of Engineering & Technology, Darapur, Amravati",Amravati,0112684410,Electronics and Computer Engineering,Minority,DEFOPENS,198895,36.6299371
01126,"Takshashila Institute of Engineering & Technology, Darapur, Amravati",Amravati,0112684410,Electronics and Computer Engineering,Minority,ORPHANN,211215,27.0109031
01126,"Takshashila Institute of Engineering & Technology, Darapur, Amravati",Amravati,0112684410,Electronics and Computer Engineering,Minority,EWS,228250,4.2070971
01126,"Takshashila Institute of Engineering & Technology, Darapur, Amravati",Amravati,0112684410,Electronics and Computer Engineering,Minority,TFWS,162835,54.873582
01127,"Jagadambha Bahuuddeshiya Gramin Vikas Sanstha's Jagdambha College of Engineering and Technology, Yavatmal",Yavatmal,0112719110,Civil Engineering,Minority,GOPENS,196493,37.8097183
01127,"Jagadambha Bahuuddeshiya Gramin Vikas Sanstha's Jagdambha College of Engineering and Technology, Yavatmal",Yavatmal,0112719110,Civil Engineering,Minority,LVJS,175135,49.1668381
01127,"Jagadambha Bahuuddeshiya Gramin Vikas Sanstha's Jagdambha College of Engineering and Technology, Yavatmal",Yavatmal,0112719110,Civil Engineering,Minority,LOBCS,199329,35.8191126
01127,"Jagadambha Bahuuddeshiya Gramin Vikas Sanstha's Jagdambha College of Engineering and Technology, Yavatmal",Yavatmal,0112719110,Civil Engineering,Minority,LOPENS,198259,36.6711564
01127,"Jagadambha Bahuuddeshiya Gramin Vikas Sanstha's Jagdambha College of Engineering and Technology, Yavatmal",Yavatmal,0112719110,Civil Engineering,Minority,GOBCS,201992,34.0437095
01127,"Jagadambha Bahuuddeshiya Gramin Vikas Sanstha's Jagdambha College of Engineering and Technology, Yavatmal",Yavatmal,0112719110,Civil Engineering,Minority,DEFOPENS,189431,41.7129534
01127,"Jagadambha Bahuuddeshiya Gramin Vikas Sanstha's Jagdambha College of Engineering and Technology, Yavatmal",Yavatmal,0112719110,Civil Engineering,Minority,GVJS,189566,41.7129534
01127,"Jagadambha Bahuuddeshiya Gramin Vikas Sanstha's Jagdambha College of Engineering and Technology, Yavatmal",Yavatmal,0112719110,Civil Engineering,Minority,PWDOBCS,190452,41.1906024
01127,"Jagadambha Bahuuddeshiya Gramin Vikas Sanstha's Jagdambha College of Engineering and Technology, Yavatmal",Yavatmal,0112719110,Civil Engineering,Minority,PWDOPENS,192287,40.4162412
01127,"Jagadambha Bahuuddeshiya Gramin Vikas Sanstha's Jagdambha College of Engineering and Technology, Yavatmal",Yavatmal,0112719110,Civil Engineering,Minority,GNT1S,198178,36.6711564
01127,"Jagadambha Bahuuddeshiya Gramin Vikas Sanstha's Jagdambha College of Engineering and Technology, Yavatmal",Yavatmal,0112719110,Civil Engineering,Minority,LSEBCS,204492,32.0852596
01127,"Jagadambha Bahuuddeshiya Gramin Vikas Sanstha's Jagdambha College of Engineering and Technology, Yavatmal",Yavatmal,0112719110,Civil Engineering,Minority,GSEBCS,204100,32.4939862
01127,"Jagadambha Bahuuddeshiya Gramin Vikas Sanstha's Jagdambha College of Engineering and Technology, Yavatmal",Yavatmal,0112719110,Civil Engineering,Minority,ORPHANI,199552,35.5866115
01127,"Jagadambha Bahuuddeshiya Gramin Vikas Sanstha's Jagdambha College of Engineering and Technology, Yavatmal",Yavatmal,0112719110,Civil Engineering,Minority,GSCS,219062,19.0169976
01127,"Jagadambha Bahuuddeshiya Gramin Vikas Sanstha's Jagdambha College of Engineering and Technology, Yavatmal",Yavatmal,0112719110,Civil Engineering,Minority,GSTS,203802,32.5421636
01127,"Jagadambha Bahuuddeshiya Gramin Vikas Sanstha's Jagdambha College of Engineering and Technology, Yavatmal",Yavatmal,0112719110,Civil Engineering,Minority,DEFOBCS,201109,34.3896838
01127,"Jagadambha Bahuuddeshiya Gramin Vikas Sanstha's Jagdambha College of Engineering and Technology, Yavatmal",Yavatmal,0112719110,Civil Engineering,Minority,LNT2S,201938,34.0437095
01127,"Jagadambha Bahuuddeshiya Gramin Vikas Sanstha's Jagdambha College of Engineering and Technology, Yavatmal",Yavatmal,0112719110,Civil Engineering,Minority,LNT3S,202484,33.8928203
01127,"Jagadambha Bahuuddeshiya Gramin Vikas Sanstha's Jagdambha College of Engineering and Technology, Yavatmal",Yavatmal,0112719110,Civil Engineering,Minority,LSTS,203325,32.8661478
01127,"Jagadambha Bahuuddeshiya Gramin Vikas Sanstha's Jagdambha College of Engineering and Technology, Yavatmal",Yavatmal,0112719110,Civil Engineering,Minority,GNT2S,203717,32.6058557
01127,"Jagadambha Bahuuddeshiya Gramin Vikas Sanstha's Jagdambha College of Engineering and Technology, Yavatmal",Yavatmal,0112719110,Civil Engineering,Minority,LSCS,205229,31.6249855
01127,"Jagadambha Bahuuddeshiya Gramin Vikas Sanstha's Jagdambha College of Engineering and Technology, Yavatmal",Yavatmal,0112719110,Civil Engineering,Minority,AI,221444,29.41486
01127,"Jagadambha Bahuuddeshiya Gramin Vikas Sanstha's Jagdambha College of Engineering and Technology, Yavatmal",Yavatmal,0112719110,Civil Engineering,Minority,EWS,224120,12.2913505
01127,"Jagadambha Bahuuddeshiya Gramin Vikas Sanstha's Jagdambha College of Engineering and Technology, Yavatmal",Yavatmal,0112719110,Civil Engineering,Minority,TFWS,216649,21.5368309
01127,"Jagadambha Bahuuddeshiya Gramin Vikas Sanstha's Jagdambha College of Engineering and Technology, Yavatmal",Yavatmal,0112724210,Computer Science and Engineering,Minority,GOPENS,138029,63.5901214
01127,"Jagadambha Bahuuddeshiya Gramin Vikas Sanstha's Jagdambha College of Engineering and Technology, Yavatmal",Yavatmal,0112724210,Computer Science and Engineering,Minority,LOPENS,110931,72.3753397
01127,"Jagadambha Bahuuddeshiya Gramin Vikas Sanstha's Jagdambha College of Engineering and Technology, Yavatmal",Yavatmal,0112724210,Computer Science and Engineering,Minority,LOBCS,135362,64.5293156
01127,"Jagadambha Bahuuddeshiya Gramin Vikas Sanstha's Jagdambha College of Engineering and Technology, Yavatmal",Yavatmal,0112724210,Computer Science and Engineering,Minority,LSCS,138467,63.552865
01127,"Jagadambha Bahuuddeshiya Gramin Vikas Sanstha's Jagdambha College of Engineering and Technology, Yavatmal",Yavatmal,0112724210,Computer Science and Engineering,Minority,GSCS,152798,58.4262318
01127,"Jagadambha Bahuuddeshiya Gramin Vikas Sanstha's Jagdambha College of Engineering and Technology, Yavatmal",Yavatmal,0112724210,Computer Science and Engineering,Minority,PWDSCS,130060,66.1911263
01127,"Jagadambha Bahuuddeshiya Gramin Vikas Sanstha's Jagdambha College of Engineering and Technology, Yavatmal",Yavatmal,0112724210,Computer Science and Engineering,Minority,DEFOPENS,153892,58.1324148
01127,"Jagadambha Bahuuddeshiya Gramin Vikas Sanstha's Jagdambha College of Engineering and Technology, Yavatmal",Yavatmal,0112724210,Computer Science and Engineering,Minority,GVJS,141012,62.9339383
01127,"Jagadambha Bahuuddeshiya Gramin Vikas Sanstha's Jagdambha College of Engineering and Technology, Yavatmal",Yavatmal,0112724210,Computer Science and Engineering,Minority,GOBCS,151462,59.2443064
01127,"Jagadambha Bahuuddeshiya Gramin Vikas Sanstha's Jagdambha College of Engineering and Technology, Yavatmal",Yavatmal,0112724210,Computer Science and Engineering,Minority,LNT2S,136686,64.1240022
01127,"Jagadambha Bahuuddeshiya Gramin Vikas Sanstha's Jagdambha College of Engineering and Technology, Yavatmal",Yavatmal,0112724210,Computer Science and Engineering,Minority,GNT1S,141120,62.9339383
01127,"Jagadambha Bahuuddeshiya Gramin Vikas Sanstha's Jagdambha College of Engineering and Technology, Yavatmal",Yavatmal,0112724210,Computer Science and Engineering,Minority,PWDOPENS,146758,60.6803919
01127,"Jagadambha Bahuuddeshiya Gramin Vikas Sanstha's Jagdambha College of Engineering and Technology, Yavatmal",Yavatmal,0112724210,Computer Science and Engineering,Minority,GSEBCS,187814,43.0034494
01127,"Jagadambha Bahuuddeshiya Gramin Vikas Sanstha's Jagdambha College of Engineering and Technology, Yavatmal",Yavatmal,0112724210,Computer Science and Engineering,Minority,PWDOBCS,144604,61.579051
01127,"Jagadambha Bahuuddeshiya Gramin Vikas Sanstha's Jagdambha College of Engineering and Technology, Yavatmal",Yavatmal,0112724210,Computer Science and Engineering,Minority,LNT1S,146060,60.9157012
01127,"Jagadambha Bahuuddeshiya Gramin Vikas Sanstha's Jagdambha College of Engineering and Technology, Yavatmal",Yavatmal,0112724210,Computer Science and Engineering,Minority,LSEBCS,180580,46.4182823
01127,"Jagadambha Bahuuddeshiya Gramin Vikas Sanstha's Jagdambha College of Engineering and Technology, Yavatmal",Yavatmal,0112724210,Computer Science and Engineering,Minority,DEFOBCS,147815,60.4816409
01127,"Jagadambha Bahuuddeshiya Gramin Vikas Sanstha's Jagdambha College of Engineering and Technology, Yavatmal",Yavatmal,0112724210,Computer Science and Engineering,Minority,ORPHANN,150248,59.5017065
01127,"Jagadambha Bahuuddeshiya Gramin Vikas Sanstha's Jagdambha College of Engineering and Technology, Yavatmal",Yavatmal,0112724210,Computer Science and Engineering,Minority,GNT2S,182622,45.457039
01127,"Jagadambha Bahuuddeshiya Gramin Vikas Sanstha's Jagdambha College of Engineering and Technology, Yavatmal",Yavatmal,0112724210,Computer Science and Engineering,Minority,DEFSCS,156682,57.0044084
01127,"Jagadambha Bahuuddeshiya Gramin Vikas Sanstha's Jagdambha College of Engineering and Technology, Yavatmal",Yavatmal,0112724210,Computer Science and Engineering,Minority,GNT3S,165958,52.9701068
01127,"Jagadambha Bahuuddeshiya Gramin Vikas Sanstha's Jagdambha College of Engineering and Technology, Yavatmal",Yavatmal,0112724210,Computer Science and Engineering,Minority,GSTS,208113,29.4122187
01127,"Jagadambha Bahuuddeshiya Gramin Vikas Sanstha's Jagdambha College of Engineering and Technology, Yavatmal",Yavatmal,0112724210,Computer Science and Engineering,Minority,LSTS,201601,34.1066887
01127,"Jagadambha Bahuuddeshiya Gramin Vikas Sanstha's Jagdambha College of Engineering and Technology, Yavatmal",Yavatmal,0112724210,Computer Science and Engineering,Minority,AI,78811,36.6512849
01127,"Jagadambha Bahuuddeshiya Gramin Vikas Sanstha's Jagdambha College of Engineering and Technology, Yavatmal",Yavatmal,0112724210,Computer Science and Engineering,Minority,EWS,223216,13.510622
01127,"Jagadambha Bahuuddeshiya Gramin Vikas Sanstha's Jagdambha College of Engineering and Technology, Yavatmal",Yavatmal,0112724210,Computer Science and Engineering,Minority,TFWS,110300,72.5022286
01127,"Jagadambha Bahuuddeshiya Gramin Vikas Sanstha's Jagdambha College of Engineering and Technology, Yavatmal",Yavatmal,0112729310,Electrical Engineering,Minority,GOPENS,184645,44.5569356
01127,"Jagadambha Bahuuddeshiya Gramin Vikas Sanstha's Jagdambha College of Engineering and Technology, Yavatmal",Yavatmal,0112729310,Electrical Engineering,Minority,LSCS,189161,41.7620841
01127,"Jagadambha Bahuuddeshiya Gramin Vikas Sanstha's Jagdambha College of Engineering and Technology, Yavatmal",Yavatmal,0112729310,Electrical Engineering,Minority,LOPENS,170521,51.5429844
01127,"Jagadambha Bahuuddeshiya Gramin Vikas Sanstha's Jagdambha College of Engineering and Technology, Yavatmal",Yavatmal,0112729310,Electrical Engineering,Minority,PWDOPENS,138922,63.5303851
01127,"Jagadambha Bahuuddeshiya Gramin Vikas Sanstha's Jagdambha College of Engineering and Technology, Yavatmal",Yavatmal,0112729310,Electrical Engineering,Minority,LOBCS,179780,46.7838981
01127,"Jagadambha Bahuuddeshiya Gramin Vikas Sanstha's Jagdambha College of Engineering and Technology, Yavatmal",Yavatmal,0112729310,Electrical Engineering,Minority,LSEBCS,179546,46.9424901
01127,"Jagadambha Bahuuddeshiya Gramin Vikas Sanstha's Jagdambha College of Engineering and Technology, Yavatmal",Yavatmal,0112729310,Electrical Engineering,Minority,DEFOBCS,184185,44.6087422
01127,"Jagadambha Bahuuddeshiya Gramin Vikas Sanstha's Jagdambha College of Engineering and Technology, Yavatmal",Yavatmal,0112729310,Electrical Engineering,Minority,GOBCS,188930,41.7943409
01127,"Jagadambha Bahuuddeshiya Gramin Vikas Sanstha's Jagdambha College of Engineering and Technology, Yavatmal",Yavatmal,0112729310,Electrical Engineering,Minority,GNT1S,186798,43.2614932
01127,"Jagadambha Bahuuddeshiya Gramin Vikas Sanstha's Jagdambha College of Engineering and Technology, Yavatmal",Yavatmal,0112729310,Electrical Engineering,Minority,DEFOPENS,188142,42.4145111
01127,"Jagadambha Bahuuddeshiya Gramin Vikas Sanstha's Jagdambha College of Engineering and Technology, Yavatmal",Yavatmal,0112729310,Electrical Engineering,Minority,GNT3S,189360,41.7129534
01127,"Jagadambha Bahuuddeshiya Gramin Vikas Sanstha's Jagdambha College of Engineering and Technology, Yavatmal",Yavatmal,0112729310,Electrical Engineering,Minority,GSCS,204214,32.4939862
01127,"Jagadambha Bahuuddeshiya Gramin Vikas Sanstha's Jagdambha College of Engineering and Technology, Yavatmal",Yavatmal,0112729310,Electrical Engineering,Minority,ORPHANI,191447,40.5616465
01127,"Jagadambha Bahuuddeshiya Gramin Vikas Sanstha's Jagdambha College of Engineering and Technology, Yavatmal",Yavatmal,0112729310,Electrical Engineering,Minority,GSEBCS,192808,40.1861311
01127,"Jagadambha Bahuuddeshiya Gramin Vikas Sanstha's Jagdambha College of Engineering and Technology, Yavatmal",Yavatmal,0112729310,Electrical Engineering,Minority,PWDOBCS,192400,40.4162412
01127,"Jagadambha Bahuuddeshiya Gramin Vikas Sanstha's Jagdambha College of Engineering and Technology, Yavatmal",Yavatmal,0112729310,Electrical Engineering,Minority,LSTS,197335,37.1881218
01127,"Jagadambha Bahuuddeshiya Gramin Vikas Sanstha's Jagdambha College of Engineering and Technology, Yavatmal",Yavatmal,0112729310,Electrical Engineering,Minority,GNT2S,222484,14.7883959
01127,"Jagadambha Bahuuddeshiya Gramin Vikas Sanstha's Jagdambha College of Engineering and Technology, Yavatmal",Yavatmal,0112729310,Electrical Engineering,Minority,GSTS,224022,12.394569
01127,"Jagadambha Bahuuddeshiya Gramin Vikas Sanstha's Jagdambha College of Engineering and Technology, Yavatmal",Yavatmal,0112729310,Electrical Engineering,Minority,LVJS,207228,30.1917921
01127,"Jagadambha Bahuuddeshiya Gramin Vikas Sanstha's Jagdambha College of Engineering and Technology, Yavatmal",Yavatmal,0112729310,Electrical Engineering,Minority,AI,210534,39.966573
01127,"Jagadambha Bahuuddeshiya Gramin Vikas Sanstha's Jagdambha College of Engineering and Technology, Yavatmal",Yavatmal,0112729310,Electrical Engineering,Minority,TFWS,148583,60.070698
01127,"Jagadambha Bahuuddeshiya Gramin Vikas Sanstha's Jagdambha College of Engineering and Technology, Yavatmal",Yavatmal,0112737210,Electronics and Telecommunication Engg,Minority,GOPENS,170596,51.5429844
01127,"Jagadambha Bahuuddeshiya Gramin Vikas Sanstha's Jagdambha College of Engineering and Technology, Yavatmal",Yavatmal,0112737210,Electronics and Telecommunication Engg,Minority,LOPENS,148080,60.268127
01127,"Jagadambha Bahuuddeshiya Gramin Vikas Sanstha's Jagdambha College of Engineering and Technology, Yavatmal",Yavatmal,0112737210,Electronics and Telecommunication Engg,Minority,DEFOPENS,145931,60.9157012
01127,"Jagadambha Bahuuddeshiya Gramin Vikas Sanstha's Jagdambha College of Engineering and Technology, Yavatmal",Yavatmal,0112737210,Electronics and Telecommunication Engg,Minority,LOBCS,157715,56.5505021
01127,"Jagadambha Bahuuddeshiya Gramin Vikas Sanstha's Jagdambha College of Engineering and Technology, Yavatmal",Yavatmal,0112737210,Electronics and Telecommunication Engg,Minority,PWDOBCS,156325,57.0070614
01127,"Jagadambha Bahuuddeshiya Gramin Vikas Sanstha's Jagdambha College of Engineering and Technology, Yavatmal",Yavatmal,0112737210,Electronics and Telecommunication Engg,Minority,DEFOBCS,157774,56.5505021
01127,"Jagadambha Bahuuddeshiya Gramin Vikas Sanstha's Jagdambha College of Engineering and Technology, Yavatmal",Yavatmal,0112737210,Electronics and Telecommunication Engg,Minority,LSTS,158913,56.1183815
01127,"Jagadambha Bahuuddeshiya Gramin Vikas Sanstha's Jagdambha College of Engineering and Technology, Yavatmal",Yavatmal,0112737210,Electronics and Telecommunication Engg,Minority,GVJS,174930,49.1668381
01127,"Jagadambha Bahuuddeshiya Gramin Vikas Sanstha's Jagdambha College of Engineering and Technology, Yavatmal",Yavatmal,0112737210,Electronics and Telecommunication Engg,Minority,GOBCS,181723,45.9819894
01127,"Jagadambha Bahuuddeshiya Gramin Vikas Sanstha's Jagdambha College of Engineering and Technology, Yavatmal",Yavatmal,0112737210,Electronics and Telecommunication Engg,Minority,LSCS,204229,32.4939862
01127,"Jagadambha Bahuuddeshiya Gramin Vikas Sanstha's Jagdambha College of Engineering and Technology, Yavatmal",Yavatmal,0112737210,Electronics and Telecommunication Engg,Minority,LNT1S,178235,47.8219396
01127,"Jagadambha Bahuuddeshiya Gramin Vikas Sanstha's Jagdambha College of Engineering and Technology, Yavatmal",Yavatmal,0112737210,Electronics and Telecommunication Engg,Minority,GSCS,196142,37.9825825
01127,"Jagadambha Bahuuddeshiya Gramin Vikas Sanstha's Jagdambha College of Engineering and Technology, Yavatmal",Yavatmal,0112737210,Electronics and Telecommunication Engg,Minority,GSEBCS,217629,20.7039337
01127,"Jagadambha Bahuuddeshiya Gramin Vikas Sanstha's Jagdambha College of Engineering and Technology, Yavatmal",Yavatmal,0112737210,Electronics and Telecommunication Engg,Minority,LSEBCS,181639,45.9819894
01127,"Jagadambha Bahuuddeshiya Gramin Vikas Sanstha's Jagdambha College of Engineering and Technology, Yavatmal",Yavatmal,0112737210,Electronics and Telecommunication Engg,Minority,PWDOPENS,182443,45.4941917
01127,"Jagadambha Bahuuddeshiya Gramin Vikas Sanstha's Jagdambha College of Engineering and Technology, Yavatmal",Yavatmal,0112737210,Electronics and Telecommunication Engg,Minority,ORPHANN,182640,45.457039
01127,"Jagadambha Bahuuddeshiya Gramin Vikas Sanstha's Jagdambha College of Engineering and Technology, Yavatmal",Yavatmal,0112737210,Electronics and Telecommunication Engg,Minority,LNT3S,194188,39.1300992
01127,"Jagadambha Bahuuddeshiya Gramin Vikas Sanstha's Jagdambha College of Engineering and Technology, Yavatmal",Yavatmal,0112737210,Electronics and Telecommunication Engg,Minority,LNT2S,195355,38.2037534
01127,"Jagadambha Bahuuddeshiya Gramin Vikas Sanstha's Jagdambha College of Engineering and Technology, Yavatmal",Yavatmal,0112737210,Electronics and Telecommunication Engg,Minority,GNT2S,202164,34.0389056
01127,"Jagadambha Bahuuddeshiya Gramin Vikas Sanstha's Jagdambha College of Engineering and Technology, Yavatmal",Yavatmal,0112737210,Electronics and Telecommunication Engg,Minority,GSTS,226808,7.5282136
01127,"Jagadambha Bahuuddeshiya Gramin Vikas Sanstha's Jagdambha College of Engineering and Technology, Yavatmal",Yavatmal,0112737210,Electronics and Telecommunication Engg,Minority,AI,90665,20.5166064
01127,"Jagadambha Bahuuddeshiya Gramin Vikas Sanstha's Jagdambha College of Engineering and Technology, Yavatmal",Yavatmal,0112737210,Electronics and Telecommunication Engg,Minority,EWS,159033,55.7703505
01127,"Jagadambha Bahuuddeshiya Gramin Vikas Sanstha's Jagdambha College of Engineering and Technology, Yavatmal",Yavatmal,0112737210,Electronics and Telecommunication Engg,Minority,TFWS,161316,55.319298
01127,"Jagadambha Bahuuddeshiya Gramin Vikas Sanstha's Jagdambha College of Engineering and Technology, Yavatmal",Yavatmal,0112761210,Mechanical Engineering,Minority,GOPENS,204917,31.8317161
01127,"Jagadambha Bahuuddeshiya Gramin Vikas Sanstha's Jagdambha College of Engineering and Technology, Yavatmal",Yavatmal,0112761210,Mechanical Engineering,Minority,LOPENS,194415,38.9526061
01127,"Jagadambha Bahuuddeshiya Gramin Vikas Sanstha's Jagdambha College of Engineering and Technology, Yavatmal",Yavatmal,0112761210,Mechanical Engineering,Minority,GOBCS,208988,28.7105475
01127,"Jagadambha Bahuuddeshiya Gramin Vikas Sanstha's Jagdambha College of Engineering and Technology, Yavatmal",Yavatmal,0112761210,Mechanical Engineering,Minority,LSEBCS,195927,38.0740533
01127,"Jagadambha Bahuuddeshiya Gramin Vikas Sanstha's Jagdambha College of Engineering and Technology, Yavatmal",Yavatmal,0112761210,Mechanical Engineering,Minority,GSTS,208394,29.1650526
01127,"Jagadambha Bahuuddeshiya Gramin Vikas Sanstha's Jagdambha College of Engineering and Technology, Yavatmal",Yavatmal,0112761210,Mechanical Engineering,Minority,LOBCS,201529,34.1066887
01127,"Jagadambha Bahuuddeshiya Gramin Vikas Sanstha's Jagdambha College of Engineering and Technology, Yavatmal",Yavatmal,0112761210,Mechanical Engineering,Minority,PWDOPENS,198778,36.6299371
01127,"Jagadambha Bahuuddeshiya Gramin Vikas Sanstha's Jagdambha College of Engineering and Technology, Yavatmal",Yavatmal,0112761210,Mechanical Engineering,Minority,PWDOBCS,202783,33.4150899
01127,"Jagadambha Bahuuddeshiya Gramin Vikas Sanstha's Jagdambha College of Engineering and Technology, Yavatmal",Yavatmal,0112761210,Mechanical Engineering,Minority,GSCS,216878,21.1739609
01127,"Jagadambha Bahuuddeshiya Gramin Vikas Sanstha's Jagdambha College of Engineering and Technology, Yavatmal",Yavatmal,0112761210,Mechanical Engineering,Minority,GNT1S,205333,31.6249855
01127,"Jagadambha Bahuuddeshiya Gramin Vikas Sanstha's Jagdambha College of Engineering and Technology, Yavatmal",Yavatmal,0112761210,Mechanical Engineering,Minority,DEFOPENS,207686,29.612695
01127,"Jagadambha Bahuuddeshiya Gramin Vikas Sanstha's Jagdambha College of Engineering and Technology, Yavatmal",Yavatmal,0112761210,Mechanical Engineering,Minority,ORPHANI,207691,29.612695
01127,"Jagadambha Bahuuddeshiya Gramin Vikas Sanstha's Jagdambha College of Engineering and Technology, Yavatmal",Yavatmal,0112761210,Mechanical Engineering,Minority,GSEBCS,208897,28.7105475
01127,"Jagadambha Bahuuddeshiya Gramin Vikas Sanstha's Jagdambha College of Engineering and Technology, Yavatmal",Yavatmal,0112761210,Mechanical Engineering,Minority,GNT3S,208333,29.2374051
01127,"Jagadambha Bahuuddeshiya Gramin Vikas Sanstha's Jagdambha College of Engineering and Technology, Yavatmal",Yavatmal,0112761210,Mechanical Engineering,Minority,LSTS,208984,28.7105475
01127,"Jagadambha Bahuuddeshiya Gramin Vikas Sanstha's Jagdambha College of Engineering and Technology, Yavatmal",Yavatmal,0112761210,Mechanical Engineering,Minority,DEFOBCS,211290,26.6925382
01127,"Jagadambha Bahuuddeshiya Gramin Vikas Sanstha's Jagdambha College of Engineering and Technology, Yavatmal",Yavatmal,0112761210,Mechanical Engineering,Minority,GNT2S,225380,10.3339505
01127,"Jagadambha Bahuuddeshiya Gramin Vikas Sanstha's Jagdambha College of Engineering and Technology, Yavatmal",Yavatmal,0112761210,Mechanical Engineering,Minority,LVJS,213227,25.0523784
01127,"Jagadambha Bahuuddeshiya Gramin Vikas Sanstha's Jagdambha College of Engineering and Technology, Yavatmal",Yavatmal,0112761210,Mechanical Engineering,Minority,LSCS,221650,15.6857493
01127,"Jagadambha Bahuuddeshiya Gramin Vikas Sanstha's Jagdambha College of Engineering and Technology, Yavatmal",Yavatmal,0112761210,Mechanical Engineering,Minority,AI,224304,26.2353347
01127,"Jagadambha Bahuuddeshiya Gramin Vikas Sanstha's Jagdambha College of Engineering and Technology, Yavatmal",Yavatmal,0112761210,Mechanical Engineering,Minority,EWS,211773,26.2353347
01127,"Jagadambha Bahuuddeshiya Gramin Vikas Sanstha's Jagdambha College of Engineering and Technology, Yavatmal",Yavatmal,0112761210,Mechanical Engineering,Minority,TFWS,205144,31.7722006
01127,"Jagadambha Bahuuddeshiya Gramin Vikas Sanstha's Jagdambha College of Engineering and Technology, Yavatmal",Yavatmal,0112791110,Computer Science and Engineering(Artificial Intelligence and Machine L,Minority,LOPENS,144742,61.2830506
01127,"Jagadambha Bahuuddeshiya Gramin Vikas Sanstha's Jagdambha College of Engineering and Technology, Yavatmal",Yavatmal,0112791110,Computer Science and Engineering(Artificial Intelligence and Machine L,Minority,GOPENS,163634,54.4258624
01127,"Jagadambha Bahuuddeshiya Gramin Vikas Sanstha's Jagdambha College of Engineering and Technology, Yavatmal",Yavatmal,0112791110,Computer Science and Engineering(Artificial Intelligence and Machine L,Minority,LOBCS,163982,54.1426021
01127,"Jagadambha Bahuuddeshiya Gramin Vikas Sanstha's Jagdambha College of Engineering and Technology, Yavatmal",Yavatmal,0112791110,Computer Science and Engineering(Artificial Intelligence and Machine L,Minority,LSEBCS,155019,57.8274425
01127,"Jagadambha Bahuuddeshiya Gramin Vikas Sanstha's Jagdambha College of Engineering and Technology, Yavatmal",Yavatmal,0112791110,Computer Science and Engineering(Artificial Intelligence and Machine L,Minority,LVJS,154403,57.9680585
01127,"Jagadambha Bahuuddeshiya Gramin Vikas Sanstha's Jagdambha College of Engineering and Technology, Yavatmal",Yavatmal,0112791110,Computer Science and Engineering(Artificial Intelligence and Machine L,Minority,GOBCS,169813,51.8020478
01127,"Jagadambha Bahuuddeshiya Gramin Vikas Sanstha's Jagdambha College of Engineering and Technology, Yavatmal",Yavatmal,0112791110,Computer Science and Engineering(Artificial Intelligence and Machine L,Minority,LSTS,172490,50.5512969
01127,"Jagadambha Bahuuddeshiya Gramin Vikas Sanstha's Jagdambha College of Engineering and Technology, Yavatmal",Yavatmal,0112791110,Computer Science and Engineering(Artificial Intelligence and Machine L,Minority,GVJS,164139,54.1426021
01127,"Jagadambha Bahuuddeshiya Gramin Vikas Sanstha's Jagdambha College of Engineering and Technology, Yavatmal",Yavatmal,0112791110,Computer Science and Engineering(Artificial Intelligence and Machine L,Minority,LSCS,170769,51.4221759
01127,"Jagadambha Bahuuddeshiya Gramin Vikas Sanstha's Jagdambha College of Engineering and Technology, Yavatmal",Yavatmal,0112791110,Computer Science and Engineering(Artificial Intelligence and Machine L,Minority,GSCS,199639,35.5866115
01127,"Jagadambha Bahuuddeshiya Gramin Vikas Sanstha's Jagdambha College of Engineering and Technology, Yavatmal",Yavatmal,0112791110,Computer Science and Engineering(Artificial Intelligence and Machine L,Minority,LNT2S,166431,52.8560653
01127,"Jagadambha Bahuuddeshiya Gramin Vikas Sanstha's Jagdambha College of Engineering and Technology, Yavatmal",Yavatmal,0112791110,Computer Science and Engineering(Artificial Intelligence and Machine L,Minority,LNT1S,167909,52.1585439
01127,"Jagadambha Bahuuddeshiya Gramin Vikas Sanstha's Jagdambha College of Engineering and Technology, Yavatmal",Yavatmal,0112791110,Computer Science and Engineering(Artificial Intelligence and Machine L,Minority,GSEBCS,178692,47.7548586
01127,"Jagadambha Bahuuddeshiya Gramin Vikas Sanstha's Jagdambha College of Engineering and Technology, Yavatmal",Yavatmal,0112791110,Computer Science and Engineering(Artificial Intelligence and Machine L,Minority,PWDSEBCS,170869,51.4221759
01127,"Jagadambha Bahuuddeshiya Gramin Vikas Sanstha's Jagdambha College of Engineering and Technology, Yavatmal",Yavatmal,0112791110,Computer Science and Engineering(Artificial Intelligence and Machine L,Minority,DEFOPENS,172169,50.8385093
01127,"Jagadambha Bahuuddeshiya Gramin Vikas Sanstha's Jagdambha College of Engineering and Technology, Yavatmal",Yavatmal,0112791110,Computer Science and Engineering(Artificial Intelligence and Machine L,Minority,DEFSEBCS,171509,50.9743237
01127,"Jagadambha Bahuuddeshiya Gramin Vikas Sanstha's Jagdambha College of Engineering and Technology, Yavatmal",Yavatmal,0112791110,Computer Science and Engineering(Artificial Intelligence and Machine L,Minority,ORPHANN,172123,50.8385093
01127,"Jagadambha Bahuuddeshiya Gramin Vikas Sanstha's Jagdambha College of Engineering and Technology, Yavatmal",Yavatmal,0112791110,Computer Science and Engineering(Artificial Intelligence and Machine L,Minority,GNT3S,178895,47.7548586
01127,"Jagadambha Bahuuddeshiya Gramin Vikas Sanstha's Jagdambha College of Engineering and Technology, Yavatmal",Yavatmal,0112791110,Computer Science and Engineering(Artificial Intelligence and Machine L,Minority,GSTS,223116,13.5482364
01127,"Jagadambha Bahuuddeshiya Gramin Vikas Sanstha's Jagdambha College of Engineering and Technology, Yavatmal",Yavatmal,0112791110,Computer Science and Engineering(Artificial Intelligence and Machine L,Minority,PWDOBCS,175021,49.1668381
01127,"Jagadambha Bahuuddeshiya Gramin Vikas Sanstha's Jagdambha College of Engineering and Technology, Yavatmal",Yavatmal,0112791110,Computer Science and Engineering(Artificial Intelligence and Machine L,Minority,PWDOPENS,175282,49.1097752
01127,"Jagadambha Bahuuddeshiya Gramin Vikas Sanstha's Jagdambha College of Engineering and Technology, Yavatmal",Yavatmal,0112791110,Computer Science and Engineering(Artificial Intelligence and Machine L,Minority,DEFOBCS,176020,48.8548541
01127,"Jagadambha Bahuuddeshiya Gramin Vikas Sanstha's Jagdambha College of Engineering and Technology, Yavatmal",Yavatmal,0112791110,Computer Science and Engineering(Artificial Intelligence and Machine L,Minority,GNT1S,192533,40.369284
01127,"Jagadambha Bahuuddeshiya Gramin Vikas Sanstha's Jagdambha College of Engineering and Technology, Yavatmal",Yavatmal,0112791110,Computer Science and Engineering(Artificial Intelligence and Machine L,Minority,DEFSCS,187326,43.1236655
01127,"Jagadambha Bahuuddeshiya Gramin Vikas Sanstha's Jagdambha College of Engineering and Technology, Yavatmal",Yavatmal,0112791110,Computer Science and Engineering(Artificial Intelligence and Machine L,Minority,PWDSCS,192709,40.1861311
01127,"Jagadambha Bahuuddeshiya Gramin Vikas Sanstha's Jagdambha College of Engineering and Technology, Yavatmal",Yavatmal,0112791110,Computer Science and Engineering(Artificial Intelligence and Machine L,Minority,GNT2S,210902,27.147084
01127,"Jagadambha Bahuuddeshiya Gramin Vikas Sanstha's Jagdambha College of Engineering and Technology, Yavatmal",Yavatmal,0112791110,Computer Science and Engineering(Artificial Intelligence and Machine L,Minority,AI,85080,29.0026896
01127,"Jagadambha Bahuuddeshiya Gramin Vikas Sanstha's Jagdambha College of Engineering and Technology, Yavatmal",Yavatmal,0112791110,Computer Science and Engineering(Artificial Intelligence and Machine L,Minority,EWS,225825,9.3008868
01127,"Jagadambha Bahuuddeshiya Gramin Vikas Sanstha's Jagdambha College of Engineering and Technology, Yavatmal",Yavatmal,0112791110,Computer Science and Engineering(Artificial Intelligence and Machine L,Minority,TFWS,190855,41.0952232
01127,"Jagadambha Bahuuddeshiya Gramin Vikas Sanstha's Jagdambha College of Engineering and Technology, Yavatmal",Yavatmal,0112799510,Artificial Intelligence and Data Science,Minority,LOPENS,177368,48.1265004
01127,"Jagadambha Bahuuddeshiya Gramin Vikas Sanstha's Jagdambha College of Engineering and Technology, Yavatmal",Yavatmal,0112799510,Artificial Intelligence and Data Science,Minority,GOPENS,193030,39.966573
01127,"Jagadambha Bahuuddeshiya Gramin Vikas Sanstha's Jagdambha College of Engineering and Technology, Yavatmal",Yavatmal,0112799510,Artificial Intelligence and Data Science,Minority,LSCS,210066,27.8805461
01127,"Jagadambha Bahuuddeshiya Gramin Vikas Sanstha's Jagdambha College of Engineering and Technology, Yavatmal",Yavatmal,0112799510,Artificial Intelligence and Data Science,Minority,LOBCS,192796,40.1861311
01127,"Jagadambha Bahuuddeshiya Gramin Vikas Sanstha's Jagdambha College of Engineering and Technology, Yavatmal",Yavatmal,0112799510,Artificial Intelligence and Data Science,Minority,PWDSCS,179784,46.7838981
01127,"Jagadambha Bahuuddeshiya Gramin Vikas Sanstha's Jagdambha College of Engineering and Technology, Yavatmal",Yavatmal,0112799510,Artificial Intelligence and Data Science,Minority,LNT3S,179908,46.7838981
01127,"Jagadambha Bahuuddeshiya Gramin Vikas Sanstha's Jagdambha College of Engineering and Technology, Yavatmal",Yavatmal,0112799510,Artificial Intelligence and Data Science,Minority,DEFOPENS,219307,18.4565842
01127,"Jagadambha Bahuuddeshiya Gramin Vikas Sanstha's Jagdambha College of Engineering and Technology, Yavatmal",Yavatmal,0112799510,Artificial Intelligence and Data Science,Minority,PWDOPENS,209273,28.4767446
01127,"Jagadambha Bahuuddeshiya Gramin Vikas Sanstha's Jagdambha College of Engineering and Technology, Yavatmal",Yavatmal,0112799510,Artificial Intelligence and Data Science,Minority,DEFSCS,183511,44.8240166
01127,"Jagadambha Bahuuddeshiya Gramin Vikas Sanstha's Jagdambha College of Engineering and Technology, Yavatmal",Yavatmal,0112799510,Artificial Intelligence and Data Science,Minority,LNT2S,184988,44.3215833
01127,"Jagadambha Bahuuddeshiya Gramin Vikas Sanstha's Jagdambha College of Engineering and Technology, Yavatmal",Yavatmal,0112799510,Artificial Intelligence and Data Science,Minority,GOBCS,210366,27.6982865
01127,"Jagadambha Bahuuddeshiya Gramin Vikas Sanstha's Jagdambha College of Engineering and Technology, Yavatmal",Yavatmal,0112799510,Artificial Intelligence and Data Science,Minority,LSTS,190045,41.3533547
01127,"Jagadambha Bahuuddeshiya Gramin Vikas Sanstha's Jagdambha College of Engineering and Technology, Yavatmal",Yavatmal,0112799510,Artificial Intelligence and Data Science,Minority,GSEBCS,217541,20.7106482
01127,"Jagadambha Bahuuddeshiya Gramin Vikas Sanstha's Jagdambha College of Engineering and Technology, Yavatmal",Yavatmal,0112799510,Artificial Intelligence and Data Science,Minority,PWDSEBCS,197724,37.0257103
01127,"Jagadambha Bahuuddeshiya Gramin Vikas Sanstha's Jagdambha College of Engineering and Technology, Yavatmal",Yavatmal,0112799510,Artificial Intelligence and Data Science,Minority,DEFSEBCS,198565,36.6388387
01127,"Jagadambha Bahuuddeshiya Gramin Vikas Sanstha's Jagdambha College of Engineering and Technology, Yavatmal",Yavatmal,0112799510,Artificial Intelligence and Data Science,Minority,ORPHANI,198658,36.6388387
01127,"Jagadambha Bahuuddeshiya Gramin Vikas Sanstha's Jagdambha College of Engineering and Technology, Yavatmal",Yavatmal,0112799510,Artificial Intelligence and Data Science,Minority,GSCS,220680,17.200127
01127,"Jagadambha Bahuuddeshiya Gramin Vikas Sanstha's Jagdambha College of Engineering and Technology, Yavatmal",Yavatmal,0112799510,Artificial Intelligence and Data Science,Minority,GSTS,219094,19.0169976
01127,"Jagadambha Bahuuddeshiya Gramin Vikas Sanstha's Jagdambha College of Engineering and Technology, Yavatmal",Yavatmal,0112799510,Artificial Intelligence and Data Science,Minority,DEFOBCS,203595,32.7909025
01127,"Jagadambha Bahuuddeshiya Gramin Vikas Sanstha's Jagdambha College of Engineering and Technology, Yavatmal",Yavatmal,0112799510,Artificial Intelligence and Data Science,Minority,GVJS,213589,24.7436032
01127,"Jagadambha Bahuuddeshiya Gramin Vikas Sanstha's Jagdambha College of Engineering and Technology, Yavatmal",Yavatmal,0112799510,Artificial Intelligence and Data Science,Minority,GNT1S,219682,18.2769061
01127,"Jagadambha Bahuuddeshiya Gramin Vikas Sanstha's Jagdambha College of Engineering and Technology, Yavatmal",Yavatmal,0112799510,Artificial Intelligence and Data Science,Minority,GNT2S,213361,24.9635504
01127,"Jagadambha Bahuuddeshiya Gramin Vikas Sanstha's Jagdambha College of Engineering and Technology, Yavatmal",Yavatmal,0112799510,Artificial Intelligence and Data Science,Minority,LSEBCS,217825,20.4073236
01127,"Jagadambha Bahuuddeshiya Gramin Vikas Sanstha's Jagdambha College of Engineering and Technology, Yavatmal",Yavatmal,0112799510,Artificial Intelligence and Data Science,Minority,GNT3S,211840,26.2353347
01127,"Jagadambha Bahuuddeshiya Gramin Vikas Sanstha's Jagdambha College of Engineering and Technology, Yavatmal",Yavatmal,0112799510,Artificial Intelligence and Data Science,Minority,PWDOBCS,214229,24.0353914
01127,"Jagadambha Bahuuddeshiya Gramin Vikas Sanstha's Jagdambha College of Engineering and Technology, Yavatmal",Yavatmal,0112799510,Artificial Intelligence and Data Science,Minority,AI,231136,16.7388465
01127,"Jagadambha Bahuuddeshiya Gramin Vikas Sanstha's Jagdambha College of Engineering and Technology, Yavatmal",Yavatmal,0112799510,Artificial Intelligence and Data Science,Minority,EWS,172594,50.184431
01127,"Jagadambha Bahuuddeshiya Gramin Vikas Sanstha's Jagdambha College of Engineering and Technology, Yavatmal",Yavatmal,0112799510,Artificial Intelligence and Data Science,Minority,TFWS,156060,57.4188806
01128,"Prof Ram Meghe College of Engineering  and Management, Badnera",Badnera,0112819110,Civil Engineering,Minority,GOPENS,119277,69.8303637
01128,"Prof Ram Meghe College of Engineering  and Management, Badnera",Badnera,0112819110,Civil Engineering,Minority,LOPENS,114148,71.4142775
01128,"Prof Ram Meghe College of Engineering  and Management, Badnera",Badnera,0112819110,Civil Engineering,Minority,PWDOPENS,111488,72.1871837
01128,"Prof Ram Meghe College of Engineering  and Management, Badnera",Badnera,0112819110,Civil Engineering,Minority,LOBCS,122825,68.6717464
01128,"Prof Ram Meghe College of Engineering  and Management, Badnera",Badnera,0112819110,Civil Engineering,Minority,GOBCS,127176,67.3167917
01128,"Prof Ram Meghe College of Engineering  and Management, Badnera",Badnera,0112819110,Civil Engineering,Minority,GSCS,145554,61.114444
01128,"Prof Ram Meghe College of Engineering  and Management, Badnera",Badnera,0112819110,Civil Engineering,Minority,GSTS,229546,0.0490042
01128,"Prof Ram Meghe College of Engineering  and Management, Badnera",Badnera,0112819110,Civil Engineering,Minority,GSEBCS,146285,60.7738415
01128,"Prof Ram Meghe College of Engineering  and Management, Badnera",Badnera,0112819110,Civil Engineering,Minority,DEFOPENS,128418,66.7193141
01128,"Prof Ram Meghe College of Engineering  and Management, Badnera",Badnera,0112819110,Civil Engineering,Minority,LSCS,140362,63.003413
01128,"Prof Ram Meghe College of Engineering  and Management, Badnera",Badnera,0112819110,Civil Engineering,Minority,GNT2S,135393,64.5293156
01128,"Prof Ram Meghe College of Engineering  and Management, Badnera",Badnera,0112819110,Civil Engineering,Minority,GVJS,139953,63.2367632
01128,"Prof Ram Meghe College of Engineering  and Management, Badnera",Badnera,0112819110,Civil Engineering,Minority,GNT1S,145152,61.2510322
01128,"Prof Ram Meghe College of Engineering  and Management, Badnera",Badnera,0112819110,Civil Engineering,Minority,LNT2S,155659,57.5392085
01128,"Prof Ram Meghe College of Engineering  and Management, Badnera",Badnera,0112819110,Civil Engineering,Minority,LSEBCS,158108,56.5182885
01128,"Prof Ram Meghe College of Engineering  and Management, Badnera",Badnera,0112819110,Civil Engineering,Minority,GNT3S,188430,42.3488094
01128,"Prof Ram Meghe College of Engineering  and Management, Badnera",Badnera,0112819110,Civil Engineering,Minority,LSTS,190913,41.0952232
01128,"Prof Ram Meghe College of Engineering  and Management, Badnera",Badnera,0112819110,Civil Engineering,Minority,AI,58855,55.5628377
01128,"Prof Ram Meghe College of Engineering  and Management, Badnera",Badnera,0112819110,Civil Engineering,Minority,EWS,221631,15.6857493
01128,"Prof Ram Meghe College of Engineering  and Management, Badnera",Badnera,0112819110,Civil Engineering,Minority,TFWS,96048,76.4503291
01128,"Prof Ram Meghe College of Engineering  and Management, Badnera",Badnera,0112824210,Computer Science and Engineering,Minority,LOPENS,61214,85.2987504
01128,"Prof Ram Meghe College of Engineering  and Management, Badnera",Badnera,0112824210,Computer Science and Engineering,Minority,GOPENS,70969,82.9763421
01128,"Prof Ram Meghe College of Engineering  and Management, Badnera",Badnera,0112824210,Computer Science and Engineering,Minority,LOBCS,68143,83.7045586
01128,"Prof Ram Meghe College of Engineering  and Management, Badnera",Badnera,0112824210,Computer Science and Engineering,Minority,PWDOBCS,67672,83.769652
01128,"Prof Ram Meghe College of Engineering  and Management, Badnera",Badnera,0112824210,Computer Science and Engineering,Minority,DEFOPENS,74813,81.9381769
01128,"Prof Ram Meghe College of Engineering  and Management, Badnera",Badnera,0112824210,Computer Science and Engineering,Minority,LSCS,78136,81.2365306
01128,"Prof Ram Meghe College of Engineering  and Management, Badnera",Badnera,0112824210,Computer Science and Engineering,Minority,GOBCS,73772,82.190886
01128,"Prof Ram Meghe College of Engineering  and Management, Badnera",Badnera,0112824210,Computer Science and Engineering,Minority,GVJS,73095,82.4850758
01128,"Prof Ram Meghe College of Engineering  and Management, Badnera",Badnera,0112824210,Computer Science and Engineering,Minority,GSCS,88631,78.4699621
01128,"Prof Ram Meghe College of Engineering  and Management, Badnera",Badnera,0112824210,Computer Science and Engineering,Minority,PWDOPENS,74766,81.9381769
01128,"Prof Ram Meghe College of Engineering  and Management, Badnera",Badnera,0112824210,Computer Science and Engineering,Minority,DEFOBCS,73763,82.190886
01128,"Prof Ram Meghe College of Engineering  and Management, Badnera",Badnera,0112824210,Computer Science and Engineering,Minority,ORPHANN,74384,82.016548
01128,"Prof Ram Meghe College of Engineering  and Management, Badnera",Badnera,0112824210,Computer Science and Engineering,Minority,GNT2S,81305,80.4716144
01128,"Prof Ram Meghe College of Engineering  and Management, Badnera",Badnera,0112824210,Computer Science and Engineering,Minority,PWDSCS,80368,80.5595655
01128,"Prof Ram Meghe College of Engineering  and Management, Badnera",Badnera,0112824210,Computer Science and Engineering,Minority,DEFSCS,81065,80.4992916
01128,"Prof Ram Meghe College of Engineering  and Management, Badnera",Badnera,0112824210,Computer Science and Engineering,Minority,GNT1S,90211,77.937978
01128,"Prof Ram Meghe College of Engineering  and Management, Badnera",Badnera,0112824210,Computer Science and Engineering,Minority,LSEBCS,131799,66.0625569
01128,"Prof Ram Meghe College of Engineering  and Management, Badnera",Badnera,0112824210,Computer Science and Engineering,Minority,GNT3S,106821,73.2908824
01128,"Prof Ram Meghe College of Engineering  and Management, Badnera",Badnera,0112824210,Computer Science and Engineering,Minority,LVJS,110410,72.5022286
01128,"Prof Ram Meghe College of Engineering  and Management, Badnera",Badnera,0112824210,Computer Science and Engineering,Minority,GSEBCS,126170,67.931377
01128,"Prof Ram Meghe College of Engineering  and Management, Badnera",Badnera,0112824210,Computer Science and Engineering,Minority,GSTS,201884,34.1022162
01128,"Prof Ram Meghe College of Engineering  and Management, Badnera",Badnera,0112824210,Computer Science and Engineering,Minority,LNT3S,150210,59.5017065
01128,"Prof Ram Meghe College of Engineering  and Management, Badnera",Badnera,0112824210,Computer Science and Engineering,Minority,LSTS,220971,16.8122355
01128,"Prof Ram Meghe College of Engineering  and Management, Badnera",Badnera,0112824210,Computer Science and Engineering,Minority,AI,36971,71.7053961
01128,"Prof Ram Meghe College of Engineering  and Management, Badnera",Badnera,0112824210,Computer Science and Engineering,Minority,EWS,118463,70.0706138
01128,"Prof Ram Meghe College of Engineering  and Management, Badnera",Badnera,0112824210,Computer Science and Engineering,Minority,TFWS,54975,86.8832732
01128,"Prof Ram Meghe College of Engineering  and Management, Badnera",Badnera,0112824610,Information Technology,Minority,DEFOBCS,34362,91.8455822
01128,"Prof Ram Meghe College of Engineering  and Management, Badnera",Badnera,0112824610,Information Technology,Minority,GOPENS,84077,79.5691881
01128,"Prof Ram Meghe College of Engineering  and Management, Badnera",Badnera,0112824610,Information Technology,Minority,LOPENS,77292,81.4271094
01128,"Prof Ram Meghe College of Engineering  and Management, Badnera",Badnera,0112824610,Information Technology,Minority,PWDOPENS,82322,80.1749582
01128,"Prof Ram Meghe College of Engineering  and Management, Badnera",Badnera,0112824610,Information Technology,Minority,LOBCS,79303,80.78157
01128,"Prof Ram Meghe College of Engineering  and Management, Badnera",Badnera,0112824610,Information Technology,Minority,LSTS,82918,79.9864621
01128,"Prof Ram Meghe College of Engineering  and Management, Badnera",Badnera,0112824610,Information Technology,Minority,GOBCS,87435,78.8724264
01128,"Prof Ram Meghe College of Engineering  and Management, Badnera",Badnera,0112824610,Information Technology,Minority,PWDOBCS,84753,79.4627847
01128,"Prof Ram Meghe College of Engineering  and Management, Badnera",Badnera,0112824610,Information Technology,Minority,DEFOPENS,87924,78.733317
01128,"Prof Ram Meghe College of Engineering  and Management, Badnera",Badnera,0112824610,Information Technology,Minority,GSTS,88788,78.4082225
01128,"Prof Ram Meghe College of Engineering  and Management, Badnera",Badnera,0112824610,Information Technology,Minority,ORPHANI,87898,78.733317
01128,"Prof Ram Meghe College of Engineering  and Management, Badnera",Badnera,0112824610,Information Technology,Minority,GNT2S,90963,77.8612083
01128,"Prof Ram Meghe College of Engineering  and Management, Badnera",Badnera,0112824610,Information Technology,Minority,LSCS,96751,76.3286018
01128,"Prof Ram Meghe College of Engineering  and Management, Badnera",Badnera,0112824610,Information Technology,Minority,GVJS,98040,76.099588
01128,"Prof Ram Meghe College of Engineering  and Management, Badnera",Badnera,0112824610,Information Technology,Minority,PWDSCS,94967,76.6875679
01128,"Prof Ram Meghe College of Engineering  and Management, Badnera",Badnera,0112824610,Information Technology,Minority,DEFSCS,96911,76.3286018
01128,"Prof Ram Meghe College of Engineering  and Management, Badnera",Badnera,0112824610,Information Technology,Minority,GSCS,106928,73.2908824
01128,"Prof Ram Meghe College of Engineering  and Management, Badnera",Badnera,0112824610,Information Technology,Minority,LNT1S,109856,72.5793422
01128,"Prof Ram Meghe College of Engineering  and Management, Badnera",Badnera,0112824610,Information Technology,Minority,LNT2S,103354,74.6217331
01128,"Prof Ram Meghe College of Engineering  and Management, Badnera",Badnera,0112824610,Information Technology,Minority,GNT3S,105873,73.676029
01128,"Prof Ram Meghe College of Engineering  and Management, Badnera",Badnera,0112824610,Information Technology,Minority,GSEBCS,155793,57.502776
01128,"Prof Ram Meghe College of Engineering  and Management, Badnera",Badnera,0112824610,Information Technology,Minority,LSEBCS,141151,62.9339383
01128,"Prof Ram Meghe College of Engineering  and Management, Badnera",Badnera,0112824610,Information Technology,Minority,AI,44157,66.5329463
01128,"Prof Ram Meghe College of Engineering  and Management, Badnera",Badnera,0112824610,Information Technology,Minority,EWS,153320,58.235114
01128,"Prof Ram Meghe College of Engineering  and Management, Badnera",Badnera,0112824610,Information Technology,Minority,TFWS,80687,80.5383458
01128,"Prof Ram Meghe College of Engineering  and Management, Badnera",Badnera,0112829310,Electrical Engineering,Minority,LOPENS,97072,76.3172626
01128,"Prof Ram Meghe College of Engineering  and Management, Badnera",Badnera,0112829310,Electrical Engineering,Minority,GOPENS,98845,75.6280193
01128,"Prof Ram Meghe College of Engineering  and Management, Badnera",Badnera,0112829310,Electrical Engineering,Minority,DEFOPENS,94912,76.6993653
01128,"Prof Ram Meghe College of Engineering  and Management, Badnera",Badnera,0112829310,Electrical Engineering,Minority,LOBCS,97841,76.131941
01128,"Prof Ram Meghe College of Engineering  and Management, Badnera",Badnera,0112829310,Electrical Engineering,Minority,LSTS,98214,75.9743237
01128,"Prof Ram Meghe College of Engineering  and Management, Badnera",Badnera,0112829310,Electrical Engineering,Minority,GOBCS,102236,74.8088122
01128,"Prof Ram Meghe College of Engineering  and Management, Badnera",Badnera,0112829310,Electrical Engineering,Minority,GSTS,102114,74.8088122
01128,"Prof Ram Meghe College of Engineering  and Management, Badnera",Badnera,0112829310,Electrical Engineering,Minority,PWDOPENS,101735,74.8210845
01128,"Prof Ram Meghe College of Engineering  and Management, Badnera",Badnera,0112829310,Electrical Engineering,Minority,GSCS,115693,70.9390112
01128,"Prof Ram Meghe College of Engineering  and Management, Badnera",Badnera,0112829310,Electrical Engineering,Minority,LSCS,119521,69.8131691
01128,"Prof Ram Meghe College of Engineering  and Management, Badnera",Badnera,0112829310,Electrical Engineering,Minority,GNT2S,130795,66.1169676
01128,"Prof Ram Meghe College of Engineering  and Management, Badnera",Badnera,0112829310,Electrical Engineering,Minority,GNT1S,123257,68.6498934
01128,"Prof Ram Meghe College of Engineering  and Management, Badnera",Badnera,0112829310,Electrical Engineering,Minority,LVJS,137018,64.087617
01128,"Prof Ram Meghe College of Engineering  and Management, Badnera",Badnera,0112829310,Electrical Engineering,Minority,GNT3S,145927,60.9157012
01128,"Prof Ram Meghe College of Engineering  and Management, Badnera",Badnera,0112829310,Electrical Engineering,Minority,GSEBCS,207713,29.612695
01128,"Prof Ram Meghe College of Engineering  and Management, Badnera",Badnera,0112829310,Electrical Engineering,Minority,LSEBCS,208182,29.4122187
01128,"Prof Ram Meghe College of Engineering  and Management, Badnera",Badnera,0112829310,Electrical Engineering,Minority,AI,46544,64.8143384
01128,"Prof Ram Meghe College of Engineering  and Management, Badnera",Badnera,0112829310,Electrical Engineering,Minority,EWS,215841,22.4923895
01128,"Prof Ram Meghe College of Engineering  and Management, Badnera",Badnera,0112829310,Electrical Engineering,Minority,TFWS,81098,80.4944215
01128,"Prof Ram Meghe College of Engineering  and Management, Badnera",Badnera,0112837210,Electronics and Telecommunication Engg,Minority,GOPENS,90601,77.9049638
01128,"Prof Ram Meghe College of Engineering  and Management, Badnera",Badnera,0112837210,Electronics and Telecommunication Engg,Minority,LOPENS,79592,80.7055032
01128,"Prof Ram Meghe College of Engineering  and Management, Badnera",Badnera,0112837210,Electronics and Telecommunication Engg,Minority,DEFOPENS,80181,80.5793663
01128,"Prof Ram Meghe College of Engineering  and Management, Badnera",Badnera,0112837210,Electronics and Telecommunication Engg,Minority,PWDOPENS,81129,80.4944215
01128,"Prof Ram Meghe College of Engineering  and Management, Badnera",Badnera,0112837210,Electronics and Telecommunication Engg,Minority,LOBCS,84073,79.5691881
01128,"Prof Ram Meghe College of Engineering  and Management, Badnera",Badnera,0112837210,Electronics and Telecommunication Engg,Minority,GOBCS,91017,77.8612083
01128,"Prof Ram Meghe College of Engineering  and Management, Badnera",Badnera,0112837210,Electronics and Telecommunication Engg,Minority,GSTS,91909,77.583794
01128,"Prof Ram Meghe College of Engineering  and Management, Badnera",Badnera,0112837210,Electronics and Telecommunication Engg,Minority,LSTS,92569,77.4501436
01128,"Prof Ram Meghe College of Engineering  and Management, Badnera",Badnera,0112837210,Electronics and Telecommunication Engg,Minority,GSCS,111448,72.1871837
01128,"Prof Ram Meghe College of Engineering  and Management, Badnera",Badnera,0112837210,Electronics and Telecommunication Engg,Minority,LSCS,112570,71.7544603
01128,"Prof Ram Meghe College of Engineering  and Management, Badnera",Badnera,0112837210,Electronics and Telecommunication Engg,Minority,GNT1S,115302,71.0421393
01128,"Prof Ram Meghe College of Engineering  and Management, Badnera",Badnera,0112837210,Electronics and Telecommunication Engg,Minority,GNT2S,115465,70.9482593
01128,"Prof Ram Meghe College of Engineering  and Management, Badnera",Badnera,0112837210,Electronics and Telecommunication Engg,Minority,GSEBCS,163245,54.7674174
01128,"Prof Ram Meghe College of Engineering  and Management, Badnera",Badnera,0112837210,Electronics and Telecommunication Engg,Minority,GVJS,133894,65.4076693
01128,"Prof Ram Meghe College of Engineering  and Management, Badnera",Badnera,0112837210,Electronics and Telecommunication Engg,Minority,GNT3S,145351,61.114444
01128,"Prof Ram Meghe College of Engineering  and Management, Badnera",Badnera,0112837210,Electronics and Telecommunication Engg,Minority,LVJS,167349,52.4918222
01128,"Prof Ram Meghe College of Engineering  and Management, Badnera",Badnera,0112837210,Electronics and Telecommunication Engg,Minority,AI,46209,65.1506525
01128,"Prof Ram Meghe College of Engineering  and Management, Badnera",Badnera,0112837210,Electronics and Telecommunication Engg,Minority,EWS,184193,44.6087422
01128,"Prof Ram Meghe College of Engineering  and Management, Badnera",Badnera,0112837210,Electronics and Telecommunication Engg,Minority,TFWS,72970,82.4999118
01128,"Prof Ram Meghe College of Engineering  and Management, Badnera",Badnera,0112891210,Computer Science and Engineering(Data Science),Minority,GOPENS,87475,78.8724264
01128,"Prof Ram Meghe College of Engineering  and Management, Badnera",Badnera,0112891210,Computer Science and Engineering(Data Science),Minority,PWDOPENS,76122,81.7199
01128,"Prof Ram Meghe College of Engineering  and Management, Badnera",Badnera,0112891210,Computer Science and Engineering(Data Science),Minority,LOPENS,86242,78.9956692
01128,"Prof Ram Meghe College of Engineering  and Management, Badnera",Badnera,0112891210,Computer Science and Engineering(Data Science),Minority,LOBCS,86955,78.8983322
01128,"Prof Ram Meghe College of Engineering  and Management, Badnera",Badnera,0112891210,Computer Science and Engineering(Data Science),Minority,LSCS,95869,76.468112
01128,"Prof Ram Meghe College of Engineering  and Management, Badnera",Badnera,0112891210,Computer Science and Engineering(Data Science),Minority,GVJS,88272,78.685137
01128,"Prof Ram Meghe College of Engineering  and Management, Badnera",Badnera,0112891210,Computer Science and Engineering(Data Science),Minority,GOBCS,90842,77.8890571
01128,"Prof Ram Meghe College of Engineering  and Management, Badnera",Badnera,0112891210,Computer Science and Engineering(Data Science),Minority,GNT1S,90692,77.9049638
01128,"Prof Ram Meghe College of Engineering  and Management, Badnera",Badnera,0112891210,Computer Science and Engineering(Data Science),Minority,GSTS,91973,77.583794
01128,"Prof Ram Meghe College of Engineering  and Management, Badnera",Badnera,0112891210,Computer Science and Engineering(Data Science),Minority,DEFOPENS,91737,77.7140658
01128,"Prof Ram Meghe College of Engineering  and Management, Badnera",Badnera,0112891210,Computer Science and Engineering(Data Science),Minority,LSTS,92583,77.4501436
01128,"Prof Ram Meghe College of Engineering  and Management, Badnera",Badnera,0112891210,Computer Science and Engineering(Data Science),Minority,GSCS,104419,74.1899324
01128,"Prof Ram Meghe College of Engineering  and Management, Badnera",Badnera,0112891210,Computer Science and Engineering(Data Science),Minority,GSEBCS,106591,73.3487346
01128,"Prof Ram Meghe College of Engineering  and Management, Badnera",Badnera,0112891210,Computer Science and Engineering(Data Science),Minority,LNT2S,120387,69.4641016
01128,"Prof Ram Meghe College of Engineering  and Management, Badnera",Badnera,0112891210,Computer Science and Engineering(Data Science),Minority,LSEBCS,165440,53.1999725
01128,"Prof Ram Meghe College of Engineering  and Management, Badnera",Badnera,0112891210,Computer Science and Engineering(Data Science),Minority,LNT3S,184593,44.5569356
01128,"Prof Ram Meghe College of Engineering  and Management, Badnera",Badnera,0112891210,Computer Science and Engineering(Data Science),Minority,AI,43830,66.866478
01128,"Prof Ram Meghe College of Engineering  and Management, Badnera",Badnera,0112891210,Computer Science and Engineering(Data Science),Minority,EWS,169621,52.016058
01128,"Prof Ram Meghe College of Engineering  and Management, Badnera",Badnera,0112891210,Computer Science and Engineering(Data Science),Minority,TFWS,81881,80.2298047
01130,"Vision Buldhana Educational & Welfare Society's Pankaj Laddhad Institute of Technology & Management Studies, Yelgaon",Yelgaon,0113019110,Civil Engineering,Minority,GSCH,185178,44.3215833
01130,"Vision Buldhana Educational & Welfare Society's Pankaj Laddhad Institute of Technology & Management Studies, Yelgaon",Yelgaon,0113019110,Civil Engineering,Minority,GSEBCH,165852,52.9701068
01130,"Vision Buldhana Educational & Welfare Society's Pankaj Laddhad Institute of Technology & Management Studies, Yelgaon",Yelgaon,0113019110,Civil Engineering,Minority,GOPENH,170467,51.5429844
01130,"Vision Buldhana Educational & Welfare Society's Pankaj Laddhad Institute of Technology & Management Studies, Yelgaon",Yelgaon,0113019110,Civil Engineering,Minority,LOPENH,173245,49.8699585
01130,"Vision Buldhana Educational & Welfare Society's Pankaj Laddhad Institute of Technology & Management Studies, Yelgaon",Yelgaon,0113019110,Civil Engineering,Minority,GNT1H,152924,58.3262891
01130,"Vision Buldhana Educational & Welfare Society's Pankaj Laddhad Institute of Technology & Management Studies, Yelgaon",Yelgaon,0113019110,Civil Engineering,Minority,LOBCH,175917,48.8548541
01130,"Vision Buldhana Educational & Welfare Society's Pankaj Laddhad Institute of Technology & Management Studies, Yelgaon",Yelgaon,0113019110,Civil Engineering,Minority,GNT2H,176791,48.401775
01130,"Vision Buldhana Educational & Welfare Society's Pankaj Laddhad Institute of Technology & Management Studies, Yelgaon",Yelgaon,0113019110,Civil Engineering,Minority,LSEBCH,185491,44.1521083
01130,"Vision Buldhana Educational & Welfare Society's Pankaj Laddhad Institute of Technology & Management Studies, Yelgaon",Yelgaon,0113019110,Civil Engineering,Minority,LSCH,200372,34.8005502
01130,"Vision Buldhana Educational & Welfare Society's Pankaj Laddhad Institute of Technology & Management Studies, Yelgaon",Yelgaon,0113019110,Civil Engineering,Minority,GOBCH,217810,20.4073236
01130,"Vision Buldhana Educational & Welfare Society's Pankaj Laddhad Institute of Technology & Management Studies, Yelgaon",Yelgaon,0113019110,Civil Engineering,Minority,GOPENO,170650,51.5429844
01130,"Vision Buldhana Educational & Welfare Society's Pankaj Laddhad Institute of Technology & Management Studies, Yelgaon",Yelgaon,0113019110,Civil Engineering,Minority,GSCO,209152,28.6606658
01130,"Vision Buldhana Educational & Welfare Society's Pankaj Laddhad Institute of Technology & Management Studies, Yelgaon",Yelgaon,0113019110,Civil Engineering,Minority,LOPENO,228780,2.7168345
01130,"Vision Buldhana Educational & Welfare Society's Pankaj Laddhad Institute of Technology & Management Studies, Yelgaon",Yelgaon,0113019110,Civil Engineering,Minority,GOBCO,106353,73.3487346
01130,"Vision Buldhana Educational & Welfare Society's Pankaj Laddhad Institute of Technology & Management Studies, Yelgaon",Yelgaon,0113019110,Civil Engineering,Minority,GSTO,194713,38.6749482
01130,"Vision Buldhana Educational & Welfare Society's Pankaj Laddhad Institute of Technology & Management Studies, Yelgaon",Yelgaon,0113019110,Civil Engineering,Minority,LOBCO,200863,34.4790806
01130,"Vision Buldhana Educational & Welfare Society's Pankaj Laddhad Institute of Technology & Management Studies, Yelgaon",Yelgaon,0113019110,Civil Engineering,Minority,AI,200969,46.728217
01130,"Vision Buldhana Educational & Welfare Society's Pankaj Laddhad Institute of Technology & Management Studies, Yelgaon",Yelgaon,0113019110,Civil Engineering,Minority,EWS,222033,15.4472393
01130,"Vision Buldhana Educational & Welfare Society's Pankaj Laddhad Institute of Technology & Management Studies, Yelgaon",Yelgaon,0113019110,Civil Engineering,Minority,TFWS,208985,28.7105475
01130,"Vision Buldhana Educational & Welfare Society's Pankaj Laddhad Institute of Technology & Management Studies, Yelgaon",Yelgaon,0113024210,Computer Science and Engineering,Minority,GOPENH,171393,51.0139791
01130,"Vision Buldhana Educational & Welfare Society's Pankaj Laddhad Institute of Technology & Management Studies, Yelgaon",Yelgaon,0113024210,Computer Science and Engineering,Minority,LOPENH,141673,62.8284912
01130,"Vision Buldhana Educational & Welfare Society's Pankaj Laddhad Institute of Technology & Management Studies, Yelgaon",Yelgaon,0113024210,Computer Science and Engineering,Minority,LNT1H,129371,66.4794206
01130,"Vision Buldhana Educational & Welfare Society's Pankaj Laddhad Institute of Technology & Management Studies, Yelgaon",Yelgaon,0113024210,Computer Science and Engineering,Minority,LOBCH,149495,59.8130199
01130,"Vision Buldhana Educational & Welfare Society's Pankaj Laddhad Institute of Technology & Management Studies, Yelgaon",Yelgaon,0113024210,Computer Science and Engineering,Minority,GSCH,207246,30.1917921
01130,"Vision Buldhana Educational & Welfare Society's Pankaj Laddhad Institute of Technology & Management Studies, Yelgaon",Yelgaon,0113024210,Computer Science and Engineering,Minority,GOBCH,186840,43.2614932
01130,"Vision Buldhana Educational & Welfare Society's Pankaj Laddhad Institute of Technology & Management Studies, Yelgaon",Yelgaon,0113024210,Computer Science and Engineering,Minority,GVJH,194840,38.6749482
01130,"Vision Buldhana Educational & Welfare Society's Pankaj Laddhad Institute of Technology & Management Studies, Yelgaon",Yelgaon,0113024210,Computer Science and Engineering,Minority,GSTH,190571,41.153186
01130,"Vision Buldhana Educational & Welfare Society's Pankaj Laddhad Institute of Technology & Management Studies, Yelgaon",Yelgaon,0113024210,Computer Science and Engineering,Minority,LSTH,176010,48.8548541
01130,"Vision Buldhana Educational & Welfare Society's Pankaj Laddhad Institute of Technology & Management Studies, Yelgaon",Yelgaon,0113024210,Computer Science and Engineering,Minority,LSCH,184490,44.5569356
01130,"Vision Buldhana Educational & Welfare Society's Pankaj Laddhad Institute of Technology & Management Studies, Yelgaon",Yelgaon,0113024210,Computer Science and Engineering,Minority,GSEBCH,189947,41.5554243
01130,"Vision Buldhana Educational & Welfare Society's Pankaj Laddhad Institute of Technology & Management Studies, Yelgaon",Yelgaon,0113024210,Computer Science and Engineering,Minority,GNT2H,192893,39.9867632
01130,"Vision Buldhana Educational & Welfare Society's Pankaj Laddhad Institute of Technology & Management Studies, Yelgaon",Yelgaon,0113024210,Computer Science and Engineering,Minority,PWDOPENH,211006,27.1206001
01130,"Vision Buldhana Educational & Welfare Society's Pankaj Laddhad Institute of Technology & Management Studies, Yelgaon",Yelgaon,0113024210,Computer Science and Engineering,Minority,LOPENO,161238,55.319298
01130,"Vision Buldhana Educational & Welfare Society's Pankaj Laddhad Institute of Technology & Management Studies, Yelgaon",Yelgaon,0113024210,Computer Science and Engineering,Minority,LOBCO,175927,48.8548541
01130,"Vision Buldhana Educational & Welfare Society's Pankaj Laddhad Institute of Technology & Management Studies, Yelgaon",Yelgaon,0113024210,Computer Science and Engineering,Minority,GOPENO,228438,3.6176615
01130,"Vision Buldhana Educational & Welfare Society's Pankaj Laddhad Institute of Technology & Management Studies, Yelgaon",Yelgaon,0113024210,Computer Science and Engineering,Minority,GOBCO,182102,45.6611497
01130,"Vision Buldhana Educational & Welfare Society's Pankaj Laddhad Institute of Technology & Management Studies, Yelgaon",Yelgaon,0113024210,Computer Science and Engineering,Minority,GNT2O,174458,49.2473035
01130,"Vision Buldhana Educational & Welfare Society's Pankaj Laddhad Institute of Technology & Management Studies, Yelgaon",Yelgaon,0113024210,Computer Science and Engineering,Minority,GSEBCO,192063,40.4581492
01130,"Vision Buldhana Educational & Welfare Society's Pankaj Laddhad Institute of Technology & Management Studies, Yelgaon",Yelgaon,0113024210,Computer Science and Engineering,Minority,GSTO,190873,41.0952232
01130,"Vision Buldhana Educational & Welfare Society's Pankaj Laddhad Institute of Technology & Management Studies, Yelgaon",Yelgaon,0113024210,Computer Science and Engineering,Minority,LNT3O,194471,38.9526061
01130,"Vision Buldhana Educational & Welfare Society's Pankaj Laddhad Institute of Technology & Management Studies, Yelgaon",Yelgaon,0113024210,Computer Science and Engineering,Minority,GSCO,217394,20.9078498
01130,"Vision Buldhana Educational & Welfare Society's Pankaj Laddhad Institute of Technology & Management Studies, Yelgaon",Yelgaon,0113024210,Computer Science and Engineering,Minority,LSCO,227499,5.9771774
01130,"Vision Buldhana Educational & Welfare Society's Pankaj Laddhad Institute of Technology & Management Studies, Yelgaon",Yelgaon,0113024210,Computer Science and Engineering,Minority,AI,97259,5.1344263
01130,"Vision Buldhana Educational & Welfare Society's Pankaj Laddhad Institute of Technology & Management Studies, Yelgaon",Yelgaon,0113024210,Computer Science and Engineering,Minority,DEFOPENS,192901,39.9867632
01130,"Vision Buldhana Educational & Welfare Society's Pankaj Laddhad Institute of Technology & Management Studies, Yelgaon",Yelgaon,0113024210,Computer Science and Engineering,Minority,EWS,220868,16.8210201
01130,"Vision Buldhana Educational & Welfare Society's Pankaj Laddhad Institute of Technology & Management Studies, Yelgaon",Yelgaon,0113024210,Computer Science and Engineering,Minority,TFWS,172308,50.5512969
01130,"Vision Buldhana Educational & Welfare Society's Pankaj Laddhad Institute of Technology & Management Studies, Yelgaon",Yelgaon,0113035610,Electrical Engineering (Electronics and Power),Minority,LOPENH,197121,37.2122315
01130,"Vision Buldhana Educational & Welfare Society's Pankaj Laddhad Institute of Technology & Management Studies, Yelgaon",Yelgaon,0113035610,Electrical Engineering (Electronics and Power),Minority,GOPENH,199485,35.5990164
01130,"Vision Buldhana Educational & Welfare Society's Pankaj Laddhad Institute of Technology & Management Studies, Yelgaon",Yelgaon,0113035610,Electrical Engineering (Electronics and Power),Minority,GOBCH,209902,27.9000459
01130,"Vision Buldhana Educational & Welfare Society's Pankaj Laddhad Institute of Technology & Management Studies, Yelgaon",Yelgaon,0113035610,Electrical Engineering (Electronics and Power),Minority,GSCH,208676,28.9974428
01130,"Vision Buldhana Educational & Welfare Society's Pankaj Laddhad Institute of Technology & Management Studies, Yelgaon",Yelgaon,0113035610,Electrical Engineering (Electronics and Power),Minority,GOPENO,219450,18.3800623
01130,"Vision Buldhana Educational & Welfare Society's Pankaj Laddhad Institute of Technology & Management Studies, Yelgaon",Yelgaon,0113035610,Electrical Engineering (Electronics and Power),Minority,GOBCO,224139,12.2913505
01130,"Vision Buldhana Educational & Welfare Society's Pankaj Laddhad Institute of Technology & Management Studies, Yelgaon",Yelgaon,0113035610,Electrical Engineering (Electronics and Power),Minority,LOPENO,228305,3.9711191
01130,"Vision Buldhana Educational & Welfare Society's Pankaj Laddhad Institute of Technology & Management Studies, Yelgaon",Yelgaon,0113035610,Electrical Engineering (Electronics and Power),Minority,AI,237413,1.6757679
01130,"Vision Buldhana Educational & Welfare Society's Pankaj Laddhad Institute of Technology & Management Studies, Yelgaon",Yelgaon,0113035610,Electrical Engineering (Electronics and Power),Minority,EWS,225925,9.2097999
01130,"Vision Buldhana Educational & Welfare Society's Pankaj Laddhad Institute of Technology & Management Studies, Yelgaon",Yelgaon,0113035610,Electrical Engineering (Electronics and Power),Minority,TFWS,159559,55.7542662
01130,"Vision Buldhana Educational & Welfare Society's Pankaj Laddhad Institute of Technology & Management Studies, Yelgaon",Yelgaon,0113037210,Electronics and Telecommunication Engg,Minority,LOPENH,189018,41.7943409
01130,"Vision Buldhana Educational & Welfare Society's Pankaj Laddhad Institute of Technology & Management Studies, Yelgaon",Yelgaon,0113037210,Electronics and Telecommunication Engg,Minority,GOPENH,221826,15.4884768
01130,"Vision Buldhana Educational & Welfare Society's Pankaj Laddhad Institute of Technology & Management Studies, Yelgaon",Yelgaon,0113037210,Electronics and Telecommunication Engg,Minority,LOBCH,216688,21.3588155
01130,"Vision Buldhana Educational & Welfare Society's Pankaj Laddhad Institute of Technology & Management Studies, Yelgaon",Yelgaon,0113037210,Electronics and Telecommunication Engg,Minority,GOBCH,218674,19.4445432
01130,"Vision Buldhana Educational & Welfare Society's Pankaj Laddhad Institute of Technology & Management Studies, Yelgaon",Yelgaon,0113037210,Electronics and Telecommunication Engg,Minority,GNT2H,215468,22.6197993
01130,"Vision Buldhana Educational & Welfare Society's Pankaj Laddhad Institute of Technology & Management Studies, Yelgaon",Yelgaon,0113037210,Electronics and Telecommunication Engg,Minority,GOPENO,213336,24.9635504
01130,"Vision Buldhana Educational & Welfare Society's Pankaj Laddhad Institute of Technology & Management Studies, Yelgaon",Yelgaon,0113037210,Electronics and Telecommunication Engg,Minority,LOPENO,216099,22.27398
01130,"Vision Buldhana Educational & Welfare Society's Pankaj Laddhad Institute of Technology & Management Studies, Yelgaon",Yelgaon,0113037210,Electronics and Telecommunication Engg,Minority,AI,229937,18.4565842
01130,"Vision Buldhana Educational & Welfare Society's Pankaj Laddhad Institute of Technology & Management Studies, Yelgaon",Yelgaon,0113037210,Electronics and Telecommunication Engg,Minority,TFWS,186624,43.578754
01130,"Vision Buldhana Educational & Welfare Society's Pankaj Laddhad Institute of Technology & Management Studies, Yelgaon",Yelgaon,0113061210,Mechanical Engineering,Minority,GSCH,213383,24.9635504
01130,"Vision Buldhana Educational & Welfare Society's Pankaj Laddhad Institute of Technology & Management Studies, Yelgaon",Yelgaon,0113061210,Mechanical Engineering,Minority,GOPENH,199450,35.5990164
01130,"Vision Buldhana Educational & Welfare Society's Pankaj Laddhad Institute of Technology & Management Studies, Yelgaon",Yelgaon,0113061210,Mechanical Engineering,Minority,LOPENH,201102,34.3896838
01130,"Vision Buldhana Educational & Welfare Society's Pankaj Laddhad Institute of Technology & Management Studies, Yelgaon",Yelgaon,0113061210,Mechanical Engineering,Minority,GOBCH,211379,26.591875
01130,"Vision Buldhana Educational & Welfare Society's Pankaj Laddhad Institute of Technology & Management Studies, Yelgaon",Yelgaon,0113061210,Mechanical Engineering,Minority,LSCH,205080,31.7722006
01130,"Vision Buldhana Educational & Welfare Society's Pankaj Laddhad Institute of Technology & Management Studies, Yelgaon",Yelgaon,0113061210,Mechanical Engineering,Minority,LOBCH,228462,3.5388008
01130,"Vision Buldhana Educational & Welfare Society's Pankaj Laddhad Institute of Technology & Management Studies, Yelgaon",Yelgaon,0113061210,Mechanical Engineering,Minority,GNT1H,228740,2.7666157
01130,"Vision Buldhana Educational & Welfare Society's Pankaj Laddhad Institute of Technology & Management Studies, Yelgaon",Yelgaon,0113061210,Mechanical Engineering,Minority,GOPENO,118573,70.0706138
01130,"Vision Buldhana Educational & Welfare Society's Pankaj Laddhad Institute of Technology & Management Studies, Yelgaon",Yelgaon,0113061210,Mechanical Engineering,Minority,GNT2O,85107,79.3794141
01130,"Vision Buldhana Educational & Welfare Society's Pankaj Laddhad Institute of Technology & Management Studies, Yelgaon",Yelgaon,0113061210,Mechanical Engineering,Minority,GSEBCO,188804,42.1633326
01130,"Vision Buldhana Educational & Welfare Society's Pankaj Laddhad Institute of Technology & Management Studies, Yelgaon",Yelgaon,0113061210,Mechanical Engineering,Minority,GOBCO,225261,10.57655
01130,"Vision Buldhana Educational & Welfare Society's Pankaj Laddhad Institute of Technology & Management Studies, Yelgaon",Yelgaon,0113061210,Mechanical Engineering,Minority,LOPENO,202621,33.7141758
01130,"Vision Buldhana Educational & Welfare Society's Pankaj Laddhad Institute of Technology & Management Studies, Yelgaon",Yelgaon,0113061210,Mechanical Engineering,Minority,GSCO,227113,6.8673857
01130,"Vision Buldhana Educational & Welfare Society's Pankaj Laddhad Institute of Technology & Management Studies, Yelgaon",Yelgaon,0113061210,Mechanical Engineering,Minority,LOBCO,228839,2.5195548
01130,"Vision Buldhana Educational & Welfare Society's Pankaj Laddhad Institute of Technology & Management Studies, Yelgaon",Yelgaon,0113061210,Mechanical Engineering,Minority,AI,96124,8.9536897
01130,"Vision Buldhana Educational & Welfare Society's Pankaj Laddhad Institute of Technology & Management Studies, Yelgaon",Yelgaon,0113061210,Mechanical Engineering,Minority,TFWS,214556,23.7839084
01180,"Sanmati Engineering College, Sawargaon Barde, Washim",Washim,0118019110,Civil Engineering,Minority,LOPENH,212754,25.2991393
01180,"Sanmati Engineering College, Sawargaon Barde, Washim",Washim,0118019110,Civil Engineering,Minority,GOPENH,218496,19.5678103
01180,"Sanmati Engineering College, Sawargaon Barde, Washim",Washim,0118019110,Civil Engineering,Minority,GOBCH,225844,9.2107074
01180,"Sanmati Engineering College, Sawargaon Barde, Washim",Washim,0118019110,Civil Engineering,Minority,PWDOPENH,214485,23.9624698
01180,"Sanmati Engineering College, Sawargaon Barde, Washim",Washim,0118019110,Civil Engineering,Minority,GSCH,221019,16.7388465
01180,"Sanmati Engineering College, Sawargaon Barde, Washim",Washim,0118019110,Civil Engineering,Minority,PWDOBCH,223593,13.1401169
01180,"Sanmati Engineering College, Sawargaon Barde, Washim",Washim,0118019110,Civil Engineering,Minority,GNT1H,225687,9.5479844
01180,"Sanmati Engineering College, Sawargaon Barde, Washim",Washim,0118019110,Civil Engineering,Minority,GOPENO,207275,30.1917921
01180,"Sanmati Engineering College, Sawargaon Barde, Washim",Washim,0118019110,Civil Engineering,Minority,GOBCO,223563,13.1401169
01180,"Sanmati Engineering College, Sawargaon Barde, Washim",Washim,0118019110,Civil Engineering,Minority,GSCO,227253,6.3481229
01180,"Sanmati Engineering College, Sawargaon Barde, Washim",Washim,0118019110,Civil Engineering,Minority,AI,237157,2.7197951
01180,"Sanmati Engineering College, Sawargaon Barde, Washim",Washim,0118019110,Civil Engineering,Minority,EWS,229197,1.3513033
01180,"Sanmati Engineering College, Sawargaon Barde, Washim",Washim,0118024210,Computer Science and Engineering,Minority,LOPENH,146519,60.7556304
01180,"Sanmati Engineering College, Sawargaon Barde, Washim",Washim,0118024210,Computer Science and Engineering,Minority,GOPENH,188996,41.7943409
01180,"Sanmati Engineering College, Sawargaon Barde, Washim",Washim,0118024210,Computer Science and Engineering,Minority,LOBCH,194852,38.6749482
01180,"Sanmati Engineering College, Sawargaon Barde, Washim",Washim,0118024210,Computer Science and Engineering,Minority,LSTH,183465,44.8240166
01180,"Sanmati Engineering College, Sawargaon Barde, Washim",Washim,0118024210,Computer Science and Engineering,Minority,GOBCH,210916,27.147084
01180,"Sanmati Engineering College, Sawargaon Barde, Washim",Washim,0118024210,Computer Science and Engineering,Minority,LSCH,207975,29.41486
01180,"Sanmati Engineering College, Sawargaon Barde, Washim",Washim,0118024210,Computer Science and Engineering,Minority,GSTH,207242,30.1917921
01180,"Sanmati Engineering College, Sawargaon Barde, Washim",Washim,0118024210,Computer Science and Engineering,Minority,PWDOPENH,213190,25.0523784
01180,"Sanmati Engineering College, Sawargaon Barde, Washim",Washim,0118024210,Computer Science and Engineering,Minority,GSEBCH,215475,22.6197993
01180,"Sanmati Engineering College, Sawargaon Barde, Washim",Washim,0118024210,Computer Science and Engineering,Minority,GNT2H,214328,23.9884494
01180,"Sanmati Engineering College, Sawargaon Barde, Washim",Washim,0118024210,Computer Science and Engineering,Minority,PWDOBCH,214716,23.5746832
01180,"Sanmati Engineering College, Sawargaon Barde, Washim",Washim,0118024210,Computer Science and Engineering,Minority,GSCH,218417,19.5678103
01180,"Sanmati Engineering College, Sawargaon Barde, Washim",Washim,0118024210,Computer Science and Engineering,Minority,LSEBCH,216773,21.3588155
01180,"Sanmati Engineering College, Sawargaon Barde, Washim",Washim,0118024210,Computer Science and Engineering,Minority,LNT3H,227311,6.3332176
01180,"Sanmati Engineering College, Sawargaon Barde, Washim",Washim,0118024210,Computer Science and Engineering,Minority,GOPENO,190554,41.153186
01180,"Sanmati Engineering College, Sawargaon Barde, Washim",Washim,0118024210,Computer Science and Engineering,Minority,GOBCO,193746,39.4647165
01180,"Sanmati Engineering College, Sawargaon Barde, Washim",Washim,0118024210,Computer Science and Engineering,Minority,GSEBCO,205168,31.7722006
01180,"Sanmati Engineering College, Sawargaon Barde, Washim",Washim,0118024210,Computer Science and Engineering,Minority,GSTO,226802,7.5282136
01180,"Sanmati Engineering College, Sawargaon Barde, Washim",Washim,0118024210,Computer Science and Engineering,Minority,GSCO,228943,2.161348
01180,"Sanmati Engineering College, Sawargaon Barde, Washim",Washim,0118024210,Computer Science and Engineering,Minority,LOPENO,169395,52.0988164
01180,"Sanmati Engineering College, Sawargaon Barde, Washim",Washim,0118024210,Computer Science and Engineering,Minority,LOBCO,171497,50.9743237
01180,"Sanmati Engineering College, Sawargaon Barde, Washim",Washim,0118024210,Computer Science and Engineering,Minority,LVJO,174836,49.1668381
01180,"Sanmati Engineering College, Sawargaon Barde, Washim",Washim,0118024210,Computer Science and Engineering,Minority,LNT2O,217059,20.9880869
01180,"Sanmati Engineering College, Sawargaon Barde, Washim",Washim,0118024210,Computer Science and Engineering,Minority,LSCO,219610,18.2769061
01180,"Sanmati Engineering College, Sawargaon Barde, Washim",Washim,0118024210,Computer Science and Engineering,Minority,LNT1O,223676,13.0221818
01180,"Sanmati Engineering College, Sawargaon Barde, Washim",Washim,0118024210,Computer Science and Engineering,Minority,AI,228118,21.1739609
01180,"Sanmati Engineering College, Sawargaon Barde, Washim",Washim,0118024210,Computer Science and Engineering,Minority,DEFOPENS,170988,51.2488599
01180,"Sanmati Engineering College, Sawargaon Barde, Washim",Washim,0118024210,Computer Science and Engineering,Minority,DEFOBCS,203174,33.0737389
01180,"Sanmati Engineering College, Sawargaon Barde, Washim",Washim,0118024210,Computer Science and Engineering,Minority,ORPHANI,211146,27.0109031
01180,"Sanmati Engineering College, Sawargaon Barde, Washim",Washim,0118024210,Computer Science and Engineering,Minority,EWS,226234,8.764745
01180,"Sanmati Engineering College, Sawargaon Barde, Washim",Washim,0118024210,Computer Science and Engineering,Minority,TFWS,141599,62.8284912
01180,"Sanmati Engineering College, Sawargaon Barde, Washim",Washim,0118026310,Artificial Intelligence (AI) and Data Science,Minority,LOPENH,216471,21.6834785
01180,"Sanmati Engineering College, Sawargaon Barde, Washim",Washim,0118026310,Artificial Intelligence (AI) and Data Science,Minority,GOPENH,224844,11.0148558
01180,"Sanmati Engineering College, Sawargaon Barde, Washim",Washim,0118026310,Artificial Intelligence (AI) and Data Science,Minority,LOBCH,200390,34.8005502
01180,"Sanmati Engineering College, Sawargaon Barde, Washim",Washim,0118026310,Artificial Intelligence (AI) and Data Science,Minority,PWDOPENH,216487,21.5915263
01180,"Sanmati Engineering College, Sawargaon Barde, Washim",Washim,0118026310,Artificial Intelligence (AI) and Data Science,Minority,GOPENO,206238,30.8808364
01180,"Sanmati Engineering College, Sawargaon Barde, Washim",Washim,0118026310,Artificial Intelligence (AI) and Data Science,Minority,GSCO,229100,1.6757679
01180,"Sanmati Engineering College, Sawargaon Barde, Washim",Washim,0118026310,Artificial Intelligence (AI) and Data Science,Minority,LOPENO,225796,9.3008868
01180,"Sanmati Engineering College, Sawargaon Barde, Washim",Washim,0118026310,Artificial Intelligence (AI) and Data Science,Minority,GOBCO,220746,17.0157534
01180,"Sanmati Engineering College, Sawargaon Barde, Washim",Washim,0118026310,Artificial Intelligence (AI) and Data Science,Minority,AI,235644,7.4014234
01180,"Sanmati Engineering College, Sawargaon Barde, Washim",Washim,0118026310,Artificial Intelligence (AI) and Data Science,Minority,EWS,209081,28.6606658
01180,"Sanmati Engineering College, Sawargaon Barde, Washim",Washim,0118029310,Electrical Engineering,Minority,LOPENH,169843,51.8020478
01180,"Sanmati Engineering College, Sawargaon Barde, Washim",Washim,0118029310,Electrical Engineering,Minority,GOPENH,216204,22.1683213
01180,"Sanmati Engineering College, Sawargaon Barde, Washim",Washim,0118029310,Electrical Engineering,Minority,GSCH,224657,11.134049
01180,"Sanmati Engineering College, Sawargaon Barde, Washim",Washim,0118029310,Electrical Engineering,Minority,GOPENO,225107,10.9209283
01180,"Sanmati Engineering College, Sawargaon Barde, Washim",Washim,0118029310,Electrical Engineering,Minority,GVJO,220631,17.200127
01180,"Sanmati Engineering College, Sawargaon Barde, Washim",Washim,0118029310,Electrical Engineering,Minority,AI,236410,5.1545589
01180,"Sanmati Engineering College, Sawargaon Barde, Washim",Washim,0118061210,Mechanical Engineering,Minority,GOPENH,227391,6.2663906
01180,"Sanmati Engineering College, Sawargaon Barde, Washim",Washim,0118061210,Mechanical Engineering,Minority,LOPENH,225605,9.5804392
01180,"Sanmati Engineering College, Sawargaon Barde, Washim",Washim,0118061210,Mechanical Engineering,Minority,GOPENO,226260,8.6529978
01182,"Padmashri Dr. V.B.  Kolte College of Engineering, Malkapur, Buldhana",Buldhana,0118219110,Civil Engineering,Minority,GOPENS,220729,17.0157534
01182,"Padmashri Dr. V.B.  Kolte College of Engineering, Malkapur, Buldhana",Buldhana,0118219110,Civil Engineering,Minority,LOPENS,226205,8.764745
01182,"Padmashri Dr. V.B.  Kolte College of Engineering, Malkapur, Buldhana",Buldhana,0118219110,Civil Engineering,Minority,PWDOPENS,188325,42.4145111
01182,"Padmashri Dr. V.B.  Kolte College of Engineering, Malkapur, Buldhana",Buldhana,0118219110,Civil Engineering,Minority,DEFOPENS,205081,31.7722006
01182,"Padmashri Dr. V.B.  Kolte College of Engineering, Malkapur, Buldhana",Buldhana,0118219110,Civil Engineering,Minority,GNT2S,208967,28.7105475
01182,"Padmashri Dr. V.B.  Kolte College of Engineering, Malkapur, Buldhana",Buldhana,0118219110,Civil Engineering,Minority,LOBCS,209834,27.9000459
01182,"Padmashri Dr. V.B.  Kolte College of Engineering, Malkapur, Buldhana",Buldhana,0118219110,Civil Engineering,Minority,GSCS,225292,10.3857148
01182,"Padmashri Dr. V.B.  Kolte College of Engineering, Malkapur, Buldhana",Buldhana,0118219110,Civil Engineering,Minority,GOBCS,229459,0.4165693
01182,"Padmashri Dr. V.B.  Kolte College of Engineering, Malkapur, Buldhana",Buldhana,0118219110,Civil Engineering,Minority,LVJS,227248,6.3481229
01182,"Padmashri Dr. V.B.  Kolte College of Engineering, Malkapur, Buldhana",Buldhana,0118219110,Civil Engineering,Minority,LSEBCS,228151,4.4515103
01182,"Padmashri Dr. V.B.  Kolte College of Engineering, Malkapur, Buldhana",Buldhana,0118219110,Civil Engineering,Minority,LNT2S,228836,2.5195548
01182,"Padmashri Dr. V.B.  Kolte College of Engineering, Malkapur, Buldhana",Buldhana,0118219110,Civil Engineering,Minority,AI,231609,15.7373377
01182,"Padmashri Dr. V.B.  Kolte College of Engineering, Malkapur, Buldhana",Buldhana,0118219110,Civil Engineering,Minority,TFWS,119856,69.7766245
01182,"Padmashri Dr. V.B.  Kolte College of Engineering, Malkapur, Buldhana",Buldhana,0118224210,Computer Science and Engineering,Minority,LOPENS,138599,63.540901
01182,"Padmashri Dr. V.B.  Kolte College of Engineering, Malkapur, Buldhana",Buldhana,0118224210,Computer Science and Engineering,Minority,GOPENS,179527,46.9424901
01182,"Padmashri Dr. V.B.  Kolte College of Engineering, Malkapur, Buldhana",Buldhana,0118224210,Computer Science and Engineering,Minority,PWDOBCS,181734,45.9819894
01182,"Padmashri Dr. V.B.  Kolte College of Engineering, Malkapur, Buldhana",Buldhana,0118224210,Computer Science and Engineering,Minority,PWDOPENS,224797,11.1244146
01182,"Padmashri Dr. V.B.  Kolte College of Engineering, Malkapur, Buldhana",Buldhana,0118224210,Computer Science and Engineering,Minority,LOBCS,189626,41.6288192
01182,"Padmashri Dr. V.B.  Kolte College of Engineering, Malkapur, Buldhana",Buldhana,0118224210,Computer Science and Engineering,Minority,LNT1S,144937,61.2510322
01182,"Padmashri Dr. V.B.  Kolte College of Engineering, Malkapur, Buldhana",Buldhana,0118224210,Computer Science and Engineering,Minority,PWDSCS,153543,58.1924692
01182,"Padmashri Dr. V.B.  Kolte College of Engineering, Malkapur, Buldhana",Buldhana,0118224210,Computer Science and Engineering,Minority,LNT2S,157625,56.5580532
01182,"Padmashri Dr. V.B.  Kolte College of Engineering, Malkapur, Buldhana",Buldhana,0118224210,Computer Science and Engineering,Minority,DEFOPENS,200059,35.508346
01182,"Padmashri Dr. V.B.  Kolte College of Engineering, Malkapur, Buldhana",Buldhana,0118224210,Computer Science and Engineering,Minority,GNT1S,192464,40.369284
01182,"Padmashri Dr. V.B.  Kolte College of Engineering, Malkapur, Buldhana",Buldhana,0118224210,Computer Science and Engineering,Minority,GOBCS,190348,41.1906024
01182,"Padmashri Dr. V.B.  Kolte College of Engineering, Malkapur, Buldhana",Buldhana,0118224210,Computer Science and Engineering,Minority,DEFOBCS,179455,46.9424901
01182,"Padmashri Dr. V.B.  Kolte College of Engineering, Malkapur, Buldhana",Buldhana,0118224210,Computer Science and Engineering,Minority,GNT2S,200854,34.4790806
01182,"Padmashri Dr. V.B.  Kolte College of Engineering, Malkapur, Buldhana",Buldhana,0118224210,Computer Science and Engineering,Minority,LSCS,218564,19.5229257
01182,"Padmashri Dr. V.B.  Kolte College of Engineering, Malkapur, Buldhana",Buldhana,0118224210,Computer Science and Engineering,Minority,LSTS,179469,46.9424901
01182,"Padmashri Dr. V.B.  Kolte College of Engineering, Malkapur, Buldhana",Buldhana,0118224210,Computer Science and Engineering,Minority,GSCS,228470,3.5388008
01182,"Padmashri Dr. V.B.  Kolte College of Engineering, Malkapur, Buldhana",Buldhana,0118224210,Computer Science and Engineering,Minority,GNT3S,213469,24.78221
01182,"Padmashri Dr. V.B.  Kolte College of Engineering, Malkapur, Buldhana",Buldhana,0118224210,Computer Science and Engineering,Minority,LSEBCS,207223,30.1917921
01182,"Padmashri Dr. V.B.  Kolte College of Engineering, Malkapur, Buldhana",Buldhana,0118224210,Computer Science and Engineering,Minority,GSTS,203616,32.7909025
01182,"Padmashri Dr. V.B.  Kolte College of Engineering, Malkapur, Buldhana",Buldhana,0118224210,Computer Science and Engineering,Minority,GSEBCS,204611,32.0852596
01182,"Padmashri Dr. V.B.  Kolte College of Engineering, Malkapur, Buldhana",Buldhana,0118224210,Computer Science and Engineering,Minority,PWDSEBCS,193704,39.4647165
01182,"Padmashri Dr. V.B.  Kolte College of Engineering, Malkapur, Buldhana",Buldhana,0118224210,Computer Science and Engineering,Minority,GVJS,215746,22.5386607
01182,"Padmashri Dr. V.B.  Kolte College of Engineering, Malkapur, Buldhana",Buldhana,0118224210,Computer Science and Engineering,Minority,DEFSEBCS,194948,38.2278771
01182,"Padmashri Dr. V.B.  Kolte College of Engineering, Malkapur, Buldhana",Buldhana,0118224210,Computer Science and Engineering,Minority,ORPHANI,195693,38.0901752
01182,"Padmashri Dr. V.B.  Kolte College of Engineering, Malkapur, Buldhana",Buldhana,0118224210,Computer Science and Engineering,Minority,ORPHANN,195951,38.0740533
01182,"Padmashri Dr. V.B.  Kolte College of Engineering, Malkapur, Buldhana",Buldhana,0118224210,Computer Science and Engineering,Minority,LNT3S,198144,36.6711564
01182,"Padmashri Dr. V.B.  Kolte College of Engineering, Malkapur, Buldhana",Buldhana,0118224210,Computer Science and Engineering,Minority,DEFSCS,221484,15.7457927
01182,"Padmashri Dr. V.B.  Kolte College of Engineering, Malkapur, Buldhana",Buldhana,0118224210,Computer Science and Engineering,Minority,LVJS,226238,8.7473542
01182,"Padmashri Dr. V.B.  Kolte College of Engineering, Malkapur, Buldhana",Buldhana,0118224210,Computer Science and Engineering,Minority,AI,93028,15.9852762
01182,"Padmashri Dr. V.B.  Kolte College of Engineering, Malkapur, Buldhana",Buldhana,0118224210,Computer Science and Engineering,Minority,EWS,227993,4.8374702
01182,"Padmashri Dr. V.B.  Kolte College of Engineering, Malkapur, Buldhana",Buldhana,0118224210,Computer Science and Engineering,Minority,TFWS,123269,68.6254044
01182,"Padmashri Dr. V.B.  Kolte College of Engineering, Malkapur, Buldhana",Buldhana,0118229310,Electrical Engineering,Minority,GOPENS,194475,38.9526061
01182,"Padmashri Dr. V.B.  Kolte College of Engineering, Malkapur, Buldhana",Buldhana,0118229310,Electrical Engineering,Minority,LOPENS,156617,57.0044084
01182,"Padmashri Dr. V.B.  Kolte College of Engineering, Malkapur, Buldhana",Buldhana,0118229310,Electrical Engineering,Minority,LOBCS,186706,43.578754
01182,"Padmashri Dr. V.B.  Kolte College of Engineering, Malkapur, Buldhana",Buldhana,0118229310,Electrical Engineering,Minority,GOBCS,205371,31.4943887
01182,"Padmashri Dr. V.B.  Kolte College of Engineering, Malkapur, Buldhana",Buldhana,0118229310,Electrical Engineering,Minority,GNT1S,180037,46.728217
01182,"Padmashri Dr. V.B.  Kolte College of Engineering, Malkapur, Buldhana",Buldhana,0118229310,Electrical Engineering,Minority,LSCS,226992,7.2789379
01182,"Padmashri Dr. V.B.  Kolte College of Engineering, Malkapur, Buldhana",Buldhana,0118229310,Electrical Engineering,Minority,LSEBCS,192202,40.4581492
01182,"Padmashri Dr. V.B.  Kolte College of Engineering, Malkapur, Buldhana",Buldhana,0118229310,Electrical Engineering,Minority,PWDOBCS,195332,38.2037534
01182,"Padmashri Dr. V.B.  Kolte College of Engineering, Malkapur, Buldhana",Buldhana,0118229310,Electrical Engineering,Minority,PWDOPENS,204188,32.4939862
01182,"Padmashri Dr. V.B.  Kolte College of Engineering, Malkapur, Buldhana",Buldhana,0118229310,Electrical Engineering,Minority,ORPHANN,205835,31.0015898
01182,"Padmashri Dr. V.B.  Kolte College of Engineering, Malkapur, Buldhana",Buldhana,0118229310,Electrical Engineering,Minority,GSCS,221227,16.2056174
01182,"Padmashri Dr. V.B.  Kolte College of Engineering, Malkapur, Buldhana",Buldhana,0118229310,Electrical Engineering,Minority,GSEBCS,216514,21.5915263
01182,"Padmashri Dr. V.B.  Kolte College of Engineering, Malkapur, Buldhana",Buldhana,0118229310,Electrical Engineering,Minority,DEFOBCS,207458,30.191544
01182,"Padmashri Dr. V.B.  Kolte College of Engineering, Malkapur, Buldhana",Buldhana,0118229310,Electrical Engineering,Minority,LNT3S,209417,28.3220209
01182,"Padmashri Dr. V.B.  Kolte College of Engineering, Malkapur, Buldhana",Buldhana,0118229310,Electrical Engineering,Minority,LSTS,212055,25.8331579
01182,"Padmashri Dr. V.B.  Kolte College of Engineering, Malkapur, Buldhana",Buldhana,0118229310,Electrical Engineering,Minority,LVJS,213718,24.5822293
01182,"Padmashri Dr. V.B.  Kolte College of Engineering, Malkapur, Buldhana",Buldhana,0118229310,Electrical Engineering,Minority,LNT2S,215212,22.8294494
01182,"Padmashri Dr. V.B.  Kolte College of Engineering, Malkapur, Buldhana",Buldhana,0118229310,Electrical Engineering,Minority,GSTS,223568,13.1401169
01182,"Padmashri Dr. V.B.  Kolte College of Engineering, Malkapur, Buldhana",Buldhana,0118229310,Electrical Engineering,Minority,DEFOPENS,218936,19.3259851
01182,"Padmashri Dr. V.B.  Kolte College of Engineering, Malkapur, Buldhana",Buldhana,0118229310,Electrical Engineering,Minority,GNT2S,219697,18.2769061
01182,"Padmashri Dr. V.B.  Kolte College of Engineering, Malkapur, Buldhana",Buldhana,0118229310,Electrical Engineering,Minority,AI,230030,18.3800623
01182,"Padmashri Dr. V.B.  Kolte College of Engineering, Malkapur, Buldhana",Buldhana,0118229310,Electrical Engineering,Minority,EWS,228837,2.5195548
01182,"Padmashri Dr. V.B.  Kolte College of Engineering, Malkapur, Buldhana",Buldhana,0118229310,Electrical Engineering,Minority,TFWS,97380,76.2668468
01182,"Padmashri Dr. V.B.  Kolte College of Engineering, Malkapur, Buldhana",Buldhana,0118261210,Mechanical Engineering,Minority,LOPENS,221388,16.0591472
01182,"Padmashri Dr. V.B.  Kolte College of Engineering, Malkapur, Buldhana",Buldhana,0118261210,Mechanical Engineering,Minority,GOPENS,179017,47.4563898
01182,"Padmashri Dr. V.B.  Kolte College of Engineering, Malkapur, Buldhana",Buldhana,0118261210,Mechanical Engineering,Minority,GOBCS,224708,11.134049
01182,"Padmashri Dr. V.B.  Kolte College of Engineering, Malkapur, Buldhana",Buldhana,0118261210,Mechanical Engineering,Minority,DEFOPENS,201246,34.2796407
01182,"Padmashri Dr. V.B.  Kolte College of Engineering, Malkapur, Buldhana",Buldhana,0118261210,Mechanical Engineering,Minority,PWDOPENS,210167,27.84396
01182,"Padmashri Dr. V.B.  Kolte College of Engineering, Malkapur, Buldhana",Buldhana,0118261210,Mechanical Engineering,Minority,GNT3S,211527,26.4190879
01182,"Padmashri Dr. V.B.  Kolte College of Engineering, Malkapur, Buldhana",Buldhana,0118261210,Mechanical Engineering,Minority,GSCS,228463,3.5388008
01182,"Padmashri Dr. V.B.  Kolte College of Engineering, Malkapur, Buldhana",Buldhana,0118261210,Mechanical Engineering,Minority,GSTS,225934,9.2097999
01182,"Padmashri Dr. V.B.  Kolte College of Engineering, Malkapur, Buldhana",Buldhana,0118261210,Mechanical Engineering,Minority,GVJS,223911,12.6169055
01182,"Padmashri Dr. V.B.  Kolte College of Engineering, Malkapur, Buldhana",Buldhana,0118261210,Mechanical Engineering,Minority,GNT1S,218840,19.3259851
01182,"Padmashri Dr. V.B.  Kolte College of Engineering, Malkapur, Buldhana",Buldhana,0118261210,Mechanical Engineering,Minority,GSEBCS,221025,16.7388465
01182,"Padmashri Dr. V.B.  Kolte College of Engineering, Malkapur, Buldhana",Buldhana,0118261210,Mechanical Engineering,Minority,LSTS,221800,15.5452972
01182,"Padmashri Dr. V.B.  Kolte College of Engineering, Malkapur, Buldhana",Buldhana,0118261210,Mechanical Engineering,Minority,LSEBCS,222190,15.1948779
01182,"Padmashri Dr. V.B.  Kolte College of Engineering, Malkapur, Buldhana",Buldhana,0118261210,Mechanical Engineering,Minority,GNT2S,227546,5.9388373
01182,"Padmashri Dr. V.B.  Kolte College of Engineering, Malkapur, Buldhana",Buldhana,0118261210,Mechanical Engineering,Minority,PWDOBCS,223852,12.7454023
01182,"Padmashri Dr. V.B.  Kolte College of Engineering, Malkapur, Buldhana",Buldhana,0118261210,Mechanical Engineering,Minority,LOBCS,224606,11.1503744
01182,"Padmashri Dr. V.B.  Kolte College of Engineering, Malkapur, Buldhana",Buldhana,0118261210,Mechanical Engineering,Minority,ORPHANI,224976,10.9696342
01182,"Padmashri Dr. V.B.  Kolte College of Engineering, Malkapur, Buldhana",Buldhana,0118261210,Mechanical Engineering,Minority,LSCS,225758,9.3099208
01182,"Padmashri Dr. V.B.  Kolte College of Engineering, Malkapur, Buldhana",Buldhana,0118261210,Mechanical Engineering,Minority,DEFOBCS,226065,9.0272463
01182,"Padmashri Dr. V.B.  Kolte College of Engineering, Malkapur, Buldhana",Buldhana,0118261210,Mechanical Engineering,Minority,AI,236362,5.4201909
01182,"Padmashri Dr. V.B.  Kolte College of Engineering, Malkapur, Buldhana",Buldhana,0118261210,Mechanical Engineering,Minority,EWS,147793,60.4816409
01182,"Padmashri Dr. V.B.  Kolte College of Engineering, Malkapur, Buldhana",Buldhana,0118261210,Mechanical Engineering,Minority,TFWS,117600,70.3901803
