academic_year,cap_round,source_file,college_code,college_name,branch_code,branch_name,category,seat_section,merit_rank,percentile,record_id,is_exact_duplicate,is_potential_duplicate,category_status,data_quality_status
2022-2023,CAP1,FE_CAP1_2022_Cutoff.csv,3035,"Usha Mittal Institute of Technology SNDT  Women's University, Mumbai",,Mechanical Engineering,Cut Off Indicates All India Merit No.; Figures in bracket Indicates JEE(Main) Score/MHT-CET Percentile.; AI to AI-All India Seats Allotted to All India Candidature Candidates.S,State Level,19582,89.4839384,3a2e8d017449,False,True,INVALID_TEXT,MULTIPLE_ISSUES
2022-2023,CAP1,FE_CAP1_2022_Cutoff.csv,3035,"Usha Mittal Institute of Technology SNDT  Women's University, Mumbai",,Mechanical Engineering,DS,State Level,43188,76.2706983,60c089cd48b3,False,True,VALID,CHECK_BRANCH
2022-2023,CAP1,FE_CAP1_2022_Cutoff.csv,3035,"Usha Mittal Institute of Technology SNDT  Women's University, Mumbai",,Mechanical Engineering,State Common Entrance Test CellS,State Level,121435,2.44018,2ac600465489,False,True,INVALID_TEXT,MULTIPLE_ISSUES
2022-2023,CAP1,FE_CAP1_2022_Cutoff.csv,3035,"Usha Mittal Institute of Technology SNDT  Women's University, Mumbai",,Mechanical Engineering,Cut Off List of All India Seats CAP Round I for Admission to First Year of Four Year Full Time Degree Courses in Engineering and Technology for the Academic Year 2022-23S,State Level,44465,75.4846987,89fcf24611fc,False,True,INVALID_TEXT,MULTIPLE_ISSUES
2022-2023,CAP1,FE_CAP1_2022_Cutoff.csv,3035,"Usha Mittal Institute of Technology SNDT  Women's University, Mumbai",,Mechanical Engineering,LOPENS,State Level,32461,82.4069575,0dd2ae11aca1,False,True,VALID,CHECK_BRANCH
2022-2023,CAP1,FE_CAP1_2022_Cutoff.csv,3035,"Usha Mittal Institute of Technology SNDT  Women's University, Mumbai",,Mechanical Engineering,LSCS,State Level,50323,71.6451268,64fb68a2b4ab,False,True,VALID,CHECK_BRANCH
2022-2023,CAP1,FE_CAP1_2022_Cutoff.csv,3035,"Usha Mittal Institute of Technology SNDT  Women's University, Mumbai",,Mechanical Engineering,LSTS,State Level,27369,85.0880607,838d87c0d15d,False,True,VALID,CHECK_BRANCH
2022-2023,CAP1,FE_CAP1_2022_Cutoff.csv,3035,"Usha Mittal Institute of Technology SNDT  Women's University, Mumbai",,Mechanical Engineering,LVJS,State Level,28413,84.6811929,65c2a0e923e4,False,True,VALID,CHECK_BRANCH
2022-2023,CAP1,FE_CAP1_2022_Cutoff.csv,3035,"Usha Mittal Institute of Technology SNDT  Women's University, Mumbai",,Mechanical Engineering,LNT1S,State Level,35224,80.8718313,80fdef8b1fb9,False,True,VALID,CHECK_BRANCH
2022-2023,CAP1,FE_CAP1_2022_Cutoff.csv,3035,"Usha Mittal Institute of Technology SNDT  Women's University, Mumbai",,Mechanical Engineering,LNT2S,State Level,24726,86.5823024,a0a176804b41,False,True,VALID,CHECK_BRANCH
2022-2023,CAP1,FE_CAP1_2022_Cutoff.csv,3035,"Usha Mittal Institute of Technology SNDT  Women's University, Mumbai",,Mechanical Engineering,303524650F - Information TechnologyS,State Level,28521,84.6390824,417085dfc2d9,False,False,INVALID_TEXT,MULTIPLE_ISSUES
2022-2023,CAP1,FE_CAP1_2022_Cutoff.csv,3035,"Usha Mittal Institute of Technology SNDT  Women's University, Mumbai",,Mechanical Engineering,LOPENS,State Level,48944,72.7060426,b5cf9deea681,False,True,VALID,CHECK_BRANCH
2022-2023,CAP1,FE_CAP1_2022_Cutoff.csv,3035,"Usha Mittal Institute of Technology SNDT  Women's University, Mumbai",,Mechanical Engineering,LSCS,State Level,77471,51.9313711,c511eaaf6882,False,True,VALID,CHECK_BRANCH
2022-2023,CAP1,FE_CAP1_2022_Cutoff.csv,3035,"Usha Mittal Institute of Technology SNDT  Women's University, Mumbai",,Mechanical Engineering,LSTS,State Level,47265,73.5739966,affd0cb5324a,False,True,VALID,CHECK_BRANCH
2022-2023,CAP1,FE_CAP1_2022_Cutoff.csv,3035,"Usha Mittal Institute of Technology SNDT  Women's University, Mumbai",,Mechanical Engineering,LVJS,State Level,88213,42.7946749,245937a31cc3,False,True,VALID,CHECK_BRANCH
2022-2023,CAP1,FE_CAP1_2022_Cutoff.csv,3035,"Usha Mittal Institute of Technology SNDT  Women's University, Mumbai",,Mechanical Engineering,LNT1S,State Level,94963,35.8351101,c78e65aa8f51,False,True,VALID,CHECK_BRANCH
2022-2023,CAP1,FE_CAP1_2022_Cutoff.csv,3035,"Usha Mittal Institute of Technology SNDT  Women's University, Mumbai",,Mechanical Engineering,LNT2S,State Level,38801,78.6657067,5b975e5a1f26,False,True,VALID,CHECK_BRANCH
2022-2023,CAP1,FE_CAP1_2022_Cutoff.csv,3035,"Usha Mittal Institute of Technology SNDT  Women's University, Mumbai",,Mechanical Engineering,LNT3S,State Level,37290,79.5386869,9d3b644d7d2a,False,True,VALID,CHECK_BRANCH
2022-2023,CAP1,FE_CAP1_2022_Cutoff.csv,3035,"Usha Mittal Institute of Technology SNDT  Women's University, Mumbai",,Mechanical Engineering,LOBCS,State Level,56416,67.7143135,754959038a46,False,True,VALID,CHECK_BRANCH
2022-2023,CAP1,FE_CAP1_2022_Cutoff.csv,3035,"Usha Mittal Institute of Technology SNDT  Women's University, Mumbai",,Mechanical Engineering,DEFOPENS,State Level,38595,79.0746326,4ca08154ee05,False,True,VALID,CHECK_BRANCH
2022-2023,CAP1,FE_CAP1_2022_Cutoff.csv,3035,"Usha Mittal Institute of Technology SNDT  Women's University, Mumbai",,Mechanical Engineering,303525450F - Computer Science and TechnologyS,State Level,32256,82.4407997,50264e60977e,False,False,INVALID_TEXT,MULTIPLE_ISSUES
2022-2023,CAP1,FE_CAP1_2022_Cutoff.csv,3035,"Usha Mittal Institute of Technology SNDT  Women's University, Mumbai",,Mechanical Engineering,LOPENS,State Level,83124,47.769552,f9c6bd2a8912,False,True,VALID,CHECK_BRANCH
2022-2023,CAP1,FE_CAP1_2022_Cutoff.csv,3035,"Usha Mittal Institute of Technology SNDT  Women's University, Mumbai",,Mechanical Engineering,LSCS,State Level,107056,22.9132251,5a7383929f9f,False,True,VALID,CHECK_BRANCH
2022-2023,CAP1,FE_CAP1_2022_Cutoff.csv,3035,"Usha Mittal Institute of Technology SNDT  Women's University, Mumbai",,Mechanical Engineering,LSTS,State Level,86379,44.6471616,7b586be8216e,False,True,VALID,CHECK_BRANCH
2022-2023,CAP1,FE_CAP1_2022_Cutoff.csv,3035,"Usha Mittal Institute of Technology SNDT  Women's University, Mumbai",,Mechanical Engineering,LVJS,State Level,77945,51.6740911,c5349a0a00b7,False,True,VALID,CHECK_BRANCH
2022-2023,CAP1,FE_CAP1_2022_Cutoff.csv,3035,"Usha Mittal Institute of Technology SNDT  Women's University, Mumbai",,Mechanical Engineering,LNT1S,State Level,82457,48.1419882,34b0b3f3ceff,False,True,VALID,CHECK_BRANCH
2022-2023,CAP1,FE_CAP1_2022_Cutoff.csv,3035,"Usha Mittal Institute of Technology SNDT  Women's University, Mumbai",,Mechanical Engineering,LNT2S,State Level,55929,68.2985361,acf987f1530c,False,True,VALID,CHECK_BRANCH
2022-2023,CAP1,FE_CAP1_2022_Cutoff.csv,3035,"Usha Mittal Institute of Technology SNDT  Women's University, Mumbai",,Mechanical Engineering,LNT3S,State Level,47537,73.4437245,58400e736725,False,True,VALID,CHECK_BRANCH
2022-2023,CAP1,FE_CAP1_2022_Cutoff.csv,3035,"Usha Mittal Institute of Technology SNDT  Women's University, Mumbai",,Mechanical Engineering,LOBCS,State Level,36101,80.4540499,2ad2edbe077a,False,True,VALID,CHECK_BRANCH
2022-2023,CAP1,FE_CAP1_2022_Cutoff.csv,3035,"Usha Mittal Institute of Technology SNDT  Women's University, Mumbai",,Mechanical Engineering,DEFOPENS,State Level,36755,80.0233531,462c09f3cc9b,False,True,VALID,CHECK_BRANCH
2022-2023,CAP1,FE_CAP1_2022_Cutoff.csv,3035,"Usha Mittal Institute of Technology SNDT  Women's University, Mumbai",,Mechanical Engineering,303537050F - Electronics and Communication EngineeringS,State Level,80419,49.4442605,89a50420dd27,False,False,INVALID_TEXT,MULTIPLE_ISSUES
2022-2023,CAP1,FE_CAP1_2022_Cutoff.csv,3035,"Usha Mittal Institute of Technology SNDT  Women's University, Mumbai",,Mechanical Engineering,LOPENS,State Level,119042,6.6563016,eac5f1e56d02,False,True,VALID,CHECK_BRANCH
2022-2023,CAP1,FE_CAP1_2022_Cutoff.csv,3035,"Usha Mittal Institute of Technology SNDT  Women's University, Mumbai",,Mechanical Engineering,LSCS,State Level,108871,20.3613489,a897a30d2408,False,True,VALID,CHECK_BRANCH
2022-2023,CAP1,FE_CAP1_2022_Cutoff.csv,3035,"Usha Mittal Institute of Technology SNDT  Women's University, Mumbai",,Mechanical Engineering,LNT2S,State Level,118259,7.4616793,d42e27970268,False,True,VALID,CHECK_BRANCH
2022-2023,CAP1,FE_CAP1_2022_Cutoff.csv,3035,"Usha Mittal Institute of Technology SNDT  Women's University, Mumbai",,Mechanical Engineering,LOBCS,State Level,92374,39.1582539,0a473196a35c,False,True,VALID,CHECK_BRANCH
2022-2023,CAP1,FE_CAP1_2022_Cutoff.csv,3035,"Usha Mittal Institute of Technology SNDT  Women's University, Mumbai",,Mechanical Engineering,Cut Off Indicates All India Merit No.; Figures in bracket Indicates JEE(Main) Score/MHT-CET Percentile.; AI to AI-All India Seats Allotted to All India Candidature Candidates.S,State Level,46974,74.0962113,3dc6a011fbee,False,True,INVALID_TEXT,MULTIPLE_ISSUES
2022-2023,CAP1,FE_CAP1_2022_Cutoff.csv,3035,"Usha Mittal Institute of Technology SNDT  Women's University, Mumbai",,Mechanical Engineering,DS,State Level,122408,0.4694161,18265543696a,False,True,VALID,CHECK_BRANCH
2022-2023,CAP1,FE_CAP1_2022_Cutoff.csv,3035,"Usha Mittal Institute of Technology SNDT  Women's University, Mumbai",,Mechanical Engineering,State Common Entrance Test CellS,State Level,109159,20.232792,126d836546ad,False,True,INVALID_TEXT,MULTIPLE_ISSUES
2022-2023,CAP1,FE_CAP1_2022_Cutoff.csv,3035,"Usha Mittal Institute of Technology SNDT  Women's University, Mumbai",,Mechanical Engineering,Cut Off List of All India Seats CAP Round I for Admission to First Year of Four Year Full Time Degree Courses in Engineering and Technology for the Academic Year 2022-23S,State Level,68846,59.0639291,d15c0ef6f4f0,False,True,INVALID_TEXT,MULTIPLE_ISSUES
2022-2023,CAP1,FE_CAP1_2022_Cutoff.csv,3035,"Usha Mittal Institute of Technology SNDT  Women's University, Mumbai",,Mechanical Engineering,LOPENS,State Level,114682,12.7559948,97e478042301,False,True,VALID,CHECK_BRANCH
2022-2023,CAP1,FE_CAP1_2022_Cutoff.csv,3035,"Usha Mittal Institute of Technology SNDT  Women's University, Mumbai",,Mechanical Engineering,LSCS,State Level,56393,67.7143135,2acfe9246a21,False,True,VALID,CHECK_BRANCH
2022-2023,CAP1,FE_CAP1_2022_Cutoff.csv,3035,"Usha Mittal Institute of Technology SNDT  Women's University, Mumbai",,Mechanical Engineering,LSTS,State Level,75498,53.926243,c75b2850d2d6,False,True,VALID,CHECK_BRANCH
2022-2023,CAP1,FE_CAP1_2022_Cutoff.csv,3035,"Usha Mittal Institute of Technology SNDT  Women's University, Mumbai",,Mechanical Engineering,LNT1S,State Level,57421,67.1125395,785144e6b9e2,False,True,VALID,CHECK_BRANCH
2022-2023,CAP1,FE_CAP1_2022_Cutoff.csv,4304,"Cummins College of Engineering For Women, Sukhali (Gupchup), Tal. Hingna Hingna Nagpur",,Mechanical Engineering,Cut Off Indicates All India Merit No.; Figures in bracket Indicates JEE(Main) Score/MHT-CET Percentile.; AI to AI-All India Seats Allotted to All India Candidature Candidates.S,State Level,71598,56.8099848,d42b48797e6f,False,True,INVALID_TEXT,MULTIPLE_ISSUES
2022-2023,CAP1,FE_CAP1_2022_Cutoff.csv,4304,"Cummins College of Engineering For Women, Sukhali (Gupchup), Tal. Hingna Hingna Nagpur",,Mechanical Engineering,DS,State Level,112877,15.1013848,b7eef9a4fc8c,False,False,VALID,CHECK_BRANCH
2022-2023,CAP1,FE_CAP1_2022_Cutoff.csv,4304,"Cummins College of Engineering For Women, Sukhali (Gupchup), Tal. Hingna Hingna Nagpur",,Mechanical Engineering,State Common Entrance Test CellS,State Level,33026,81.9995261,ad8b1dc1d2ed,False,False,INVALID_TEXT,MULTIPLE_ISSUES
2022-2023,CAP1,FE_CAP1_2022_Cutoff.csv,4304,"Cummins College of Engineering For Women, Sukhali (Gupchup), Tal. Hingna Hingna Nagpur",,Mechanical Engineering,Cut Off Indicates All India Merit No.; Figures in bracket Indicates JEE(Main) Score/MHT-CET Percentile.; AI to AI-All India Seats Allotted to All India Candidature Candidates.S,State Level,84256,45.9884082,1827f86aeb1d,False,True,INVALID_TEXT,MULTIPLE_ISSUES
2022-2023,CAP1,FE_CAP1_2022_Cutoff.csv,4304,"Cummins College of Engineering For Women, Sukhali (Gupchup), Tal. Hingna Hingna Nagpur",,Mechanical Engineering,Cut Off Indicates All India Merit No.; Figures in bracket Indicates JEE(Main) Score/MHT-CET Percentile.; AI to AI-All India Seats Allotted to All India Candidature Candidates.S,State Level,100905,29.3528763,90cf76b71bf6,False,True,INVALID_TEXT,MULTIPLE_ISSUES
2022-2023,CAP1,FE_CAP1_2022_Cutoff.csv,6276,"MKSSS's Cummins College of Engineering for Women, Karvenagar,Pune",,Mechanical Engineering,Cut Off Indicates All India Merit No.; Figures in bracket Indicates JEE(Main) Score/MHT-CET Percentile.; AI to AI-All India Seats Allotted to All India Candidature Candidates.S,State Level,2930,98.2988025,f4a1c509a528,False,True,INVALID_TEXT,MULTIPLE_ISSUES
2022-2023,CAP1,FE_CAP1_2022_Cutoff.csv,6276,"MKSSS's Cummins College of Engineering for Women, Karvenagar,Pune",,Mechanical Engineering,DS,State Level,12323,93.3513667,2eaf4ab4352b,False,True,VALID,CHECK_BRANCH
2022-2023,CAP1,FE_CAP1_2022_Cutoff.csv,6276,"MKSSS's Cummins College of Engineering for Women, Karvenagar,Pune",,Mechanical Engineering,State Common Entrance Test CellS,State Level,56453,67.7143135,51792771405c,False,True,INVALID_TEXT,MULTIPLE_ISSUES
2022-2023,CAP1,FE_CAP1_2022_Cutoff.csv,6276,"MKSSS's Cummins College of Engineering for Women, Karvenagar,Pune",,Mechanical Engineering,Cut Off List of All India Seats CAP Round I for Admission to First Year of Four Year Full Time Degree Courses in Engineering and Technology for the Academic Year 2022-23S,State Level,12779,93.1330675,582d889e627a,False,True,INVALID_TEXT,MULTIPLE_ISSUES
2022-2023,CAP1,FE_CAP1_2022_Cutoff.csv,6276,"MKSSS's Cummins College of Engineering for Women, Karvenagar,Pune",,Mechanical Engineering,LOPENS,State Level,6541,96.3500502,cc1cfa4d60f6,False,True,VALID,CHECK_BRANCH
2022-2023,CAP1,FE_CAP1_2022_Cutoff.csv,6276,"MKSSS's Cummins College of Engineering for Women, Karvenagar,Pune",,Mechanical Engineering,LSCS,State Level,5950,96.6737739,d4fe04bb81bf,False,True,VALID,CHECK_BRANCH
2022-2023,CAP1,FE_CAP1_2022_Cutoff.csv,6276,"MKSSS's Cummins College of Engineering for Women, Karvenagar,Pune",,Mechanical Engineering,LSTS,State Level,4382,97.5140106,9768d5421cc8,False,True,VALID,CHECK_BRANCH
2022-2023,CAP1,FE_CAP1_2022_Cutoff.csv,6276,"MKSSS's Cummins College of Engineering for Women, Karvenagar,Pune",,Mechanical Engineering,LVJS,State Level,4532,97.4346516,0b51d5924184,False,True,VALID,CHECK_BRANCH
2022-2023,CAP1,FE_CAP1_2022_Cutoff.csv,6276,"MKSSS's Cummins College of Engineering for Women, Karvenagar,Pune",,Mechanical Engineering,LNT1S,State Level,47159,74.0962113,0fc03f946daa,False,True,VALID,CHECK_BRANCH
2022-2023,CAP1,FE_CAP1_2022_Cutoff.csv,6276,"MKSSS's Cummins College of Engineering for Women, Karvenagar,Pune",,Mechanical Engineering,LNT2S,State Level,74819,54.1664697,3ccba860e766,False,True,VALID,CHECK_BRANCH
2022-2023,CAP1,FE_CAP1_2022_Cutoff.csv,6276,"MKSSS's Cummins College of Engineering for Women, Karvenagar,Pune",,Mechanical Engineering,LNT3S,State Level,6087,96.6135363,78763caad742,False,True,VALID,CHECK_BRANCH
2022-2023,CAP1,FE_CAP1_2022_Cutoff.csv,6276,"MKSSS's Cummins College of Engineering for Women, Karvenagar,Pune",,Mechanical Engineering,LOBCS,State Level,9218,94.9538024,4a71d1f832b0,False,True,VALID,CHECK_BRANCH
2022-2023,CAP1,FE_CAP1_2022_Cutoff.csv,6276,"MKSSS's Cummins College of Engineering for Women, Karvenagar,Pune",,Mechanical Engineering,PWDOPENS,State Level,57270,67.1125395,91e23a0355e0,False,False,VALID,CHECK_BRANCH
2022-2023,CAP1,FE_CAP1_2022_Cutoff.csv,6276,"MKSSS's Cummins College of Engineering for Women, Karvenagar,Pune",,Mechanical Engineering,PWDOBCS,State Level,12497,93.1886737,8e2852b4c3d2,False,False,VALID,CHECK_BRANCH
2022-2023,CAP1,FE_CAP1_2022_Cutoff.csv,6276,"MKSSS's Cummins College of Engineering for Women, Karvenagar,Pune",,Mechanical Engineering,DEFOPENS,State Level,9200,94.9790794,deee6c5c789c,False,True,VALID,CHECK_BRANCH
2022-2023,CAP1,FE_CAP1_2022_Cutoff.csv,6276,"MKSSS's Cummins College of Engineering for Women, Karvenagar,Pune",,Mechanical Engineering,DEFOBCS,State Level,3195,98.1414809,b85c33f044c3,False,True,VALID,CHECK_BRANCH
2022-2023,CAP1,FE_CAP1_2022_Cutoff.csv,6276,"MKSSS's Cummins College of Engineering for Women, Karvenagar,Pune",,Mechanical Engineering,627624650F - Information TechnologyS,State Level,3725,97.8663752,1f357e8ce41d,False,False,INVALID_TEXT,MULTIPLE_ISSUES
2022-2023,CAP1,FE_CAP1_2022_Cutoff.csv,6276,"MKSSS's Cummins College of Engineering for Women, Karvenagar,Pune",,Mechanical Engineering,LOPENS,State Level,15274,91.8235378,c64f35ef308f,False,True,VALID,CHECK_BRANCH
2022-2023,CAP1,FE_CAP1_2022_Cutoff.csv,6276,"MKSSS's Cummins College of Engineering for Women, Karvenagar,Pune",,Mechanical Engineering,LSCS,State Level,66405,60.7344231,74f5e301443c,False,True,VALID,CHECK_BRANCH
2022-2023,CAP1,FE_CAP1_2022_Cutoff.csv,6276,"MKSSS's Cummins College of Engineering for Women, Karvenagar,Pune",,Mechanical Engineering,LSTS,State Level,13391,92.8130723,383d1d8c3bd2,False,True,VALID,CHECK_BRANCH
2022-2023,CAP1,FE_CAP1_2022_Cutoff.csv,6276,"MKSSS's Cummins College of Engineering for Women, Karvenagar,Pune",,Mechanical Engineering,LVJS,State Level,7912,95.6650859,cfd82b51b3bf,False,True,VALID,CHECK_BRANCH
2022-2023,CAP1,FE_CAP1_2022_Cutoff.csv,6276,"MKSSS's Cummins College of Engineering for Women, Karvenagar,Pune",,Mechanical Engineering,LNT1S,State Level,6771,96.2884411,01dd461a4d49,False,True,VALID,CHECK_BRANCH
2022-2023,CAP1,FE_CAP1_2022_Cutoff.csv,6276,"MKSSS's Cummins College of Engineering for Women, Karvenagar,Pune",,Mechanical Engineering,LNT2S,State Level,5841,96.7554273,89a0109e4f66,False,True,VALID,CHECK_BRANCH
2022-2023,CAP1,FE_CAP1_2022_Cutoff.csv,6276,"MKSSS's Cummins College of Engineering for Women, Karvenagar,Pune",,Mechanical Engineering,LNT3S,State Level,4989,97.2106063,3bff121a84c1,False,True,VALID,CHECK_BRANCH
2022-2023,CAP1,FE_CAP1_2022_Cutoff.csv,6276,"MKSSS's Cummins College of Engineering for Women, Karvenagar,Pune",,Mechanical Engineering,LOBCS,State Level,9708,94.7015776,579107dcc720,False,True,VALID,CHECK_BRANCH
2022-2023,CAP1,FE_CAP1_2022_Cutoff.csv,6276,"MKSSS's Cummins College of Engineering for Women, Karvenagar,Pune",,Mechanical Engineering,DEFOPENS,State Level,14168,92.3405466,761b818496b4,False,True,VALID,CHECK_BRANCH
2022-2023,CAP1,FE_CAP1_2022_Cutoff.csv,6276,"MKSSS's Cummins College of Engineering for Women, Karvenagar,Pune",,Mechanical Engineering,DEFROBCS,State Level,3915,97.7682444,aafbe2e3b136,False,True,VALID,CHECK_BRANCH
2022-2023,CAP1,FE_CAP1_2022_Cutoff.csv,6276,"MKSSS's Cummins College of Engineering for Women, Karvenagar,Pune",,Mechanical Engineering,627637250F - Electronics and Telecommunication EnggS,State Level,7344,95.9521261,f6fd568eb420,False,False,INVALID_TEXT,MULTIPLE_ISSUES
2022-2023,CAP1,FE_CAP1_2022_Cutoff.csv,6276,"MKSSS's Cummins College of Engineering for Women, Karvenagar,Pune",,Mechanical Engineering,LOPENS,State Level,26757,85.6396122,af85027f7c70,False,True,VALID,CHECK_BRANCH
2022-2023,CAP1,FE_CAP1_2022_Cutoff.csv,6276,"MKSSS's Cummins College of Engineering for Women, Karvenagar,Pune",,Mechanical Engineering,LSCS,State Level,111015,17.5316365,acdebdbae969,False,True,VALID,CHECK_BRANCH
2022-2023,CAP1,FE_CAP1_2022_Cutoff.csv,6276,"MKSSS's Cummins College of Engineering for Women, Karvenagar,Pune",,Mechanical Engineering,LSTS,State Level,29241,84.1506751,82f60722549a,False,True,VALID,CHECK_BRANCH
2022-2023,CAP1,FE_CAP1_2022_Cutoff.csv,6276,"MKSSS's Cummins College of Engineering for Women, Karvenagar,Pune",,Mechanical Engineering,LVJS,State Level,24546,86.8356112,0dc0471519bf,False,True,VALID,CHECK_BRANCH
2022-2023,CAP1,FE_CAP1_2022_Cutoff.csv,6276,"MKSSS's Cummins College of Engineering for Women, Karvenagar,Pune",,Mechanical Engineering,LNT1S,State Level,13967,92.4845102,92accbc1bff4,False,True,VALID,CHECK_BRANCH
2022-2023,CAP1,FE_CAP1_2022_Cutoff.csv,6276,"MKSSS's Cummins College of Engineering for Women, Karvenagar,Pune",,Mechanical Engineering,LNT2S,State Level,11646,93.7059922,dbe37ca6861d,False,True,VALID,CHECK_BRANCH
2022-2023,CAP1,FE_CAP1_2022_Cutoff.csv,6276,"MKSSS's Cummins College of Engineering for Women, Karvenagar,Pune",,Mechanical Engineering,LNT3S,State Level,10210,94.4462825,f56c27acdc8a,False,True,VALID,CHECK_BRANCH
2022-2023,CAP1,FE_CAP1_2022_Cutoff.csv,6276,"MKSSS's Cummins College of Engineering for Women, Karvenagar,Pune",,Mechanical Engineering,LOBCS,State Level,17665,90.524615,d9a7472b6dfb,False,True,VALID,CHECK_BRANCH
2022-2023,CAP1,FE_CAP1_2022_Cutoff.csv,6276,"MKSSS's Cummins College of Engineering for Women, Karvenagar,Pune",,Mechanical Engineering,DEFOPENS,State Level,31853,82.6809987,62b8efa29b86,False,True,VALID,CHECK_BRANCH
2022-2023,CAP1,FE_CAP1_2022_Cutoff.csv,6276,"MKSSS's Cummins College of Engineering for Women, Karvenagar,Pune",,Mechanical Engineering,DEFOBCS,State Level,77342,51.9313711,882f378044b2,False,True,VALID,CHECK_BRANCH
2022-2023,CAP1,FE_CAP1_2022_Cutoff.csv,6276,"MKSSS's Cummins College of Engineering for Women, Karvenagar,Pune",,Mechanical Engineering,DEFRNT3S,State Level,28588,84.5764555,aa6fb24eab62,False,False,VALID,CHECK_BRANCH
2022-2023,CAP1,FE_CAP1_2022_Cutoff.csv,6276,"MKSSS's Cummins College of Engineering for Women, Karvenagar,Pune",,Mechanical Engineering,DEFROBCS,State Level,9201,94.9790794,ff1f84ab51e8,False,True,VALID,CHECK_BRANCH
2022-2023,CAP1,FE_CAP1_2022_Cutoff.csv,6276,"MKSSS's Cummins College of Engineering for Women, Karvenagar,Pune",,Mechanical Engineering,627646450F - Instrumentation and Control EngineeringS,State Level,18237,90.1655867,cfb9983f1783,False,False,INVALID_TEXT,MULTIPLE_ISSUES
2022-2023,CAP1,FE_CAP1_2022_Cutoff.csv,6276,"MKSSS's Cummins College of Engineering for Women, Karvenagar,Pune",,Mechanical Engineering,LOPENS,State Level,70010,57.7165019,d2ece5bb33e7,False,True,VALID,CHECK_BRANCH
2022-2023,CAP1,FE_CAP1_2022_Cutoff.csv,6276,"MKSSS's Cummins College of Engineering for Women, Karvenagar,Pune",,Mechanical Engineering,LSCS,State Level,39383,78.3504176,5fbc7732708a,False,True,VALID,CHECK_BRANCH
2022-2023,CAP1,FE_CAP1_2022_Cutoff.csv,6276,"MKSSS's Cummins College of Engineering for Women, Karvenagar,Pune",,Mechanical Engineering,LVJS,State Level,42248,76.7344555,0ee07dd1539d,False,True,VALID,CHECK_BRANCH
2022-2023,CAP1,FE_CAP1_2022_Cutoff.csv,6276,"MKSSS's Cummins College of Engineering for Women, Karvenagar,Pune",,Mechanical Engineering,LNT1S,State Level,84008,46.1727561,656aa6b21e81,False,True,VALID,CHECK_BRANCH
2022-2023,CAP1,FE_CAP1_2022_Cutoff.csv,6276,"MKSSS's Cummins College of Engineering for Women, Karvenagar,Pune",,Mechanical Engineering,LNT2S,State Level,42887,76.4889836,1a5d1f24fa5a,False,True,VALID,CHECK_BRANCH
2022-2023,CAP1,FE_CAP1_2022_Cutoff.csv,6276,"MKSSS's Cummins College of Engineering for Women, Karvenagar,Pune",,Mechanical Engineering,LNT3S,State Level,28367,84.6811929,37f842cc8edf,False,True,VALID,CHECK_BRANCH
2022-2023,CAP1,FE_CAP1_2022_Cutoff.csv,6276,"MKSSS's Cummins College of Engineering for Women, Karvenagar,Pune",,Mechanical Engineering,LOBCS,State Level,98327,32.3435843,cf52013bff36,False,True,VALID,CHECK_BRANCH
2022-2023,CAP1,FE_CAP1_2022_Cutoff.csv,6276,"MKSSS's Cummins College of Engineering for Women, Karvenagar,Pune",,Mechanical Engineering,DEFOPENS,State Level,31879,82.6809987,cf294bc8feb2,False,True,VALID,CHECK_BRANCH
2022-2023,CAP1,FE_CAP1_2022_Cutoff.csv,6276,"MKSSS's Cummins College of Engineering for Women, Karvenagar,Pune",,Mechanical Engineering,Cut Off Indicates All India Merit No.; Figures in bracket Indicates JEE(Main) Score/MHT-CET Percentile.; AI to AI-All India Seats Allotted to All India Candidature Candidates.S,State Level,18472,90.0256605,e718c05f72ee,False,True,INVALID_TEXT,MULTIPLE_ISSUES
2022-2023,CAP1,FE_CAP1_2022_Cutoff.csv,6276,"MKSSS's Cummins College of Engineering for Women, Karvenagar,Pune",,Mechanical Engineering,DS,State Level,53689,69.5290454,60e1200ce173,False,True,VALID,CHECK_BRANCH
2022-2023,CAP1,FE_CAP1_2022_Cutoff.csv,6276,"MKSSS's Cummins College of Engineering for Women, Karvenagar,Pune",,Mechanical Engineering,State Common Entrance Test CellS,State Level,29733,84.0382056,5b90b26a17b8,False,True,INVALID_TEXT,MULTIPLE_ISSUES
2022-2023,CAP1,FE_CAP1_2022_Cutoff.csv,6276,"MKSSS's Cummins College of Engineering for Women, Karvenagar,Pune",,Mechanical Engineering,Cut Off List of All India Seats CAP Round I for Admission to First Year of Four Year Full Time Degree Courses in Engineering and Technology for the Academic Year 2022-23S,State Level,31231,83.1650789,3c832dc789d9,False,True,INVALID_TEXT,MULTIPLE_ISSUES
2022-2023,CAP1,FE_CAP1_2022_Cutoff.csv,6276,"MKSSS's Cummins College of Engineering for Women, Karvenagar,Pune",,Mechanical Engineering,LOPENS,State Level,61150,64.4979119,d46d925bf766,False,True,VALID,CHECK_BRANCH
2022-2023,CAP1,FE_CAP1_2022_Cutoff.csv,6276,"MKSSS's Cummins College of Engineering for Women, Karvenagar,Pune",,Mechanical Engineering,LSCS,State Level,25323,86.3666603,5d47887d87fe,False,True,VALID,CHECK_BRANCH
2022-2023,CAP1,FE_CAP1_2022_Cutoff.csv,6276,"MKSSS's Cummins College of Engineering for Women, Karvenagar,Pune",,Mechanical Engineering,LVJS,State Level,25273,86.3666603,e9ac74b4e437,False,True,VALID,CHECK_BRANCH
2022-2023,CAP1,FE_CAP1_2022_Cutoff.csv,6276,"MKSSS's Cummins College of Engineering for Women, Karvenagar,Pune",,Mechanical Engineering,LNT1S,State Level,84640,45.9187639,d7e0b343a2ce,False,True,VALID,CHECK_BRANCH
2022-2023,CAP1,FE_CAP1_2022_Cutoff.csv,6276,"MKSSS's Cummins College of Engineering for Women, Karvenagar,Pune",,Mechanical Engineering,LNT2S,State Level,32961,82.1909278,1cacaeae7631,False,True,VALID,CHECK_BRANCH
2022-2023,CAP1,FE_CAP1_2022_Cutoff.csv,6285,"Bharati Vidyapeeth's College of Engineering for Women, Katraj, Dhankawadi, Pune",,Artificial Intelligence and Data Science,Cut Off Indicates All India Merit No.; Figures in bracket Indicates JEE(Main) Score/MHT-CET Percentile.; AI to AI-All India Seats Allotted to All India Candidature Candidates.S,State Level,18672,89.9588516,1dbd7755d782,False,True,INVALID_TEXT,MULTIPLE_ISSUES
2022-2023,CAP1,FE_CAP1_2022_Cutoff.csv,6285,"Bharati Vidyapeeth's College of Engineering for Women, Katraj, Dhankawadi, Pune",,Artificial Intelligence and Data Science,DS,State Level,27958,84.9772018,d85b0ba64ebc,False,True,VALID,CHECK_BRANCH
2022-2023,CAP1,FE_CAP1_2022_Cutoff.csv,6285,"Bharati Vidyapeeth's College of Engineering for Women, Katraj, Dhankawadi, Pune",,Artificial Intelligence and Data Science,State Common Entrance Test CellS,State Level,13596,92.6265538,0776a04dd7cc,False,True,INVALID_TEXT,MULTIPLE_ISSUES
2022-2023,CAP1,FE_CAP1_2022_Cutoff.csv,6285,"Bharati Vidyapeeth's College of Engineering for Women, Katraj, Dhankawadi, Pune",,Artificial Intelligence and Data Science,Cut Off Indicates All India Merit No.; Figures in bracket Indicates JEE(Main) Score/MHT-CET Percentile.; AI to AI-All India Seats Allotted to All India Candidature Candidates.S,State Level,29704,84.0382056,e5246c9400d1,False,True,INVALID_TEXT,MULTIPLE_ISSUES
2022-2023,CAP1,FE_CAP1_2022_Cutoff.csv,6285,"Bharati Vidyapeeth's College of Engineering for Women, Katraj, Dhankawadi, Pune",,Artificial Intelligence and Data Science,DS,State Level,32741,82.3877908,0cc39fb3eed8,False,True,VALID,CHECK_BRANCH
2022-2023,CAP1,FE_CAP1_2022_Cutoff.csv,6285,"Bharati Vidyapeeth's College of Engineering for Women, Katraj, Dhankawadi, Pune",,Artificial Intelligence and Data Science,State Common Entrance Test CellS,State Level,15054,91.8979281,2fdaefb71d07,False,True,INVALID_TEXT,MULTIPLE_ISSUES
2022-2023,CAP1,FE_CAP1_2022_Cutoff.csv,6285,"Bharati Vidyapeeth's College of Engineering for Women, Katraj, Dhankawadi, Pune",,Artificial Intelligence and Data Science,Cut Off Indicates All India Merit No.; Figures in bracket Indicates JEE(Main) Score/MHT-CET Percentile.; AI to AI-All India Seats Allotted to All India Candidature Candidates.S,State Level,77608,51.9313711,e3a1d6474d15,False,True,INVALID_TEXT,MULTIPLE_ISSUES
2022-2023,CAP1,FE_CAP1_2022_Cutoff.csv,6285,"Bharati Vidyapeeth's College of Engineering for Women, Katraj, Dhankawadi, Pune",,Artificial Intelligence and Data Science,DS,State Level,78386,51.2359011,e7a108dd0a51,False,True,VALID,CHECK_BRANCH
2022-2023,CAP1,FE_CAP1_2022_Cutoff.csv,6285,"Bharati Vidyapeeth's College of Engineering for Women, Katraj, Dhankawadi, Pune",,Artificial Intelligence and Data Science,State Common Entrance Test CellS,State Level,32630,82.3877908,073cd4734c58,False,True,INVALID_TEXT,MULTIPLE_ISSUES
2022-2023,CAP1,FE_CAP1_2022_Cutoff.csv,6938,Shree Siddheshwar Women's College Of Engineering Solapur.,,Mechanical Engineering,Cut Off Indicates All India Merit No.; Figures in bracket Indicates JEE(Main) Score/MHT-CET Percentile.; AI to AI-All India Seats Allotted to All India Candidature Candidates.S,State Level,84378,45.9884082,1d317a0da6cf,False,True,INVALID_TEXT,MULTIPLE_ISSUES
2022-2023,CAP1,FE_CAP1_2022_Cutoff.csv,6938,Shree Siddheshwar Women's College Of Engineering Solapur.,,Mechanical Engineering,693829350F - Electrical EngineeringS,State Level,110995,17.5316365,77934705a1a5,False,False,INVALID_TEXT,MULTIPLE_ISSUES
2022-2023,CAP1,FE_CAP1_2022_Cutoff.csv,6938,Shree Siddheshwar Women's College Of Engineering Solapur.,,Mechanical Engineering,Cut Off Indicates All India Merit No.; Figures in bracket Indicates JEE(Main) Score/MHT-CET Percentile.; AI to AI-All India Seats Allotted to All India Candidature Candidates.S,State Level,120854,3.3501235,4a67e1343381,False,True,INVALID_TEXT,MULTIPLE_ISSUES
2022-2023,CAP1,FE_CAP1_2022_Cutoff.csv,6938,Shree Siddheshwar Women's College Of Engineering Solapur.,,Mechanical Engineering,Cut Off Indicates All India Merit No.; Figures in bracket Indicates JEE(Main) Score/MHT-CET Percentile.; AI to AI-All India Seats Allotted to All India Candidature Candidates.S,State Level,100661,29.9372742,a4b4e450d0f6,False,True,INVALID_TEXT,MULTIPLE_ISSUES
2022-2023,CAP2,FE_CAP2_2022_Cutoff.csv,3035,"Usha Mittal Institute of Technology SNDT  Women's University, Mumbai",,Mechanical Engineering,"Legends:Start Character G-General, L-Ladies, End Character H-Home University, O-Other than Home University, S-State Level,S",State Level,20724,88.8543387,ac7967a5f74d,False,True,INVALID_TEXT,MULTIPLE_ISSUES
2022-2023,CAP2,FE_CAP2_2022_Cutoff.csv,3035,"Usha Mittal Institute of Technology SNDT  Women's University, Mumbai",,Mechanical Engineering,"PWDR : PWD Common Reserved Seat, DEFR : Defense Common Reserved Seat.",State Level,37713,79.4751328,2b7a52b203ab,False,True,INVALID_TEXT,MULTIPLE_ISSUES
2022-2023,CAP2,FE_CAP2_2022_Cutoff.csv,3035,"Usha Mittal Institute of Technology SNDT  Women's University, Mumbai",,Mechanical Engineering,Maharashtra State Seats - Cut Off Indicates State General Merit No.; Figures in bracket Indicates MHT-CET PCM PercentileS,State Level,39220,78.3504176,5f05157e1fd7,False,True,INVALID_TEXT,MULTIPLE_ISSUES
2022-2023,CAP2,FE_CAP2_2022_Cutoff.csv,3035,"Usha Mittal Institute of Technology SNDT  Women's University, Mumbai",,Mechanical Engineering,DS,State Level,29737,84.0382056,77b35dc939ec,False,True,VALID,CHECK_BRANCH
2022-2023,CAP2,FE_CAP2_2022_Cutoff.csv,3035,"Usha Mittal Institute of Technology SNDT  Women's University, Mumbai",,Mechanical Engineering,State Common Entrance Test CellS,State Level,59377,65.7244332,8ab9e71bdb18,False,True,INVALID_TEXT,MULTIPLE_ISSUES
2022-2023,CAP2,FE_CAP2_2022_Cutoff.csv,3035,"Usha Mittal Institute of Technology SNDT  Women's University, Mumbai",,Mechanical Engineering,Cut Off List for Maharashtra & Minority Seats of CAP Round - II for the Admission to the First Year of Four YearS,State Level,29926,83.8902317,0b946e16bc62,False,False,INVALID_TEXT,MULTIPLE_ISSUES
2022-2023,CAP2,FE_CAP2_2022_Cutoff.csv,3035,"Usha Mittal Institute of Technology SNDT  Women's University, Mumbai",,Mechanical Engineering,Degree Courses In Engineering and Technology & Master of Engineering and Technology (Integrated 5 Years) for the Year 2022-23S,State Level,36101,80.4540499,c9b85fed7868,False,False,INVALID_TEXT,MULTIPLE_ISSUES
2022-2023,CAP2,FE_CAP2_2022_Cutoff.csv,3035,"Usha Mittal Institute of Technology SNDT  Women's University, Mumbai",,Mechanical Engineering,LOPENS,State Level,67563,59.7201871,393c74933eff,False,True,VALID,CHECK_BRANCH
2022-2023,CAP2,FE_CAP2_2022_Cutoff.csv,3035,"Usha Mittal Institute of Technology SNDT  Women's University, Mumbai",,Mechanical Engineering,LSCS,State Level,31026,83.2284916,3075654267b0,False,True,VALID,CHECK_BRANCH
2022-2023,CAP2,FE_CAP2_2022_Cutoff.csv,3035,"Usha Mittal Institute of Technology SNDT  Women's University, Mumbai",,Mechanical Engineering,I-NonS,State Level,21929,88.1677532,13081eeecf97,False,True,VALID,CHECK_BRANCH
2022-2023,CAP2,FE_CAP2_2022_Cutoff.csv,3035,"Usha Mittal Institute of Technology SNDT  Women's University, Mumbai",,Mechanical Engineering,VIIS,State Level,21619,88.3304859,f6938d5f69ab,False,True,VALID,CHECK_BRANCH
2022-2023,CAP2,FE_CAP2_2022_Cutoff.csv,3035,"Usha Mittal Institute of Technology SNDT  Women's University, Mumbai",,Mechanical Engineering,303524650F - Information TechnologyS,State Level,30731,83.3246679,98ca63acc6e2,False,False,INVALID_TEXT,MULTIPLE_ISSUES
2022-2023,CAP2,FE_CAP2_2022_Cutoff.csv,3035,"Usha Mittal Institute of Technology SNDT  Women's University, Mumbai",,Mechanical Engineering,LOPENS,State Level,43426,75.8471965,0cc66c201a22,False,True,VALID,CHECK_BRANCH
2022-2023,CAP2,FE_CAP2_2022_Cutoff.csv,3035,"Usha Mittal Institute of Technology SNDT  Women's University, Mumbai",,Mechanical Engineering,LSCS,State Level,50647,71.4470469,b55b64455726,False,True,VALID,CHECK_BRANCH
2022-2023,CAP2,FE_CAP2_2022_Cutoff.csv,3035,"Usha Mittal Institute of Technology SNDT  Women's University, Mumbai",,Mechanical Engineering,LSTS,State Level,37432,79.5386869,3efeb3acd906,False,True,VALID,CHECK_BRANCH
2022-2023,CAP2,FE_CAP2_2022_Cutoff.csv,3035,"Usha Mittal Institute of Technology SNDT  Women's University, Mumbai",,Mechanical Engineering,LNT2S,State Level,99671,31.7734581,76606cfdedcc,False,True,VALID,CHECK_BRANCH
2022-2023,CAP2,FE_CAP2_2022_Cutoff.csv,3035,"Usha Mittal Institute of Technology SNDT  Women's University, Mumbai",,Mechanical Engineering,LOBCS,State Level,39877,78.1473584,3aae6f495397,False,False,VALID,CHECK_BRANCH
2022-2023,CAP2,FE_CAP2_2022_Cutoff.csv,3035,"Usha Mittal Institute of Technology SNDT  Women's University, Mumbai",,Mechanical Engineering,I-NonS,State Level,33752,81.6350139,62ccf9fef044,False,True,VALID,CHECK_BRANCH
2022-2023,CAP2,FE_CAP2_2022_Cutoff.csv,3035,"Usha Mittal Institute of Technology SNDT  Women's University, Mumbai",,Mechanical Engineering,VIIS,State Level,34798,81.0304563,adec53bfb6f6,False,True,VALID,CHECK_BRANCH
2022-2023,CAP2,FE_CAP2_2022_Cutoff.csv,3035,"Usha Mittal Institute of Technology SNDT  Women's University, Mumbai",,Mechanical Engineering,303525450F - Computer Science and TechnologyS,State Level,35034,80.9167266,674c39e74e21,False,False,INVALID_TEXT,MULTIPLE_ISSUES
2022-2023,CAP2,FE_CAP2_2022_Cutoff.csv,3035,"Usha Mittal Institute of Technology SNDT  Women's University, Mumbai",,Mechanical Engineering,LOPENS,State Level,59360,65.7244332,29b391cbf2c9,False,True,VALID,CHECK_BRANCH
2022-2023,CAP2,FE_CAP2_2022_Cutoff.csv,3035,"Usha Mittal Institute of Technology SNDT  Women's University, Mumbai",,Mechanical Engineering,LSCS,State Level,91642,39.4196471,bda60db02543,False,True,VALID,CHECK_BRANCH
2022-2023,CAP2,FE_CAP2_2022_Cutoff.csv,3035,"Usha Mittal Institute of Technology SNDT  Women's University, Mumbai",,Mechanical Engineering,LSTS,State Level,59755,65.5958943,4ccc2d95ba82,False,True,VALID,CHECK_BRANCH
2022-2023,CAP2,FE_CAP2_2022_Cutoff.csv,3035,"Usha Mittal Institute of Technology SNDT  Women's University, Mumbai",,Mechanical Engineering,LNT1S,State Level,46554,74.1753429,46f62dc98ea1,False,False,VALID,CHECK_BRANCH
2022-2023,CAP2,FE_CAP2_2022_Cutoff.csv,3035,"Usha Mittal Institute of Technology SNDT  Women's University, Mumbai",,Mechanical Engineering,LNT2S,State Level,30332,83.4797216,85dc3d5c6d1d,False,True,VALID,CHECK_BRANCH
2022-2023,CAP2,FE_CAP2_2022_Cutoff.csv,3035,"Usha Mittal Institute of Technology SNDT  Women's University, Mumbai",,Mechanical Engineering,I-NonS,State Level,35983,80.4540499,ac8b63fd403a,False,True,VALID,CHECK_BRANCH
2022-2023,CAP2,FE_CAP2_2022_Cutoff.csv,3035,"Usha Mittal Institute of Technology SNDT  Women's University, Mumbai",,Mechanical Engineering,I-NonS,State Level,37478,79.5309168,e11ad9ae3a37,False,True,VALID,CHECK_BRANCH
2022-2023,CAP2,FE_CAP2_2022_Cutoff.csv,3035,"Usha Mittal Institute of Technology SNDT  Women's University, Mumbai",,Mechanical Engineering,VIIS,State Level,37742,79.4751328,587843f1bfbd,False,True,VALID,CHECK_BRANCH
2022-2023,CAP2,FE_CAP2_2022_Cutoff.csv,3035,"Usha Mittal Institute of Technology SNDT  Women's University, Mumbai",,Mechanical Engineering,"Legends:Start Character G-General, L-Ladies, End Character H-Home University, O-Other than Home University, S-State Level,S",State Level,85866,44.9304271,79823cb4dd57,False,True,INVALID_TEXT,MULTIPLE_ISSUES
2022-2023,CAP2,FE_CAP2_2022_Cutoff.csv,3035,"Usha Mittal Institute of Technology SNDT  Women's University, Mumbai",,Mechanical Engineering,"PWDR : PWD Common Reserved Seat, DEFR : Defense Common Reserved Seat.",State Level,98180,32.4992712,a8a07e1abe5a,False,True,INVALID_TEXT,MULTIPLE_ISSUES
2022-2023,CAP2,FE_CAP2_2022_Cutoff.csv,3035,"Usha Mittal Institute of Technology SNDT  Women's University, Mumbai",,Mechanical Engineering,Maharashtra State Seats - Cut Off Indicates State General Merit No.; Figures in bracket Indicates MHT-CET PCM PercentileS,State Level,113602,14.6195704,f5362fe413bb,False,True,INVALID_TEXT,MULTIPLE_ISSUES
2022-2023,CAP2,FE_CAP2_2022_Cutoff.csv,3035,"Usha Mittal Institute of Technology SNDT  Women's University, Mumbai",,Mechanical Engineering,DS,State Level,90261,41.1873138,6585464af06c,False,True,VALID,CHECK_BRANCH
2022-2023,CAP2,FE_CAP2_2022_Cutoff.csv,3035,"Usha Mittal Institute of Technology SNDT  Women's University, Mumbai",,Mechanical Engineering,State Common Entrance Test CellS,State Level,89634,41.9139826,f695a5e4b92a,False,True,INVALID_TEXT,MULTIPLE_ISSUES
2022-2023,CAP2,FE_CAP2_2022_Cutoff.csv,3035,"Usha Mittal Institute of Technology SNDT  Women's University, Mumbai",,Mechanical Engineering,I-NonS,State Level,112319,16.0971905,df3b4609e5c5,False,True,VALID,CHECK_BRANCH
2022-2023,CAP2,FE_CAP2_2022_Cutoff.csv,3035,"Usha Mittal Institute of Technology SNDT  Women's University, Mumbai",,Mechanical Engineering,I-NonS,State Level,110355,18.840167,c6a9639edf6d,False,True,VALID,CHECK_BRANCH
2022-2023,CAP2,FE_CAP2_2022_Cutoff.csv,3035,"Usha Mittal Institute of Technology SNDT  Women's University, Mumbai",,Mechanical Engineering,VIIS,State Level,105109,25.3179745,b50482bbaf70,False,True,VALID,CHECK_BRANCH
2022-2023,CAP2,FE_CAP2_2022_Cutoff.csv,3035,"Usha Mittal Institute of Technology SNDT  Women's University, Mumbai",,Mechanical Engineering,303591750F - Data ScienceS,State Level,50254,71.6451268,802428ff28f4,False,False,INVALID_TEXT,MULTIPLE_ISSUES
2022-2023,CAP2,FE_CAP2_2022_Cutoff.csv,3035,"Usha Mittal Institute of Technology SNDT  Women's University, Mumbai",,Mechanical Engineering,LOPENS,State Level,75251,54.124615,604e305ec8eb,False,True,VALID,CHECK_BRANCH
2022-2023,CAP2,FE_CAP2_2022_Cutoff.csv,3035,"Usha Mittal Institute of Technology SNDT  Women's University, Mumbai",,Mechanical Engineering,LSCS,State Level,65406,61.6697194,f83b87dbf2af,False,True,VALID,CHECK_BRANCH
2022-2023,CAP2,FE_CAP2_2022_Cutoff.csv,3035,"Usha Mittal Institute of Technology SNDT  Women's University, Mumbai",,Mechanical Engineering,LSTS,State Level,57463,67.1125395,1a56a2345c8b,False,True,VALID,CHECK_BRANCH
2022-2023,CAP2,FE_CAP2_2022_Cutoff.csv,3035,"Usha Mittal Institute of Technology SNDT  Women's University, Mumbai",,Mechanical Engineering,LVJS,State Level,48763,72.7702415,47fc45553a88,False,False,VALID,CHECK_BRANCH
2022-2023,CAP2,FE_CAP2_2022_Cutoff.csv,3035,"Usha Mittal Institute of Technology SNDT  Women's University, Mumbai",,Mechanical Engineering,I-NonS,State Level,51956,70.9263207,7181d9662e12,False,True,VALID,CHECK_BRANCH
2022-2023,CAP2,FE_CAP2_2022_Cutoff.csv,3035,"Usha Mittal Institute of Technology SNDT  Women's University, Mumbai",,Mechanical Engineering,I-NonS,State Level,55337,68.5714285,cf7445efcd39,False,True,VALID,CHECK_BRANCH
2022-2023,CAP2,FE_CAP2_2022_Cutoff.csv,3035,"Usha Mittal Institute of Technology SNDT  Women's University, Mumbai",,Mechanical Engineering,VIIS,State Level,54332,69.1685966,e45abfa0a58d,False,True,VALID,CHECK_BRANCH
2022-2023,CAP2,FE_CAP2_2022_Cutoff.csv,4304,"Cummins College of Engineering For Women, Sukhali (Gupchup), Tal. Hingna Hingna Nagpur",,Mechanical Engineering,EWS,State Level,58758,66.2117981,c353673c4234,False,False,VALID,CHECK_BRANCH
2022-2023,CAP2,FE_CAP2_2022_Cutoff.csv,4304,"Cummins College of Engineering For Women, Sukhali (Gupchup), Tal. Hingna Hingna Nagpur",,Mechanical Engineering,"Legends:Start Character G-General, L-Ladies, End Character H-Home University, O-Other than Home University, S-State Level,S",State Level,56327,67.7143135,84ba08a255c2,False,True,INVALID_TEXT,MULTIPLE_ISSUES
2022-2023,CAP2,FE_CAP2_2022_Cutoff.csv,4304,"Cummins College of Engineering For Women, Sukhali (Gupchup), Tal. Hingna Hingna Nagpur",,Mechanical Engineering,I-NonS,State Level,68793,59.0639291,1734a8da53ae,False,False,VALID,CHECK_BRANCH
2022-2023,CAP2,FE_CAP2_2022_Cutoff.csv,4304,"Cummins College of Engineering For Women, Sukhali (Gupchup), Tal. Hingna Hingna Nagpur",,Mechanical Engineering,"Legends:Start Character G-General, L-Ladies, End Character H-Home University, O-Other than Home University, S-State Level,S",State Level,88668,42.5186027,422e2194b8a5,False,True,INVALID_TEXT,MULTIPLE_ISSUES
2022-2023,CAP2,FE_CAP2_2022_Cutoff.csv,6276,"MKSSS's Cummins College of Engineering for Women, Karvenagar,Pune",,Mechanical Engineering,"Legends:Start Character G-General, L-Ladies, End Character H-Home University, O-Other than Home University, S-State Level,S",State Level,3108,98.2037635,794ca56002fc,False,True,INVALID_TEXT,MULTIPLE_ISSUES
2022-2023,CAP2,FE_CAP2_2022_Cutoff.csv,6276,"MKSSS's Cummins College of Engineering for Women, Karvenagar,Pune",,Mechanical Engineering,"PWDR : PWD Common Reserved Seat, DEFR : Defense Common Reserved Seat.",State Level,11777,93.6035862,9cb2fc0864a7,False,True,INVALID_TEXT,MULTIPLE_ISSUES
2022-2023,CAP2,FE_CAP2_2022_Cutoff.csv,6276,"MKSSS's Cummins College of Engineering for Women, Karvenagar,Pune",,Mechanical Engineering,Maharashtra State Seats - Cut Off Indicates State General Merit No.; Figures in bracket Indicates MHT-CET PCM PercentileS,State Level,41424,77.0895594,233234cee7bd,False,True,INVALID_TEXT,MULTIPLE_ISSUES
2022-2023,CAP2,FE_CAP2_2022_Cutoff.csv,6276,"MKSSS's Cummins College of Engineering for Women, Karvenagar,Pune",,Mechanical Engineering,DS,State Level,5841,96.7554273,aaafe9345e7b,False,True,VALID,CHECK_BRANCH
2022-2023,CAP2,FE_CAP2_2022_Cutoff.csv,6276,"MKSSS's Cummins College of Engineering for Women, Karvenagar,Pune",,Mechanical Engineering,State Common Entrance Test CellS,State Level,4688,97.3569138,f76f7602d399,False,False,INVALID_TEXT,MULTIPLE_ISSUES
2022-2023,CAP2,FE_CAP2_2022_Cutoff.csv,6276,"MKSSS's Cummins College of Engineering for Women, Karvenagar,Pune",,Mechanical Engineering,Cut Off List for Maharashtra & Minority Seats of CAP Round - II for the Admission to the First Year of Four YearS,State Level,3294,98.095238,414533e5d8d5,False,False,INVALID_TEXT,MULTIPLE_ISSUES
2022-2023,CAP2,FE_CAP2_2022_Cutoff.csv,6276,"MKSSS's Cummins College of Engineering for Women, Karvenagar,Pune",,Mechanical Engineering,VIIS,State Level,3171,98.1566384,b81446a69256,False,True,VALID,CHECK_BRANCH
2022-2023,CAP2,FE_CAP2_2022_Cutoff.csv,6276,"MKSSS's Cummins College of Engineering for Women, Karvenagar,Pune",,Mechanical Engineering,627624650F - Information TechnologyS,State Level,4089,97.6715453,e732eb590a58,False,False,INVALID_TEXT,MULTIPLE_ISSUES
2022-2023,CAP2,FE_CAP2_2022_Cutoff.csv,6276,"MKSSS's Cummins College of Engineering for Women, Karvenagar,Pune",,Mechanical Engineering,LOPENS,State Level,13705,92.6197648,8ad0fbe6fe13,False,True,VALID,CHECK_BRANCH
2022-2023,CAP2,FE_CAP2_2022_Cutoff.csv,6276,"MKSSS's Cummins College of Engineering for Women, Karvenagar,Pune",,Mechanical Engineering,LSCS,State Level,7932,95.6091997,5814c2de6aa7,False,True,VALID,CHECK_BRANCH
2022-2023,CAP2,FE_CAP2_2022_Cutoff.csv,6276,"MKSSS's Cummins College of Engineering for Women, Karvenagar,Pune",,Mechanical Engineering,LNT3S,State Level,5103,97.1392429,d54eee89ba48,False,False,VALID,CHECK_BRANCH
2022-2023,CAP2,FE_CAP2_2022_Cutoff.csv,6276,"MKSSS's Cummins College of Engineering for Women, Karvenagar,Pune",,Mechanical Engineering,LOBCS,State Level,3996,97.7151889,04c31be5f294,False,False,VALID,CHECK_BRANCH
2022-2023,CAP2,FE_CAP2_2022_Cutoff.csv,6276,"MKSSS's Cummins College of Engineering for Women, Karvenagar,Pune",,Mechanical Engineering,I-NonS,State Level,4101,97.6493402,b3364f16e47d,False,True,VALID,CHECK_BRANCH
2022-2023,CAP2,FE_CAP2_2022_Cutoff.csv,6276,"MKSSS's Cummins College of Engineering for Women, Karvenagar,Pune",,Mechanical Engineering,627637250F - Electronics and Telecommunication EnggS,State Level,7665,95.7744481,4c07692d8528,False,False,INVALID_TEXT,MULTIPLE_ISSUES
2022-2023,CAP2,FE_CAP2_2022_Cutoff.csv,6276,"MKSSS's Cummins College of Engineering for Women, Karvenagar,Pune",,Mechanical Engineering,LOPENS,State Level,22302,88.024958,2f0fb1e83295,False,True,VALID,CHECK_BRANCH
2022-2023,CAP2,FE_CAP2_2022_Cutoff.csv,6276,"MKSSS's Cummins College of Engineering for Women, Karvenagar,Pune",,Mechanical Engineering,LSCS,State Level,18074,90.2973471,ff0f96ffd461,False,True,VALID,CHECK_BRANCH
2022-2023,CAP2,FE_CAP2_2022_Cutoff.csv,6276,"MKSSS's Cummins College of Engineering for Women, Karvenagar,Pune",,Mechanical Engineering,LSTS,State Level,16900,90.9190268,92e55a57c868,False,True,VALID,CHECK_BRANCH
2022-2023,CAP2,FE_CAP2_2022_Cutoff.csv,6276,"MKSSS's Cummins College of Engineering for Women, Karvenagar,Pune",,Mechanical Engineering,LNT1S,State Level,8207,95.4916476,afa899a65eb9,False,True,VALID,CHECK_BRANCH
2022-2023,CAP2,FE_CAP2_2022_Cutoff.csv,6276,"MKSSS's Cummins College of Engineering for Women, Karvenagar,Pune",,Mechanical Engineering,LNT2S,State Level,7441,95.9209717,205df98fc51e,False,False,VALID,CHECK_BRANCH
2022-2023,CAP2,FE_CAP2_2022_Cutoff.csv,6276,"MKSSS's Cummins College of Engineering for Women, Karvenagar,Pune",,Mechanical Engineering,I-NonS,State Level,8348,95.445301,e1f346d2a32c,False,True,VALID,CHECK_BRANCH
2022-2023,CAP2,FE_CAP2_2022_Cutoff.csv,6276,"MKSSS's Cummins College of Engineering for Women, Karvenagar,Pune",,Mechanical Engineering,PWD,State Level,9592,94.7358445,d37471874cd5,False,False,VALID,CHECK_BRANCH
2022-2023,CAP2,FE_CAP2_2022_Cutoff.csv,6276,"MKSSS's Cummins College of Engineering for Women, Karvenagar,Pune",,Mechanical Engineering,VIIS,State Level,7870,95.7059576,63a9030bd00b,False,True,VALID,CHECK_BRANCH
2022-2023,CAP2,FE_CAP2_2022_Cutoff.csv,6276,"MKSSS's Cummins College of Engineering for Women, Karvenagar,Pune",,Mechanical Engineering,627646450F - Instrumentation and Control EngineeringS,State Level,20618,88.9568225,ea5faa1d46c3,False,False,INVALID_TEXT,MULTIPLE_ISSUES
2022-2023,CAP2,FE_CAP2_2022_Cutoff.csv,6276,"MKSSS's Cummins College of Engineering for Women, Karvenagar,Pune",,Mechanical Engineering,LOPENS,State Level,48364,72.8897104,c3c859c7e109,False,True,VALID,CHECK_BRANCH
2022-2023,CAP2,FE_CAP2_2022_Cutoff.csv,6276,"MKSSS's Cummins College of Engineering for Women, Karvenagar,Pune",,Mechanical Engineering,LSCS,State Level,41649,77.0666918,f943efbf0c3f,False,True,VALID,CHECK_BRANCH
2022-2023,CAP2,FE_CAP2_2022_Cutoff.csv,6276,"MKSSS's Cummins College of Engineering for Women, Karvenagar,Pune",,Mechanical Engineering,LSTS,State Level,29286,84.1506751,34a1effa2f95,False,True,VALID,CHECK_BRANCH
2022-2023,CAP2,FE_CAP2_2022_Cutoff.csv,6276,"MKSSS's Cummins College of Engineering for Women, Karvenagar,Pune",,Mechanical Engineering,LVJS,State Level,30185,83.6470757,15ec6708b4f4,False,False,VALID,CHECK_BRANCH
2022-2023,CAP2,FE_CAP2_2022_Cutoff.csv,6276,"MKSSS's Cummins College of Engineering for Women, Karvenagar,Pune",,Mechanical Engineering,LNT1S,State Level,34078,81.429386,726a95bf2ba2,False,True,VALID,CHECK_BRANCH
2022-2023,CAP2,FE_CAP2_2022_Cutoff.csv,6276,"MKSSS's Cummins College of Engineering for Women, Karvenagar,Pune",,Mechanical Engineering,I-NonS,State Level,22506,87.8986332,404a78da847e,False,True,VALID,CHECK_BRANCH
2022-2023,CAP2,FE_CAP2_2022_Cutoff.csv,6276,"MKSSS's Cummins College of Engineering for Women, Karvenagar,Pune",,Mechanical Engineering,VIIS,State Level,22581,87.8986332,6ac0631c28b5,False,True,VALID,CHECK_BRANCH
2022-2023,CAP2,FE_CAP2_2022_Cutoff.csv,6276,"MKSSS's Cummins College of Engineering for Women, Karvenagar,Pune",,Mechanical Engineering,"Legends:Start Character G-General, L-Ladies, End Character H-Home University, O-Other than Home University, S-State Level,S",State Level,19578,89.4839384,bc8e57c4de02,False,True,INVALID_TEXT,MULTIPLE_ISSUES
2022-2023,CAP2,FE_CAP2_2022_Cutoff.csv,6276,"MKSSS's Cummins College of Engineering for Women, Karvenagar,Pune",,Mechanical Engineering,"PWDR : PWD Common Reserved Seat, DEFR : Defense Common Reserved Seat.",State Level,38719,78.6657067,6a2ce40b93c2,False,True,INVALID_TEXT,MULTIPLE_ISSUES
2022-2023,CAP2,FE_CAP2_2022_Cutoff.csv,6276,"MKSSS's Cummins College of Engineering for Women, Karvenagar,Pune",,Mechanical Engineering,Maharashtra State Seats - Cut Off Indicates State General Merit No.; Figures in bracket Indicates MHT-CET PCM PercentileS,State Level,36047,80.4540499,2b124ea73b86,False,True,INVALID_TEXT,MULTIPLE_ISSUES
2022-2023,CAP2,FE_CAP2_2022_Cutoff.csv,6276,"MKSSS's Cummins College of Engineering for Women, Karvenagar,Pune",,Mechanical Engineering,DS,State Level,18248,90.1655867,575f02056fde,False,True,VALID,CHECK_BRANCH
2022-2023,CAP2,FE_CAP2_2022_Cutoff.csv,6276,"MKSSS's Cummins College of Engineering for Women, Karvenagar,Pune",,Mechanical Engineering,I-NonS,State Level,22083,88.0916175,61bf632d218e,False,True,VALID,CHECK_BRANCH
2022-2023,CAP2,FE_CAP2_2022_Cutoff.csv,6276,"MKSSS's Cummins College of Engineering for Women, Karvenagar,Pune",,Mechanical Engineering,VIIS,State Level,21275,88.5350016,0a2073421ab9,False,True,VALID,CHECK_BRANCH
2022-2023,CAP2,FE_CAP2_2022_Cutoff.csv,6285,"Bharati Vidyapeeth's College of Engineering for Women, Katraj, Dhankawadi, Pune",,Artificial Intelligence and Data Science,"Legends:Start Character G-General, L-Ladies, End Character H-Home University, O-Other than Home University, S-State Level,S",State Level,12917,93.018966,e3ae2c4e8364,False,True,INVALID_TEXT,MULTIPLE_ISSUES
2022-2023,CAP2,FE_CAP2_2022_Cutoff.csv,6285,"Bharati Vidyapeeth's College of Engineering for Women, Katraj, Dhankawadi, Pune",,Artificial Intelligence and Data Science,"Legends:Start Character G-General, L-Ladies, End Character H-Home University, O-Other than Home University, S-State Level,S",State Level,16574,91.0917582,a68dcf360420,False,True,INVALID_TEXT,MULTIPLE_ISSUES
2022-2023,CAP2,FE_CAP2_2022_Cutoff.csv,6285,"Bharati Vidyapeeth's College of Engineering for Women, Katraj, Dhankawadi, Pune",,Artificial Intelligence and Data Science,"Legends:Start Character G-General, L-Ladies, End Character H-Home University, O-Other than Home University, S-State Level,S",State Level,71944,56.7650587,b7f8e84ab013,False,True,INVALID_TEXT,MULTIPLE_ISSUES
2022-2023,CAP2,FE_CAP2_2022_Cutoff.csv,6285,"Bharati Vidyapeeth's College of Engineering for Women, Katraj, Dhankawadi, Pune",,Artificial Intelligence and Data Science,"PWDR : PWD Common Reserved Seat, DEFR : Defense Common Reserved Seat.",State Level,32749,82.3797757,7a2f72ad5da4,False,False,INVALID_TEXT,MULTIPLE_ISSUES
2022-2023,CAP2,FE_CAP2_2022_Cutoff.csv,6285,"Bharati Vidyapeeth's College of Engineering for Women, Katraj, Dhankawadi, Pune",,Artificial Intelligence and Data Science,VIIS,State Level,33925,81.5143923,5f4da9874c14,False,False,VALID,CHECK_BRANCH
2022-2023,CAP2,FE_CAP2_2022_Cutoff.csv,6938,Shree Siddheshwar Women's College Of Engineering Solapur.,,Mechanical Engineering,"Legends:Start Character G-General, L-Ladies, End Character H-Home University, O-Other than Home University, S-State Level,S",State Level,77155,52.2301039,1792ecc9ad18,False,True,INVALID_TEXT,MULTIPLE_ISSUES
2022-2023,CAP2,FE_CAP2_2022_Cutoff.csv,6938,Shree Siddheshwar Women's College Of Engineering Solapur.,,Mechanical Engineering,I-NonS,State Level,103936,26.2202423,e4c506d0ff25,False,True,VALID,CHECK_BRANCH
2022-2023,CAP2,FE_CAP2_2022_Cutoff.csv,6938,Shree Siddheshwar Women's College Of Engineering Solapur.,,Mechanical Engineering,VIIS,State Level,101647,28.9481366,baee09ac1d95,False,True,VALID,CHECK_BRANCH
2022-2023,CAP2,FE_CAP2_2022_Cutoff.csv,6938,Shree Siddheshwar Women's College Of Engineering Solapur.,,Mechanical Engineering,693829350F - Electrical EngineeringS,State Level,106468,23.2238494,2a5b72d197ed,False,False,INVALID_TEXT,MULTIPLE_ISSUES
2022-2023,CAP2,FE_CAP2_2022_Cutoff.csv,6938,Shree Siddheshwar Women's College Of Engineering Solapur.,,Mechanical Engineering,Other Than Home University Seats Allotted to Other Than Home University CandidatesS,State Level,122559,0.1469263,89dc25aaf021,False,True,INVALID_TEXT,MULTIPLE_ISSUES
2022-2023,CAP2,FE_CAP2_2022_Cutoff.csv,6938,Shree Siddheshwar Women's College Of Engineering Solapur.,,Mechanical Engineering,"Legends:Start Character G-General, L-Ladies, End Character H-Home University, O-Other than Home University, S-State Level,S",State Level,116946,9.9445363,539b338ff332,False,True,INVALID_TEXT,MULTIPLE_ISSUES
2022-2023,CAP2,FE_CAP2_2022_Cutoff.csv,6938,Shree Siddheshwar Women's College Of Engineering Solapur.,,Mechanical Engineering,693892550F - Computer Science and Engineering (Artificial Intelligence and Data Science)S,State Level,66396,60.7344231,fdbcf8ef8c95,False,False,INVALID_TEXT,MULTIPLE_ISSUES
2022-2023,CAP2,FE_CAP2_2022_Cutoff.csv,6938,Shree Siddheshwar Women's College Of Engineering Solapur.,,Mechanical Engineering,Home University Seats Allotted to Home University CandidatesS,State Level,118479,7.104006,1fd55a53a68a,False,False,INVALID_TEXT,MULTIPLE_ISSUES
2022-2023,CAP2,FE_CAP2_2022_Cutoff.csv,6938,Shree Siddheshwar Women's College Of Engineering Solapur.,,Mechanical Engineering,LOPENH,State Level,99107,32.2127079,651826bf1b98,False,False,VALID,CHECK_BRANCH
2022-2023,CAP2,FE_CAP2_2022_Cutoff.csv,6938,Shree Siddheshwar Women's College Of Engineering Solapur.,,Mechanical Engineering,I-NonS,State Level,89778,41.4815869,62ba20d3f3e8,False,True,VALID,CHECK_BRANCH
2022-2023,CAP2,FE_CAP2_2022_Cutoff.csv,6938,Shree Siddheshwar Women's College Of Engineering Solapur.,,Mechanical Engineering,VIIS,State Level,111033,17.5316365,1ae0b11426da,False,True,VALID,CHECK_BRANCH
2022-2023,CAP2,FE_CAP2_2022_Cutoff.csv,6938,Shree Siddheshwar Women's College Of Engineering Solapur.,,Mechanical Engineering,Home University Seats Allotted to Other Than Home University CandidatesS,State Level,111599,17.0051501,cee5e7f39205,False,False,INVALID_TEXT,MULTIPLE_ISSUES
2022-2023,CAP2,FE_CAP2_2022_Cutoff.csv,6938,Shree Siddheshwar Women's College Of Engineering Solapur.,,Mechanical Engineering,LSCH,State Level,81133,48.9390238,14a076f6cb19,False,False,VALID,CHECK_BRANCH
2022-2023,CAP2,FE_CAP2_2022_Cutoff.csv,6938,Shree Siddheshwar Women's College Of Engineering Solapur.,,Mechanical Engineering,Other Than Home University Seats Allotted to Other Than Home University CandidatesS,State Level,110311,18.840167,9be87dfcd2c2,False,True,INVALID_TEXT,MULTIPLE_ISSUES
2022-2023,CAP2,FE_CAP2_2022_Cutoff.csv,6938,Shree Siddheshwar Women's College Of Engineering Solapur.,,Mechanical Engineering,VIIS,State Level,120626,3.5945703,0bab8f3db370,False,True,VALID,CHECK_BRANCH
2022-2023,CAP2,FE_CAP2_2022_Cutoff.csv,6938,Shree Siddheshwar Women's College Of Engineering Solapur.,,Mechanical Engineering,DEFOPENS,State Level,108145,21.5067519,f891363d0365,False,False,VALID,CHECK_BRANCH
2022-2023,CAP2,FE_CAP2_2022_Cutoff.csv,6938,Shree Siddheshwar Women's College Of Engineering Solapur.,,Mechanical Engineering,I-NonS,State Level,121804,1.7815683,0db88f65d04c,False,True,VALID,CHECK_BRANCH
2022-2023,CAP2,FE_CAP2_2022_Cutoff.csv,6938,Shree Siddheshwar Women's College Of Engineering Solapur.,,Mechanical Engineering,VIIS,State Level,120229,4.3556566,c7684671dd8d,False,True,VALID,CHECK_BRANCH
2022-2023,CAP3,FE_CAP3_2022_Cutoff.csv,3035,"Usha Mittal Institute of Technology SNDT  Women's University, Mumbai",,Mechanical Engineering,"Legends:Start Character G-General, L-Ladies, End Character H-Home University, O-Other than Home University, S-State LevelS",State Level,21594,88.3304859,540ad38c714b,False,True,INVALID_TEXT,MULTIPLE_ISSUES
2022-2023,CAP3,FE_CAP3_2022_Cutoff.csv,3035,"Usha Mittal Institute of Technology SNDT  Women's University, Mumbai",,Mechanical Engineering,Maharashtra State Seats - Cut Off Indicates State General Merit No. ; Figures in bracket Indicates MHT-CET PCM PercentileS,State Level,30396,83.4474115,e8a03b85aae2,False,True,INVALID_TEXT,MULTIPLE_ISSUES
2022-2023,CAP3,FE_CAP3_2022_Cutoff.csv,3035,"Usha Mittal Institute of Technology SNDT  Women's University, Mumbai",,Mechanical Engineering,DS,State Level,32461,82.4069575,257a6e6160cc,False,True,VALID,CHECK_BRANCH
2022-2023,CAP3,FE_CAP3_2022_Cutoff.csv,3035,"Usha Mittal Institute of Technology SNDT  Women's University, Mumbai",,Mechanical Engineering,State Common Entrance Test CellS,State Level,31653,82.8743796,4c176e043c69,False,True,INVALID_TEXT,MULTIPLE_ISSUES
2022-2023,CAP3,FE_CAP3_2022_Cutoff.csv,3035,"Usha Mittal Institute of Technology SNDT  Women's University, Mumbai",,Mechanical Engineering,Cut Off List for Maharashtra & Minority Seats of CAP Round - III for the Admission to the First Year Under Graduate Technical Courses in Engineering and Technology (4 Years) &S,State Level,24421,86.8703589,30f44648438b,False,False,INVALID_TEXT,MULTIPLE_ISSUES
2022-2023,CAP3,FE_CAP3_2022_Cutoff.csv,3035,"Usha Mittal Institute of Technology SNDT  Women's University, Mumbai",,Mechanical Engineering,I-NonS,State Level,22975,87.6060476,83c816d29a49,False,True,VALID,CHECK_BRANCH
2022-2023,CAP3,FE_CAP3_2022_Cutoff.csv,3035,"Usha Mittal Institute of Technology SNDT  Women's University, Mumbai",,Mechanical Engineering,VIIS,State Level,23272,87.4840478,ce96bc565caf,False,True,VALID,CHECK_BRANCH
2022-2023,CAP3,FE_CAP3_2022_Cutoff.csv,3035,"Usha Mittal Institute of Technology SNDT  Women's University, Mumbai",,Mechanical Engineering,303524650F - Information TechnologyS,State Level,27443,85.0880607,cd05ac680519,False,False,INVALID_TEXT,MULTIPLE_ISSUES
2022-2023,CAP3,FE_CAP3_2022_Cutoff.csv,3035,"Usha Mittal Institute of Technology SNDT  Women's University, Mumbai",,Mechanical Engineering,LOPENS,State Level,39954,78.1473584,b23a8267ecd0,False,True,VALID,CHECK_BRANCH
2022-2023,CAP3,FE_CAP3_2022_Cutoff.csv,3035,"Usha Mittal Institute of Technology SNDT  Women's University, Mumbai",,Mechanical Engineering,LSCS,State Level,32705,82.3877908,7ad991b91dac,False,True,VALID,CHECK_BRANCH
2022-2023,CAP3,FE_CAP3_2022_Cutoff.csv,3035,"Usha Mittal Institute of Technology SNDT  Women's University, Mumbai",,Mechanical Engineering,LOBCS,State Level,43884,75.6487214,f3af1533ba96,False,False,VALID,CHECK_BRANCH
2022-2023,CAP3,FE_CAP3_2022_Cutoff.csv,3035,"Usha Mittal Institute of Technology SNDT  Women's University, Mumbai",,Mechanical Engineering,DEFOPENS,State Level,65665,61.4673542,b8ea6af86efe,False,False,VALID,CHECK_BRANCH
2022-2023,CAP3,FE_CAP3_2022_Cutoff.csv,3035,"Usha Mittal Institute of Technology SNDT  Women's University, Mumbai",,Mechanical Engineering,DEFROBCS,State Level,38501,79.1079584,ea42ac01172a,False,False,VALID,CHECK_BRANCH
2022-2023,CAP3,FE_CAP3_2022_Cutoff.csv,3035,"Usha Mittal Institute of Technology SNDT  Women's University, Mumbai",,Mechanical Engineering,VIIS,State Level,32067,82.59776,66266754ab7d,False,True,VALID,CHECK_BRANCH
2022-2023,CAP3,FE_CAP3_2022_Cutoff.csv,3035,"Usha Mittal Institute of Technology SNDT  Women's University, Mumbai",,Mechanical Engineering,303525450F - Computer Science and TechnologyS,State Level,33167,81.9995261,e323d6eb2471,False,False,INVALID_TEXT,MULTIPLE_ISSUES
2022-2023,CAP3,FE_CAP3_2022_Cutoff.csv,3035,"Usha Mittal Institute of Technology SNDT  Women's University, Mumbai",,Mechanical Engineering,VIIS,State Level,33853,81.6296507,41493fe4f534,False,True,VALID,CHECK_BRANCH
2022-2023,CAP3,FE_CAP3_2022_Cutoff.csv,3035,"Usha Mittal Institute of Technology SNDT  Women's University, Mumbai",,Mechanical Engineering,303537050F - Electronics and Communication EngineeringS,State Level,55562,68.3772406,02f5f911af0a,False,False,INVALID_TEXT,MULTIPLE_ISSUES
2022-2023,CAP3,FE_CAP3_2022_Cutoff.csv,3035,"Usha Mittal Institute of Technology SNDT  Women's University, Mumbai",,Mechanical Engineering,LOPENS,State Level,109416,19.8474395,86edd1e27870,False,True,VALID,CHECK_BRANCH
2022-2023,CAP3,FE_CAP3_2022_Cutoff.csv,3035,"Usha Mittal Institute of Technology SNDT  Women's University, Mumbai",,Mechanical Engineering,LSCS,State Level,105892,23.9542468,5f7fc52a0485,False,True,VALID,CHECK_BRANCH
2022-2023,CAP3,FE_CAP3_2022_Cutoff.csv,3035,"Usha Mittal Institute of Technology SNDT  Women's University, Mumbai",,Mechanical Engineering,LSTS,State Level,78855,51.1072039,5ac234810888,False,False,VALID,CHECK_BRANCH
2022-2023,CAP3,FE_CAP3_2022_Cutoff.csv,3035,"Usha Mittal Institute of Technology SNDT  Women's University, Mumbai",,Mechanical Engineering,I-NonS,State Level,71158,57.0638559,5199639ab50c,False,True,VALID,CHECK_BRANCH
2022-2023,CAP3,FE_CAP3_2022_Cutoff.csv,3035,"Usha Mittal Institute of Technology SNDT  Women's University, Mumbai",,Mechanical Engineering,VIIS,State Level,68527,59.4192464,f51047600f73,False,True,VALID,CHECK_BRANCH
2022-2023,CAP3,FE_CAP3_2022_Cutoff.csv,3035,"Usha Mittal Institute of Technology SNDT  Women's University, Mumbai",,Mechanical Engineering,"Legends:Start Character G-General, L-Ladies, End Character H-Home University, O-Other than Home University, S-State LevelS",State Level,37547,79.5309168,03e7830e0237,False,True,INVALID_TEXT,MULTIPLE_ISSUES
2022-2023,CAP3,FE_CAP3_2022_Cutoff.csv,3035,"Usha Mittal Institute of Technology SNDT  Women's University, Mumbai",,Mechanical Engineering,Maharashtra State Seats - Cut Off Indicates State General Merit No. ; Figures in bracket Indicates MHT-CET PCM PercentileS,State Level,75494,53.926243,4d512f9b7799,False,True,INVALID_TEXT,MULTIPLE_ISSUES
2022-2023,CAP3,FE_CAP3_2022_Cutoff.csv,3035,"Usha Mittal Institute of Technology SNDT  Women's University, Mumbai",,Mechanical Engineering,DS,State Level,96961,34.1210946,e6b8e7d059ec,False,True,VALID,CHECK_BRANCH
2022-2023,CAP3,FE_CAP3_2022_Cutoff.csv,3035,"Usha Mittal Institute of Technology SNDT  Women's University, Mumbai",,Mechanical Engineering,State Common Entrance Test CellS,State Level,44493,75.4846987,304b8aad18a2,False,True,INVALID_TEXT,MULTIPLE_ISSUES
2022-2023,CAP3,FE_CAP3_2022_Cutoff.csv,3035,"Usha Mittal Institute of Technology SNDT  Women's University, Mumbai",,Mechanical Engineering,VIIS,State Level,37775,79.4751328,094e910cdced,False,True,VALID,CHECK_BRANCH
2022-2023,CAP3,FE_CAP3_2022_Cutoff.csv,4304,"Cummins College of Engineering For Women, Sukhali (Gupchup), Tal. Hingna Hingna Nagpur",,Mechanical Engineering,EWS,State Level,51355,71.1253958,1f8f8510cabb,False,False,VALID,CHECK_BRANCH
2022-2023,CAP3,FE_CAP3_2022_Cutoff.csv,4304,"Cummins College of Engineering For Women, Sukhali (Gupchup), Tal. Hingna Hingna Nagpur",,Mechanical Engineering,430437250F - Electronics and Telecommunication EnggS,State Level,38592,79.0746326,5788c82e5dbe,False,False,INVALID_TEXT,MULTIPLE_ISSUES
2022-2023,CAP3,FE_CAP3_2022_Cutoff.csv,4304,"Cummins College of Engineering For Women, Sukhali (Gupchup), Tal. Hingna Hingna Nagpur",,Mechanical Engineering,Other Than Home University Seats Allotted to Other Than Home University CandidatesS,State Level,59293,65.7244332,ed22a7dcee82,False,False,INVALID_TEXT,MULTIPLE_ISSUES
2022-2023,CAP3,FE_CAP3_2022_Cutoff.csv,4304,"Cummins College of Engineering For Women, Sukhali (Gupchup), Tal. Hingna Hingna Nagpur",,Mechanical Engineering,LOPENO,State Level,106337,23.4829494,87c5a62ac242,False,False,VALID,CHECK_BRANCH
2022-2023,CAP3,FE_CAP3_2022_Cutoff.csv,4304,"Cummins College of Engineering For Women, Sukhali (Gupchup), Tal. Hingna Hingna Nagpur",,Mechanical Engineering,"Legends:Start Character G-General, L-Ladies, End Character H-Home University, O-Other than Home University, S-State LevelS",State Level,111157,17.5316365,ab7a41ab32e9,False,False,INVALID_TEXT,MULTIPLE_ISSUES
2022-2023,CAP3,FE_CAP3_2022_Cutoff.csv,4304,"Cummins College of Engineering For Women, Sukhali (Gupchup), Tal. Hingna Hingna Nagpur",,Mechanical Engineering,I-NonS,State Level,93742,37.5478565,22e73e2e70f8,False,False,VALID,CHECK_BRANCH
2022-2023,CAP3,FE_CAP3_2022_Cutoff.csv,6276,"MKSSS's Cummins College of Engineering for Women, Karvenagar,Pune",,Mechanical Engineering,"Legends:Start Character G-General, L-Ladies, End Character H-Home University, O-Other than Home University, S-State LevelS",State Level,3059,98.2216336,202b3f5bdc32,False,True,INVALID_TEXT,MULTIPLE_ISSUES
2022-2023,CAP3,FE_CAP3_2022_Cutoff.csv,6276,"MKSSS's Cummins College of Engineering for Women, Karvenagar,Pune",,Mechanical Engineering,Maharashtra State Seats - Cut Off Indicates State General Merit No. ; Figures in bracket Indicates MHT-CET PCM PercentileS,State Level,12595,93.1750461,f3fce364ecea,False,True,INVALID_TEXT,MULTIPLE_ISSUES
2022-2023,CAP3,FE_CAP3_2022_Cutoff.csv,6276,"MKSSS's Cummins College of Engineering for Women, Karvenagar,Pune",,Mechanical Engineering,DS,State Level,3396,98.0374453,4ba852230b1a,False,True,VALID,CHECK_BRANCH
2022-2023,CAP3,FE_CAP3_2022_Cutoff.csv,6276,"MKSSS's Cummins College of Engineering for Women, Karvenagar,Pune",,Mechanical Engineering,627624650F - Information TechnologyS,State Level,4101,97.6493402,1b215886dc8d,False,False,INVALID_TEXT,MULTIPLE_ISSUES
2022-2023,CAP3,FE_CAP3_2022_Cutoff.csv,6276,"MKSSS's Cummins College of Engineering for Women, Karvenagar,Pune",,Mechanical Engineering,LOPENS,State Level,15576,91.5890515,3527bd543c66,False,True,VALID,CHECK_BRANCH
2022-2023,CAP3,FE_CAP3_2022_Cutoff.csv,6276,"MKSSS's Cummins College of Engineering for Women, Karvenagar,Pune",,Mechanical Engineering,LSCS,State Level,4054,97.6924899,5f24d58778f1,False,True,VALID,CHECK_BRANCH
2022-2023,CAP3,FE_CAP3_2022_Cutoff.csv,6276,"MKSSS's Cummins College of Engineering for Women, Karvenagar,Pune",,Mechanical Engineering,I-NonS,State Level,4113,97.6493402,55a612e1bb3a,False,True,VALID,CHECK_BRANCH
2022-2023,CAP3,FE_CAP3_2022_Cutoff.csv,6276,"MKSSS's Cummins College of Engineering for Women, Karvenagar,Pune",,Mechanical Engineering,627637250F - Electronics and Telecommunication EnggS,State Level,5713,96.8019387,b29e4372989b,False,False,INVALID_TEXT,MULTIPLE_ISSUES
2022-2023,CAP3,FE_CAP3_2022_Cutoff.csv,6276,"MKSSS's Cummins College of Engineering for Women, Karvenagar,Pune",,Mechanical Engineering,LOPENS,State Level,21556,88.4671878,0cda3dd2e9a0,False,True,VALID,CHECK_BRANCH
2022-2023,CAP3,FE_CAP3_2022_Cutoff.csv,6276,"MKSSS's Cummins College of Engineering for Women, Karvenagar,Pune",,Mechanical Engineering,LSCS,State Level,7227,96.0282477,ec004922ee07,False,True,VALID,CHECK_BRANCH
2022-2023,CAP3,FE_CAP3_2022_Cutoff.csv,6276,"MKSSS's Cummins College of Engineering for Women, Karvenagar,Pune",,Mechanical Engineering,I-NonS,State Level,6080,96.6135363,77595e8ec48f,False,True,VALID,CHECK_BRANCH
2022-2023,CAP3,FE_CAP3_2022_Cutoff.csv,6276,"MKSSS's Cummins College of Engineering for Women, Karvenagar,Pune",,Mechanical Engineering,VIIS,State Level,6031,96.6258699,1f58b568fdb2,False,True,VALID,CHECK_BRANCH
2022-2023,CAP3,FE_CAP3_2022_Cutoff.csv,6276,"MKSSS's Cummins College of Engineering for Women, Karvenagar,Pune",,Mechanical Engineering,627646450F - Instrumentation and Control EngineeringS,State Level,21418,88.4857211,42d74277da47,False,False,INVALID_TEXT,MULTIPLE_ISSUES
2022-2023,CAP3,FE_CAP3_2022_Cutoff.csv,6276,"MKSSS's Cummins College of Engineering for Women, Karvenagar,Pune",,Mechanical Engineering,LOBCS,State Level,23052,87.5783283,1607d4522df0,False,False,VALID,CHECK_BRANCH
2022-2023,CAP3,FE_CAP3_2022_Cutoff.csv,6276,"MKSSS's Cummins College of Engineering for Women, Karvenagar,Pune",,Mechanical Engineering,"Legends:Start Character G-General, L-Ladies, End Character H-Home University, O-Other than Home University, S-State LevelS",State Level,13795,92.6037916,18d1497ed702,False,True,INVALID_TEXT,MULTIPLE_ISSUES
2022-2023,CAP3,FE_CAP3_2022_Cutoff.csv,6276,"MKSSS's Cummins College of Engineering for Women, Karvenagar,Pune",,Mechanical Engineering,Maharashtra State Seats - Cut Off Indicates State General Merit No. ; Figures in bracket Indicates MHT-CET PCM PercentileS,State Level,81446,48.7700838,6eb150e318ac,False,True,INVALID_TEXT,MULTIPLE_ISSUES
2022-2023,CAP3,FE_CAP3_2022_Cutoff.csv,6276,"MKSSS's Cummins College of Engineering for Women, Karvenagar,Pune",,Mechanical Engineering,DS,State Level,15150,91.8555998,9b9713aa1511,False,True,VALID,CHECK_BRANCH
2022-2023,CAP3,FE_CAP3_2022_Cutoff.csv,6276,"MKSSS's Cummins College of Engineering for Women, Karvenagar,Pune",,Mechanical Engineering,VIIS,State Level,14379,92.2346476,1297086b5f05,False,True,VALID,CHECK_BRANCH
2022-2023,CAP3,FE_CAP3_2022_Cutoff.csv,6285,"Bharati Vidyapeeth's College of Engineering for Women, Katraj, Dhankawadi, Pune",,Artificial Intelligence and Data Science,EWS,State Level,13659,92.6252847,50503a18feb3,False,False,VALID,CHECK_BRANCH
2022-2023,CAP3,FE_CAP3_2022_Cutoff.csv,6285,"Bharati Vidyapeeth's College of Engineering for Women, Katraj, Dhankawadi, Pune",,Artificial Intelligence and Data Science,"Legends:Start Character G-General, L-Ladies, End Character H-Home University, O-Other than Home University, S-State LevelS",State Level,31631,82.8743796,86168ec10f5e,False,False,INVALID_TEXT,MULTIPLE_ISSUES
2022-2023,CAP3,FE_CAP3_2022_Cutoff.csv,6938,Shree Siddheshwar Women's College Of Engineering Solapur.,,Mechanical Engineering,"Legends:Start Character G-General, L-Ladies, End Character H-Home University, O-Other than Home University, S-State LevelS",State Level,45852,74.5106403,3697b44933eb,False,True,INVALID_TEXT,MULTIPLE_ISSUES
2022-2023,CAP3,FE_CAP3_2022_Cutoff.csv,6938,Shree Siddheshwar Women's College Of Engineering Solapur.,,Mechanical Engineering,I-NonS,State Level,66686,60.6284658,d1042e13c8ae,False,False,VALID,CHECK_BRANCH
2022-2023,CAP3,FE_CAP3_2022_Cutoff.csv,6938,Shree Siddheshwar Women's College Of Engineering Solapur.,,Mechanical Engineering,693829350F - Electrical EngineeringS,State Level,97781,32.5908894,4f01be2b95f1,False,False,INVALID_TEXT,MULTIPLE_ISSUES
2022-2023,CAP3,FE_CAP3_2022_Cutoff.csv,6938,Shree Siddheshwar Women's College Of Engineering Solapur.,,Mechanical Engineering,"Legends:Start Character G-General, L-Ladies, End Character H-Home University, O-Other than Home University, S-State LevelS",State Level,62845,63.5478045,224da2e5a752,False,True,INVALID_TEXT,MULTIPLE_ISSUES
2023-2024,CAP1,FE_CAP1_2023_Cutoff.csv,3035,"Usha Mittal Institute of Technology SNDT  Women's University, Mumbai",,Mechanical Engineering,"Legends: Starting character G-General, L-Ladies, End character H-Home University, O-Other than Home University,S-State Level, AI- All India Seat.S",State Level,21856,91.2254517,6a7e45f39600,False,True,INVALID_TEXT,MULTIPLE_ISSUES
2023-2024,CAP1,FE_CAP1_2023_Cutoff.csv,3035,"Usha Mittal Institute of Technology SNDT  Women's University, Mumbai",,Mechanical Engineering,Maharashtra State Seats - Cut Off Indicates Maharashtra State General Merit No.; Figures in bracket Indicates Merit Percentile.S,State Level,52863,77.4193548,34361d92822d,False,True,INVALID_TEXT,MULTIPLE_ISSUES
2023-2024,CAP1,FE_CAP1_2023_Cutoff.csv,3035,"Usha Mittal Institute of Technology SNDT  Women's University, Mumbai",,Mechanical Engineering,DS,State Level,96181,51.4762755,c9fafa307d8b,False,True,VALID,CHECK_BRANCH
2023-2024,CAP1,FE_CAP1_2023_Cutoff.csv,3035,"Usha Mittal Institute of Technology SNDT  Women's University, Mumbai",,Mechanical Engineering,State Common Entrance Test CellS,State Level,49092,79.3939394,6c59defa96bc,False,True,INVALID_TEXT,MULTIPLE_ISSUES
2023-2024,CAP1,FE_CAP1_2023_Cutoff.csv,3035,"Usha Mittal Institute of Technology SNDT  Women's University, Mumbai",,Mechanical Engineering,Cut Off List for Maharashtra & Minority Seats of CAP Round I for Admission to First Year of Four YearS,State Level,44198,81.2345291,19e760a119a5,False,True,INVALID_TEXT,MULTIPLE_ISSUES
2023-2024,CAP1,FE_CAP1_2023_Cutoff.csv,3035,"Usha Mittal Institute of Technology SNDT  Women's University, Mumbai",,Mechanical Engineering,Degree Courses In Engineering and Technology & Master of Engineering and Technology (Integrated 5 Years) for the Year 2023-24S,State Level,59425,74.0797795,0cf0efd141c3,False,True,INVALID_TEXT,MULTIPLE_ISSUES
2023-2024,CAP1,FE_CAP1_2023_Cutoff.csv,3035,"Usha Mittal Institute of Technology SNDT  Women's University, Mumbai",,Mechanical Engineering,LOPENS,State Level,43548,81.8534982,acdf1290cc2b,False,True,VALID,CHECK_BRANCH
2023-2024,CAP1,FE_CAP1_2023_Cutoff.csv,3035,"Usha Mittal Institute of Technology SNDT  Women's University, Mumbai",,Mechanical Engineering,LSCS,State Level,31800,86.9095112,c0064b254dd6,False,True,VALID,CHECK_BRANCH
2023-2024,CAP1,FE_CAP1_2023_Cutoff.csv,3035,"Usha Mittal Institute of Technology SNDT  Women's University, Mumbai",,Mechanical Engineering,LSTS,State Level,69455,68.9337823,41de83461f5f,False,True,VALID,CHECK_BRANCH
2023-2024,CAP1,FE_CAP1_2023_Cutoff.csv,3035,"Usha Mittal Institute of Technology SNDT  Women's University, Mumbai",,Mechanical Engineering,LVJS,State Level,84793,59.6839864,38c57242c11b,False,True,VALID,CHECK_BRANCH
2023-2024,CAP1,FE_CAP1_2023_Cutoff.csv,3035,"Usha Mittal Institute of Technology SNDT  Women's University, Mumbai",,Mechanical Engineering,LNT1S,State Level,31057,87.2266503,4c8ffe67c466,False,True,VALID,CHECK_BRANCH
2023-2024,CAP1,FE_CAP1_2023_Cutoff.csv,3035,"Usha Mittal Institute of Technology SNDT  Women's University, Mumbai",,Mechanical Engineering,303524650F - Information TechnologyS,State Level,31686,86.9739855,f61f31ad3bca,False,False,INVALID_TEXT,MULTIPLE_ISSUES
2023-2024,CAP1,FE_CAP1_2023_Cutoff.csv,3035,"Usha Mittal Institute of Technology SNDT  Women's University, Mumbai",,Mechanical Engineering,LOPENS,State Level,67511,69.6572694,4f2ebcb2d4e5,False,True,VALID,CHECK_BRANCH
2023-2024,CAP1,FE_CAP1_2023_Cutoff.csv,3035,"Usha Mittal Institute of Technology SNDT  Women's University, Mumbai",,Mechanical Engineering,LSCS,State Level,63685,71.6671025,4c80348c6959,False,True,VALID,CHECK_BRANCH
2023-2024,CAP1,FE_CAP1_2023_Cutoff.csv,3035,"Usha Mittal Institute of Technology SNDT  Women's University, Mumbai",,Mechanical Engineering,LSTS,State Level,68510,69.3042857,4ddf8f2b0eba,False,True,VALID,CHECK_BRANCH
2023-2024,CAP1,FE_CAP1_2023_Cutoff.csv,3035,"Usha Mittal Institute of Technology SNDT  Women's University, Mumbai",,Mechanical Engineering,LVJS,State Level,41152,82.869523,438d2a6f12d0,False,True,VALID,CHECK_BRANCH
2023-2024,CAP1,FE_CAP1_2023_Cutoff.csv,3035,"Usha Mittal Institute of Technology SNDT  Women's University, Mumbai",,Mechanical Engineering,LNT1S,State Level,70222,68.401414,b0114ef98898,False,True,VALID,CHECK_BRANCH
2023-2024,CAP1,FE_CAP1_2023_Cutoff.csv,3035,"Usha Mittal Institute of Technology SNDT  Women's University, Mumbai",,Mechanical Engineering,LNT2S,State Level,52464,77.4241933,7b33b1601c90,False,True,VALID,CHECK_BRANCH
2023-2024,CAP1,FE_CAP1_2023_Cutoff.csv,3035,"Usha Mittal Institute of Technology SNDT  Women's University, Mumbai",,Mechanical Engineering,LNT3S,State Level,39963,83.375844,af5f1e10b9d5,False,True,VALID,CHECK_BRANCH
2023-2024,CAP1,FE_CAP1_2023_Cutoff.csv,3035,"Usha Mittal Institute of Technology SNDT  Women's University, Mumbai",,Mechanical Engineering,LOBCS,State Level,73340,66.6716379,191d070b0518,False,True,VALID,CHECK_BRANCH
2023-2024,CAP1,FE_CAP1_2023_Cutoff.csv,3035,"Usha Mittal Institute of Technology SNDT  Women's University, Mumbai",,Mechanical Engineering,DEFOPENS,State Level,43384,81.855593,26b28c81cd4f,False,True,VALID,CHECK_BRANCH
2023-2024,CAP1,FE_CAP1_2023_Cutoff.csv,3035,"Usha Mittal Institute of Technology SNDT  Women's University, Mumbai",,Mechanical Engineering,303525450F - Computer Science and TechnologyS,State Level,38532,84.0516274,3b97a071d524,False,False,INVALID_TEXT,MULTIPLE_ISSUES
2023-2024,CAP1,FE_CAP1_2023_Cutoff.csv,3035,"Usha Mittal Institute of Technology SNDT  Women's University, Mumbai",,Mechanical Engineering,LOPENS,State Level,72197,67.1534217,ccacceda348f,False,True,VALID,CHECK_BRANCH
2023-2024,CAP1,FE_CAP1_2023_Cutoff.csv,3035,"Usha Mittal Institute of Technology SNDT  Women's University, Mumbai",,Mechanical Engineering,LSCS,State Level,64140,71.6354089,a5f011dc8848,False,True,VALID,CHECK_BRANCH
2023-2024,CAP1,FE_CAP1_2023_Cutoff.csv,3035,"Usha Mittal Institute of Technology SNDT  Women's University, Mumbai",,Mechanical Engineering,LVJS,State Level,72544,66.9527897,1c6487c271f5,False,True,VALID,CHECK_BRANCH
2023-2024,CAP1,FE_CAP1_2023_Cutoff.csv,3035,"Usha Mittal Institute of Technology SNDT  Women's University, Mumbai",,Mechanical Engineering,LNT1S,State Level,78275,63.6910141,4279fc3dd3be,False,True,VALID,CHECK_BRANCH
2023-2024,CAP1,FE_CAP1_2023_Cutoff.csv,3035,"Usha Mittal Institute of Technology SNDT  Women's University, Mumbai",,Mechanical Engineering,LNT2S,State Level,67813,69.6572694,049dc4288556,False,True,VALID,CHECK_BRANCH
2023-2024,CAP1,FE_CAP1_2023_Cutoff.csv,3035,"Usha Mittal Institute of Technology SNDT  Women's University, Mumbai",,Mechanical Engineering,LNT3S,State Level,47304,79.8081214,90cad17103be,False,True,VALID,CHECK_BRANCH
2023-2024,CAP1,FE_CAP1_2023_Cutoff.csv,3035,"Usha Mittal Institute of Technology SNDT  Women's University, Mumbai",,Mechanical Engineering,LOBCS,State Level,121052,29.9996237,d5600f15b0c0,False,True,VALID,CHECK_BRANCH
2023-2024,CAP1,FE_CAP1_2023_Cutoff.csv,3035,"Usha Mittal Institute of Technology SNDT  Women's University, Mumbai",,Mechanical Engineering,DEFOPENS,State Level,51805,78.0359147,47fb9916527f,False,True,VALID,CHECK_BRANCH
2023-2024,CAP1,FE_CAP1_2023_Cutoff.csv,3035,"Usha Mittal Institute of Technology SNDT  Women's University, Mumbai",,Mechanical Engineering,303537050F - Electronics and Communication EngineeringS,State Level,73108,66.6716379,62fa84d10e94,False,False,INVALID_TEXT,MULTIPLE_ISSUES
2023-2024,CAP1,FE_CAP1_2023_Cutoff.csv,3035,"Usha Mittal Institute of Technology SNDT  Women's University, Mumbai",,Mechanical Engineering,LOPENS,State Level,125192,25.3087578,d1467e5428b8,False,True,VALID,CHECK_BRANCH
2023-2024,CAP1,FE_CAP1_2023_Cutoff.csv,3035,"Usha Mittal Institute of Technology SNDT  Women's University, Mumbai",,Mechanical Engineering,LSCS,State Level,78180,63.6910141,f5ea0a33349d,False,True,VALID,CHECK_BRANCH
2023-2024,CAP1,FE_CAP1_2023_Cutoff.csv,3035,"Usha Mittal Institute of Technology SNDT  Women's University, Mumbai",,Mechanical Engineering,LNT1S,State Level,101817,47.3478734,b93168fcc3d5,False,True,VALID,CHECK_BRANCH
2023-2024,CAP1,FE_CAP1_2023_Cutoff.csv,3035,"Usha Mittal Institute of Technology SNDT  Women's University, Mumbai",,Mechanical Engineering,LOBCS,State Level,118709,32.3660798,dab7dd393617,False,True,VALID,CHECK_BRANCH
2023-2024,CAP1,FE_CAP1_2023_Cutoff.csv,3035,"Usha Mittal Institute of Technology SNDT  Women's University, Mumbai",,Mechanical Engineering,"Legends: Starting character G-General, L-Ladies, End character H-Home University, O-Other than Home University,S-State Level, AI- All India Seat.S",State Level,49695,78.7120349,12c7c81e0db7,False,True,INVALID_TEXT,MULTIPLE_ISSUES
2023-2024,CAP1,FE_CAP1_2023_Cutoff.csv,3035,"Usha Mittal Institute of Technology SNDT  Women's University, Mumbai",,Mechanical Engineering,Maharashtra State Seats - Cut Off Indicates Maharashtra State General Merit No.; Figures in bracket Indicates Merit Percentile.S,State Level,98497,49.6143282,e7223a04ce63,False,True,INVALID_TEXT,MULTIPLE_ISSUES
2023-2024,CAP1,FE_CAP1_2023_Cutoff.csv,3035,"Usha Mittal Institute of Technology SNDT  Women's University, Mumbai",,Mechanical Engineering,DS,State Level,101334,47.387098,65197267d01a,False,True,VALID,CHECK_BRANCH
2023-2024,CAP1,FE_CAP1_2023_Cutoff.csv,3035,"Usha Mittal Institute of Technology SNDT  Women's University, Mumbai",,Mechanical Engineering,State Common Entrance Test CellS,State Level,135331,13.224841,73ee1631366d,False,True,INVALID_TEXT,MULTIPLE_ISSUES
2023-2024,CAP1,FE_CAP1_2023_Cutoff.csv,3035,"Usha Mittal Institute of Technology SNDT  Women's University, Mumbai",,Mechanical Engineering,Cut Off List for Maharashtra & Minority Seats of CAP Round I for Admission to First Year of Four YearS,State Level,66115,70.6180504,8a007f92558a,False,True,INVALID_TEXT,MULTIPLE_ISSUES
2023-2024,CAP1,FE_CAP1_2023_Cutoff.csv,3035,"Usha Mittal Institute of Technology SNDT  Women's University, Mumbai",,Mechanical Engineering,Degree Courses In Engineering and Technology & Master of Engineering and Technology (Integrated 5 Years) for the Year 2023-24S,State Level,49998,78.5775598,0fdca90d89b0,False,True,INVALID_TEXT,MULTIPLE_ISSUES
2023-2024,CAP1,FE_CAP1_2023_Cutoff.csv,3035,"Usha Mittal Institute of Technology SNDT  Women's University, Mumbai",,Mechanical Engineering,LOPENS,State Level,91882,54.6979992,7168a2905b41,False,True,VALID,CHECK_BRANCH
2023-2024,CAP1,FE_CAP1_2023_Cutoff.csv,3035,"Usha Mittal Institute of Technology SNDT  Women's University, Mumbai",,Mechanical Engineering,LSCS,State Level,64504,71.3590844,c7220e8e6719,False,True,VALID,CHECK_BRANCH
2023-2024,CAP1,FE_CAP1_2023_Cutoff.csv,3035,"Usha Mittal Institute of Technology SNDT  Women's University, Mumbai",,Mechanical Engineering,LSTS,State Level,59912,73.642653,81a94ad320d3,False,True,VALID,CHECK_BRANCH
2023-2024,CAP1,FE_CAP1_2023_Cutoff.csv,3035,"Usha Mittal Institute of Technology SNDT  Women's University, Mumbai",,Mechanical Engineering,303599750F - Artificial IntelligenceS,State Level,52170,77.7994669,b6b88f0f060d,False,False,INVALID_TEXT,MULTIPLE_ISSUES
2023-2024,CAP1,FE_CAP1_2023_Cutoff.csv,3035,"Usha Mittal Institute of Technology SNDT  Women's University, Mumbai",,Mechanical Engineering,LOPENS,State Level,99361,49.4761567,c15c0c2c7c14,False,True,VALID,CHECK_BRANCH
2023-2024,CAP1,FE_CAP1_2023_Cutoff.csv,3035,"Usha Mittal Institute of Technology SNDT  Women's University, Mumbai",,Mechanical Engineering,LSCS,State Level,127231,23.2280676,6a90eff7ebf3,False,True,VALID,CHECK_BRANCH
2023-2024,CAP1,FE_CAP1_2023_Cutoff.csv,3035,"Usha Mittal Institute of Technology SNDT  Women's University, Mumbai",,Mechanical Engineering,LNT1S,State Level,85533,58.7429854,c7b0ea2ead89,False,True,VALID,CHECK_BRANCH
2023-2024,CAP1,FE_CAP1_2023_Cutoff.csv,3035,"Usha Mittal Institute of Technology SNDT  Women's University, Mumbai",,Mechanical Engineering,LNT3S,State Level,69025,69.0354573,c96ecb4f88cf,False,True,VALID,CHECK_BRANCH
2023-2024,CAP1,FE_CAP1_2023_Cutoff.csv,3035,"Usha Mittal Institute of Technology SNDT  Women's University, Mumbai",,Mechanical Engineering,LOBCS,State Level,54951,76.6166542,7a4a17badeac,False,True,VALID,CHECK_BRANCH
2023-2024,CAP1,FE_CAP1_2023_Cutoff.csv,4304,"Cummins College of Engineering For Women, Sukhali (Gupchup), Tal. Hingna Hingna Nagpur",,Mechanical Engineering,"Legends: Starting character G-General, L-Ladies, End character H-Home University, O-Other than Home University,S-State Level, AI- All India Seat.S",State Level,113384,37.6936381,6dd9b002075d,False,True,INVALID_TEXT,MULTIPLE_ISSUES
2023-2024,CAP1,FE_CAP1_2023_Cutoff.csv,4304,"Cummins College of Engineering For Women, Sukhali (Gupchup), Tal. Hingna Hingna Nagpur",,Mechanical Engineering,Maharashtra State Seats - Cut Off Indicates Maharashtra State General Merit No.; Figures in bracket Indicates Merit Percentile.S,State Level,119867,30.9520229,87c8011a7ead,False,False,INVALID_TEXT,MULTIPLE_ISSUES
2023-2024,CAP1,FE_CAP1_2023_Cutoff.csv,4304,"Cummins College of Engineering For Women, Sukhali (Gupchup), Tal. Hingna Hingna Nagpur",,Mechanical Engineering,DS,State Level,61971,73.0265619,24a86b5afab1,False,False,VALID,CHECK_BRANCH
2023-2024,CAP1,FE_CAP1_2023_Cutoff.csv,4304,"Cummins College of Engineering For Women, Sukhali (Gupchup), Tal. Hingna Hingna Nagpur",,Mechanical Engineering,"Legends: Starting character G-General, L-Ladies, End character H-Home University, O-Other than Home University,S-State Level, AI- All India Seat.S",State Level,74350,66.0524144,8f77d565433f,False,True,INVALID_TEXT,MULTIPLE_ISSUES
2023-2024,CAP1,FE_CAP1_2023_Cutoff.csv,4304,"Cummins College of Engineering For Women, Sukhali (Gupchup), Tal. Hingna Hingna Nagpur",,Mechanical Engineering,"Legends: Starting character G-General, L-Ladies, End character H-Home University, O-Other than Home University,S-State Level, AI- All India Seat.S",State Level,132695,16.2430441,72093a2a66df,False,True,INVALID_TEXT,MULTIPLE_ISSUES
2023-2024,CAP1,FE_CAP1_2023_Cutoff.csv,6276,"MKSSS's Cummins College of Engineering for Women, Karvenagar,Pune",,Mechanical Engineering,"Legends: Starting character G-General, L-Ladies, End character H-Home University, O-Other than Home University,S-State Level, AI- All India Seat.S",State Level,3225,98.7308947,e82be0915e71,False,True,INVALID_TEXT,MULTIPLE_ISSUES
2023-2024,CAP1,FE_CAP1_2023_Cutoff.csv,6276,"MKSSS's Cummins College of Engineering for Women, Karvenagar,Pune",,Mechanical Engineering,Maharashtra State Seats - Cut Off Indicates Maharashtra State General Merit No.; Figures in bracket Indicates Merit Percentile.S,State Level,16119,93.5868331,a722352d0762,False,True,INVALID_TEXT,MULTIPLE_ISSUES
2023-2024,CAP1,FE_CAP1_2023_Cutoff.csv,6276,"MKSSS's Cummins College of Engineering for Women, Karvenagar,Pune",,Mechanical Engineering,DS,State Level,79418,62.7344336,fd7dcac94870,False,True,VALID,CHECK_BRANCH
2023-2024,CAP1,FE_CAP1_2023_Cutoff.csv,6276,"MKSSS's Cummins College of Engineering for Women, Karvenagar,Pune",,Mechanical Engineering,State Common Entrance Test CellS,State Level,17231,93.1206307,e58b2cb27504,False,True,INVALID_TEXT,MULTIPLE_ISSUES
2023-2024,CAP1,FE_CAP1_2023_Cutoff.csv,6276,"MKSSS's Cummins College of Engineering for Women, Karvenagar,Pune",,Mechanical Engineering,Cut Off List for Maharashtra & Minority Seats of CAP Round I for Admission to First Year of Four YearS,State Level,8986,96.5051241,6671cc6e477e,False,True,INVALID_TEXT,MULTIPLE_ISSUES
2023-2024,CAP1,FE_CAP1_2023_Cutoff.csv,6276,"MKSSS's Cummins College of Engineering for Women, Karvenagar,Pune",,Mechanical Engineering,Degree Courses In Engineering and Technology & Master of Engineering and Technology (Integrated 5 Years) for the Year 2023-24S,State Level,8996,96.5051241,7720b2f5b6f4,False,True,INVALID_TEXT,MULTIPLE_ISSUES
2023-2024,CAP1,FE_CAP1_2023_Cutoff.csv,6276,"MKSSS's Cummins College of Engineering for Women, Karvenagar,Pune",,Mechanical Engineering,LOPENS,State Level,9921,96.125889,1c2943a998af,False,True,VALID,CHECK_BRANCH
2023-2024,CAP1,FE_CAP1_2023_Cutoff.csv,6276,"MKSSS's Cummins College of Engineering for Women, Karvenagar,Pune",,Mechanical Engineering,LSCS,State Level,4352,98.2961113,f8743d41d0b1,False,True,VALID,CHECK_BRANCH
2023-2024,CAP1,FE_CAP1_2023_Cutoff.csv,6276,"MKSSS's Cummins College of Engineering for Women, Karvenagar,Pune",,Mechanical Engineering,LSTS,State Level,44157,81.2345291,132489ac80b9,False,True,VALID,CHECK_BRANCH
2023-2024,CAP1,FE_CAP1_2023_Cutoff.csv,6276,"MKSSS's Cummins College of Engineering for Women, Karvenagar,Pune",,Mechanical Engineering,LVJS,State Level,96686,51.0567213,d67780290a57,False,True,VALID,CHECK_BRANCH
2023-2024,CAP1,FE_CAP1_2023_Cutoff.csv,6276,"MKSSS's Cummins College of Engineering for Women, Karvenagar,Pune",,Mechanical Engineering,LNT1S,State Level,10919,95.740678,1e571668ebc2,False,True,VALID,CHECK_BRANCH
2023-2024,CAP1,FE_CAP1_2023_Cutoff.csv,6276,"MKSSS's Cummins College of Engineering for Women, Karvenagar,Pune",,Mechanical Engineering,LNT2S,State Level,36776,84.5158411,85007bcee971,False,True,VALID,CHECK_BRANCH
2023-2024,CAP1,FE_CAP1_2023_Cutoff.csv,6276,"MKSSS's Cummins College of Engineering for Women, Karvenagar,Pune",,Mechanical Engineering,LNT3S,State Level,13410,94.7209994,547fe9448a79,False,True,VALID,CHECK_BRANCH
2023-2024,CAP1,FE_CAP1_2023_Cutoff.csv,6276,"MKSSS's Cummins College of Engineering for Women, Karvenagar,Pune",,Mechanical Engineering,LOBCS,State Level,87109,58.1195238,06deb9248829,False,True,VALID,CHECK_BRANCH
2023-2024,CAP1,FE_CAP1_2023_Cutoff.csv,6276,"MKSSS's Cummins College of Engineering for Women, Karvenagar,Pune",,Mechanical Engineering,PWDOPENS,State Level,15201,93.9690179,0378ae4db6ed,False,True,VALID,CHECK_BRANCH
2023-2024,CAP1,FE_CAP1_2023_Cutoff.csv,6276,"MKSSS's Cummins College of Engineering for Women, Karvenagar,Pune",,Mechanical Engineering,PWDOBCS,State Level,12965,94.8764292,60be554d1c23,False,False,VALID,CHECK_BRANCH
2023-2024,CAP1,FE_CAP1_2023_Cutoff.csv,6276,"MKSSS's Cummins College of Engineering for Women, Karvenagar,Pune",,Mechanical Engineering,DEFOPENS,State Level,36811,84.5158411,006fabdc58d9,False,True,VALID,CHECK_BRANCH
2023-2024,CAP1,FE_CAP1_2023_Cutoff.csv,6276,"MKSSS's Cummins College of Engineering for Women, Karvenagar,Pune",,Mechanical Engineering,DEFSCS,State Level,4254,98.3385703,233fea041e8a,False,True,VALID,CHECK_BRANCH
2023-2024,CAP1,FE_CAP1_2023_Cutoff.csv,6276,"MKSSS's Cummins College of Engineering for Women, Karvenagar,Pune",,Mechanical Engineering,627624650F - Information TechnologyS,State Level,4167,98.3772737,33999fa5bbc4,False,False,INVALID_TEXT,MULTIPLE_ISSUES
2023-2024,CAP1,FE_CAP1_2023_Cutoff.csv,6276,"MKSSS's Cummins College of Engineering for Women, Karvenagar,Pune",,Mechanical Engineering,LOPENS,State Level,19679,92.1314889,6ff36e9c5a89,False,True,VALID,CHECK_BRANCH
2023-2024,CAP1,FE_CAP1_2023_Cutoff.csv,6276,"MKSSS's Cummins College of Engineering for Women, Karvenagar,Pune",,Mechanical Engineering,LSCS,State Level,84913,59.6839864,37c569ee27b0,False,True,VALID,CHECK_BRANCH
2023-2024,CAP1,FE_CAP1_2023_Cutoff.csv,6276,"MKSSS's Cummins College of Engineering for Women, Karvenagar,Pune",,Mechanical Engineering,LSTS,State Level,18124,92.733306,5d967887fb35,False,True,VALID,CHECK_BRANCH
2023-2024,CAP1,FE_CAP1_2023_Cutoff.csv,6276,"MKSSS's Cummins College of Engineering for Women, Karvenagar,Pune",,Mechanical Engineering,LVJS,State Level,10653,95.8552138,d5b56a86d5be,False,True,VALID,CHECK_BRANCH
2023-2024,CAP1,FE_CAP1_2023_Cutoff.csv,6276,"MKSSS's Cummins College of Engineering for Women, Karvenagar,Pune",,Mechanical Engineering,LNT1S,State Level,9524,96.2813957,e3d49efe75d5,False,True,VALID,CHECK_BRANCH
2023-2024,CAP1,FE_CAP1_2023_Cutoff.csv,6276,"MKSSS's Cummins College of Engineering for Women, Karvenagar,Pune",,Mechanical Engineering,LNT2S,State Level,9985,96.0739719,09775658c4d2,False,True,VALID,CHECK_BRANCH
2023-2024,CAP1,FE_CAP1_2023_Cutoff.csv,6276,"MKSSS's Cummins College of Engineering for Women, Karvenagar,Pune",,Mechanical Engineering,LNT3S,State Level,4850,98.1343284,260bb0b62796,False,True,VALID,CHECK_BRANCH
2023-2024,CAP1,FE_CAP1_2023_Cutoff.csv,6276,"MKSSS's Cummins College of Engineering for Women, Karvenagar,Pune",,Mechanical Engineering,LOBCS,State Level,114265,36.5842646,f88c1f77a76b,False,True,VALID,CHECK_BRANCH
2023-2024,CAP1,FE_CAP1_2023_Cutoff.csv,6276,"MKSSS's Cummins College of Engineering for Women, Karvenagar,Pune",,Mechanical Engineering,PWDOPENS,State Level,13054,94.852226,d2e70a0a5561,False,True,VALID,CHECK_BRANCH
2023-2024,CAP1,FE_CAP1_2023_Cutoff.csv,6276,"MKSSS's Cummins College of Engineering for Women, Karvenagar,Pune",,Mechanical Engineering,DEFOPENS,State Level,21008,91.4895289,760c89dd82eb,False,True,VALID,CHECK_BRANCH
2023-2024,CAP1,FE_CAP1_2023_Cutoff.csv,6276,"MKSSS's Cummins College of Engineering for Women, Karvenagar,Pune",,Mechanical Engineering,DEFROBCS,State Level,4523,98.2487433,5e2e44b4a907,False,True,VALID,CHECK_BRANCH
2023-2024,CAP1,FE_CAP1_2023_Cutoff.csv,6276,"MKSSS's Cummins College of Engineering for Women, Karvenagar,Pune",,Mechanical Engineering,627637250F - Electronics and Telecommunication EnggS,State Level,8038,96.87547,671f7c9121e8,False,False,INVALID_TEXT,MULTIPLE_ISSUES
2023-2024,CAP1,FE_CAP1_2023_Cutoff.csv,6276,"MKSSS's Cummins College of Engineering for Women, Karvenagar,Pune",,Mechanical Engineering,LOPENS,State Level,31548,86.9739855,3752dcffae48,False,True,VALID,CHECK_BRANCH
2023-2024,CAP1,FE_CAP1_2023_Cutoff.csv,6276,"MKSSS's Cummins College of Engineering for Women, Karvenagar,Pune",,Mechanical Engineering,LSCS,State Level,123085,27.6545345,ed810e1e7a1a,False,True,VALID,CHECK_BRANCH
2023-2024,CAP1,FE_CAP1_2023_Cutoff.csv,6276,"MKSSS's Cummins College of Engineering for Women, Karvenagar,Pune",,Mechanical Engineering,LSTS,State Level,25725,89.5231349,d521fc902205,False,True,VALID,CHECK_BRANCH
2023-2024,CAP1,FE_CAP1_2023_Cutoff.csv,6276,"MKSSS's Cummins College of Engineering for Women, Karvenagar,Pune",,Mechanical Engineering,LVJS,State Level,19715,92.1314889,04efd8708fcc,False,True,VALID,CHECK_BRANCH
2023-2024,CAP1,FE_CAP1_2023_Cutoff.csv,6276,"MKSSS's Cummins College of Engineering for Women, Karvenagar,Pune",,Mechanical Engineering,LNT1S,State Level,12075,95.2749719,148b3babbbfa,False,True,VALID,CHECK_BRANCH
2023-2024,CAP1,FE_CAP1_2023_Cutoff.csv,6276,"MKSSS's Cummins College of Engineering for Women, Karvenagar,Pune",,Mechanical Engineering,LNT2S,State Level,14640,94.208479,7aef7ce41c08,False,True,VALID,CHECK_BRANCH
2023-2024,CAP1,FE_CAP1_2023_Cutoff.csv,6276,"MKSSS's Cummins College of Engineering for Women, Karvenagar,Pune",,Mechanical Engineering,LNT3S,State Level,10527,95.8847737,b6503b2d4f43,False,True,VALID,CHECK_BRANCH
2023-2024,CAP1,FE_CAP1_2023_Cutoff.csv,6276,"MKSSS's Cummins College of Engineering for Women, Karvenagar,Pune",,Mechanical Engineering,LOBCS,State Level,20354,91.7514817,243c424189d0,False,True,VALID,CHECK_BRANCH
2023-2024,CAP1,FE_CAP1_2023_Cutoff.csv,6276,"MKSSS's Cummins College of Engineering for Women, Karvenagar,Pune",,Mechanical Engineering,DEFOPENS,State Level,123619,27.145045,c7a56a870103,False,True,VALID,CHECK_BRANCH
2023-2024,CAP1,FE_CAP1_2023_Cutoff.csv,6276,"MKSSS's Cummins College of Engineering for Women, Karvenagar,Pune",,Mechanical Engineering,DEFSCS,State Level,25611,89.5398277,2c9f13b02fff,False,True,VALID,CHECK_BRANCH
2023-2024,CAP1,FE_CAP1_2023_Cutoff.csv,6276,"MKSSS's Cummins College of Engineering for Women, Karvenagar,Pune",,Mechanical Engineering,DEFOBCS,State Level,35463,85.3410413,08cea3b26c31,False,False,VALID,CHECK_BRANCH
2023-2024,CAP1,FE_CAP1_2023_Cutoff.csv,6276,"MKSSS's Cummins College of Engineering for Women, Karvenagar,Pune",,Mechanical Engineering,DEFRVJS,State Level,22729,90.7704894,a1ec987b2375,False,False,VALID,CHECK_BRANCH
2023-2024,CAP1,FE_CAP1_2023_Cutoff.csv,6276,"MKSSS's Cummins College of Engineering for Women, Karvenagar,Pune",,Mechanical Engineering,DEFROBCS,State Level,7879,96.9767961,25d4a4ecf681,False,True,VALID,CHECK_BRANCH
2023-2024,CAP1,FE_CAP1_2023_Cutoff.csv,6276,"MKSSS's Cummins College of Engineering for Women, Karvenagar,Pune",,Mechanical Engineering,627646450F - Instrumentation and Control EngineeringS,State Level,19303,92.2256284,f1bb00e3468f,False,False,INVALID_TEXT,MULTIPLE_ISSUES
2023-2024,CAP1,FE_CAP1_2023_Cutoff.csv,6276,"MKSSS's Cummins College of Engineering for Women, Karvenagar,Pune",,Mechanical Engineering,LOPENS,State Level,66139,70.6180504,25ecec128f96,False,True,VALID,CHECK_BRANCH
2023-2024,CAP1,FE_CAP1_2023_Cutoff.csv,6276,"MKSSS's Cummins College of Engineering for Women, Karvenagar,Pune",,Mechanical Engineering,LSCS,State Level,44174,81.2345291,055f812d0b61,False,True,VALID,CHECK_BRANCH
2023-2024,CAP1,FE_CAP1_2023_Cutoff.csv,6276,"MKSSS's Cummins College of Engineering for Women, Karvenagar,Pune",,Mechanical Engineering,LVJS,State Level,75238,65.3263316,4951ae917f1e,False,True,VALID,CHECK_BRANCH
2023-2024,CAP1,FE_CAP1_2023_Cutoff.csv,6276,"MKSSS's Cummins College of Engineering for Women, Karvenagar,Pune",,Mechanical Engineering,LNT1S,State Level,51632,78.067557,5ba930b43400,False,True,VALID,CHECK_BRANCH
2023-2024,CAP1,FE_CAP1_2023_Cutoff.csv,6276,"MKSSS's Cummins College of Engineering for Women, Karvenagar,Pune",,Mechanical Engineering,LNT2S,State Level,35204,85.3534944,2d8e94e34458,False,True,VALID,CHECK_BRANCH
2023-2024,CAP1,FE_CAP1_2023_Cutoff.csv,6276,"MKSSS's Cummins College of Engineering for Women, Karvenagar,Pune",,Mechanical Engineering,LNT3S,State Level,25514,89.690179,5739e62212f6,False,True,VALID,CHECK_BRANCH
2023-2024,CAP1,FE_CAP1_2023_Cutoff.csv,6276,"MKSSS's Cummins College of Engineering for Women, Karvenagar,Pune",,Mechanical Engineering,LOBCS,State Level,104838,44.6898706,42a612c19075,False,True,VALID,CHECK_BRANCH
2023-2024,CAP1,FE_CAP1_2023_Cutoff.csv,6276,"MKSSS's Cummins College of Engineering for Women, Karvenagar,Pune",,Mechanical Engineering,DEFOPENS,State Level,19982,91.8981572,c1d16f3c1fd8,False,True,VALID,CHECK_BRANCH
2023-2024,CAP1,FE_CAP1_2023_Cutoff.csv,6276,"MKSSS's Cummins College of Engineering for Women, Karvenagar,Pune",,Mechanical Engineering,"Legends: Starting character G-General, L-Ladies, End character H-Home University, O-Other than Home University,S-State Level, AI- All India Seat.S",State Level,17675,92.9051391,61402845c1c1,False,True,INVALID_TEXT,MULTIPLE_ISSUES
2023-2024,CAP1,FE_CAP1_2023_Cutoff.csv,6276,"MKSSS's Cummins College of Engineering for Women, Karvenagar,Pune",,Mechanical Engineering,Maharashtra State Seats - Cut Off Indicates Maharashtra State General Merit No.; Figures in bracket Indicates Merit Percentile.S,State Level,81284,61.4332053,e8d21f946028,False,True,INVALID_TEXT,MULTIPLE_ISSUES
2023-2024,CAP1,FE_CAP1_2023_Cutoff.csv,6276,"MKSSS's Cummins College of Engineering for Women, Karvenagar,Pune",,Mechanical Engineering,DS,State Level,52289,77.7994669,13ee1e695cfe,False,True,VALID,CHECK_BRANCH
2023-2024,CAP1,FE_CAP1_2023_Cutoff.csv,6276,"MKSSS's Cummins College of Engineering for Women, Karvenagar,Pune",,Mechanical Engineering,State Common Entrance Test CellS,State Level,47930,79.7413145,9885fddeec08,False,True,INVALID_TEXT,MULTIPLE_ISSUES
2023-2024,CAP1,FE_CAP1_2023_Cutoff.csv,6276,"MKSSS's Cummins College of Engineering for Women, Karvenagar,Pune",,Mechanical Engineering,Cut Off List for Maharashtra & Minority Seats of CAP Round I for Admission to First Year of Four YearS,State Level,57570,75.1476841,104a6a140c2f,False,True,INVALID_TEXT,MULTIPLE_ISSUES
2023-2024,CAP1,FE_CAP1_2023_Cutoff.csv,6276,"MKSSS's Cummins College of Engineering for Women, Karvenagar,Pune",,Mechanical Engineering,Degree Courses In Engineering and Technology & Master of Engineering and Technology (Integrated 5 Years) for the Year 2023-24S,State Level,34301,85.9219677,690f894df5ed,False,True,INVALID_TEXT,MULTIPLE_ISSUES
2023-2024,CAP1,FE_CAP1_2023_Cutoff.csv,6276,"MKSSS's Cummins College of Engineering for Women, Karvenagar,Pune",,Mechanical Engineering,LOPENS,State Level,26454,89.2735528,bedb3ac73dc6,False,True,VALID,CHECK_BRANCH
2023-2024,CAP1,FE_CAP1_2023_Cutoff.csv,6276,"MKSSS's Cummins College of Engineering for Women, Karvenagar,Pune",,Mechanical Engineering,LSCS,State Level,46514,80.2375547,51eee308dcc4,False,True,VALID,CHECK_BRANCH
2023-2024,CAP1,FE_CAP1_2023_Cutoff.csv,6276,"MKSSS's Cummins College of Engineering for Women, Karvenagar,Pune",,Mechanical Engineering,LVJS,State Level,59435,74.0797795,4856c4079942,False,True,VALID,CHECK_BRANCH
2023-2024,CAP1,FE_CAP1_2023_Cutoff.csv,6276,"MKSSS's Cummins College of Engineering for Women, Karvenagar,Pune",,Mechanical Engineering,LNT1S,State Level,18013,92.7710843,e0052dda9f95,False,True,VALID,CHECK_BRANCH
2023-2024,CAP1,FE_CAP1_2023_Cutoff.csv,6285,"Bharati Vidyapeeth's College of Engineering for Women, Katraj, Dhankawadi, Pune",,Artificial Intelligence and Data Science,"Legends: Starting character G-General, L-Ladies, End character H-Home University, O-Other than Home University,S-State Level, AI- All India Seat.S",State Level,19397,92.158114,0526ff3b6219,False,True,INVALID_TEXT,MULTIPLE_ISSUES
2023-2024,CAP1,FE_CAP1_2023_Cutoff.csv,6285,"Bharati Vidyapeeth's College of Engineering for Women, Katraj, Dhankawadi, Pune",,Artificial Intelligence and Data Science,Maharashtra State Seats - Cut Off Indicates Maharashtra State General Merit No.; Figures in bracket Indicates Merit Percentile.S,State Level,37212,84.4681938,b1cd2319a5b0,False,True,INVALID_TEXT,MULTIPLE_ISSUES
2023-2024,CAP1,FE_CAP1_2023_Cutoff.csv,6285,"Bharati Vidyapeeth's College of Engineering for Women, Katraj, Dhankawadi, Pune",,Artificial Intelligence and Data Science,DS,State Level,12999,94.8759338,403b2beccd3e,False,True,VALID,CHECK_BRANCH
2023-2024,CAP1,FE_CAP1_2023_Cutoff.csv,6285,"Bharati Vidyapeeth's College of Engineering for Women, Katraj, Dhankawadi, Pune",,Artificial Intelligence and Data Science,"Legends: Starting character G-General, L-Ladies, End character H-Home University, O-Other than Home University,S-State Level, AI- All India Seat.S",State Level,25071,89.8061335,e9fceb2b1ef6,False,True,INVALID_TEXT,MULTIPLE_ISSUES
2023-2024,CAP1,FE_CAP1_2023_Cutoff.csv,6285,"Bharati Vidyapeeth's College of Engineering for Women, Katraj, Dhankawadi, Pune",,Artificial Intelligence and Data Science,Maharashtra State Seats - Cut Off Indicates Maharashtra State General Merit No.; Figures in bracket Indicates Merit Percentile.S,State Level,52451,77.4241933,d51dc14eb995,False,True,INVALID_TEXT,MULTIPLE_ISSUES
2023-2024,CAP1,FE_CAP1_2023_Cutoff.csv,6285,"Bharati Vidyapeeth's College of Engineering for Women, Katraj, Dhankawadi, Pune",,Artificial Intelligence and Data Science,DS,State Level,18164,92.7112048,a642a11adefc,False,True,VALID,CHECK_BRANCH
2023-2024,CAP1,FE_CAP1_2023_Cutoff.csv,6285,"Bharati Vidyapeeth's College of Engineering for Women, Katraj, Dhankawadi, Pune",,Artificial Intelligence and Data Science,"Legends: Starting character G-General, L-Ladies, End character H-Home University, O-Other than Home University,S-State Level, AI- All India Seat.S",State Level,92181,54.6296296,da1d836fd4f4,False,True,INVALID_TEXT,MULTIPLE_ISSUES
2023-2024,CAP1,FE_CAP1_2023_Cutoff.csv,6285,"Bharati Vidyapeeth's College of Engineering for Women, Katraj, Dhankawadi, Pune",,Artificial Intelligence and Data Science,Maharashtra State Seats - Cut Off Indicates Maharashtra State General Merit No.; Figures in bracket Indicates Merit Percentile.S,State Level,94784,52.5567137,ffc488d21679,False,True,INVALID_TEXT,MULTIPLE_ISSUES
2023-2024,CAP1,FE_CAP1_2023_Cutoff.csv,6285,"Bharati Vidyapeeth's College of Engineering for Women, Katraj, Dhankawadi, Pune",,Artificial Intelligence and Data Science,DS,State Level,36651,84.740951,e79ea235b7b6,False,True,VALID,CHECK_BRANCH
2023-2024,CAP1,FE_CAP1_2023_Cutoff.csv,6938,Shree Siddheshwar Women's College Of Engineering Solapur.,,Mechanical Engineering,"Legends: Starting character G-General, L-Ladies, End character H-Home University, O-Other than Home University,S-State Level, AI- All India Seat.S",State Level,84996,59.6839864,3c9396fef45c,False,True,INVALID_TEXT,MULTIPLE_ISSUES
2023-2024,CAP1,FE_CAP1_2023_Cutoff.csv,6938,Shree Siddheshwar Women's College Of Engineering Solapur.,,Mechanical Engineering,"Legends: Starting character G-General, L-Ladies, End character H-Home University, O-Other than Home University,S-State Level, AI- All India Seat.S",State Level,140026,6.1050754,c561d8a75d3a,False,True,INVALID_TEXT,MULTIPLE_ISSUES
2023-2024,CAP1,FE_CAP1_2023_Cutoff.csv,6938,Shree Siddheshwar Women's College Of Engineering Solapur.,,Mechanical Engineering,"Legends: Starting character G-General, L-Ladies, End character H-Home University, O-Other than Home University,S-State Level, AI- All India Seat.S",State Level,91446,55.2709127,29f30f276bae,False,True,INVALID_TEXT,MULTIPLE_ISSUES
2023-2024,CAP1,FE_CAP1_2023_Cutoff.csv,6938,Shree Siddheshwar Women's College Of Engineering Solapur.,,Mechanical Engineering,"Legends: Starting character G-General, L-Ladies, End character H-Home University, O-Other than Home University,S-State Level, AI- All India Seat.S",State Level,122384,28.6046774,c66e25f6ed07,False,True,INVALID_TEXT,MULTIPLE_ISSUES
2023-2024,CAP1,FE_CAP1_2023_Cutoff.csv,6938,Shree Siddheshwar Women's College Of Engineering Solapur.,,Mechanical Engineering,"Legends: Starting character G-General, L-Ladies, End character H-Home University, O-Other than Home University,S-State Level, AI- All India Seat.S",State Level,99056,49.5548073,aa2152e3dbd2,False,True,INVALID_TEXT,MULTIPLE_ISSUES
2023-2024,CAP2,FE_CAP2_2023_Cutoff.csv,3035,"Usha Mittal Institute of Technology SNDT  Women's University, Mumbai",,Mechanical Engineering,"Legends:Start Character G-General, L-Ladies, End Character H-Home University, O-Other than Home University, S-State Level,S",State Level,22205,91.0138421,5ecc9251bfc2,False,True,INVALID_TEXT,MULTIPLE_ISSUES
2023-2024,CAP2,FE_CAP2_2023_Cutoff.csv,3035,"Usha Mittal Institute of Technology SNDT  Women's University, Mumbai",,Mechanical Engineering,"PWDR : PWD Common Reserved Seat, DEFR : Defense Common Reserved Seat.",State Level,44540,81.1192722,5e5a2106729d,False,True,INVALID_TEXT,MULTIPLE_ISSUES
2023-2024,CAP2,FE_CAP2_2023_Cutoff.csv,3035,"Usha Mittal Institute of Technology SNDT  Women's University, Mumbai",,Mechanical Engineering,Maharashtra State Seats - Cut Off Indicates State General Merit No.; Figures in bracket Indicates MHT-CET PCM Percentile.S,State Level,68510,69.3042857,fca3abf2bc95,False,True,INVALID_TEXT,MULTIPLE_ISSUES
2023-2024,CAP2,FE_CAP2_2023_Cutoff.csv,3035,"Usha Mittal Institute of Technology SNDT  Women's University, Mumbai",,Mechanical Engineering,DS,State Level,51621,78.067557,bc88645ffe2a,False,True,VALID,CHECK_BRANCH
2023-2024,CAP2,FE_CAP2_2023_Cutoff.csv,3035,"Usha Mittal Institute of Technology SNDT  Women's University, Mumbai",,Mechanical Engineering,State Common Entrance Test CellS,State Level,24426,90.0942655,8b18c65b635d,False,True,INVALID_TEXT,MULTIPLE_ISSUES
2023-2024,CAP2,FE_CAP2_2023_Cutoff.csv,3035,"Usha Mittal Institute of Technology SNDT  Women's University, Mumbai",,Mechanical Engineering,Cut Off List for Maharashtra & Minority Seats of CAP Round - II for the Admission to the First Year of Four YearS,State Level,33160,86.3437564,d45702ef6130,False,False,INVALID_TEXT,MULTIPLE_ISSUES
2023-2024,CAP2,FE_CAP2_2023_Cutoff.csv,3035,"Usha Mittal Institute of Technology SNDT  Women's University, Mumbai",,Mechanical Engineering,I-NonS,State Level,24468,90.0942655,2f80c74371ef,False,True,VALID,CHECK_BRANCH
2023-2024,CAP2,FE_CAP2_2023_Cutoff.csv,3035,"Usha Mittal Institute of Technology SNDT  Women's University, Mumbai",,Mechanical Engineering,VIIS,State Level,23826,90.2917336,8911eb0a2188,False,True,VALID,CHECK_BRANCH
2023-2024,CAP2,FE_CAP2_2023_Cutoff.csv,3035,"Usha Mittal Institute of Technology SNDT  Women's University, Mumbai",,Mechanical Engineering,303524650F - Information TechnologyS,State Level,31686,86.9739855,43b2610710e3,False,False,INVALID_TEXT,MULTIPLE_ISSUES
2023-2024,CAP2,FE_CAP2_2023_Cutoff.csv,3035,"Usha Mittal Institute of Technology SNDT  Women's University, Mumbai",,Mechanical Engineering,LOPENS,State Level,67311,69.6924231,340251308a0d,False,True,VALID,CHECK_BRANCH
2023-2024,CAP2,FE_CAP2_2023_Cutoff.csv,3035,"Usha Mittal Institute of Technology SNDT  Women's University, Mumbai",,Mechanical Engineering,LSCS,State Level,86748,58.1382561,66bb46efa413,False,True,VALID,CHECK_BRANCH
2023-2024,CAP2,FE_CAP2_2023_Cutoff.csv,3035,"Usha Mittal Institute of Technology SNDT  Women's University, Mumbai",,Mechanical Engineering,LSTS,State Level,37869,84.2884307,13ca6ef70ebe,False,True,VALID,CHECK_BRANCH
2023-2024,CAP2,FE_CAP2_2023_Cutoff.csv,3035,"Usha Mittal Institute of Technology SNDT  Women's University, Mumbai",,Mechanical Engineering,LVJS,State Level,37649,84.3950599,9772b1feb409,False,True,VALID,CHECK_BRANCH
2023-2024,CAP2,FE_CAP2_2023_Cutoff.csv,3035,"Usha Mittal Institute of Technology SNDT  Women's University, Mumbai",,Mechanical Engineering,LNT2S,State Level,90224,55.8997381,558d7ab4baac,False,True,VALID,CHECK_BRANCH
2023-2024,CAP2,FE_CAP2_2023_Cutoff.csv,3035,"Usha Mittal Institute of Technology SNDT  Women's University, Mumbai",,Mechanical Engineering,LOBCS,State Level,45470,80.9858625,8f14c5bea9e7,False,False,VALID,CHECK_BRANCH
2023-2024,CAP2,FE_CAP2_2023_Cutoff.csv,3035,"Usha Mittal Institute of Technology SNDT  Women's University, Mumbai",,Mechanical Engineering,I-NonS,State Level,33404,86.1668982,36efe4bc9253,False,True,VALID,CHECK_BRANCH
2023-2024,CAP2,FE_CAP2_2023_Cutoff.csv,3035,"Usha Mittal Institute of Technology SNDT  Women's University, Mumbai",,Mechanical Engineering,VIIS,State Level,32761,86.3770498,af47fb250fd1,False,True,VALID,CHECK_BRANCH
2023-2024,CAP2,FE_CAP2_2023_Cutoff.csv,3035,"Usha Mittal Institute of Technology SNDT  Women's University, Mumbai",,Mechanical Engineering,303525450F - Computer Science and TechnologyS,State Level,35036,85.4445126,49636adf2ef7,False,False,INVALID_TEXT,MULTIPLE_ISSUES
2023-2024,CAP2,FE_CAP2_2023_Cutoff.csv,3035,"Usha Mittal Institute of Technology SNDT  Women's University, Mumbai",,Mechanical Engineering,LOPENS,State Level,66582,70.2813361,58f49b5f6785,False,True,VALID,CHECK_BRANCH
2023-2024,CAP2,FE_CAP2_2023_Cutoff.csv,3035,"Usha Mittal Institute of Technology SNDT  Women's University, Mumbai",,Mechanical Engineering,LSCS,State Level,70222,68.401414,0eb105bedd61,False,True,VALID,CHECK_BRANCH
2023-2024,CAP2,FE_CAP2_2023_Cutoff.csv,3035,"Usha Mittal Institute of Technology SNDT  Women's University, Mumbai",,Mechanical Engineering,LSTS,State Level,42972,82.1650299,301e0b1c62e9,False,True,VALID,CHECK_BRANCH
2023-2024,CAP2,FE_CAP2_2023_Cutoff.csv,3035,"Usha Mittal Institute of Technology SNDT  Women's University, Mumbai",,Mechanical Engineering,LVJS,State Level,96432,51.4762755,260cc7680696,False,True,VALID,CHECK_BRANCH
2023-2024,CAP2,FE_CAP2_2023_Cutoff.csv,3035,"Usha Mittal Institute of Technology SNDT  Women's University, Mumbai",,Mechanical Engineering,LNT2S,State Level,54951,76.6166542,be9a20585125,False,True,VALID,CHECK_BRANCH
2023-2024,CAP2,FE_CAP2_2023_Cutoff.csv,3035,"Usha Mittal Institute of Technology SNDT  Women's University, Mumbai",,Mechanical Engineering,I-NonS,State Level,38133,84.2081516,31da0eb53634,False,True,VALID,CHECK_BRANCH
2023-2024,CAP2,FE_CAP2_2023_Cutoff.csv,3035,"Usha Mittal Institute of Technology SNDT  Women's University, Mumbai",,Mechanical Engineering,VIIS,State Level,40074,83.348395,6ef30dc6c0ea,False,True,VALID,CHECK_BRANCH
2023-2024,CAP2,FE_CAP2_2023_Cutoff.csv,3035,"Usha Mittal Institute of Technology SNDT  Women's University, Mumbai",,Mechanical Engineering,"Legends:Start Character G-General, L-Ladies, End Character H-Home University, O-Other than Home University, S-State Level,S",State Level,84224,59.9156802,62d4af956688,False,True,INVALID_TEXT,MULTIPLE_ISSUES
2023-2024,CAP2,FE_CAP2_2023_Cutoff.csv,3035,"Usha Mittal Institute of Technology SNDT  Women's University, Mumbai",,Mechanical Engineering,"PWDR : PWD Common Reserved Seat, DEFR : Defense Common Reserved Seat.",State Level,126454,24.0591998,bcc15cc9081f,False,True,INVALID_TEXT,MULTIPLE_ISSUES
2023-2024,CAP2,FE_CAP2_2023_Cutoff.csv,3035,"Usha Mittal Institute of Technology SNDT  Women's University, Mumbai",,Mechanical Engineering,Maharashtra State Seats - Cut Off Indicates State General Merit No.; Figures in bracket Indicates MHT-CET PCM Percentile.S,State Level,112554,38.8357386,a43686bbcb81,False,True,INVALID_TEXT,MULTIPLE_ISSUES
2023-2024,CAP2,FE_CAP2_2023_Cutoff.csv,3035,"Usha Mittal Institute of Technology SNDT  Women's University, Mumbai",,Mechanical Engineering,DS,State Level,106625,43.224841,a1deafaef9d1,False,True,VALID,CHECK_BRANCH
2023-2024,CAP2,FE_CAP2_2023_Cutoff.csv,3035,"Usha Mittal Institute of Technology SNDT  Women's University, Mumbai",,Mechanical Engineering,State Common Entrance Test CellS,State Level,84812,59.6839864,c14764bc74d6,False,True,INVALID_TEXT,MULTIPLE_ISSUES
2023-2024,CAP2,FE_CAP2_2023_Cutoff.csv,3035,"Usha Mittal Institute of Technology SNDT  Women's University, Mumbai",,Mechanical Engineering,I-NonS,State Level,101825,47.3478734,2d5a29afe107,False,True,VALID,CHECK_BRANCH
2023-2024,CAP2,FE_CAP2_2023_Cutoff.csv,3035,"Usha Mittal Institute of Technology SNDT  Women's University, Mumbai",,Mechanical Engineering,I-NonS,State Level,97877,50.2663166,b0c5cdd18b09,False,True,VALID,CHECK_BRANCH
2023-2024,CAP2,FE_CAP2_2023_Cutoff.csv,3035,"Usha Mittal Institute of Technology SNDT  Women's University, Mumbai",,Mechanical Engineering,VIIS,State Level,99626,49.2213366,a024fe8e25f5,False,True,VALID,CHECK_BRANCH
2023-2024,CAP2,FE_CAP2_2023_Cutoff.csv,3035,"Usha Mittal Institute of Technology SNDT  Women's University, Mumbai",,Mechanical Engineering,303591750F - Data ScienceS,State Level,52089,77.9969992,022df9fe16d2,False,False,INVALID_TEXT,MULTIPLE_ISSUES
2023-2024,CAP2,FE_CAP2_2023_Cutoff.csv,3035,"Usha Mittal Institute of Technology SNDT  Women's University, Mumbai",,Mechanical Engineering,LOPENS,State Level,73817,66.3914919,65e2d8112ac1,False,True,VALID,CHECK_BRANCH
2023-2024,CAP2,FE_CAP2_2023_Cutoff.csv,3035,"Usha Mittal Institute of Technology SNDT  Women's University, Mumbai",,Mechanical Engineering,LSCS,State Level,63198,71.9809302,6ff301816b6f,False,True,VALID,CHECK_BRANCH
2023-2024,CAP2,FE_CAP2_2023_Cutoff.csv,3035,"Usha Mittal Institute of Technology SNDT  Women's University, Mumbai",,Mechanical Engineering,LSTS,State Level,40784,83.1704016,1287ed75a719,False,True,VALID,CHECK_BRANCH
2023-2024,CAP2,FE_CAP2_2023_Cutoff.csv,3035,"Usha Mittal Institute of Technology SNDT  Women's University, Mumbai",,Mechanical Engineering,I-NonS,State Level,60503,73.3779089,14f2def9c43e,False,True,VALID,CHECK_BRANCH
2023-2024,CAP2,FE_CAP2_2023_Cutoff.csv,3035,"Usha Mittal Institute of Technology SNDT  Women's University, Mumbai",,Mechanical Engineering,I-NonS,State Level,55788,75.8958975,b0e53b3b630a,False,True,VALID,CHECK_BRANCH
2023-2024,CAP2,FE_CAP2_2023_Cutoff.csv,3035,"Usha Mittal Institute of Technology SNDT  Women's University, Mumbai",,Mechanical Engineering,VIIS,State Level,60564,73.3779089,7baaee4432c7,False,True,VALID,CHECK_BRANCH
2023-2024,CAP2,FE_CAP2_2023_Cutoff.csv,3035,"Usha Mittal Institute of Technology SNDT  Women's University, Mumbai",,Mechanical Engineering,303599750F - Artificial IntelligenceS,State Level,48600,79.520817,ced4039b3e96,False,False,INVALID_TEXT,MULTIPLE_ISSUES
2023-2024,CAP2,FE_CAP2_2023_Cutoff.csv,3035,"Usha Mittal Institute of Technology SNDT  Women's University, Mumbai",,Mechanical Engineering,LOPENS,State Level,54284,76.7173434,33cde7c98b77,False,True,VALID,CHECK_BRANCH
2023-2024,CAP2,FE_CAP2_2023_Cutoff.csv,3035,"Usha Mittal Institute of Technology SNDT  Women's University, Mumbai",,Mechanical Engineering,LSTS,State Level,64837,71.2687819,c750f071fa1a,False,True,VALID,CHECK_BRANCH
2023-2024,CAP2,FE_CAP2_2023_Cutoff.csv,3035,"Usha Mittal Institute of Technology SNDT  Women's University, Mumbai",,Mechanical Engineering,LVJS,State Level,92685,54.0043616,2097c455d6b2,False,True,VALID,CHECK_BRANCH
2023-2024,CAP2,FE_CAP2_2023_Cutoff.csv,3035,"Usha Mittal Institute of Technology SNDT  Women's University, Mumbai",,Mechanical Engineering,LNT2S,State Level,57948,75.0737739,dff53bb60b6c,False,True,VALID,CHECK_BRANCH
2023-2024,CAP2,FE_CAP2_2023_Cutoff.csv,3035,"Usha Mittal Institute of Technology SNDT  Women's University, Mumbai",,Mechanical Engineering,I-NonS,State Level,51868,78.0359147,4ba59db3755e,False,True,VALID,CHECK_BRANCH
2023-2024,CAP2,FE_CAP2_2023_Cutoff.csv,3035,"Usha Mittal Institute of Technology SNDT  Women's University, Mumbai",,Mechanical Engineering,I-NonS,State Level,55871,75.867353,a08022cba383,False,True,VALID,CHECK_BRANCH
2023-2024,CAP2,FE_CAP2_2023_Cutoff.csv,3035,"Usha Mittal Institute of Technology SNDT  Women's University, Mumbai",,Mechanical Engineering,VIIS,State Level,60072,73.4246062,89aa829f3dca,False,True,VALID,CHECK_BRANCH
2023-2024,CAP2,FE_CAP2_2023_Cutoff.csv,4304,"Cummins College of Engineering For Women, Sukhali (Gupchup), Tal. Hingna Hingna Nagpur",,Mechanical Engineering,"Legends:Start Character G-General, L-Ladies, End Character H-Home University, O-Other than Home University, S-State Level,S",State Level,37061,84.5084815,be703f98ce15,False,True,INVALID_TEXT,MULTIPLE_ISSUES
2023-2024,CAP2,FE_CAP2_2023_Cutoff.csv,4304,"Cummins College of Engineering For Women, Sukhali (Gupchup), Tal. Hingna Hingna Nagpur",,Mechanical Engineering,"PWDR : PWD Common Reserved Seat, DEFR : Defense Common Reserved Seat.",State Level,119867,30.9520229,e92a3bdbb90d,False,True,INVALID_TEXT,MULTIPLE_ISSUES
2023-2024,CAP2,FE_CAP2_2023_Cutoff.csv,4304,"Cummins College of Engineering For Women, Sukhali (Gupchup), Tal. Hingna Hingna Nagpur",,Mechanical Engineering,Maharashtra State Seats - Cut Off Indicates State General Merit No.; Figures in bracket Indicates MHT-CET PCM Percentile.S,State Level,75014,65.4207881,56980980b230,False,False,INVALID_TEXT,MULTIPLE_ISSUES
2023-2024,CAP2,FE_CAP2_2023_Cutoff.csv,4304,"Cummins College of Engineering For Women, Sukhali (Gupchup), Tal. Hingna Hingna Nagpur",,Mechanical Engineering,VIIS,State Level,34291,85.9219677,4fbc9dee27ba,False,True,VALID,CHECK_BRANCH
2023-2024,CAP2,FE_CAP2_2023_Cutoff.csv,4304,"Cummins College of Engineering For Women, Sukhali (Gupchup), Tal. Hingna Hingna Nagpur",,Mechanical Engineering,"Legends:Start Character G-General, L-Ladies, End Character H-Home University, O-Other than Home University, S-State Level,S",State Level,130797,18.8110994,6fb1541d7317,False,True,INVALID_TEXT,MULTIPLE_ISSUES
2023-2024,CAP2,FE_CAP2_2023_Cutoff.csv,4304,"Cummins College of Engineering For Women, Sukhali (Gupchup), Tal. Hingna Hingna Nagpur",,Mechanical Engineering,"PWDR : PWD Common Reserved Seat, DEFR : Defense Common Reserved Seat.",State Level,90514,55.7163295,99eedbe5a960,False,True,INVALID_TEXT,MULTIPLE_ISSUES
2023-2024,CAP2,FE_CAP2_2023_Cutoff.csv,4304,"Cummins College of Engineering For Women, Sukhali (Gupchup), Tal. Hingna Hingna Nagpur",,Mechanical Engineering,"Legends:Start Character G-General, L-Ladies, End Character H-Home University, O-Other than Home University, S-State Level,S",State Level,138959,7.6246225,58e7e0adade9,False,True,INVALID_TEXT,MULTIPLE_ISSUES
2023-2024,CAP2,FE_CAP2_2023_Cutoff.csv,4304,"Cummins College of Engineering For Women, Sukhali (Gupchup), Tal. Hingna Hingna Nagpur",,Mechanical Engineering,I-NonS,State Level,142383,1.8406961,abdfe4ec4708,False,False,VALID,CHECK_BRANCH
2023-2024,CAP2,FE_CAP2_2023_Cutoff.csv,4304,"Cummins College of Engineering For Women, Sukhali (Gupchup), Tal. Hingna Hingna Nagpur",,Mechanical Engineering,VIIS,State Level,127187,23.2280676,03aa6195779e,False,True,VALID,CHECK_BRANCH
2023-2024,CAP2,FE_CAP2_2023_Cutoff.csv,6276,"MKSSS's Cummins College of Engineering for Women, Karvenagar,Pune",,Mechanical Engineering,"Legends:Start Character G-General, L-Ladies, End Character H-Home University, O-Other than Home University, S-State Level,S",State Level,3425,98.6614529,d5f39abbbb83,False,True,INVALID_TEXT,MULTIPLE_ISSUES
2023-2024,CAP2,FE_CAP2_2023_Cutoff.csv,6276,"MKSSS's Cummins College of Engineering for Women, Karvenagar,Pune",,Mechanical Engineering,"PWDR : PWD Common Reserved Seat, DEFR : Defense Common Reserved Seat.",State Level,13630,94.6206689,8fbbe2bf2abb,False,True,INVALID_TEXT,MULTIPLE_ISSUES
2023-2024,CAP2,FE_CAP2_2023_Cutoff.csv,6276,"MKSSS's Cummins College of Engineering for Women, Karvenagar,Pune",,Mechanical Engineering,Maharashtra State Seats - Cut Off Indicates State General Merit No.; Figures in bracket Indicates MHT-CET PCM Percentile.S,State Level,55055,76.2843676,376895c87221,False,True,INVALID_TEXT,MULTIPLE_ISSUES
2023-2024,CAP2,FE_CAP2_2023_Cutoff.csv,6276,"MKSSS's Cummins College of Engineering for Women, Karvenagar,Pune",,Mechanical Engineering,DS,State Level,4597,98.2140171,c618c36998d4,False,True,VALID,CHECK_BRANCH
2023-2024,CAP2,FE_CAP2_2023_Cutoff.csv,6276,"MKSSS's Cummins College of Engineering for Women, Karvenagar,Pune",,Mechanical Engineering,State Common Entrance Test CellS,State Level,134045,15.0249499,a2f1a5bb278c,False,True,INVALID_TEXT,MULTIPLE_ISSUES
2023-2024,CAP2,FE_CAP2_2023_Cutoff.csv,6276,"MKSSS's Cummins College of Engineering for Women, Karvenagar,Pune",,Mechanical Engineering,Cut Off List for Maharashtra & Minority Seats of CAP Round - II for the Admission to the First Year of Four YearS,State Level,3309,98.6984977,22a7e4189246,False,True,INVALID_TEXT,MULTIPLE_ISSUES
2023-2024,CAP2,FE_CAP2_2023_Cutoff.csv,6276,"MKSSS's Cummins College of Engineering for Women, Karvenagar,Pune",,Mechanical Engineering,I-NonS,State Level,15732,93.7527889,de7e59fbd5f1,False,True,VALID,CHECK_BRANCH
2023-2024,CAP2,FE_CAP2_2023_Cutoff.csv,6276,"MKSSS's Cummins College of Engineering for Women, Karvenagar,Pune",,Mechanical Engineering,627624650F - Information TechnologyS,State Level,4272,98.3377535,a3b63c0370cb,False,False,INVALID_TEXT,MULTIPLE_ISSUES
2023-2024,CAP2,FE_CAP2_2023_Cutoff.csv,6276,"MKSSS's Cummins College of Engineering for Women, Karvenagar,Pune",,Mechanical Engineering,LOPENS,State Level,63067,71.9809302,13a75abff80c,False,True,VALID,CHECK_BRANCH
2023-2024,CAP2,FE_CAP2_2023_Cutoff.csv,6276,"MKSSS's Cummins College of Engineering for Women, Karvenagar,Pune",,Mechanical Engineering,LSTS,State Level,5174,98.0055132,85b146ee93f4,False,True,VALID,CHECK_BRANCH
2023-2024,CAP2,FE_CAP2_2023_Cutoff.csv,6276,"MKSSS's Cummins College of Engineering for Women, Karvenagar,Pune",,Mechanical Engineering,LOBCS,State Level,109359,41.0926455,c1838a0aff8c,False,True,VALID,CHECK_BRANCH
2023-2024,CAP2,FE_CAP2_2023_Cutoff.csv,6276,"MKSSS's Cummins College of Engineering for Women, Karvenagar,Pune",,Mechanical Engineering,I-NonS,State Level,4320,98.3256199,062899234d07,False,True,VALID,CHECK_BRANCH
2023-2024,CAP2,FE_CAP2_2023_Cutoff.csv,6276,"MKSSS's Cummins College of Engineering for Women, Karvenagar,Pune",,Mechanical Engineering,VIIS,State Level,4292,98.330576,76b8733c1574,False,True,VALID,CHECK_BRANCH
2023-2024,CAP2,FE_CAP2_2023_Cutoff.csv,6276,"MKSSS's Cummins College of Engineering for Women, Karvenagar,Pune",,Mechanical Engineering,627637250F - Electronics and Telecommunication EnggS,State Level,7677,97.0463182,399d7d15eedd,False,False,INVALID_TEXT,MULTIPLE_ISSUES
2023-2024,CAP2,FE_CAP2_2023_Cutoff.csv,6276,"MKSSS's Cummins College of Engineering for Women, Karvenagar,Pune",,Mechanical Engineering,LOPENS,State Level,26410,89.2906503,6c962c30e44a,False,True,VALID,CHECK_BRANCH
2023-2024,CAP2,FE_CAP2_2023_Cutoff.csv,6276,"MKSSS's Cummins College of Engineering for Women, Karvenagar,Pune",,Mechanical Engineering,LSCS,State Level,119486,31.7228694,e88a60d20f67,False,True,VALID,CHECK_BRANCH
2023-2024,CAP2,FE_CAP2_2023_Cutoff.csv,6276,"MKSSS's Cummins College of Engineering for Women, Karvenagar,Pune",,Mechanical Engineering,LSTS,State Level,38583,84.0516274,bcbe0608e61b,False,True,VALID,CHECK_BRANCH
2023-2024,CAP2,FE_CAP2_2023_Cutoff.csv,6276,"MKSSS's Cummins College of Engineering for Women, Karvenagar,Pune",,Mechanical Engineering,LVJS,State Level,13047,94.852226,870f6731db33,False,False,VALID,CHECK_BRANCH
2023-2024,CAP2,FE_CAP2_2023_Cutoff.csv,6276,"MKSSS's Cummins College of Engineering for Women, Karvenagar,Pune",,Mechanical Engineering,LNT2S,State Level,20500,91.7414317,e06debe27b48,False,False,VALID,CHECK_BRANCH
2023-2024,CAP2,FE_CAP2_2023_Cutoff.csv,6276,"MKSSS's Cummins College of Engineering for Women, Karvenagar,Pune",,Mechanical Engineering,LNT3S,State Level,9876,96.1447502,29445844d689,False,False,VALID,CHECK_BRANCH
2023-2024,CAP2,FE_CAP2_2023_Cutoff.csv,6276,"MKSSS's Cummins College of Engineering for Women, Karvenagar,Pune",,Mechanical Engineering,LOBCS,State Level,57588,75.1476841,ca5202a040e0,False,True,VALID,CHECK_BRANCH
2023-2024,CAP2,FE_CAP2_2023_Cutoff.csv,6276,"MKSSS's Cummins College of Engineering for Women, Karvenagar,Pune",,Mechanical Engineering,PWDOPENS,State Level,8353,96.7539502,f1461a495f96,False,False,VALID,CHECK_BRANCH
2023-2024,CAP2,FE_CAP2_2023_Cutoff.csv,6276,"MKSSS's Cummins College of Engineering for Women, Karvenagar,Pune",,Mechanical Engineering,I-NonS,State Level,8501,96.6904656,1931f6ef6725,False,True,VALID,CHECK_BRANCH
2023-2024,CAP2,FE_CAP2_2023_Cutoff.csv,6276,"MKSSS's Cummins College of Engineering for Women, Karvenagar,Pune",,Mechanical Engineering,PWD,State Level,26803,89.0822549,1a8f7e3b59a4,False,False,VALID,CHECK_BRANCH
2023-2024,CAP2,FE_CAP2_2023_Cutoff.csv,6276,"MKSSS's Cummins College of Engineering for Women, Karvenagar,Pune",,Mechanical Engineering,VIIS,State Level,8354,96.7539502,316b5376adb0,False,True,VALID,CHECK_BRANCH
2023-2024,CAP2,FE_CAP2_2023_Cutoff.csv,6276,"MKSSS's Cummins College of Engineering for Women, Karvenagar,Pune",,Mechanical Engineering,627646450F - Instrumentation and Control EngineeringS,State Level,18128,92.733306,57c8a117d64a,False,False,INVALID_TEXT,MULTIPLE_ISSUES
2023-2024,CAP2,FE_CAP2_2023_Cutoff.csv,6276,"MKSSS's Cummins College of Engineering for Women, Karvenagar,Pune",,Mechanical Engineering,LOPENS,State Level,30254,87.5456222,e4e4f48e7442,False,True,VALID,CHECK_BRANCH
2023-2024,CAP2,FE_CAP2_2023_Cutoff.csv,6276,"MKSSS's Cummins College of Engineering for Women, Karvenagar,Pune",,Mechanical Engineering,LSCS,State Level,101043,47.6387427,4b8e15df60ce,False,True,VALID,CHECK_BRANCH
2023-2024,CAP2,FE_CAP2_2023_Cutoff.csv,6276,"MKSSS's Cummins College of Engineering for Women, Karvenagar,Pune",,Mechanical Engineering,LSTS,State Level,11093,95.660165,95bc05e04980,False,True,VALID,CHECK_BRANCH
2023-2024,CAP2,FE_CAP2_2023_Cutoff.csv,6276,"MKSSS's Cummins College of Engineering for Women, Karvenagar,Pune",,Mechanical Engineering,I-NonS,State Level,20247,91.765679,f8cdae31c904,False,True,VALID,CHECK_BRANCH
2023-2024,CAP2,FE_CAP2_2023_Cutoff.csv,6276,"MKSSS's Cummins College of Engineering for Women, Karvenagar,Pune",,Mechanical Engineering,VIIS,State Level,19922,92.0788066,f56b1f33d504,False,True,VALID,CHECK_BRANCH
2023-2024,CAP2,FE_CAP2_2023_Cutoff.csv,6276,"MKSSS's Cummins College of Engineering for Women, Karvenagar,Pune",,Mechanical Engineering,"Legends:Start Character G-General, L-Ladies, End Character H-Home University, O-Other than Home University, S-State Level,S",State Level,12038,95.2774853,a0887fd0a9d2,False,True,INVALID_TEXT,MULTIPLE_ISSUES
2023-2024,CAP2,FE_CAP2_2023_Cutoff.csv,6276,"MKSSS's Cummins College of Engineering for Women, Karvenagar,Pune",,Mechanical Engineering,"PWDR : PWD Common Reserved Seat, DEFR : Defense Common Reserved Seat.",State Level,83201,60.750409,be51678f0535,False,True,INVALID_TEXT,MULTIPLE_ISSUES
2023-2024,CAP2,FE_CAP2_2023_Cutoff.csv,6276,"MKSSS's Cummins College of Engineering for Women, Karvenagar,Pune",,Mechanical Engineering,Maharashtra State Seats - Cut Off Indicates State General Merit No.; Figures in bracket Indicates MHT-CET PCM Percentile.S,State Level,80832,61.6881259,a720224a3428,False,True,INVALID_TEXT,MULTIPLE_ISSUES
2023-2024,CAP2,FE_CAP2_2023_Cutoff.csv,6276,"MKSSS's Cummins College of Engineering for Women, Karvenagar,Pune",,Mechanical Engineering,DS,State Level,48172,79.5863208,bbf0c9b5bcb4,False,True,VALID,CHECK_BRANCH
2023-2024,CAP2,FE_CAP2_2023_Cutoff.csv,6276,"MKSSS's Cummins College of Engineering for Women, Karvenagar,Pune",,Mechanical Engineering,State Common Entrance Test CellS,State Level,39565,83.4053417,cd4c9d734ac7,False,True,INVALID_TEXT,MULTIPLE_ISSUES
2023-2024,CAP2,FE_CAP2_2023_Cutoff.csv,6276,"MKSSS's Cummins College of Engineering for Women, Karvenagar,Pune",,Mechanical Engineering,Cut Off List for Maharashtra & Minority Seats of CAP Round - II for the Admission to the First Year of Four YearS,State Level,15814,93.708846,6a0541c832f1,False,True,INVALID_TEXT,MULTIPLE_ISSUES
2023-2024,CAP2,FE_CAP2_2023_Cutoff.csv,6276,"MKSSS's Cummins College of Engineering for Women, Karvenagar,Pune",,Mechanical Engineering,Degree Courses In Engineering and Technology & Master of Engineering and Technology (Integrated 5 Years) for the Year 2023-24S,State Level,20834,91.6889238,404337056a53,False,False,INVALID_TEXT,MULTIPLE_ISSUES
2023-2024,CAP2,FE_CAP2_2023_Cutoff.csv,6276,"MKSSS's Cummins College of Engineering for Women, Karvenagar,Pune",,Mechanical Engineering,LOPENS,State Level,24467,90.0942655,fee1903965b3,False,True,VALID,CHECK_BRANCH
2023-2024,CAP2,FE_CAP2_2023_Cutoff.csv,6276,"MKSSS's Cummins College of Engineering for Women, Karvenagar,Pune",,Mechanical Engineering,LSCS,State Level,24388,90.0942655,77ad23a5c4f2,False,True,VALID,CHECK_BRANCH
2023-2024,CAP2,FE_CAP2_2023_Cutoff.csv,6276,"MKSSS's Cummins College of Engineering for Women, Karvenagar,Pune",,Mechanical Engineering,I-NonS,State Level,18907,92.4274364,3d4a53292e60,False,True,VALID,CHECK_BRANCH
2023-2024,CAP2,FE_CAP2_2023_Cutoff.csv,6276,"MKSSS's Cummins College of Engineering for Women, Karvenagar,Pune",,Mechanical Engineering,VIIS,State Level,18486,92.5725251,44c2d6f63095,False,True,VALID,CHECK_BRANCH
2023-2024,CAP2,FE_CAP2_2023_Cutoff.csv,6285,"Bharati Vidyapeeth's College of Engineering for Women, Katraj, Dhankawadi, Pune",,Artificial Intelligence and Data Science,"Legends:Start Character G-General, L-Ladies, End Character H-Home University, O-Other than Home University, S-State Level,S",State Level,21235,91.3774931,fe71791eb784,False,True,INVALID_TEXT,MULTIPLE_ISSUES
2023-2024,CAP2,FE_CAP2_2023_Cutoff.csv,6285,"Bharati Vidyapeeth's College of Engineering for Women, Katraj, Dhankawadi, Pune",,Artificial Intelligence and Data Science,"PWDR : PWD Common Reserved Seat, DEFR : Defense Common Reserved Seat.",State Level,14134,94.3936486,067b5f6d0fe9,False,True,INVALID_TEXT,MULTIPLE_ISSUES
2023-2024,CAP2,FE_CAP2_2023_Cutoff.csv,6285,"Bharati Vidyapeeth's College of Engineering for Women, Katraj, Dhankawadi, Pune",,Artificial Intelligence and Data Science,"Legends:Start Character G-General, L-Ladies, End Character H-Home University, O-Other than Home University, S-State Level,S",State Level,22559,90.8627157,41711892ec11,False,True,INVALID_TEXT,MULTIPLE_ISSUES
2023-2024,CAP2,FE_CAP2_2023_Cutoff.csv,6285,"Bharati Vidyapeeth's College of Engineering for Women, Katraj, Dhankawadi, Pune",,Artificial Intelligence and Data Science,"PWDR : PWD Common Reserved Seat, DEFR : Defense Common Reserved Seat.",State Level,19269,92.2256284,6882bb791215,False,True,INVALID_TEXT,MULTIPLE_ISSUES
2023-2024,CAP2,FE_CAP2_2023_Cutoff.csv,6285,"Bharati Vidyapeeth's College of Engineering for Women, Katraj, Dhankawadi, Pune",,Artificial Intelligence and Data Science,"Legends:Start Character G-General, L-Ladies, End Character H-Home University, O-Other than Home University, S-State Level,S",State Level,37339,84.4494892,b12ab1e8879f,False,True,INVALID_TEXT,MULTIPLE_ISSUES
2023-2024,CAP2,FE_CAP2_2023_Cutoff.csv,6285,"Bharati Vidyapeeth's College of Engineering for Women, Katraj, Dhankawadi, Pune",,Artificial Intelligence and Data Science,VIIS,State Level,37645,84.3950599,0745c4cce455,False,False,VALID,CHECK_BRANCH
2023-2024,CAP2,FE_CAP2_2023_Cutoff.csv,6938,Shree Siddheshwar Women's College Of Engineering Solapur.,,Mechanical Engineering,"Legends:Start Character G-General, L-Ladies, End Character H-Home University, O-Other than Home University, S-State Level,S",State Level,72409,66.9527897,3a09e479eac7,False,True,INVALID_TEXT,MULTIPLE_ISSUES
2023-2024,CAP2,FE_CAP2_2023_Cutoff.csv,6938,Shree Siddheshwar Women's College Of Engineering Solapur.,,Mechanical Engineering,I-NonS,State Level,95035,52.5521047,4a0234a3984b,False,True,VALID,CHECK_BRANCH
2023-2024,CAP2,FE_CAP2_2023_Cutoff.csv,6938,Shree Siddheshwar Women's College Of Engineering Solapur.,,Mechanical Engineering,VIIS,State Level,94028,52.7523799,9b909be62db1,False,True,VALID,CHECK_BRANCH
2023-2024,CAP2,FE_CAP2_2023_Cutoff.csv,6938,Shree Siddheshwar Women's College Of Engineering Solapur.,,Mechanical Engineering,"Legends:Start Character G-General, L-Ladies, End Character H-Home University, O-Other than Home University, S-State Level,S",State Level,122525,28.3793174,fc86e86b7482,False,True,INVALID_TEXT,MULTIPLE_ISSUES
2023-2024,CAP2,FE_CAP2_2023_Cutoff.csv,6938,Shree Siddheshwar Women's College Of Engineering Solapur.,,Mechanical Engineering,"Legends:Start Character G-General, L-Ladies, End Character H-Home University, O-Other than Home University, S-State Level,S",State Level,115682,35.6213901,cb03d32b4c09,False,True,INVALID_TEXT,MULTIPLE_ISSUES
2023-2024,CAP2,FE_CAP2_2023_Cutoff.csv,6938,Shree Siddheshwar Women's College Of Engineering Solapur.,,Mechanical Engineering,I-NonS,State Level,140026,6.1050754,eeb345a1e74d,False,True,VALID,CHECK_BRANCH
2023-2024,CAP2,FE_CAP2_2023_Cutoff.csv,6938,Shree Siddheshwar Women's College Of Engineering Solapur.,,Mechanical Engineering,VIIS,State Level,136274,11.4340144,f0fbdb03fed7,False,True,VALID,CHECK_BRANCH
2023-2024,CAP2,FE_CAP2_2023_Cutoff.csv,6938,Shree Siddheshwar Women's College Of Engineering Solapur.,,Mechanical Engineering,"Legends:Start Character G-General, L-Ladies, End Character H-Home University, O-Other than Home University, S-State Level,S",State Level,106599,43.224841,de9fa7b65a48,False,True,INVALID_TEXT,MULTIPLE_ISSUES
2023-2024,CAP2,FE_CAP2_2023_Cutoff.csv,6938,Shree Siddheshwar Women's College Of Engineering Solapur.,,Mechanical Engineering,I-NonS,State Level,122376,28.6046774,3c5e862d415a,False,True,VALID,CHECK_BRANCH
2023-2024,CAP2,FE_CAP2_2023_Cutoff.csv,6938,Shree Siddheshwar Women's College Of Engineering Solapur.,,Mechanical Engineering,VIIS,State Level,120375,30.5890703,5a534eeedae5,False,True,VALID,CHECK_BRANCH
2023-2024,CAP3,FE_CAP3_2023_Cutoff.csv,3035,"Usha Mittal Institute of Technology SNDT  Women's University, Mumbai",,Mechanical Engineering,"Legends:Start Character G-General, L-Ladies, End Character H-Home University, O-Other than Home University, S-State LevelS",State Level,24131,90.1850615,3a256c7f96b1,False,True,INVALID_TEXT,MULTIPLE_ISSUES
2023-2024,CAP3,FE_CAP3_2023_Cutoff.csv,3035,"Usha Mittal Institute of Technology SNDT  Women's University, Mumbai",,Mechanical Engineering,Maharashtra State Seats - Cut Off Indicates State General Merit No. ; Figures in bracket Indicates MHT-CET PCM PercentileS,State Level,35526,85.3410413,e9a6cafdc09b,False,True,INVALID_TEXT,MULTIPLE_ISSUES
2023-2024,CAP3,FE_CAP3_2023_Cutoff.csv,3035,"Usha Mittal Institute of Technology SNDT  Women's University, Mumbai",,Mechanical Engineering,I-NonS,State Level,26179,89.3951296,6376bb438b00,False,True,VALID,CHECK_BRANCH
2023-2024,CAP3,FE_CAP3_2023_Cutoff.csv,3035,"Usha Mittal Institute of Technology SNDT  Women's University, Mumbai",,Mechanical Engineering,VIIS,State Level,26838,88.9909977,b7f60e8bd289,False,True,VALID,CHECK_BRANCH
2023-2024,CAP3,FE_CAP3_2023_Cutoff.csv,3035,"Usha Mittal Institute of Technology SNDT  Women's University, Mumbai",,Mechanical Engineering,303524650F - Information TechnologyS,State Level,33919,86.039254,051fb66a5e94,False,False,INVALID_TEXT,MULTIPLE_ISSUES
2023-2024,CAP3,FE_CAP3_2023_Cutoff.csv,3035,"Usha Mittal Institute of Technology SNDT  Women's University, Mumbai",,Mechanical Engineering,LOPENS,State Level,44864,81.0174211,a22f98d2b11b,False,True,VALID,CHECK_BRANCH
2023-2024,CAP3,FE_CAP3_2023_Cutoff.csv,3035,"Usha Mittal Institute of Technology SNDT  Women's University, Mumbai",,Mechanical Engineering,LSCS,State Level,49092,79.3939394,e1435d9a22b0,False,True,VALID,CHECK_BRANCH
2023-2024,CAP3,FE_CAP3_2023_Cutoff.csv,3035,"Usha Mittal Institute of Technology SNDT  Women's University, Mumbai",,Mechanical Engineering,LSTS,State Level,78275,63.6910141,82ec6d6f2692,False,True,VALID,CHECK_BRANCH
2023-2024,CAP3,FE_CAP3_2023_Cutoff.csv,3035,"Usha Mittal Institute of Technology SNDT  Women's University, Mumbai",,Mechanical Engineering,LVJS,State Level,57061,75.1687111,ba13c45e31f0,False,False,VALID,CHECK_BRANCH
2023-2024,CAP3,FE_CAP3_2023_Cutoff.csv,3035,"Usha Mittal Institute of Technology SNDT  Women's University, Mumbai",,Mechanical Engineering,LNT2S,State Level,41965,82.3107244,03e41a88e880,False,True,VALID,CHECK_BRANCH
2023-2024,CAP3,FE_CAP3_2023_Cutoff.csv,3035,"Usha Mittal Institute of Technology SNDT  Women's University, Mumbai",,Mechanical Engineering,I-NonS,State Level,35012,85.4445126,5dd658c41d8a,False,True,VALID,CHECK_BRANCH
2023-2024,CAP3,FE_CAP3_2023_Cutoff.csv,3035,"Usha Mittal Institute of Technology SNDT  Women's University, Mumbai",,Mechanical Engineering,VIIS,State Level,35990,85.1782223,34feea31ff4f,False,True,VALID,CHECK_BRANCH
2023-2024,CAP3,FE_CAP3_2023_Cutoff.csv,3035,"Usha Mittal Institute of Technology SNDT  Women's University, Mumbai",,Mechanical Engineering,303525450F - Computer Science and TechnologyS,State Level,37869,84.2884307,3cb646bad944,False,False,INVALID_TEXT,MULTIPLE_ISSUES
2023-2024,CAP3,FE_CAP3_2023_Cutoff.csv,3035,"Usha Mittal Institute of Technology SNDT  Women's University, Mumbai",,Mechanical Engineering,LOPENS,State Level,99832,49.0455617,4c9f4428da65,False,True,VALID,CHECK_BRANCH
2023-2024,CAP3,FE_CAP3_2023_Cutoff.csv,3035,"Usha Mittal Institute of Technology SNDT  Women's University, Mumbai",,Mechanical Engineering,LSTS,State Level,113851,36.6068088,c65eac4fe8e2,False,True,VALID,CHECK_BRANCH
2023-2024,CAP3,FE_CAP3_2023_Cutoff.csv,3035,"Usha Mittal Institute of Technology SNDT  Women's University, Mumbai",,Mechanical Engineering,LNT2S,State Level,42038,82.3107244,4f556c15b18d,False,True,VALID,CHECK_BRANCH
2023-2024,CAP3,FE_CAP3_2023_Cutoff.csv,3035,"Usha Mittal Institute of Technology SNDT  Women's University, Mumbai",,Mechanical Engineering,LNT3S,State Level,140933,4.1972993,e3801362ea79,False,False,VALID,CHECK_BRANCH
2023-2024,CAP3,FE_CAP3_2023_Cutoff.csv,3035,"Usha Mittal Institute of Technology SNDT  Women's University, Mumbai",,Mechanical Engineering,I-NonS,State Level,38007,84.216054,54baade88558,False,True,VALID,CHECK_BRANCH
2023-2024,CAP3,FE_CAP3_2023_Cutoff.csv,3035,"Usha Mittal Institute of Technology SNDT  Women's University, Mumbai",,Mechanical Engineering,VIIS,State Level,38032,84.216054,9cac92cf9049,False,True,VALID,CHECK_BRANCH
2023-2024,CAP3,FE_CAP3_2023_Cutoff.csv,3035,"Usha Mittal Institute of Technology SNDT  Women's University, Mumbai",,Mechanical Engineering,"Legends:Start Character G-General, L-Ladies, End Character H-Home University, O-Other than Home University, S-State LevelS",State Level,53597,76.8406961,6b218d706176,False,True,INVALID_TEXT,MULTIPLE_ISSUES
2023-2024,CAP3,FE_CAP3_2023_Cutoff.csv,3035,"Usha Mittal Institute of Technology SNDT  Women's University, Mumbai",,Mechanical Engineering,Maharashtra State Seats - Cut Off Indicates State General Merit No. ; Figures in bracket Indicates MHT-CET PCM PercentileS,State Level,102481,46.4534231,413f0426562b,False,True,INVALID_TEXT,MULTIPLE_ISSUES
2023-2024,CAP3,FE_CAP3_2023_Cutoff.csv,3035,"Usha Mittal Institute of Technology SNDT  Women's University, Mumbai",,Mechanical Engineering,DS,State Level,57151,75.1687111,e1b57bfb1591,False,False,VALID,CHECK_BRANCH
2023-2024,CAP3,FE_CAP3_2023_Cutoff.csv,3035,"Usha Mittal Institute of Technology SNDT  Women's University, Mumbai",,Mechanical Engineering,State Common Entrance Test CellS,State Level,78847,63.3857031,838a4fb696b3,False,False,INVALID_TEXT,MULTIPLE_ISSUES
2023-2024,CAP3,FE_CAP3_2023_Cutoff.csv,3035,"Usha Mittal Institute of Technology SNDT  Women's University, Mumbai",,Mechanical Engineering,I-NonS,State Level,59440,74.0797795,ff73e9f18802,False,True,VALID,CHECK_BRANCH
2023-2024,CAP3,FE_CAP3_2023_Cutoff.csv,3035,"Usha Mittal Institute of Technology SNDT  Women's University, Mumbai",,Mechanical Engineering,I-NonS,State Level,77261,64.2666767,6f46eb7ad767,False,True,VALID,CHECK_BRANCH
2023-2024,CAP3,FE_CAP3_2023_Cutoff.csv,3035,"Usha Mittal Institute of Technology SNDT  Women's University, Mumbai",,Mechanical Engineering,VIIS,State Level,66049,70.6180504,9231cff2346d,False,True,VALID,CHECK_BRANCH
2023-2024,CAP3,FE_CAP3_2023_Cutoff.csv,3035,"Usha Mittal Institute of Technology SNDT  Women's University, Mumbai",,Mechanical Engineering,303591750F - Data ScienceS,State Level,48713,79.4628516,fde01d6274d5,False,False,INVALID_TEXT,MULTIPLE_ISSUES
2023-2024,CAP3,FE_CAP3_2023_Cutoff.csv,3035,"Usha Mittal Institute of Technology SNDT  Women's University, Mumbai",,Mechanical Engineering,LOPENS,State Level,72542,66.9527897,6f5cfdb82bad,False,True,VALID,CHECK_BRANCH
2023-2024,CAP3,FE_CAP3_2023_Cutoff.csv,3035,"Usha Mittal Institute of Technology SNDT  Women's University, Mumbai",,Mechanical Engineering,LSCS,State Level,71934,67.1534217,98ddd3a78441,False,True,VALID,CHECK_BRANCH
2023-2024,CAP3,FE_CAP3_2023_Cutoff.csv,3035,"Usha Mittal Institute of Technology SNDT  Women's University, Mumbai",,Mechanical Engineering,LSTS,State Level,58902,74.1935484,b21b503bfd5e,False,True,VALID,CHECK_BRANCH
2023-2024,CAP3,FE_CAP3_2023_Cutoff.csv,3035,"Usha Mittal Institute of Technology SNDT  Women's University, Mumbai",,Mechanical Engineering,VIIS,State Level,50833,78.3430016,9a9a554688aa,False,True,VALID,CHECK_BRANCH
2023-2024,CAP3,FE_CAP3_2023_Cutoff.csv,3035,"Usha Mittal Institute of Technology SNDT  Women's University, Mumbai",,Mechanical Engineering,303599750F - Artificial IntelligenceS,State Level,40494,83.2373857,8b752ae330d8,False,False,INVALID_TEXT,MULTIPLE_ISSUES
2023-2024,CAP3,FE_CAP3_2023_Cutoff.csv,3035,"Usha Mittal Institute of Technology SNDT  Women's University, Mumbai",,Mechanical Engineering,LOPENS,State Level,63779,71.6671025,a07980eb60ab,False,True,VALID,CHECK_BRANCH
2023-2024,CAP3,FE_CAP3_2023_Cutoff.csv,3035,"Usha Mittal Institute of Technology SNDT  Women's University, Mumbai",,Mechanical Engineering,VIIS,State Level,42235,82.251586,b15ab7ecccb2,False,True,VALID,CHECK_BRANCH
2023-2024,CAP3,FE_CAP3_2023_Cutoff.csv,4304,"Cummins College of Engineering For Women, Sukhali (Gupchup), Tal. Hingna Hingna Nagpur",,Mechanical Engineering,ORPHAN,State Level,82422,60.9799222,c9cfdc2fbe5f,False,False,VALID,CHECK_BRANCH
2023-2024,CAP3,FE_CAP3_2023_Cutoff.csv,4304,"Cummins College of Engineering For Women, Sukhali (Gupchup), Tal. Hingna Hingna Nagpur",,Mechanical Engineering,VIIS,State Level,37682,84.3950599,c1f61c3b7c99,False,False,VALID,CHECK_BRANCH
2023-2024,CAP3,FE_CAP3_2023_Cutoff.csv,4304,"Cummins College of Engineering For Women, Sukhali (Gupchup), Tal. Hingna Hingna Nagpur",,Mechanical Engineering,"Legends:Start Character G-General, L-Ladies, End Character H-Home University, O-Other than Home University, S-State LevelS",State Level,92992,53.8156961,98f0ac3772cf,False,True,INVALID_TEXT,MULTIPLE_ISSUES
2023-2024,CAP3,FE_CAP3_2023_Cutoff.csv,4304,"Cummins College of Engineering For Women, Sukhali (Gupchup), Tal. Hingna Hingna Nagpur",,Mechanical Engineering,"Legends:Start Character G-General, L-Ladies, End Character H-Home University, O-Other than Home University, S-State LevelS",State Level,137874,9.2629778,0de15eb9bf39,False,True,INVALID_TEXT,MULTIPLE_ISSUES
2023-2024,CAP3,FE_CAP3_2023_Cutoff.csv,6276,"MKSSS's Cummins College of Engineering for Women, Karvenagar,Pune",,Mechanical Engineering,"Legends:Start Character G-General, L-Ladies, End Character H-Home University, O-Other than Home University, S-State LevelS",State Level,9034,96.4933809,257669d06786,False,True,INVALID_TEXT,MULTIPLE_ISSUES
2023-2024,CAP3,FE_CAP3_2023_Cutoff.csv,6276,"MKSSS's Cummins College of Engineering for Women, Karvenagar,Pune",,Mechanical Engineering,Maharashtra State Seats - Cut Off Indicates State General Merit No. ; Figures in bracket Indicates MHT-CET PCM PercentileS,State Level,4640,98.1943767,7bea51a3151e,False,True,INVALID_TEXT,MULTIPLE_ISSUES
2023-2024,CAP3,FE_CAP3_2023_Cutoff.csv,6276,"MKSSS's Cummins College of Engineering for Women, Karvenagar,Pune",,Mechanical Engineering,627624650F - Information TechnologyS,State Level,9682,96.2372349,377c095a2503,False,False,INVALID_TEXT,MULTIPLE_ISSUES
2023-2024,CAP3,FE_CAP3_2023_Cutoff.csv,6276,"MKSSS's Cummins College of Engineering for Women, Karvenagar,Pune",,Mechanical Engineering,627637250F - Electronics and Telecommunication EnggS,State Level,5586,97.8563412,ad37090b34c2,False,False,INVALID_TEXT,MULTIPLE_ISSUES
2023-2024,CAP3,FE_CAP3_2023_Cutoff.csv,6276,"MKSSS's Cummins College of Engineering for Women, Karvenagar,Pune",,Mechanical Engineering,LOPENS,State Level,26803,89.0822549,444af0247e4c,False,True,VALID,CHECK_BRANCH
2023-2024,CAP3,FE_CAP3_2023_Cutoff.csv,6276,"MKSSS's Cummins College of Engineering for Women, Karvenagar,Pune",,Mechanical Engineering,LSCS,State Level,5488,97.8868814,69e749685e16,False,False,VALID,CHECK_BRANCH
2023-2024,CAP3,FE_CAP3_2023_Cutoff.csv,6276,"MKSSS's Cummins College of Engineering for Women, Karvenagar,Pune",,Mechanical Engineering,I-NonS,State Level,28668,88.2671548,c5f62c6ce904,False,True,VALID,CHECK_BRANCH
2023-2024,CAP3,FE_CAP3_2023_Cutoff.csv,6276,"MKSSS's Cummins College of Engineering for Women, Karvenagar,Pune",,Mechanical Engineering,627646450F - Instrumentation and Control EngineeringS,State Level,12140,95.23272,e8d227337a1f,False,False,INVALID_TEXT,MULTIPLE_ISSUES
2023-2024,CAP3,FE_CAP3_2023_Cutoff.csv,6276,"MKSSS's Cummins College of Engineering for Women, Karvenagar,Pune",,Mechanical Engineering,LOPENS,State Level,43608,81.5104589,4caf27540fda,False,True,VALID,CHECK_BRANCH
2023-2024,CAP3,FE_CAP3_2023_Cutoff.csv,6276,"MKSSS's Cummins College of Engineering for Women, Karvenagar,Pune",,Mechanical Engineering,I-NonS,State Level,12755,94.9975677,f85497aa2087,False,True,VALID,CHECK_BRANCH
2023-2024,CAP3,FE_CAP3_2023_Cutoff.csv,6276,"MKSSS's Cummins College of Engineering for Women, Karvenagar,Pune",,Mechanical Engineering,"Legends:Start Character G-General, L-Ladies, End Character H-Home University, O-Other than Home University, S-State LevelS",State Level,11461,95.5068431,b9a81c034b94,False,True,INVALID_TEXT,MULTIPLE_ISSUES
2023-2024,CAP3,FE_CAP3_2023_Cutoff.csv,6276,"MKSSS's Cummins College of Engineering for Women, Karvenagar,Pune",,Mechanical Engineering,Maharashtra State Seats - Cut Off Indicates State General Merit No. ; Figures in bracket Indicates MHT-CET PCM PercentileS,State Level,8677,96.6535742,092f11631782,False,True,INVALID_TEXT,MULTIPLE_ISSUES
2023-2024,CAP3,FE_CAP3_2023_Cutoff.csv,6276,"MKSSS's Cummins College of Engineering for Women, Karvenagar,Pune",,Mechanical Engineering,VIIS,State Level,8725,96.6445326,4faa869399c2,False,False,VALID,CHECK_BRANCH
2023-2024,CAP3,FE_CAP3_2023_Cutoff.csv,6285,"Bharati Vidyapeeth's College of Engineering for Women, Katraj, Dhankawadi, Pune",,Artificial Intelligence and Data Science,"Legends:Start Character G-General, L-Ladies, End Character H-Home University, O-Other than Home University, S-State LevelS",State Level,15855,93.6849981,7522c0c26539,False,True,INVALID_TEXT,MULTIPLE_ISSUES
2023-2024,CAP3,FE_CAP3_2023_Cutoff.csv,6285,"Bharati Vidyapeeth's College of Engineering for Women, Katraj, Dhankawadi, Pune",,Artificial Intelligence and Data Science,"Legends:Start Character G-General, L-Ladies, End Character H-Home University, O-Other than Home University, S-State LevelS",State Level,37505,84.4304792,f3b351915c76,False,True,INVALID_TEXT,MULTIPLE_ISSUES
2023-2024,CAP3,FE_CAP3_2023_Cutoff.csv,6285,"Bharati Vidyapeeth's College of Engineering for Women, Katraj, Dhankawadi, Pune",,Artificial Intelligence and Data Science,Maharashtra State Seats - Cut Off Indicates State General Merit No. ; Figures in bracket Indicates MHT-CET PCM PercentileS,State Level,19590,92.1445405,e8506f9d4d16,False,False,INVALID_TEXT,MULTIPLE_ISSUES
2023-2024,CAP3,FE_CAP3_2023_Cutoff.csv,6285,"Bharati Vidyapeeth's College of Engineering for Women, Katraj, Dhankawadi, Pune",,Artificial Intelligence and Data Science,"Legends:Start Character G-General, L-Ladies, End Character H-Home University, O-Other than Home University, S-State LevelS",State Level,26365,89.2906503,af9b8ec330f3,False,True,INVALID_TEXT,MULTIPLE_ISSUES
2023-2024,CAP3,FE_CAP3_2023_Cutoff.csv,6938,Shree Siddheshwar Women's College Of Engineering Solapur.,,Electronics and Telecommunication Engg,"Legends:Start Character G-General, L-Ladies, End Character H-Home University, O-Other than Home University, S-State LevelS",State Level,86413,58.5474069,7c20c8ff25dd,False,True,INVALID_TEXT,MULTIPLE_ISSUES
2023-2024,CAP3,FE_CAP3_2023_Cutoff.csv,6938,Shree Siddheshwar Women's College Of Engineering Solapur.,,Electronics and Telecommunication Engg,"Legends:Start Character G-General, L-Ladies, End Character H-Home University, O-Other than Home University, S-State LevelS",State Level,113818,36.6068088,0bf838dfb5fb,False,True,INVALID_TEXT,MULTIPLE_ISSUES
2023-2024,CAP3,FE_CAP3_2023_Cutoff.csv,6938,Shree Siddheshwar Women's College Of Engineering Solapur.,,Electronics and Telecommunication Engg,"Legends:Start Character G-General, L-Ladies, End Character H-Home University, O-Other than Home University, S-State LevelS",State Level,115190,36.029881,5a5e0bfdb5b0,False,True,INVALID_TEXT,MULTIPLE_ISSUES
2023-2024,CAP3,FE_CAP3_2023_Cutoff.csv,6938,Shree Siddheshwar Women's College Of Engineering Solapur.,,Electronics and Telecommunication Engg,"Legends:Start Character G-General, L-Ladies, End Character H-Home University, O-Other than Home University, S-State LevelS",State Level,132099,17.5985227,dd143c6e4278,False,True,INVALID_TEXT,MULTIPLE_ISSUES
2023-2024,CAP3,FE_CAP3_2023_Cutoff.csv,6938,Shree Siddheshwar Women's College Of Engineering Solapur.,,Electronics and Telecommunication Engg,I-NonS,State Level,136274,11.4340144,4dbd90a4db0e,False,False,VALID,CHECK_BRANCH
2023-2024,CAP3,FE_CAP3_2023_Cutoff.csv,6938,Shree Siddheshwar Women's College Of Engineering Solapur.,,Electronics and Telecommunication Engg,"Legends:Start Character G-General, L-Ladies, End Character H-Home University, O-Other than Home University, S-State LevelS",State Level,86777,58.1382561,6d74faa76e06,False,True,INVALID_TEXT,MULTIPLE_ISSUES
2024-2025,CAP1,FE_CAP1_2024_Cutoff_1.csv,3025,Svkm's Shri Bhagubhai Mafatlal Polytechnic & College of Engineering,,Mechanical Engineering,"Legends: Starting character G-General, L-Ladies, End character H-Home University, O-Other than Home University,S-State Level, AI- All India Seat.S",State Level,72088,74.3614357,236a99df686f,False,True,INVALID_TEXT,MULTIPLE_ISSUES
2024-2025,CAP1,FE_CAP1_2024_Cutoff_1.csv,3025,Svkm's Shri Bhagubhai Mafatlal Polytechnic & College of Engineering,,Mechanical Engineering,"Legends: Starting character G-General, L-Ladies, End character H-Home University, O-Other than Home University,S-State Level, AI- All India Seat.S",State Level,34929,88.1366358,6a3394b35e8f,False,True,INVALID_TEXT,MULTIPLE_ISSUES
2024-2025,CAP1,FE_CAP1_2024_Cutoff_1.csv,3025,Svkm's Shri Bhagubhai Mafatlal Polytechnic & College of Engineering,,Mechanical Engineering,"Legends: Starting character G-General, L-Ladies, End character H-Home University, O-Other than Home University,S-State Level, AI- All India Seat.S",State Level,81353,70.4817329,113dec337225,False,True,INVALID_TEXT,MULTIPLE_ISSUES
2024-2025,CAP1,FE_CAP1_2024_Cutoff_1.csv,3025,Svkm's Shri Bhagubhai Mafatlal Polytechnic & College of Engineering,,Mechanical Engineering,"Legends: Starting character G-General, L-Ladies, End character H-Home University, O-Other than Home University,S-State Level, AI- All India Seat.S",State Level,90641,66.0164943,e292f8624160,False,True,INVALID_TEXT,MULTIPLE_ISSUES
2024-2025,CAP1,FE_CAP1_2024_Cutoff_1.csv,3035,"Usha Mittal Institute of Technology SNDT  Women's University, Mumbai",,Computer Science and Engineering,"Legends: Starting character G-General, L-Ladies, End character H-Home University, O-Other than Home University,S-State Level, AI- All India Seat.S",State Level,21603,92.7704421,94099bd491e7,False,True,INVALID_TEXT,MULTIPLE_ISSUES
2024-2025,CAP1,FE_CAP1_2024_Cutoff_1.csv,3035,"Usha Mittal Institute of Technology SNDT  Women's University, Mumbai",,Computer Science and Engineering,Maharashtra State Seats - Cut Off Indicates Maharashtra State General Merit No.; Figures in bracket Indicates Merit Percentile.S,State Level,49553,82.7820291,71407b957327,False,True,INVALID_TEXT,MULTIPLE_ISSUES
2024-2025,CAP1,FE_CAP1_2024_Cutoff_1.csv,3035,"Usha Mittal Institute of Technology SNDT  Women's University, Mumbai",,Computer Science and Engineering,DS,State Level,161527,20.9410678,ba01745e8c82,False,True,VALID,CHECK_BRANCH
2024-2025,CAP1,FE_CAP1_2024_Cutoff_1.csv,3035,"Usha Mittal Institute of Technology SNDT  Women's University, Mumbai",,Computer Science and Engineering,State Common Entrance Test CellS,State Level,107961,57.3310702,b3d3084560b0,False,True,INVALID_TEXT,MULTIPLE_ISSUES
2024-2025,CAP1,FE_CAP1_2024_Cutoff_1.csv,3035,"Usha Mittal Institute of Technology SNDT  Women's University, Mumbai",,Computer Science and Engineering,Cut Off List for Maharashtra & Minority Seats of CAP Round I for Admission to First Year of Four YearS,State Level,48767,83.1983982,c383fe08d1fb,False,True,INVALID_TEXT,MULTIPLE_ISSUES
2024-2025,CAP1,FE_CAP1_2024_Cutoff_1.csv,3035,"Usha Mittal Institute of Technology SNDT  Women's University, Mumbai",,Computer Science and Engineering,Degree Courses In Engineering and Technology & Master of Engineering and Technology (Integrated 5 Years) for the Year 2024-25S,State Level,31444,89.3321697,d6066b0e5bf4,False,True,INVALID_TEXT,MULTIPLE_ISSUES
2024-2025,CAP1,FE_CAP1_2024_Cutoff_1.csv,3035,"Usha Mittal Institute of Technology SNDT  Women's University, Mumbai",,Computer Science and Engineering,LOPENS,State Level,46025,84.2430574,ca8f5e8a93fe,False,True,VALID,CHECK_BRANCH
2024-2025,CAP1,FE_CAP1_2024_Cutoff_1.csv,3035,"Usha Mittal Institute of Technology SNDT  Women's University, Mumbai",,Computer Science and Engineering,LSCS,State Level,28910,90.3308397,a364cd9722c1,False,True,VALID,CHECK_BRANCH
2024-2025,CAP1,FE_CAP1_2024_Cutoff_1.csv,3035,"Usha Mittal Institute of Technology SNDT  Women's University, Mumbai",,Computer Science and Engineering,LSTS,State Level,44144,84.8307457,d35c4366a56d,False,True,VALID,CHECK_BRANCH
2024-2025,CAP1,FE_CAP1_2024_Cutoff_1.csv,3035,"Usha Mittal Institute of Technology SNDT  Women's University, Mumbai",,Computer Science and Engineering,LVJS,State Level,44132,84.8307457,b4d4586cb681,False,True,VALID,CHECK_BRANCH
2024-2025,CAP1,FE_CAP1_2024_Cutoff_1.csv,3035,"Usha Mittal Institute of Technology SNDT  Women's University, Mumbai",,Computer Science and Engineering,LNT1S,State Level,64933,76.933232,a5f45a6f1f5d,False,True,VALID,CHECK_BRANCH
2024-2025,CAP1,FE_CAP1_2024_Cutoff_1.csv,3035,"Usha Mittal Institute of Technology SNDT  Women's University, Mumbai",,Computer Science and Engineering,LNT2S,State Level,39208,86.7111001,00ff54289ac0,False,True,VALID,CHECK_BRANCH
2024-2025,CAP1,FE_CAP1_2024_Cutoff_1.csv,3035,"Usha Mittal Institute of Technology SNDT  Women's University, Mumbai",,Computer Science and Engineering,0303524650F - Information TechnologyS,State Level,34229,88.5013511,25414dd806b8,False,False,INVALID_TEXT,MULTIPLE_ISSUES
2024-2025,CAP1,FE_CAP1_2024_Cutoff_1.csv,3035,"Usha Mittal Institute of Technology SNDT  Women's University, Mumbai",,Computer Science and Engineering,LOPENS,State Level,63626,77.7634641,10c0d9f88004,False,True,VALID,CHECK_BRANCH
2024-2025,CAP1,FE_CAP1_2024_Cutoff_1.csv,3035,"Usha Mittal Institute of Technology SNDT  Women's University, Mumbai",,Computer Science and Engineering,LSCS,State Level,90720,65.9366282,de9784cda0fe,False,True,VALID,CHECK_BRANCH
2024-2025,CAP1,FE_CAP1_2024_Cutoff_1.csv,3035,"Usha Mittal Institute of Technology SNDT  Women's University, Mumbai",,Computer Science and Engineering,LSTS,State Level,145634,34.2191386,e0b80c7a16de,False,True,VALID,CHECK_BRANCH
2024-2025,CAP1,FE_CAP1_2024_Cutoff_1.csv,3035,"Usha Mittal Institute of Technology SNDT  Women's University, Mumbai",,Computer Science and Engineering,LVJS,State Level,58716,79.5235744,7d0527f66906,False,True,VALID,CHECK_BRANCH
2024-2025,CAP1,FE_CAP1_2024_Cutoff_1.csv,3035,"Usha Mittal Institute of Technology SNDT  Women's University, Mumbai",,Computer Science and Engineering,LNT1S,State Level,57225,80.0921435,240e1d91a219,False,True,VALID,CHECK_BRANCH
2024-2025,CAP1,FE_CAP1_2024_Cutoff_1.csv,3035,"Usha Mittal Institute of Technology SNDT  Women's University, Mumbai",,Computer Science and Engineering,LNT2S,State Level,47506,83.639399,6921ee3b0d8e,False,True,VALID,CHECK_BRANCH
2024-2025,CAP1,FE_CAP1_2024_Cutoff_1.csv,3035,"Usha Mittal Institute of Technology SNDT  Women's University, Mumbai",,Computer Science and Engineering,LNT3S,State Level,38494,86.8553381,5e5eecb2e84e,False,True,VALID,CHECK_BRANCH
2024-2025,CAP1,FE_CAP1_2024_Cutoff_1.csv,3035,"Usha Mittal Institute of Technology SNDT  Women's University, Mumbai",,Computer Science and Engineering,LOBCS,State Level,69510,75.3410409,75a8dc5e6223,False,True,VALID,CHECK_BRANCH
2024-2025,CAP1,FE_CAP1_2024_Cutoff_1.csv,3035,"Usha Mittal Institute of Technology SNDT  Women's University, Mumbai",,Computer Science and Engineering,LSEBCS,State Level,38246,86.8966951,787828f78cb8,False,True,VALID,CHECK_BRANCH
2024-2025,CAP1,FE_CAP1_2024_Cutoff_1.csv,3035,"Usha Mittal Institute of Technology SNDT  Women's University, Mumbai",,Computer Science and Engineering,DEFOPENS,State Level,77922,71.7682877,74d801c6d1d9,False,True,VALID,CHECK_BRANCH
2024-2025,CAP1,FE_CAP1_2024_Cutoff_1.csv,3035,"Usha Mittal Institute of Technology SNDT  Women's University, Mumbai",,Computer Science and Engineering,DEFROBCS,State Level,62918,77.8445199,65024eae45e9,False,False,VALID,CHECK_BRANCH
2024-2025,CAP1,FE_CAP1_2024_Cutoff_1.csv,3035,"Usha Mittal Institute of Technology SNDT  Women's University, Mumbai",,Computer Science and Engineering,0303525450F - Computer Science and TechnologyS,State Level,34231,88.5013511,3781fe42bce4,False,False,INVALID_TEXT,MULTIPLE_ISSUES
2024-2025,CAP1,FE_CAP1_2024_Cutoff_1.csv,3035,"Usha Mittal Institute of Technology SNDT  Women's University, Mumbai",,Computer Science and Engineering,LOPENS,State Level,68638,75.6212581,70497e1b0c37,False,True,VALID,CHECK_BRANCH
2024-2025,CAP1,FE_CAP1_2024_Cutoff_1.csv,3035,"Usha Mittal Institute of Technology SNDT  Women's University, Mumbai",,Computer Science and Engineering,LSCS,State Level,106539,58.1588042,73c01c098f2c,False,True,VALID,CHECK_BRANCH
2024-2025,CAP1,FE_CAP1_2024_Cutoff_1.csv,3035,"Usha Mittal Institute of Technology SNDT  Women's University, Mumbai",,Computer Science and Engineering,LVJS,State Level,70339,75.0114283,f23482eb81e0,False,True,VALID,CHECK_BRANCH
2024-2025,CAP1,FE_CAP1_2024_Cutoff_1.csv,3035,"Usha Mittal Institute of Technology SNDT  Women's University, Mumbai",,Computer Science and Engineering,LNT1S,State Level,80036,70.889365,23df4ac6f773,False,True,VALID,CHECK_BRANCH
2024-2025,CAP1,FE_CAP1_2024_Cutoff_1.csv,3035,"Usha Mittal Institute of Technology SNDT  Women's University, Mumbai",,Computer Science and Engineering,LNT2S,State Level,56342,80.5358903,6f5d8763b7d0,False,True,VALID,CHECK_BRANCH
2024-2025,CAP1,FE_CAP1_2024_Cutoff_1.csv,3035,"Usha Mittal Institute of Technology SNDT  Women's University, Mumbai",,Computer Science and Engineering,LNT3S,State Level,40895,86.0863663,20996d7b353b,False,True,VALID,CHECK_BRANCH
2024-2025,CAP1,FE_CAP1_2024_Cutoff_1.csv,3035,"Usha Mittal Institute of Technology SNDT  Women's University, Mumbai",,Computer Science and Engineering,LOBCS,State Level,70601,74.9709109,0275b54041d5,False,True,VALID,CHECK_BRANCH
2024-2025,CAP1,FE_CAP1_2024_Cutoff_1.csv,3035,"Usha Mittal Institute of Technology SNDT  Women's University, Mumbai",,Computer Science and Engineering,LSEBCS,State Level,132584,43.1231034,ce70505168a6,False,True,VALID,CHECK_BRANCH
2024-2025,CAP1,FE_CAP1_2024_Cutoff_1.csv,3035,"Usha Mittal Institute of Technology SNDT  Women's University, Mumbai",,Computer Science and Engineering,PWDOPENS,State Level,43137,85.2572473,38ca135296c4,False,False,VALID,CHECK_BRANCH
2024-2025,CAP1,FE_CAP1_2024_Cutoff_1.csv,3035,"Usha Mittal Institute of Technology SNDT  Women's University, Mumbai",,Computer Science and Engineering,DEFOPENS,State Level,73167,73.8486985,1c7b5427ffa2,False,True,VALID,CHECK_BRANCH
2024-2025,CAP1,FE_CAP1_2024_Cutoff_1.csv,3035,"Usha Mittal Institute of Technology SNDT  Women's University, Mumbai",,Computer Science and Engineering,0303537050F - Electronics and Communication EngineeringS,State Level,64067,77.6411427,ff4f13f811f1,False,False,INVALID_TEXT,MULTIPLE_ISSUES
2024-2025,CAP1,FE_CAP1_2024_Cutoff_1.csv,3035,"Usha Mittal Institute of Technology SNDT  Women's University, Mumbai",,Computer Science and Engineering,LOPENS,State Level,123187,48.8696809,ecf6f759654a,False,True,VALID,CHECK_BRANCH
2024-2025,CAP1,FE_CAP1_2024_Cutoff_1.csv,3035,"Usha Mittal Institute of Technology SNDT  Women's University, Mumbai",,Computer Science and Engineering,LSCS,State Level,137912,39.5390798,22d7a1367640,False,True,VALID,CHECK_BRANCH
2024-2025,CAP1,FE_CAP1_2024_Cutoff_1.csv,3035,"Usha Mittal Institute of Technology SNDT  Women's University, Mumbai",,Computer Science and Engineering,LSTS,State Level,121911,50.0353239,c0a98918c912,False,True,VALID,CHECK_BRANCH
2024-2025,CAP1,FE_CAP1_2024_Cutoff_1.csv,3035,"Usha Mittal Institute of Technology SNDT  Women's University, Mumbai",,Computer Science and Engineering,LNT1S,State Level,131538,43.8452614,fc92ea540b98,False,True,VALID,CHECK_BRANCH
2024-2025,CAP1,FE_CAP1_2024_Cutoff_1.csv,3035,"Usha Mittal Institute of Technology SNDT  Women's University, Mumbai",,Computer Science and Engineering,LNT2S,State Level,82702,69.800376,a58c3b791160,False,True,VALID,CHECK_BRANCH
2024-2025,CAP1,FE_CAP1_2024_Cutoff_1.csv,3035,"Usha Mittal Institute of Technology SNDT  Women's University, Mumbai",,Computer Science and Engineering,LNT3S,State Level,78463,71.7115,083a69858e6c,False,True,VALID,CHECK_BRANCH
2024-2025,CAP1,FE_CAP1_2024_Cutoff_1.csv,3035,"Usha Mittal Institute of Technology SNDT  Women's University, Mumbai",,Computer Science and Engineering,LOBCS,State Level,142763,36.0381755,e859afcbd89d,False,True,VALID,CHECK_BRANCH
2024-2025,CAP1,FE_CAP1_2024_Cutoff_1.csv,3035,"Usha Mittal Institute of Technology SNDT  Women's University, Mumbai",,Computer Science and Engineering,LSEBCS,State Level,163621,18.7028082,af33adac0ed1,False,True,VALID,CHECK_BRANCH
2024-2025,CAP1,FE_CAP1_2024_Cutoff_1.csv,3035,"Usha Mittal Institute of Technology SNDT  Women's University, Mumbai",,Computer Science and Engineering,"Legends: Starting character G-General, L-Ladies, End character H-Home University, O-Other than Home University,S-State Level, AI- All India Seat.S",State Level,43756,85.0743746,25a1c74886f0,False,True,INVALID_TEXT,MULTIPLE_ISSUES
2024-2025,CAP1,FE_CAP1_2024_Cutoff_1.csv,3035,"Usha Mittal Institute of Technology SNDT  Women's University, Mumbai",,Computer Science and Engineering,Maharashtra State Seats - Cut Off Indicates Maharashtra State General Merit No.; Figures in bracket Indicates Merit Percentile.S,State Level,87700,67.6158803,d6bc967dfb45,False,True,INVALID_TEXT,MULTIPLE_ISSUES
2024-2025,CAP1,FE_CAP1_2024_Cutoff_1.csv,3035,"Usha Mittal Institute of Technology SNDT  Women's University, Mumbai",,Computer Science and Engineering,DS,State Level,154585,27.1532908,b5b196d08433,False,True,VALID,CHECK_BRANCH
2024-2025,CAP1,FE_CAP1_2024_Cutoff_1.csv,3035,"Usha Mittal Institute of Technology SNDT  Women's University, Mumbai",,Computer Science and Engineering,State Common Entrance Test CellS,State Level,166180,16.2423214,f1d25642ad2f,False,True,INVALID_TEXT,MULTIPLE_ISSUES
2024-2025,CAP1,FE_CAP1_2024_Cutoff_1.csv,3035,"Usha Mittal Institute of Technology SNDT  Women's University, Mumbai",,Computer Science and Engineering,Cut Off List for Maharashtra & Minority Seats of CAP Round I for Admission to First Year of Four YearS,State Level,92434,65.4406319,0de732e0fbb0,False,True,INVALID_TEXT,MULTIPLE_ISSUES
2024-2025,CAP1,FE_CAP1_2024_Cutoff_1.csv,3035,"Usha Mittal Institute of Technology SNDT  Women's University, Mumbai",,Computer Science and Engineering,Degree Courses In Engineering and Technology & Master of Engineering and Technology (Integrated 5 Years) for the Year 2024-25S,State Level,115020,53.8203081,fdf0a030ccdc,False,True,INVALID_TEXT,MULTIPLE_ISSUES
2024-2025,CAP1,FE_CAP1_2024_Cutoff_1.csv,3035,"Usha Mittal Institute of Technology SNDT  Women's University, Mumbai",,Computer Science and Engineering,LOPENS,State Level,51063,82.4585869,ad16973f487f,False,True,VALID,CHECK_BRANCH
2024-2025,CAP1,FE_CAP1_2024_Cutoff_1.csv,3035,"Usha Mittal Institute of Technology SNDT  Women's University, Mumbai",,Computer Science and Engineering,LSCS,State Level,56295,80.5358903,9a458564189f,False,True,VALID,CHECK_BRANCH
2024-2025,CAP1,FE_CAP1_2024_Cutoff_1.csv,3035,"Usha Mittal Institute of Technology SNDT  Women's University, Mumbai",,Computer Science and Engineering,LSTS,State Level,145034,34.8002089,2982ed5a6040,False,True,VALID,CHECK_BRANCH
2024-2025,CAP1,FE_CAP1_2024_Cutoff_1.csv,3035,"Usha Mittal Institute of Technology SNDT  Women's University, Mumbai",,Computer Science and Engineering,LVJS,State Level,142341,36.6283954,2ea7f889e345,False,True,VALID,CHECK_BRANCH
2024-2025,CAP1,FE_CAP1_2024_Cutoff_1.csv,3035,"Usha Mittal Institute of Technology SNDT  Women's University, Mumbai",,Computer Science and Engineering,LNT1S,State Level,73565,73.7743452,266d27b22a87,False,True,VALID,CHECK_BRANCH
2024-2025,CAP1,FE_CAP1_2024_Cutoff_1.csv,3035,"Usha Mittal Institute of Technology SNDT  Women's University, Mumbai",,Computer Science and Engineering,0303599750F - Artificial IntelligenceS,State Level,36520,87.5123219,61795e9fb01e,False,False,INVALID_TEXT,MULTIPLE_ISSUES
2024-2025,CAP1,FE_CAP1_2024_Cutoff_1.csv,3035,"Usha Mittal Institute of Technology SNDT  Women's University, Mumbai",,Computer Science and Engineering,LOPENS,State Level,75593,72.8176141,10704c6a3b1a,False,True,VALID,CHECK_BRANCH
2024-2025,CAP1,FE_CAP1_2024_Cutoff_1.csv,3035,"Usha Mittal Institute of Technology SNDT  Women's University, Mumbai",,Computer Science and Engineering,LSCS,State Level,72130,74.2767378,17d4ba989229,False,True,VALID,CHECK_BRANCH
2024-2025,CAP1,FE_CAP1_2024_Cutoff_1.csv,3035,"Usha Mittal Institute of Technology SNDT  Women's University, Mumbai",,Computer Science and Engineering,LVJS,State Level,105114,59.8892661,aaed0bcb8508,False,True,VALID,CHECK_BRANCH
2024-2025,CAP1,FE_CAP1_2024_Cutoff_1.csv,3035,"Usha Mittal Institute of Technology SNDT  Women's University, Mumbai",,Computer Science and Engineering,LNT1S,State Level,90097,66.4751458,fc59e8efb71e,False,True,VALID,CHECK_BRANCH
2024-2025,CAP1,FE_CAP1_2024_Cutoff_1.csv,3035,"Usha Mittal Institute of Technology SNDT  Women's University, Mumbai",,Computer Science and Engineering,LNT2S,State Level,61495,78.4440843,f624c7637959,False,True,VALID,CHECK_BRANCH
2024-2025,CAP1,FE_CAP1_2024_Cutoff_1.csv,3035,"Usha Mittal Institute of Technology SNDT  Women's University, Mumbai",,Computer Science and Engineering,LNT3S,State Level,51842,82.0158422,c24dcca3b23e,False,True,VALID,CHECK_BRANCH
2024-2025,CAP1,FE_CAP1_2024_Cutoff_1.csv,3035,"Usha Mittal Institute of Technology SNDT  Women's University, Mumbai",,Computer Science and Engineering,LOBCS,State Level,121267,50.6004122,c7d1131ccef8,False,True,VALID,CHECK_BRANCH
2024-2025,CAP1,FE_CAP1_2024_Cutoff_1.csv,3035,"Usha Mittal Institute of Technology SNDT  Women's University, Mumbai",,Computer Science and Engineering,LSEBCS,State Level,56952,80.2358012,c5dc54b9e5c9,False,True,VALID,CHECK_BRANCH
2024-2025,CAP1,FE_CAP1_2024_Cutoff_1.csv,3035,"Usha Mittal Institute of Technology SNDT  Women's University, Mumbai",,Computer Science and Engineering,DEFOPENS,State Level,144905,34.8002089,859f40b7839e,False,True,VALID,CHECK_BRANCH
2024-2025,CAP1,FE_CAP1_2024_Cutoff_1.csv,3035,"Usha Mittal Institute of Technology SNDT  Women's University, Mumbai",,Computer Science and Engineering,DEFRVJS,State Level,92115,65.5460439,57a5734b5689,False,False,VALID,CHECK_BRANCH
2024-2025,CAP1,FE_CAP1_2024_Cutoff_1.csv,4304,"Cummins College of Engineering For Women, Sukhali (Gupchup), Tal. Hingna Hingna Nagpur",,Mechanical Engineering,"Legends: Starting character G-General, L-Ladies, End character H-Home University, O-Other than Home University,S-State Level, AI- All India Seat.S",State Level,128162,46.2784017,9499474ed890,False,True,INVALID_TEXT,MULTIPLE_ISSUES
2024-2025,CAP1,FE_CAP1_2024_Cutoff_1.csv,4304,"Cummins College of Engineering For Women, Sukhali (Gupchup), Tal. Hingna Hingna Nagpur",,Mechanical Engineering,Maharashtra State Seats - Cut Off Indicates Maharashtra State General Merit No.; Figures in bracket Indicates Merit Percentile.S,State Level,56856,80.2743712,127ef3ac12c7,False,False,INVALID_TEXT,MULTIPLE_ISSUES
2024-2025,CAP1,FE_CAP1_2024_Cutoff_1.csv,4304,"Cummins College of Engineering For Women, Sukhali (Gupchup), Tal. Hingna Hingna Nagpur",,Mechanical Engineering,"Legends: Starting character G-General, L-Ladies, End character H-Home University, O-Other than Home University,S-State Level, AI- All India Seat.S",State Level,75534,72.8411223,b715caee4ce9,False,True,INVALID_TEXT,MULTIPLE_ISSUES
2024-2025,CAP1,FE_CAP1_2024_Cutoff_1.csv,4304,"Cummins College of Engineering For Women, Sukhali (Gupchup), Tal. Hingna Hingna Nagpur",,Mechanical Engineering,"Legends: Starting character G-General, L-Ladies, End character H-Home University, O-Other than Home University,S-State Level, AI- All India Seat.S",State Level,162411,19.5522021,083fade67e01,False,True,INVALID_TEXT,MULTIPLE_ISSUES
2024-2025,CAP1,FE_CAP1_2024_Cutoff_1.csv,6276,"MKSSS's Cummins College of Engineering for Women, Karvenagar,Pune",,Mechatronics Engineering,"Legends: Starting character G-General, L-Ladies, End character H-Home University, O-Other than Home University,S-State Level, AI- All India Seat.S",State Level,2160,99.2159715,19f31f86fb10,False,True,INVALID_TEXT,MULTIPLE_ISSUES
2024-2025,CAP1,FE_CAP1_2024_Cutoff_1.csv,6276,"MKSSS's Cummins College of Engineering for Women, Karvenagar,Pune",,Mechatronics Engineering,Maharashtra State Seats - Cut Off Indicates Maharashtra State General Merit No.; Figures in bracket Indicates Merit Percentile.S,State Level,16448,94.5541467,eba0315a23db,False,True,INVALID_TEXT,MULTIPLE_ISSUES
2024-2025,CAP1,FE_CAP1_2024_Cutoff_1.csv,6276,"MKSSS's Cummins College of Engineering for Women, Karvenagar,Pune",,Mechatronics Engineering,DS,State Level,49936,82.7776364,e2059f9439fc,False,True,VALID,CHECK_BRANCH
2024-2025,CAP1,FE_CAP1_2024_Cutoff_1.csv,6276,"MKSSS's Cummins College of Engineering for Women, Karvenagar,Pune",,Mechatronics Engineering,State Common Entrance Test CellS,State Level,8462,97.1866689,20817bdad85a,False,True,INVALID_TEXT,MULTIPLE_ISSUES
2024-2025,CAP1,FE_CAP1_2024_Cutoff_1.csv,6276,"MKSSS's Cummins College of Engineering for Women, Karvenagar,Pune",,Mechatronics Engineering,Cut Off List for Maharashtra & Minority Seats of CAP Round I for Admission to First Year of Four YearS,State Level,9236,96.936767,9a4a4dbfbad7,False,True,INVALID_TEXT,MULTIPLE_ISSUES
2024-2025,CAP1,FE_CAP1_2024_Cutoff_1.csv,6276,"MKSSS's Cummins College of Engineering for Women, Karvenagar,Pune",,Mechatronics Engineering,Degree Courses In Engineering and Technology & Master of Engineering and Technology (Integrated 5 Years) for the Year 2024-25S,State Level,8202,97.2746244,c4ae23e90589,False,True,INVALID_TEXT,MULTIPLE_ISSUES
2024-2025,CAP1,FE_CAP1_2024_Cutoff_1.csv,6276,"MKSSS's Cummins College of Engineering for Women, Karvenagar,Pune",,Mechatronics Engineering,LOPENS,State Level,4953,98.3152612,5e2a0a7689b1,False,True,VALID,CHECK_BRANCH
2024-2025,CAP1,FE_CAP1_2024_Cutoff_1.csv,6276,"MKSSS's Cummins College of Engineering for Women, Karvenagar,Pune",,Mechatronics Engineering,LSCS,State Level,3300,98.840158,c16c644df71a,False,True,VALID,CHECK_BRANCH
2024-2025,CAP1,FE_CAP1_2024_Cutoff_1.csv,6276,"MKSSS's Cummins College of Engineering for Women, Karvenagar,Pune",,Mechatronics Engineering,LSTS,State Level,3928,98.632301,0d7c0e21ef67,False,True,VALID,CHECK_BRANCH
2024-2025,CAP1,FE_CAP1_2024_Cutoff_1.csv,6276,"MKSSS's Cummins College of Engineering for Women, Karvenagar,Pune",,Mechatronics Engineering,LVJS,State Level,31747,89.2835379,6ebc16b9f41e,False,True,VALID,CHECK_BRANCH
2024-2025,CAP1,FE_CAP1_2024_Cutoff_1.csv,6276,"MKSSS's Cummins College of Engineering for Women, Karvenagar,Pune",,Mechatronics Engineering,LNT1S,State Level,108003,57.3310702,865722417b54,False,True,VALID,CHECK_BRANCH
2024-2025,CAP1,FE_CAP1_2024_Cutoff_1.csv,6276,"MKSSS's Cummins College of Engineering for Women, Karvenagar,Pune",,Mechatronics Engineering,LNT2S,State Level,4884,98.3328981,c1c7e4950b04,False,True,VALID,CHECK_BRANCH
2024-2025,CAP1,FE_CAP1_2024_Cutoff_1.csv,6276,"MKSSS's Cummins College of Engineering for Women, Karvenagar,Pune",,Mechatronics Engineering,LNT3S,State Level,43591,85.0982359,753b50099e0f,False,True,VALID,CHECK_BRANCH
2024-2025,CAP1,FE_CAP1_2024_Cutoff_1.csv,6276,"MKSSS's Cummins College of Engineering for Women, Karvenagar,Pune",,Mechatronics Engineering,LOBCS,State Level,9290,96.9076289,bb59464f0116,False,True,VALID,CHECK_BRANCH
2024-2025,CAP1,FE_CAP1_2024_Cutoff_1.csv,6276,"MKSSS's Cummins College of Engineering for Women, Karvenagar,Pune",,Mechatronics Engineering,LSEBCS,State Level,10610,96.5111495,2c05d772e45f,False,True,VALID,CHECK_BRANCH
2024-2025,CAP1,FE_CAP1_2024_Cutoff_1.csv,6276,"MKSSS's Cummins College of Engineering for Women, Karvenagar,Pune",,Mechatronics Engineering,PWDOPENS,State Level,43561,85.0982359,f9507d25fb13,False,True,VALID,CHECK_BRANCH
2024-2025,CAP1,FE_CAP1_2024_Cutoff_1.csv,6276,"MKSSS's Cummins College of Engineering for Women, Karvenagar,Pune",,Mechatronics Engineering,PWDOBCS,State Level,7456,97.5292884,2dc884647a7f,False,True,VALID,CHECK_BRANCH
2024-2025,CAP1,FE_CAP1_2024_Cutoff_1.csv,6276,"MKSSS's Cummins College of Engineering for Women, Karvenagar,Pune",,Mechatronics Engineering,DEFOPENS,State Level,44639,84.6087386,aa93a43a4685,False,True,VALID,CHECK_BRANCH
2024-2025,CAP1,FE_CAP1_2024_Cutoff_1.csv,6276,"MKSSS's Cummins College of Engineering for Women, Karvenagar,Pune",,Mechatronics Engineering,DEFSCS,State Level,4248,98.5392956,c8181ad24620,False,True,VALID,CHECK_BRANCH
2024-2025,CAP1,FE_CAP1_2024_Cutoff_1.csv,6276,"MKSSS's Cummins College of Engineering for Women, Karvenagar,Pune",,Mechatronics Engineering,0627624650F - Information TechnologyS,State Level,3337,98.8358603,7789bfad8d50,False,False,INVALID_TEXT,MULTIPLE_ISSUES
2024-2025,CAP1,FE_CAP1_2024_Cutoff_1.csv,6276,"MKSSS's Cummins College of Engineering for Women, Karvenagar,Pune",,Mechatronics Engineering,LOPENS,State Level,19186,93.6592391,90f89c130442,False,True,VALID,CHECK_BRANCH
2024-2025,CAP1,FE_CAP1_2024_Cutoff_1.csv,6276,"MKSSS's Cummins College of Engineering for Women, Karvenagar,Pune",,Mechatronics Engineering,LSCS,State Level,65628,76.7776254,13a0edba2199,False,True,VALID,CHECK_BRANCH
2024-2025,CAP1,FE_CAP1_2024_Cutoff_1.csv,6276,"MKSSS's Cummins College of Engineering for Women, Karvenagar,Pune",,Mechatronics Engineering,LSTS,State Level,11761,96.1353059,8dad94c5f31b,False,True,VALID,CHECK_BRANCH
2024-2025,CAP1,FE_CAP1_2024_Cutoff_1.csv,6276,"MKSSS's Cummins College of Engineering for Women, Karvenagar,Pune",,Mechatronics Engineering,LVJS,State Level,10434,96.5548768,cdc96a9f9418,False,True,VALID,CHECK_BRANCH
2024-2025,CAP1,FE_CAP1_2024_Cutoff_1.csv,6276,"MKSSS's Cummins College of Engineering for Women, Karvenagar,Pune",,Mechatronics Engineering,LNT1S,State Level,10495,96.5413029,c52de2129bba,False,True,VALID,CHECK_BRANCH
2024-2025,CAP1,FE_CAP1_2024_Cutoff_1.csv,6276,"MKSSS's Cummins College of Engineering for Women, Karvenagar,Pune",,Mechatronics Engineering,LNT2S,State Level,6612,97.7921424,6c9f95cdb73a,False,True,VALID,CHECK_BRANCH
2024-2025,CAP1,FE_CAP1_2024_Cutoff_1.csv,6276,"MKSSS's Cummins College of Engineering for Women, Karvenagar,Pune",,Mechatronics Engineering,LNT3S,State Level,4034,98.6114738,5e8e249ba437,False,True,VALID,CHECK_BRANCH
2024-2025,CAP1,FE_CAP1_2024_Cutoff_1.csv,6276,"MKSSS's Cummins College of Engineering for Women, Karvenagar,Pune",,Mechatronics Engineering,LOBCS,State Level,5690,98.0817663,ecb26228bbf6,False,True,VALID,CHECK_BRANCH
2024-2025,CAP1,FE_CAP1_2024_Cutoff_1.csv,6276,"MKSSS's Cummins College of Engineering for Women, Karvenagar,Pune",,Mechatronics Engineering,LSEBCS,State Level,57234,80.0921435,6401c25b59fd,False,True,VALID,CHECK_BRANCH
2024-2025,CAP1,FE_CAP1_2024_Cutoff_1.csv,6276,"MKSSS's Cummins College of Engineering for Women, Karvenagar,Pune",,Mechatronics Engineering,PWDOPENS,State Level,107825,57.414259,bcd530a806ca,False,True,VALID,CHECK_BRANCH
2024-2025,CAP1,FE_CAP1_2024_Cutoff_1.csv,6276,"MKSSS's Cummins College of Engineering for Women, Karvenagar,Pune",,Mechatronics Engineering,PWDOBCS,State Level,8302,97.2230306,690a4c81a9e6,False,True,VALID,CHECK_BRANCH
2024-2025,CAP1,FE_CAP1_2024_Cutoff_1.csv,6276,"MKSSS's Cummins College of Engineering for Women, Karvenagar,Pune",,Mechatronics Engineering,DEFOPENS,State Level,67966,76.0337773,92677922196c,False,True,VALID,CHECK_BRANCH
2024-2025,CAP1,FE_CAP1_2024_Cutoff_1.csv,6276,"MKSSS's Cummins College of Engineering for Women, Karvenagar,Pune",,Mechatronics Engineering,DEFSCS,State Level,12442,95.8725715,44c6e98ef83a,False,True,VALID,CHECK_BRANCH
2024-2025,CAP1,FE_CAP1_2024_Cutoff_1.csv,6276,"MKSSS's Cummins College of Engineering for Women, Karvenagar,Pune",,Mechatronics Engineering,DEFOBCS,State Level,100228,61.6354671,9e90383628ee,False,True,VALID,CHECK_BRANCH
2024-2025,CAP1,FE_CAP1_2024_Cutoff_1.csv,6276,"MKSSS's Cummins College of Engineering for Women, Karvenagar,Pune",,Mechatronics Engineering,ORPHAN,State Level,6397,97.857501,ec346fe8078c,False,False,VALID,CHECK_BRANCH
2024-2025,CAP1,FE_CAP1_2024_Cutoff_1.csv,6276,"MKSSS's Cummins College of Engineering for Women, Karvenagar,Pune",,Mechatronics Engineering,0627637250F - Electronics and Telecommunication EnggS,State Level,5862,98.0237629,1258029dd153,False,False,INVALID_TEXT,MULTIPLE_ISSUES
2024-2025,CAP1,FE_CAP1_2024_Cutoff_1.csv,6276,"MKSSS's Cummins College of Engineering for Women, Karvenagar,Pune",,Mechatronics Engineering,LOPENS,State Level,27022,90.9279807,87506de1dee4,False,True,VALID,CHECK_BRANCH
2024-2025,CAP1,FE_CAP1_2024_Cutoff_1.csv,6276,"MKSSS's Cummins College of Engineering for Women, Karvenagar,Pune",,Mechatronics Engineering,LSCS,State Level,177191,3.5587921,082c97132d2f,False,True,VALID,CHECK_BRANCH
2024-2025,CAP1,FE_CAP1_2024_Cutoff_1.csv,6276,"MKSSS's Cummins College of Engineering for Women, Karvenagar,Pune",,Mechatronics Engineering,LSTS,State Level,32022,89.2149834,abd590dea25d,False,True,VALID,CHECK_BRANCH
2024-2025,CAP1,FE_CAP1_2024_Cutoff_1.csv,6276,"MKSSS's Cummins College of Engineering for Women, Karvenagar,Pune",,Mechatronics Engineering,LVJS,State Level,19502,93.4923537,f29cd736cc6a,False,True,VALID,CHECK_BRANCH
2024-2025,CAP1,FE_CAP1_2024_Cutoff_1.csv,6276,"MKSSS's Cummins College of Engineering for Women, Karvenagar,Pune",,Mechatronics Engineering,LNT1S,State Level,14231,95.2915264,46f8b6ddffb5,False,True,VALID,CHECK_BRANCH
2024-2025,CAP1,FE_CAP1_2024_Cutoff_1.csv,6276,"MKSSS's Cummins College of Engineering for Women, Karvenagar,Pune",,Mechatronics Engineering,LNT2S,State Level,18028,93.9958778,b456b2a135f4,False,True,VALID,CHECK_BRANCH
2024-2025,CAP1,FE_CAP1_2024_Cutoff_1.csv,6276,"MKSSS's Cummins College of Engineering for Women, Karvenagar,Pune",,Mechatronics Engineering,LNT3S,State Level,7141,97.6103421,eebe8433b608,False,True,VALID,CHECK_BRANCH
2024-2025,CAP1,FE_CAP1_2024_Cutoff_1.csv,6276,"MKSSS's Cummins College of Engineering for Women, Karvenagar,Pune",,Mechatronics Engineering,LOBCS,State Level,8034,97.3250291,37290ee091cb,False,True,VALID,CHECK_BRANCH
2024-2025,CAP1,FE_CAP1_2024_Cutoff_1.csv,6276,"MKSSS's Cummins College of Engineering for Women, Karvenagar,Pune",,Mechatronics Engineering,LSEBCS,State Level,174484,7.151896,de5a81ca0a0a,False,True,VALID,CHECK_BRANCH
2024-2025,CAP1,FE_CAP1_2024_Cutoff_1.csv,6276,"MKSSS's Cummins College of Engineering for Women, Karvenagar,Pune",,Mechatronics Engineering,PWDOPENS,State Level,12083,96.0032261,5604d958b7b0,False,True,VALID,CHECK_BRANCH
2024-2025,CAP1,FE_CAP1_2024_Cutoff_1.csv,6276,"MKSSS's Cummins College of Engineering for Women, Karvenagar,Pune",,Mechatronics Engineering,DEFOPENS,State Level,58905,79.4895283,18c51c6546d0,False,True,VALID,CHECK_BRANCH
2024-2025,CAP1,FE_CAP1_2024_Cutoff_1.csv,6276,"MKSSS's Cummins College of Engineering for Women, Karvenagar,Pune",,Mechatronics Engineering,DEFSCS,State Level,20504,93.1821856,818d4ebf5fec,False,True,VALID,CHECK_BRANCH
2024-2025,CAP1,FE_CAP1_2024_Cutoff_1.csv,6276,"MKSSS's Cummins College of Engineering for Women, Karvenagar,Pune",,Mechatronics Engineering,DEFOBCS,State Level,26643,91.0655077,bdf9979428a3,False,True,VALID,CHECK_BRANCH
2024-2025,CAP1,FE_CAP1_2024_Cutoff_1.csv,6276,"MKSSS's Cummins College of Engineering for Women, Karvenagar,Pune",,Mechatronics Engineering,DEFSEBCS,State Level,21253,92.9153295,70e4d75cdab9,False,False,VALID,CHECK_BRANCH
2024-2025,CAP1,FE_CAP1_2024_Cutoff_1.csv,6276,"MKSSS's Cummins College of Engineering for Women, Karvenagar,Pune",,Mechatronics Engineering,DEFROBCS,State Level,10471,96.5441146,91e7f1f3aafc,False,True,VALID,CHECK_BRANCH
2024-2025,CAP1,FE_CAP1_2024_Cutoff_1.csv,6276,"MKSSS's Cummins College of Engineering for Women, Karvenagar,Pune",,Mechatronics Engineering,0627646450F - Instrumentation and Control EngineeringS,State Level,9989,96.7175957,03e153582e54,False,False,INVALID_TEXT,MULTIPLE_ISSUES
2024-2025,CAP1,FE_CAP1_2024_Cutoff_1.csv,6276,"MKSSS's Cummins College of Engineering for Women, Karvenagar,Pune",,Mechatronics Engineering,LOPENS,State Level,53750,81.3894523,01ca64867519,False,True,VALID,CHECK_BRANCH
2024-2025,CAP1,FE_CAP1_2024_Cutoff_1.csv,6276,"MKSSS's Cummins College of Engineering for Women, Karvenagar,Pune",,Mechatronics Engineering,LSCS,State Level,126790,46.5102928,2a8d267894d6,False,True,VALID,CHECK_BRANCH
2024-2025,CAP1,FE_CAP1_2024_Cutoff_1.csv,6276,"MKSSS's Cummins College of Engineering for Women, Karvenagar,Pune",,Mechatronics Engineering,LSTS,State Level,50170,82.7090241,2b7bf565cb5c,False,True,VALID,CHECK_BRANCH
2024-2025,CAP1,FE_CAP1_2024_Cutoff_1.csv,6276,"MKSSS's Cummins College of Engineering for Women, Karvenagar,Pune",,Mechatronics Engineering,LVJS,State Level,21469,92.8488216,fa2f470bdf47,False,True,VALID,CHECK_BRANCH
2024-2025,CAP1,FE_CAP1_2024_Cutoff_1.csv,6276,"MKSSS's Cummins College of Engineering for Women, Karvenagar,Pune",,Mechatronics Engineering,LNT1S,State Level,17466,94.2061358,eacfde1c6952,False,True,VALID,CHECK_BRANCH
2024-2025,CAP1,FE_CAP1_2024_Cutoff_1.csv,6276,"MKSSS's Cummins College of Engineering for Women, Karvenagar,Pune",,Mechatronics Engineering,LNT2S,State Level,14653,95.1705464,27cc82d1d026,False,True,VALID,CHECK_BRANCH
2024-2025,CAP1,FE_CAP1_2024_Cutoff_1.csv,6276,"MKSSS's Cummins College of Engineering for Women, Karvenagar,Pune",,Mechatronics Engineering,LOBCS,State Level,21691,92.7610886,a1462e207a6e,False,True,VALID,CHECK_BRANCH
2024-2025,CAP1,FE_CAP1_2024_Cutoff_1.csv,6276,"MKSSS's Cummins College of Engineering for Women, Karvenagar,Pune",,Mechatronics Engineering,LSEBCS,State Level,16610,94.4796463,4137c2afe062,False,True,VALID,CHECK_BRANCH
2024-2025,CAP1,FE_CAP1_2024_Cutoff_1.csv,6276,"MKSSS's Cummins College of Engineering for Women, Karvenagar,Pune",,Mechatronics Engineering,DEFOPENS,State Level,47695,83.5806009,9be526a0bdbb,False,True,VALID,CHECK_BRANCH
2024-2025,CAP1,FE_CAP1_2024_Cutoff_1.csv,6276,"MKSSS's Cummins College of Engineering for Women, Karvenagar,Pune",,Mechatronics Engineering,DEFROBCS,State Level,28017,90.5913294,a0d659123bba,False,True,VALID,CHECK_BRANCH
2024-2025,CAP1,FE_CAP1_2024_Cutoff_1.csv,6276,"MKSSS's Cummins College of Engineering for Women, Karvenagar,Pune",,Mechatronics Engineering,"Legends: Starting character G-General, L-Ladies, End character H-Home University, O-Other than Home University,S-State Level, AI- All India Seat.S",State Level,9513,96.8688845,a8c41fa63516,False,True,INVALID_TEXT,MULTIPLE_ISSUES
2024-2025,CAP1,FE_CAP1_2024_Cutoff_1.csv,6276,"MKSSS's Cummins College of Engineering for Women, Karvenagar,Pune",,Mechatronics Engineering,Maharashtra State Seats - Cut Off Indicates Maharashtra State General Merit No.; Figures in bracket Indicates Merit Percentile.S,State Level,41962,85.5052176,51712bf90cb6,False,True,INVALID_TEXT,MULTIPLE_ISSUES
2024-2025,CAP1,FE_CAP1_2024_Cutoff_1.csv,6276,"MKSSS's Cummins College of Engineering for Women, Karvenagar,Pune",,Mechatronics Engineering,DS,State Level,80236,70.8722936,f61ed000a169,False,True,VALID,CHECK_BRANCH
2024-2025,CAP1,FE_CAP1_2024_Cutoff_1.csv,6276,"MKSSS's Cummins College of Engineering for Women, Karvenagar,Pune",,Mechatronics Engineering,State Common Entrance Test CellS,State Level,43369,85.2125768,f51eec196ef2,False,True,INVALID_TEXT,MULTIPLE_ISSUES
2024-2025,CAP1,FE_CAP1_2024_Cutoff_1.csv,6276,"MKSSS's Cummins College of Engineering for Women, Karvenagar,Pune",,Mechatronics Engineering,Cut Off List for Maharashtra & Minority Seats of CAP Round I for Admission to First Year of Four YearS,State Level,17423,94.2112699,b360fdc7bc3f,False,True,INVALID_TEXT,MULTIPLE_ISSUES
2024-2025,CAP1,FE_CAP1_2024_Cutoff_1.csv,6276,"MKSSS's Cummins College of Engineering for Women, Karvenagar,Pune",,Mechatronics Engineering,Degree Courses In Engineering and Technology & Master of Engineering and Technology (Integrated 5 Years) for the Year 2024-25S,State Level,22003,92.66353,4cec18021c5e,False,True,INVALID_TEXT,MULTIPLE_ISSUES
2024-2025,CAP1,FE_CAP1_2024_Cutoff_1.csv,6276,"MKSSS's Cummins College of Engineering for Women, Karvenagar,Pune",,Mechatronics Engineering,LOPENS,State Level,24263,91.9110293,65eab56a7fc5,False,True,VALID,CHECK_BRANCH
2024-2025,CAP1,FE_CAP1_2024_Cutoff_1.csv,6276,"MKSSS's Cummins College of Engineering for Women, Karvenagar,Pune",,Mechatronics Engineering,LSCS,State Level,12086,96.0032261,0adaa998ed67,False,True,VALID,CHECK_BRANCH
2024-2025,CAP1,FE_CAP1_2024_Cutoff_1.csv,6276,"MKSSS's Cummins College of Engineering for Women, Karvenagar,Pune",,Mechatronics Engineering,LSTS,State Level,15473,94.8376426,10525c73b9c0,False,True,VALID,CHECK_BRANCH
2024-2025,CAP1,FE_CAP1_2024_Cutoff_1.csv,6276,"MKSSS's Cummins College of Engineering for Women, Karvenagar,Pune",,Mechatronics Engineering,LVJS,State Level,30754,89.591785,274e7ac0a35b,False,True,VALID,CHECK_BRANCH
2024-2025,CAP1,FE_CAP1_2024_Cutoff_1.csv,6276,"MKSSS's Cummins College of Engineering for Women, Karvenagar,Pune",,Mechatronics Engineering,LNT1S,State Level,55197,80.7858869,575fe2cc6286,False,True,VALID,CHECK_BRANCH
2024-2025,CAP1,FE_CAP1_2024_Cutoff_1.csv,6276,"MKSSS's Cummins College of Engineering for Women, Karvenagar,Pune",,Mechatronics Engineering,LNT2S,State Level,17939,94.0591659,d8ba4d0e1941,False,True,VALID,CHECK_BRANCH
2024-2025,CAP1,FE_CAP1_2024_Cutoff_1.csv,6285,"Bharati Vidyapeeth's College of Engineering for Women, Katraj, Dhankawadi, Pune",,Artificial Intelligence and Data Science,"Legends: Starting character G-General, L-Ladies, End character H-Home University, O-Other than Home University,S-State Level, AI- All India Seat.S",State Level,27074,90.9017918,4b4c57671a54,False,True,INVALID_TEXT,MULTIPLE_ISSUES
2024-2025,CAP1,FE_CAP1_2024_Cutoff_1.csv,6285,"Bharati Vidyapeeth's College of Engineering for Women, Katraj, Dhankawadi, Pune",,Artificial Intelligence and Data Science,Maharashtra State Seats - Cut Off Indicates Maharashtra State General Merit No.; Figures in bracket Indicates Merit Percentile.S,State Level,37720,87.1298889,fa0d526c62d0,False,True,INVALID_TEXT,MULTIPLE_ISSUES
2024-2025,CAP1,FE_CAP1_2024_Cutoff_1.csv,6285,"Bharati Vidyapeeth's College of Engineering for Women, Katraj, Dhankawadi, Pune",,Artificial Intelligence and Data Science,DS,State Level,26479,91.1978661,85f3f24fc34e,False,True,VALID,CHECK_BRANCH
2024-2025,CAP1,FE_CAP1_2024_Cutoff_1.csv,6285,"Bharati Vidyapeeth's College of Engineering for Women, Katraj, Dhankawadi, Pune",,Artificial Intelligence and Data Science,"Legends: Starting character G-General, L-Ladies, End character H-Home University, O-Other than Home University,S-State Level, AI- All India Seat.S",State Level,33327,88.7353399,7fb7911ad2e9,False,True,INVALID_TEXT,MULTIPLE_ISSUES
2024-2025,CAP1,FE_CAP1_2024_Cutoff_1.csv,6285,"Bharati Vidyapeeth's College of Engineering for Women, Katraj, Dhankawadi, Pune",,Artificial Intelligence and Data Science,Maharashtra State Seats - Cut Off Indicates Maharashtra State General Merit No.; Figures in bracket Indicates Merit Percentile.S,State Level,39378,86.5743889,2b0a7aa45a56,False,True,INVALID_TEXT,MULTIPLE_ISSUES
2024-2025,CAP1,FE_CAP1_2024_Cutoff_1.csv,6285,"Bharati Vidyapeeth's College of Engineering for Women, Katraj, Dhankawadi, Pune",,Artificial Intelligence and Data Science,DS,State Level,32144,89.1373005,79af91f591ff,False,True,VALID,CHECK_BRANCH
2024-2025,CAP1,FE_CAP1_2024_Cutoff_1.csv,6285,"Bharati Vidyapeeth's College of Engineering for Women, Katraj, Dhankawadi, Pune",,Artificial Intelligence and Data Science,"Legends: Starting character G-General, L-Ladies, End character H-Home University, O-Other than Home University,S-State Level, AI- All India Seat.S",State Level,55728,80.6344635,72a5398b2015,False,True,INVALID_TEXT,MULTIPLE_ISSUES
2024-2025,CAP1,FE_CAP1_2024_Cutoff_1.csv,6285,"Bharati Vidyapeeth's College of Engineering for Women, Katraj, Dhankawadi, Pune",,Artificial Intelligence and Data Science,Maharashtra State Seats - Cut Off Indicates Maharashtra State General Merit No.; Figures in bracket Indicates Merit Percentile.S,State Level,85108,68.7156482,8849bee88237,False,True,INVALID_TEXT,MULTIPLE_ISSUES
2024-2025,CAP1,FE_CAP1_2024_Cutoff_1.csv,6285,"Bharati Vidyapeeth's College of Engineering for Women, Katraj, Dhankawadi, Pune",,Artificial Intelligence and Data Science,DS,State Level,77397,72.1239122,b21d4c3f15ec,False,True,VALID,CHECK_BRANCH
2024-2025,CAP1,FE_CAP1_2024_Cutoff_1.csv,6285,"Bharati Vidyapeeth's College of Engineering for Women, Katraj, Dhankawadi, Pune",,Artificial Intelligence and Data Science,State Common Entrance Test CellS,State Level,59025,79.4895283,0483f805d864,False,False,INVALID_TEXT,MULTIPLE_ISSUES
2024-2025,CAP1,FE_CAP1_2024_Cutoff_1.csv,6938,Shree Siddheshwar Women's College Of Engineering Solapur.,,Electronics and Computer Engineering,"Legends: Starting character G-General, L-Ladies, End character H-Home University, O-Other than Home University,S-State Level, AI- All India Seat.S",State Level,141044,37.6014199,816bc5060fa9,False,True,INVALID_TEXT,MULTIPLE_ISSUES
2024-2025,CAP1,FE_CAP1_2024_Cutoff_1.csv,6938,Shree Siddheshwar Women's College Of Engineering Solapur.,,Electronics and Computer Engineering,Maharashtra State Seats - Cut Off Indicates Maharashtra State General Merit No.; Figures in bracket Indicates Merit Percentile.S,State Level,95132,63.7045846,e4b51230b2d2,False,False,INVALID_TEXT,MULTIPLE_ISSUES
2024-2025,CAP1,FE_CAP1_2024_Cutoff_1.csv,6938,Shree Siddheshwar Women's College Of Engineering Solapur.,,Electronics and Computer Engineering,"Legends: Starting character G-General, L-Ladies, End character H-Home University, O-Other than Home University,S-State Level, AI- All India Seat.S",State Level,143258,35.5925864,116f70a39ba6,False,True,INVALID_TEXT,MULTIPLE_ISSUES
2024-2025,CAP1,FE_CAP1_2024_Cutoff_1.csv,6938,Shree Siddheshwar Women's College Of Engineering Solapur.,,Electronics and Computer Engineering,"Legends: Starting character G-General, L-Ladies, End character H-Home University, O-Other than Home University,S-State Level, AI- All India Seat.S",State Level,113501,54.3920183,c1d5b6b3416e,False,True,INVALID_TEXT,MULTIPLE_ISSUES
2024-2025,CAP1,FE_CAP1_2024_Cutoff_1.csv,6938,Shree Siddheshwar Women's College Of Engineering Solapur.,,Electronics and Computer Engineering,"Legends: Starting character G-General, L-Ladies, End character H-Home University, O-Other than Home University,S-State Level, AI- All India Seat.S",State Level,132946,42.8773305,90e4392b4fec,False,True,INVALID_TEXT,MULTIPLE_ISSUES
2024-2025,CAP1,FE_CAP1_2024_Cutoff_1.csv,6938,Shree Siddheshwar Women's College Of Engineering Solapur.,,Electronics and Computer Engineering,"Legends: Starting character G-General, L-Ladies, End character H-Home University, O-Other than Home University,S-State Level, AI- All India Seat.S",State Level,110722,56.5649954,798f02cd8df5,False,True,INVALID_TEXT,MULTIPLE_ISSUES
2024-2025,CAP2,FE_CAP2_2024_Cutoff_2.csv,3025,Svkm's Shri Bhagubhai Mafatlal Polytechnic & College of Engineering,,Mechanical Engineering,"Legends:Start Character G-General, L-Ladies, End Character H-Home University, O-Other than Home University, S-State Level,S",State Level,40017,86.2308451,2deef087379e,False,True,INVALID_TEXT,MULTIPLE_ISSUES
2024-2025,CAP2,FE_CAP2_2024_Cutoff_2.csv,3025,Svkm's Shri Bhagubhai Mafatlal Polytechnic & College of Engineering,,Mechanical Engineering,"Legends:Start Character G-General, L-Ladies, End Character H-Home University, O-Other than Home University, S-State Level,S",State Level,34485,88.2040568,1b6baec1c77c,False,True,INVALID_TEXT,MULTIPLE_ISSUES
2024-2025,CAP2,FE_CAP2_2024_Cutoff_2.csv,3025,Svkm's Shri Bhagubhai Mafatlal Polytechnic & College of Engineering,,Mechanical Engineering,"Legends:Start Character G-General, L-Ladies, End Character H-Home University, O-Other than Home University, S-State Level,S",State Level,52199,81.934184,31f7e212f7c2,False,True,INVALID_TEXT,MULTIPLE_ISSUES
2024-2025,CAP2,FE_CAP2_2024_Cutoff_2.csv,3025,Svkm's Shri Bhagubhai Mafatlal Polytechnic & College of Engineering,,Mechanical Engineering,"Legends:Start Character G-General, L-Ladies, End Character H-Home University, O-Other than Home University, S-State Level,S",State Level,37109,87.4463921,ed7437a6290d,False,True,INVALID_TEXT,MULTIPLE_ISSUES
2024-2025,CAP2,FE_CAP2_2024_Cutoff_2.csv,3035,"Usha Mittal Institute of Technology SNDT  Women's University, Mumbai",,Computer Science and Engineering,"Legends:Start Character G-General, L-Ladies, End Character H-Home University, O-Other than Home University, S-State Level,S",State Level,20681,93.1131822,9177116b4519,False,True,INVALID_TEXT,MULTIPLE_ISSUES
2024-2025,CAP2,FE_CAP2_2024_Cutoff_2.csv,3035,"Usha Mittal Institute of Technology SNDT  Women's University, Mumbai",,Computer Science and Engineering,"PWDR : PWD Common Reserved Seat, DEFR : Defense Common Reserved Seat.",State Level,52286,81.8420405,a05fc2bb42aa,False,True,INVALID_TEXT,MULTIPLE_ISSUES
2024-2025,CAP2,FE_CAP2_2024_Cutoff_2.csv,3035,"Usha Mittal Institute of Technology SNDT  Women's University, Mumbai",,Computer Science and Engineering,Maharashtra State Seats - Cut Off Indicates State General Merit No.; Figures in bracket Indicates Merit Percentile.S,State Level,172983,8.946165,9a8b5de9af3f,False,True,INVALID_TEXT,MULTIPLE_ISSUES
2024-2025,CAP2,FE_CAP2_2024_Cutoff_2.csv,3035,"Usha Mittal Institute of Technology SNDT  Women's University, Mumbai",,Computer Science and Engineering,DS,State Level,22225,92.5961339,5c90e366b1ff,False,True,VALID,CHECK_BRANCH
2024-2025,CAP2,FE_CAP2_2024_Cutoff_2.csv,3035,"Usha Mittal Institute of Technology SNDT  Women's University, Mumbai",,Computer Science and Engineering,State Common Entrance Test CellS,State Level,50792,82.5540242,c2462743b987,False,True,INVALID_TEXT,MULTIPLE_ISSUES
2024-2025,CAP2,FE_CAP2_2024_Cutoff_2.csv,3035,"Usha Mittal Institute of Technology SNDT  Women's University, Mumbai",,Computer Science and Engineering,Cut Off List for Maharashtra & Minority Seats of CAP Round - II for the Admission to the First Year of Four YearS,State Level,30229,89.8015148,f8a90f0b6316,False,True,INVALID_TEXT,MULTIPLE_ISSUES
2024-2025,CAP2,FE_CAP2_2024_Cutoff_2.csv,3035,"Usha Mittal Institute of Technology SNDT  Women's University, Mumbai",,Computer Science and Engineering,Degree Courses In Engineering and Technology & Master of Engineering and Technology (Integrated 5 Years) for the Year 2024-25S,State Level,48368,83.4700421,20b701d021c4,False,False,INVALID_TEXT,MULTIPLE_ISSUES
2024-2025,CAP2,FE_CAP2_2024_Cutoff_2.csv,3035,"Usha Mittal Institute of Technology SNDT  Women's University, Mumbai",,Computer Science and Engineering,LOPENS,State Level,160195,22.0578726,5e60d9bc71d9,False,True,VALID,CHECK_BRANCH
2024-2025,CAP2,FE_CAP2_2024_Cutoff_2.csv,3035,"Usha Mittal Institute of Technology SNDT  Women's University, Mumbai",,Computer Science and Engineering,LSCS,State Level,43392,85.2125768,7d2b61c9fa37,False,True,VALID,CHECK_BRANCH
2024-2025,CAP2,FE_CAP2_2024_Cutoff_2.csv,3035,"Usha Mittal Institute of Technology SNDT  Women's University, Mumbai",,Computer Science and Engineering,I-NonS,State Level,24068,91.9492948,6fea38b53a53,False,True,VALID,CHECK_BRANCH
2024-2025,CAP2,FE_CAP2_2024_Cutoff_2.csv,3035,"Usha Mittal Institute of Technology SNDT  Women's University, Mumbai",,Computer Science and Engineering,PWD,State Level,31409,89.3399508,9d883e8ddfa4,False,True,VALID,CHECK_BRANCH
2024-2025,CAP2,FE_CAP2_2024_Cutoff_2.csv,3035,"Usha Mittal Institute of Technology SNDT  Women's University, Mumbai",,Computer Science and Engineering,VIIS,State Level,23969,92.0088098,c3bde376f7e5,False,True,VALID,CHECK_BRANCH
2024-2025,CAP2,FE_CAP2_2024_Cutoff_2.csv,3035,"Usha Mittal Institute of Technology SNDT  Women's University, Mumbai",,Computer Science and Engineering,0303524650F - Information TechnologyS,State Level,34303,88.4426131,26ba011a9f43,False,False,INVALID_TEXT,MULTIPLE_ISSUES
2024-2025,CAP2,FE_CAP2_2024_Cutoff_2.csv,3035,"Usha Mittal Institute of Technology SNDT  Women's University, Mumbai",,Computer Science and Engineering,LOPENS,State Level,66000,76.6199764,27a27421f6e6,False,True,VALID,CHECK_BRANCH
2024-2025,CAP2,FE_CAP2_2024_Cutoff_2.csv,3035,"Usha Mittal Institute of Technology SNDT  Women's University, Mumbai",,Computer Science and Engineering,LSCS,State Level,35361,88.0525374,b0763fe13b78,False,True,VALID,CHECK_BRANCH
2024-2025,CAP2,FE_CAP2_2024_Cutoff_2.csv,3035,"Usha Mittal Institute of Technology SNDT  Women's University, Mumbai",,Computer Science and Engineering,LSTS,State Level,38890,86.803005,9ba36fa9e08d,False,True,VALID,CHECK_BRANCH
2024-2025,CAP2,FE_CAP2_2024_Cutoff_2.csv,3035,"Usha Mittal Institute of Technology SNDT  Women's University, Mumbai",,Computer Science and Engineering,LNT1S,State Level,53152,81.7098306,57e000702587,False,True,VALID,CHECK_BRANCH
2024-2025,CAP2,FE_CAP2_2024_Cutoff_2.csv,3035,"Usha Mittal Institute of Technology SNDT  Women's University, Mumbai",,Computer Science and Engineering,LOBCS,State Level,69208,75.3516004,360aeaf148ba,False,True,VALID,CHECK_BRANCH
2024-2025,CAP2,FE_CAP2_2024_Cutoff_2.csv,3035,"Usha Mittal Institute of Technology SNDT  Women's University, Mumbai",,Computer Science and Engineering,LSEBCS,State Level,90075,66.4751458,5023e60f9fa5,False,True,VALID,CHECK_BRANCH
2024-2025,CAP2,FE_CAP2_2024_Cutoff_2.csv,3035,"Usha Mittal Institute of Technology SNDT  Women's University, Mumbai",,Computer Science and Engineering,PWDOPENS,State Level,65141,76.8897938,d85c98fe9998,False,False,VALID,CHECK_BRANCH
2024-2025,CAP2,FE_CAP2_2024_Cutoff_2.csv,3035,"Usha Mittal Institute of Technology SNDT  Women's University, Mumbai",,Computer Science and Engineering,I-NonS,State Level,41404,85.8772819,87b3a2aa9deb,False,True,VALID,CHECK_BRANCH
2024-2025,CAP2,FE_CAP2_2024_Cutoff_2.csv,3035,"Usha Mittal Institute of Technology SNDT  Women's University, Mumbai",,Computer Science and Engineering,I-NonS,State Level,35485,88.0194481,3e3f801197c8,False,True,VALID,CHECK_BRANCH
2024-2025,CAP2,FE_CAP2_2024_Cutoff_2.csv,3035,"Usha Mittal Institute of Technology SNDT  Women's University, Mumbai",,Computer Science and Engineering,PWD,State Level,40980,86.0755637,5aa129de340d,False,True,VALID,CHECK_BRANCH
2024-2025,CAP2,FE_CAP2_2024_Cutoff_2.csv,3035,"Usha Mittal Institute of Technology SNDT  Women's University, Mumbai",,Computer Science and Engineering,VIIS,State Level,35891,87.8945473,3a6de9870eb3,False,True,VALID,CHECK_BRANCH
2024-2025,CAP2,FE_CAP2_2024_Cutoff_2.csv,3035,"Usha Mittal Institute of Technology SNDT  Women's University, Mumbai",,Computer Science and Engineering,0303525450F - Computer Science and TechnologyS,State Level,22501,92.5256639,65861d7f5cdf,False,False,INVALID_TEXT,MULTIPLE_ISSUES
2024-2025,CAP2,FE_CAP2_2024_Cutoff_2.csv,3035,"Usha Mittal Institute of Technology SNDT  Women's University, Mumbai",,Computer Science and Engineering,LOPENS,State Level,60299,78.9969285,49c3d0b3c383,False,True,VALID,CHECK_BRANCH
2024-2025,CAP2,FE_CAP2_2024_Cutoff_2.csv,3035,"Usha Mittal Institute of Technology SNDT  Women's University, Mumbai",,Computer Science and Engineering,LSCS,State Level,90097,66.4751458,058be8ecf3e0,False,True,VALID,CHECK_BRANCH
2024-2025,CAP2,FE_CAP2_2024_Cutoff_2.csv,3035,"Usha Mittal Institute of Technology SNDT  Women's University, Mumbai",,Computer Science and Engineering,LSTS,State Level,68388,75.7359803,9827b3951578,False,True,VALID,CHECK_BRANCH
2024-2025,CAP2,FE_CAP2_2024_Cutoff_2.csv,3035,"Usha Mittal Institute of Technology SNDT  Women's University, Mumbai",,Computer Science and Engineering,LNT2S,State Level,41530,85.8632396,f4c004efdb9d,False,True,VALID,CHECK_BRANCH
2024-2025,CAP2,FE_CAP2_2024_Cutoff_2.csv,3035,"Usha Mittal Institute of Technology SNDT  Women's University, Mumbai",,Computer Science and Engineering,LNT3S,State Level,52557,81.8151897,581bb85a71ca,False,True,VALID,CHECK_BRANCH
2024-2025,CAP2,FE_CAP2_2024_Cutoff_2.csv,3035,"Usha Mittal Institute of Technology SNDT  Women's University, Mumbai",,Computer Science and Engineering,LOBCS,State Level,43137,85.2572473,736f1c95b610,False,True,VALID,CHECK_BRANCH
2024-2025,CAP2,FE_CAP2_2024_Cutoff_2.csv,3035,"Usha Mittal Institute of Technology SNDT  Women's University, Mumbai",,Computer Science and Engineering,LSEBCS,State Level,64324,77.5959933,00cec0850fd3,False,True,VALID,CHECK_BRANCH
2024-2025,CAP2,FE_CAP2_2024_Cutoff_2.csv,3035,"Usha Mittal Institute of Technology SNDT  Women's University, Mumbai",,Computer Science and Engineering,I-NonS,State Level,35255,88.0535835,dd0c6e1c5db7,False,True,VALID,CHECK_BRANCH
2024-2025,CAP2,FE_CAP2_2024_Cutoff_2.csv,3035,"Usha Mittal Institute of Technology SNDT  Women's University, Mumbai",,Computer Science and Engineering,I-NonS,State Level,41880,85.5352459,3d6b1fac0f57,False,True,VALID,CHECK_BRANCH
2024-2025,CAP2,FE_CAP2_2024_Cutoff_2.csv,3035,"Usha Mittal Institute of Technology SNDT  Women's University, Mumbai",,Computer Science and Engineering,VIIS,State Level,35123,88.1140239,0d530b437747,False,True,VALID,CHECK_BRANCH
2024-2025,CAP2,FE_CAP2_2024_Cutoff_2.csv,3035,"Usha Mittal Institute of Technology SNDT  Women's University, Mumbai",,Computer Science and Engineering,"Legends:Start Character G-General, L-Ladies, End Character H-Home University, O-Other than Home University, S-State Level,S",State Level,62129,78.1946121,bc694b653152,False,True,INVALID_TEXT,MULTIPLE_ISSUES
2024-2025,CAP2,FE_CAP2_2024_Cutoff_2.csv,3035,"Usha Mittal Institute of Technology SNDT  Women's University, Mumbai",,Computer Science and Engineering,"PWDR : PWD Common Reserved Seat, DEFR : Defense Common Reserved Seat.",State Level,87967,67.5881106,e99e255588b5,False,True,INVALID_TEXT,MULTIPLE_ISSUES
2024-2025,CAP2,FE_CAP2_2024_Cutoff_2.csv,3035,"Usha Mittal Institute of Technology SNDT  Women's University, Mumbai",,Computer Science and Engineering,Maharashtra State Seats - Cut Off Indicates State General Merit No.; Figures in bracket Indicates Merit Percentile.S,State Level,117095,52.814879,dbb7297729b3,False,True,INVALID_TEXT,MULTIPLE_ISSUES
2024-2025,CAP2,FE_CAP2_2024_Cutoff_2.csv,3035,"Usha Mittal Institute of Technology SNDT  Women's University, Mumbai",,Computer Science and Engineering,DS,State Level,119411,51.2170385,a6cfeacd66ac,False,True,VALID,CHECK_BRANCH
2024-2025,CAP2,FE_CAP2_2024_Cutoff_2.csv,3035,"Usha Mittal Institute of Technology SNDT  Women's University, Mumbai",,Computer Science and Engineering,State Common Entrance Test CellS,State Level,65407,76.7997668,a314b3d31f6c,False,True,INVALID_TEXT,MULTIPLE_ISSUES
2024-2025,CAP2,FE_CAP2_2024_Cutoff_2.csv,3035,"Usha Mittal Institute of Technology SNDT  Women's University, Mumbai",,Computer Science and Engineering,Cut Off List for Maharashtra & Minority Seats of CAP Round - II for the Admission to the First Year of Four YearS,State Level,126219,47.4207012,ddce60add3eb,False,True,INVALID_TEXT,MULTIPLE_ISSUES
2024-2025,CAP2,FE_CAP2_2024_Cutoff_2.csv,3035,"Usha Mittal Institute of Technology SNDT  Women's University, Mumbai",,Computer Science and Engineering,I-NonS,State Level,64537,77.2074577,ea0df2f9c59a,False,True,VALID,CHECK_BRANCH
2024-2025,CAP2,FE_CAP2_2024_Cutoff_2.csv,3035,"Usha Mittal Institute of Technology SNDT  Women's University, Mumbai",,Computer Science and Engineering,DefenceS,State Level,80478,70.6178643,dfbefbf57031,False,True,VALID,CHECK_BRANCH
2024-2025,CAP2,FE_CAP2_2024_Cutoff_2.csv,3035,"Usha Mittal Institute of Technology SNDT  Women's University, Mumbai",,Computer Science and Engineering,I-NonS,State Level,64745,77.1713278,edc33b60a98b,False,True,VALID,CHECK_BRANCH
2024-2025,CAP2,FE_CAP2_2024_Cutoff_2.csv,3035,"Usha Mittal Institute of Technology SNDT  Women's University, Mumbai",,Computer Science and Engineering,PWD,State Level,74653,73.3652047,e2835e3a02b5,False,True,VALID,CHECK_BRANCH
2024-2025,CAP2,FE_CAP2_2024_Cutoff_2.csv,3035,"Usha Mittal Institute of Technology SNDT  Women's University, Mumbai",,Computer Science and Engineering,VIIS,State Level,64878,76.933232,7b19a2610dce,False,True,VALID,CHECK_BRANCH
2024-2025,CAP2,FE_CAP2_2024_Cutoff_2.csv,3035,"Usha Mittal Institute of Technology SNDT  Women's University, Mumbai",,Computer Science and Engineering,0303591750F - Data ScienceS,State Level,46174,84.2156613,71fecde6e355,False,False,INVALID_TEXT,MULTIPLE_ISSUES
2024-2025,CAP2,FE_CAP2_2024_Cutoff_2.csv,3035,"Usha Mittal Institute of Technology SNDT  Women's University, Mumbai",,Computer Science and Engineering,LOPENS,State Level,80898,70.5215521,2db4d12b31f5,False,True,VALID,CHECK_BRANCH
2024-2025,CAP2,FE_CAP2_2024_Cutoff_2.csv,3035,"Usha Mittal Institute of Technology SNDT  Women's University, Mumbai",,Computer Science and Engineering,LSCS,State Level,132770,43.1231034,d5e21f3e34aa,False,True,VALID,CHECK_BRANCH
2024-2025,CAP2,FE_CAP2_2024_Cutoff_2.csv,3035,"Usha Mittal Institute of Technology SNDT  Women's University, Mumbai",,Computer Science and Engineering,LSTS,State Level,76105,72.6095528,3607444b8274,False,True,VALID,CHECK_BRANCH
2024-2025,CAP2,FE_CAP2_2024_Cutoff_2.csv,3035,"Usha Mittal Institute of Technology SNDT  Women's University, Mumbai",,Computer Science and Engineering,LVJS,State Level,126659,47.0113809,ecb72de5af92,False,True,VALID,CHECK_BRANCH
2024-2025,CAP2,FE_CAP2_2024_Cutoff_2.csv,3035,"Usha Mittal Institute of Technology SNDT  Women's University, Mumbai",,Computer Science and Engineering,LNT1S,State Level,52065,81.9801476,d5f6cef40c61,False,True,VALID,CHECK_BRANCH
2024-2025,CAP2,FE_CAP2_2024_Cutoff_2.csv,3035,"Usha Mittal Institute of Technology SNDT  Women's University, Mumbai",,Computer Science and Engineering,LNT2S,State Level,67142,76.2466193,685fb3323507,False,True,VALID,CHECK_BRANCH
2024-2025,CAP2,FE_CAP2_2024_Cutoff_2.csv,3035,"Usha Mittal Institute of Technology SNDT  Women's University, Mumbai",,Computer Science and Engineering,LOBCS,State Level,156542,25.0606208,43c20399aa89,False,True,VALID,CHECK_BRANCH
2024-2025,CAP2,FE_CAP2_2024_Cutoff_2.csv,3035,"Usha Mittal Institute of Technology SNDT  Women's University, Mumbai",,Computer Science and Engineering,I-NonS,State Level,54379,81.2084441,b9ac32ee3c2e,False,True,VALID,CHECK_BRANCH
2024-2025,CAP2,FE_CAP2_2024_Cutoff_2.csv,3035,"Usha Mittal Institute of Technology SNDT  Women's University, Mumbai",,Computer Science and Engineering,I-NonS,State Level,49129,82.9978985,e92340bf2e95,False,True,VALID,CHECK_BRANCH
2024-2025,CAP2,FE_CAP2_2024_Cutoff_2.csv,3035,"Usha Mittal Institute of Technology SNDT  Women's University, Mumbai",,Computer Science and Engineering,PWD,State Level,54191,81.2928705,abd36c0df7c6,False,True,VALID,CHECK_BRANCH
2024-2025,CAP2,FE_CAP2_2024_Cutoff_2.csv,3035,"Usha Mittal Institute of Technology SNDT  Women's University, Mumbai",,Computer Science and Engineering,VIIS,State Level,49704,82.7820291,bc9b94950cf2,False,True,VALID,CHECK_BRANCH
2024-2025,CAP2,FE_CAP2_2024_Cutoff_2.csv,3035,"Usha Mittal Institute of Technology SNDT  Women's University, Mumbai",,Computer Science and Engineering,0303599750F - Artificial IntelligenceS,State Level,42506,85.4082122,55045a3e16ae,False,False,INVALID_TEXT,MULTIPLE_ISSUES
2024-2025,CAP2,FE_CAP2_2024_Cutoff_2.csv,3035,"Usha Mittal Institute of Technology SNDT  Women's University, Mumbai",,Computer Science and Engineering,LOPENS,State Level,74367,73.4250332,ebd275272795,False,True,VALID,CHECK_BRANCH
2024-2025,CAP2,FE_CAP2_2024_Cutoff_2.csv,3035,"Usha Mittal Institute of Technology SNDT  Women's University, Mumbai",,Computer Science and Engineering,LSCS,State Level,125556,47.6302148,cc6e4dc91699,False,True,VALID,CHECK_BRANCH
2024-2025,CAP2,FE_CAP2_2024_Cutoff_2.csv,3035,"Usha Mittal Institute of Technology SNDT  Women's University, Mumbai",,Computer Science and Engineering,LSTS,State Level,162185,20.1344161,6495bdffe17c,False,True,VALID,CHECK_BRANCH
2024-2025,CAP2,FE_CAP2_2024_Cutoff_2.csv,3035,"Usha Mittal Institute of Technology SNDT  Women's University, Mumbai",,Computer Science and Engineering,LVJS,State Level,89629,66.8404462,537917a51489,False,True,VALID,CHECK_BRANCH
2024-2025,CAP2,FE_CAP2_2024_Cutoff_2.csv,3035,"Usha Mittal Institute of Technology SNDT  Women's University, Mumbai",,Computer Science and Engineering,LNT2S,State Level,54926,80.9741447,fbca3895cd79,False,True,VALID,CHECK_BRANCH
2024-2025,CAP2,FE_CAP2_2024_Cutoff_2.csv,3035,"Usha Mittal Institute of Technology SNDT  Women's University, Mumbai",,Computer Science and Engineering,LNT3S,State Level,46065,84.2430574,0a636f5a7c91,False,True,VALID,CHECK_BRANCH
2024-2025,CAP2,FE_CAP2_2024_Cutoff_2.csv,3035,"Usha Mittal Institute of Technology SNDT  Women's University, Mumbai",,Computer Science and Engineering,LOBCS,State Level,66281,76.5963466,a3dfdd2249ef,False,True,VALID,CHECK_BRANCH
2024-2025,CAP2,FE_CAP2_2024_Cutoff_2.csv,3035,"Usha Mittal Institute of Technology SNDT  Women's University, Mumbai",,Computer Science and Engineering,LSEBCS,State Level,117528,52.2046883,f74d9bd99624,False,True,VALID,CHECK_BRANCH
2024-2025,CAP2,FE_CAP2_2024_Cutoff_2.csv,3035,"Usha Mittal Institute of Technology SNDT  Women's University, Mumbai",,Computer Science and Engineering,I-NonS,State Level,42992,85.3422371,06698276d8bc,False,True,VALID,CHECK_BRANCH
2024-2025,CAP2,FE_CAP2_2024_Cutoff_2.csv,3035,"Usha Mittal Institute of Technology SNDT  Women's University, Mumbai",,Computer Science and Engineering,DefenceS,State Level,47880,83.5380246,a5b340f3b4bd,False,True,VALID,CHECK_BRANCH
2024-2025,CAP2,FE_CAP2_2024_Cutoff_2.csv,3035,"Usha Mittal Institute of Technology SNDT  Women's University, Mumbai",,Computer Science and Engineering,I-NonS,State Level,42803,85.3426422,3b7e0487fbe5,False,True,VALID,CHECK_BRANCH
2024-2025,CAP2,FE_CAP2_2024_Cutoff_2.csv,3035,"Usha Mittal Institute of Technology SNDT  Women's University, Mumbai",,Computer Science and Engineering,PWD,State Level,47976,83.5369475,1c533273f240,False,True,VALID,CHECK_BRANCH
2024-2025,CAP2,FE_CAP2_2024_Cutoff_2.csv,3035,"Usha Mittal Institute of Technology SNDT  Women's University, Mumbai",,Computer Science and Engineering,VIIS,State Level,43680,85.0743746,6956a3773a64,False,True,VALID,CHECK_BRANCH
2024-2025,CAP2,FE_CAP2_2024_Cutoff_2.csv,4304,"Cummins College of Engineering For Women, Sukhali (Gupchup), Tal. Hingna Hingna Nagpur",,Mechanical Engineering,DEFOPENS,State Level,125683,47.6302148,710b588a2752,False,False,VALID,CHECK_BRANCH
2024-2025,CAP2,FE_CAP2_2024_Cutoff_2.csv,4304,"Cummins College of Engineering For Women, Sukhali (Gupchup), Tal. Hingna Hingna Nagpur",,Mechanical Engineering,I-NonS,State Level,47096,83.7447544,396112d4f882,False,True,VALID,CHECK_BRANCH
2024-2025,CAP2,FE_CAP2_2024_Cutoff_2.csv,4304,"Cummins College of Engineering For Women, Sukhali (Gupchup), Tal. Hingna Hingna Nagpur",,Mechanical Engineering,DefenceS,State Level,38087,86.9701586,1a9aab9f308f,False,True,VALID,CHECK_BRANCH
2024-2025,CAP2,FE_CAP2_2024_Cutoff_2.csv,4304,"Cummins College of Engineering For Women, Sukhali (Gupchup), Tal. Hingna Hingna Nagpur",,Mechanical Engineering,VIIS,State Level,27097,90.9017918,5f292fd83e51,False,True,VALID,CHECK_BRANCH
2024-2025,CAP2,FE_CAP2_2024_Cutoff_2.csv,4304,"Cummins College of Engineering For Women, Sukhali (Gupchup), Tal. Hingna Hingna Nagpur",,Mechanical Engineering,"Legends:Start Character G-General, L-Ladies, End Character H-Home University, O-Other than Home University, S-State Level,S",State Level,47786,83.5806009,4cc8bec67c7b,False,True,INVALID_TEXT,MULTIPLE_ISSUES
2024-2025,CAP2,FE_CAP2_2024_Cutoff_2.csv,4304,"Cummins College of Engineering For Women, Sukhali (Gupchup), Tal. Hingna Hingna Nagpur",,Mechanical Engineering,"Legends:Start Character G-General, L-Ladies, End Character H-Home University, O-Other than Home University, S-State Level,S",State Level,126360,47.4207012,0fad7e25aadd,False,True,INVALID_TEXT,MULTIPLE_ISSUES
2024-2025,CAP2,FE_CAP2_2024_Cutoff_2.csv,4304,"Cummins College of Engineering For Women, Sukhali (Gupchup), Tal. Hingna Hingna Nagpur",,Mechanical Engineering,I-NonS,State Level,74343,73.4250332,25827ccd1eac,False,True,VALID,CHECK_BRANCH
2024-2025,CAP2,FE_CAP2_2024_Cutoff_2.csv,4304,"Cummins College of Engineering For Women, Sukhali (Gupchup), Tal. Hingna Hingna Nagpur",,Mechanical Engineering,DefenceS,State Level,102029,60.546705,60bb4f8fe458,False,True,VALID,CHECK_BRANCH
2024-2025,CAP2,FE_CAP2_2024_Cutoff_2.csv,4304,"Cummins College of Engineering For Women, Sukhali (Gupchup), Tal. Hingna Hingna Nagpur",,Mechanical Engineering,VIIS,State Level,99153,62.7875345,e80a3640c31e,False,True,VALID,CHECK_BRANCH
2024-2025,CAP2,FE_CAP2_2024_Cutoff_2.csv,6276,"MKSSS's Cummins College of Engineering for Women, Karvenagar,Pune",,Mechatronics Engineering,"Legends:Start Character G-General, L-Ladies, End Character H-Home University, O-Other than Home University, S-State Level,S",State Level,2199,99.2070117,e99d40ef9f2c,False,True,INVALID_TEXT,MULTIPLE_ISSUES
2024-2025,CAP2,FE_CAP2_2024_Cutoff_2.csv,6276,"MKSSS's Cummins College of Engineering for Women, Karvenagar,Pune",,Mechatronics Engineering,"PWDR : PWD Common Reserved Seat, DEFR : Defense Common Reserved Seat.",State Level,54785,81.0378274,0f11ffcef283,False,True,INVALID_TEXT,MULTIPLE_ISSUES
2024-2025,CAP2,FE_CAP2_2024_Cutoff_2.csv,6276,"MKSSS's Cummins College of Engineering for Women, Karvenagar,Pune",,Mechatronics Engineering,Maharashtra State Seats - Cut Off Indicates State General Merit No.; Figures in bracket Indicates Merit Percentile.S,State Level,9528,96.8688845,85f91e2e1979,False,True,INVALID_TEXT,MULTIPLE_ISSUES
2024-2025,CAP2,FE_CAP2_2024_Cutoff_2.csv,6276,"MKSSS's Cummins College of Engineering for Women, Karvenagar,Pune",,Mechatronics Engineering,DS,State Level,2560,99.0859396,7f4b8ae44892,False,True,VALID,CHECK_BRANCH
2024-2025,CAP2,FE_CAP2_2024_Cutoff_2.csv,6276,"MKSSS's Cummins College of Engineering for Women, Karvenagar,Pune",,Mechatronics Engineering,State Common Entrance Test CellS,State Level,2462,99.1163924,e7d4acb8c62d,False,True,INVALID_TEXT,MULTIPLE_ISSUES
2024-2025,CAP2,FE_CAP2_2024_Cutoff_2.csv,6276,"MKSSS's Cummins College of Engineering for Women, Karvenagar,Pune",,Mechatronics Engineering,Cut Off List for Maharashtra & Minority Seats of CAP Round - II for the Admission to the First Year of Four YearS,State Level,57557,80.003358,82eeb27b3fba,False,False,INVALID_TEXT,MULTIPLE_ISSUES
2024-2025,CAP2,FE_CAP2_2024_Cutoff_2.csv,6276,"MKSSS's Cummins College of Engineering for Women, Karvenagar,Pune",,Mechatronics Engineering,Degree Courses In Engineering and Technology & Master of Engineering and Technology (Integrated 5 Years) for the Year 2024-25S,State Level,4837,98.3388982,1f699f2cbf66,False,False,INVALID_TEXT,MULTIPLE_ISSUES
2024-2025,CAP2,FE_CAP2_2024_Cutoff_2.csv,6276,"MKSSS's Cummins College of Engineering for Women, Karvenagar,Pune",,Mechatronics Engineering,LOPENS,State Level,12442,95.8725715,1a55d3365971,False,True,VALID,CHECK_BRANCH
2024-2025,CAP2,FE_CAP2_2024_Cutoff_2.csv,6276,"MKSSS's Cummins College of Engineering for Women, Karvenagar,Pune",,Mechatronics Engineering,I-NonS,State Level,11093,96.3476712,23a221420fb9,False,True,VALID,CHECK_BRANCH
2024-2025,CAP2,FE_CAP2_2024_Cutoff_2.csv,6276,"MKSSS's Cummins College of Engineering for Women, Karvenagar,Pune",,Mechatronics Engineering,PWD,State Level,2727,99.034587,864429aeba30,False,True,VALID,CHECK_BRANCH
2024-2025,CAP2,FE_CAP2_2024_Cutoff_2.csv,6276,"MKSSS's Cummins College of Engineering for Women, Karvenagar,Pune",,Mechatronics Engineering,0627624650F - Information TechnologyS,State Level,2523,99.1017461,5e641053959f,False,False,INVALID_TEXT,MULTIPLE_ISSUES
2024-2025,CAP2,FE_CAP2_2024_Cutoff_2.csv,6276,"MKSSS's Cummins College of Engineering for Women, Karvenagar,Pune",,Mechatronics Engineering,LOPENS,State Level,15038,95.033389,af02ec64d5c2,False,True,VALID,CHECK_BRANCH
2024-2025,CAP2,FE_CAP2_2024_Cutoff_2.csv,6276,"MKSSS's Cummins College of Engineering for Women, Karvenagar,Pune",,Mechatronics Engineering,LSCS,State Level,65768,76.7300255,36a7a9be3723,False,True,VALID,CHECK_BRANCH
2024-2025,CAP2,FE_CAP2_2024_Cutoff_2.csv,6276,"MKSSS's Cummins College of Engineering for Women, Karvenagar,Pune",,Mechatronics Engineering,LSTS,State Level,9903,96.7466861,f9428f1cf44a,False,True,VALID,CHECK_BRANCH
2024-2025,CAP2,FE_CAP2_2024_Cutoff_2.csv,6276,"MKSSS's Cummins College of Engineering for Women, Karvenagar,Pune",,Mechatronics Engineering,LVJS,State Level,4047,98.5995678,d88e60d76c6a,False,True,VALID,CHECK_BRANCH
2024-2025,CAP2,FE_CAP2_2024_Cutoff_2.csv,6276,"MKSSS's Cummins College of Engineering for Women, Karvenagar,Pune",,Mechatronics Engineering,LOBCS,State Level,3077,98.919503,1d7ea45d7351,False,False,VALID,CHECK_BRANCH
2024-2025,CAP2,FE_CAP2_2024_Cutoff_2.csv,6276,"MKSSS's Cummins College of Engineering for Women, Karvenagar,Pune",,Mechatronics Engineering,LSEBCS,State Level,6368,97.859073,048aed4ea406,False,True,VALID,CHECK_BRANCH
2024-2025,CAP2,FE_CAP2_2024_Cutoff_2.csv,6276,"MKSSS's Cummins College of Engineering for Women, Karvenagar,Pune",,Mechatronics Engineering,PWDSCS,State Level,12676,95.8198477,d192b063d22d,False,False,VALID,CHECK_BRANCH
2024-2025,CAP2,FE_CAP2_2024_Cutoff_2.csv,6276,"MKSSS's Cummins College of Engineering for Women, Karvenagar,Pune",,Mechatronics Engineering,DEFOPENS,State Level,2259,99.1839021,dc403d0c8250,False,False,VALID,CHECK_BRANCH
2024-2025,CAP2,FE_CAP2_2024_Cutoff_2.csv,6276,"MKSSS's Cummins College of Engineering for Women, Karvenagar,Pune",,Mechatronics Engineering,I-NonS,State Level,15438,94.8378933,76e2bcb590d2,False,True,VALID,CHECK_BRANCH
2024-2025,CAP2,FE_CAP2_2024_Cutoff_2.csv,6276,"MKSSS's Cummins College of Engineering for Women, Karvenagar,Pune",,Mechatronics Engineering,0627637250F - Electronics and Telecommunication EnggS,State Level,4270,98.5230433,59e9c894838d,False,False,INVALID_TEXT,MULTIPLE_ISSUES
2024-2025,CAP2,FE_CAP2_2024_Cutoff_2.csv,6276,"MKSSS's Cummins College of Engineering for Women, Karvenagar,Pune",,Mechatronics Engineering,LOPENS,State Level,27544,90.7979989,d0b8452729d9,False,True,VALID,CHECK_BRANCH
2024-2025,CAP2,FE_CAP2_2024_Cutoff_2.csv,6276,"MKSSS's Cummins College of Engineering for Women, Karvenagar,Pune",,Mechatronics Engineering,LSCS,State Level,144696,34.805294,6dfa6471b33c,False,True,VALID,CHECK_BRANCH
2024-2025,CAP2,FE_CAP2_2024_Cutoff_2.csv,6276,"MKSSS's Cummins College of Engineering for Women, Karvenagar,Pune",,Mechatronics Engineering,LSTS,State Level,14991,95.0338694,0d039988dfb4,False,True,VALID,CHECK_BRANCH
2024-2025,CAP2,FE_CAP2_2024_Cutoff_2.csv,6276,"MKSSS's Cummins College of Engineering for Women, Karvenagar,Pune",,Mechatronics Engineering,LVJS,State Level,13708,95.4728747,f7fa1f226718,False,True,VALID,CHECK_BRANCH
2024-2025,CAP2,FE_CAP2_2024_Cutoff_2.csv,6276,"MKSSS's Cummins College of Engineering for Women, Karvenagar,Pune",,Mechatronics Engineering,LNT1S,State Level,5641,98.0953593,fdd7e6185753,False,True,VALID,CHECK_BRANCH
2024-2025,CAP2,FE_CAP2_2024_Cutoff_2.csv,6276,"MKSSS's Cummins College of Engineering for Women, Karvenagar,Pune",,Mechatronics Engineering,LSEBCS,State Level,150203,30.8111882,f8e90ce00a97,False,True,VALID,CHECK_BRANCH
2024-2025,CAP2,FE_CAP2_2024_Cutoff_2.csv,6276,"MKSSS's Cummins College of Engineering for Women, Karvenagar,Pune",,Mechatronics Engineering,I-NonS,State Level,27870,90.6756878,ea5c4109aa94,False,True,VALID,CHECK_BRANCH
2024-2025,CAP2,FE_CAP2_2024_Cutoff_2.csv,6276,"MKSSS's Cummins College of Engineering for Women, Karvenagar,Pune",,Mechatronics Engineering,PWD,State Level,6775,97.7253043,ec706fa4c27f,False,True,VALID,CHECK_BRANCH
2024-2025,CAP2,FE_CAP2_2024_Cutoff_2.csv,6276,"MKSSS's Cummins College of Engineering for Women, Karvenagar,Pune",,Mechatronics Engineering,VIIS,State Level,4295,98.5229984,7b572ddcc7a6,False,True,VALID,CHECK_BRANCH
2024-2025,CAP2,FE_CAP2_2024_Cutoff_2.csv,6276,"MKSSS's Cummins College of Engineering for Women, Karvenagar,Pune",,Mechatronics Engineering,0627646450F - Instrumentation and Control EngineeringS,State Level,10967,96.3738709,8e38cf8e83fd,False,False,INVALID_TEXT,MULTIPLE_ISSUES
2024-2025,CAP2,FE_CAP2_2024_Cutoff_2.csv,6276,"MKSSS's Cummins College of Engineering for Women, Karvenagar,Pune",,Mechatronics Engineering,LOPENS,State Level,28347,90.4797169,dc4c56f92d16,False,True,VALID,CHECK_BRANCH
2024-2025,CAP2,FE_CAP2_2024_Cutoff_2.csv,6276,"MKSSS's Cummins College of Engineering for Women, Karvenagar,Pune",,Mechatronics Engineering,LSCS,State Level,167714,14.7377685,052c261a6a48,False,True,VALID,CHECK_BRANCH
2024-2025,CAP2,FE_CAP2_2024_Cutoff_2.csv,6276,"MKSSS's Cummins College of Engineering for Women, Karvenagar,Pune",,Mechatronics Engineering,LSTS,State Level,25302,91.5509861,d26c4f6a3b6b,False,True,VALID,CHECK_BRANCH
2024-2025,CAP2,FE_CAP2_2024_Cutoff_2.csv,6276,"MKSSS's Cummins College of Engineering for Women, Karvenagar,Pune",,Mechatronics Engineering,LNT1S,State Level,15323,94.8964961,99ab68c845aa,False,True,VALID,CHECK_BRANCH
2024-2025,CAP2,FE_CAP2_2024_Cutoff_2.csv,6276,"MKSSS's Cummins College of Engineering for Women, Karvenagar,Pune",,Mechatronics Engineering,LSEBCS,State Level,20111,93.2978364,e3f0aa0d69d1,False,True,VALID,CHECK_BRANCH
2024-2025,CAP2,FE_CAP2_2024_Cutoff_2.csv,6276,"MKSSS's Cummins College of Engineering for Women, Karvenagar,Pune",,Mechatronics Engineering,I-NonS,State Level,11269,96.2756986,d2e43d995810,False,True,VALID,CHECK_BRANCH
2024-2025,CAP2,FE_CAP2_2024_Cutoff_2.csv,6276,"MKSSS's Cummins College of Engineering for Women, Karvenagar,Pune",,Mechatronics Engineering,VIIS,State Level,11530,96.1956995,0568d9b244c7,False,True,VALID,CHECK_BRANCH
2024-2025,CAP2,FE_CAP2_2024_Cutoff_2.csv,6276,"MKSSS's Cummins College of Engineering for Women, Karvenagar,Pune",,Mechatronics Engineering,"Legends:Start Character G-General, L-Ladies, End Character H-Home University, O-Other than Home University, S-State Level,S",State Level,8794,97.0696299,cef7152a1554,False,True,INVALID_TEXT,MULTIPLE_ISSUES
2024-2025,CAP2,FE_CAP2_2024_Cutoff_2.csv,6276,"MKSSS's Cummins College of Engineering for Women, Karvenagar,Pune",,Mechatronics Engineering,"PWDR : PWD Common Reserved Seat, DEFR : Defense Common Reserved Seat.",State Level,10338,96.5964131,f9cc41313ce2,False,True,INVALID_TEXT,MULTIPLE_ISSUES
2024-2025,CAP2,FE_CAP2_2024_Cutoff_2.csv,6276,"MKSSS's Cummins College of Engineering for Women, Karvenagar,Pune",,Mechatronics Engineering,Maharashtra State Seats - Cut Off Indicates State General Merit No.; Figures in bracket Indicates Merit Percentile.S,State Level,15813,94.7829716,e532f045c0aa,False,True,INVALID_TEXT,MULTIPLE_ISSUES
2024-2025,CAP2,FE_CAP2_2024_Cutoff_2.csv,6276,"MKSSS's Cummins College of Engineering for Women, Karvenagar,Pune",,Mechatronics Engineering,DS,State Level,55441,80.7413807,ca595ef47192,False,True,VALID,CHECK_BRANCH
2024-2025,CAP2,FE_CAP2_2024_Cutoff_2.csv,6276,"MKSSS's Cummins College of Engineering for Women, Karvenagar,Pune",,Mechatronics Engineering,State Common Entrance Test CellS,State Level,12892,95.7280585,2aa4afe9772f,False,True,INVALID_TEXT,MULTIPLE_ISSUES
2024-2025,CAP2,FE_CAP2_2024_Cutoff_2.csv,6276,"MKSSS's Cummins College of Engineering for Women, Karvenagar,Pune",,Mechatronics Engineering,I-NonS,State Level,9693,96.7953686,0bf4fd791090,False,True,VALID,CHECK_BRANCH
2024-2025,CAP2,FE_CAP2_2024_Cutoff_2.csv,6276,"MKSSS's Cummins College of Engineering for Women, Karvenagar,Pune",,Mechatronics Engineering,VIIS,State Level,9989,96.7175957,8ffb69db3e17,False,True,VALID,CHECK_BRANCH
2024-2025,CAP2,FE_CAP2_2024_Cutoff_2.csv,6285,"Bharati Vidyapeeth's College of Engineering for Women, Katraj, Dhankawadi, Pune",,Artificial Intelligence and Data Science,"Legends:Start Character G-General, L-Ladies, End Character H-Home University, O-Other than Home University, S-State Level,S",State Level,62879,77.8445199,b4dfbe9bd119,False,True,INVALID_TEXT,MULTIPLE_ISSUES
2024-2025,CAP2,FE_CAP2_2024_Cutoff_2.csv,6285,"Bharati Vidyapeeth's College of Engineering for Women, Katraj, Dhankawadi, Pune",,Artificial Intelligence and Data Science,"PWDR : PWD Common Reserved Seat, DEFR : Defense Common Reserved Seat.",State Level,28682,90.3886926,c21b407bebab,False,True,INVALID_TEXT,MULTIPLE_ISSUES
2024-2025,CAP2,FE_CAP2_2024_Cutoff_2.csv,6285,"Bharati Vidyapeeth's College of Engineering for Women, Katraj, Dhankawadi, Pune",,Artificial Intelligence and Data Science,I-NonS,State Level,41070,86.0755637,b2dd9f09f3bb,False,True,VALID,CHECK_BRANCH
2024-2025,CAP2,FE_CAP2_2024_Cutoff_2.csv,6285,"Bharati Vidyapeeth's College of Engineering for Women, Katraj, Dhankawadi, Pune",,Artificial Intelligence and Data Science,"Legends:Start Character G-General, L-Ladies, End Character H-Home University, O-Other than Home University, S-State Level,S",State Level,64277,77.5959933,3c0985ede9a4,False,True,INVALID_TEXT,MULTIPLE_ISSUES
2024-2025,CAP2,FE_CAP2_2024_Cutoff_2.csv,6285,"Bharati Vidyapeeth's College of Engineering for Women, Katraj, Dhankawadi, Pune",,Artificial Intelligence and Data Science,"PWDR : PWD Common Reserved Seat, DEFR : Defense Common Reserved Seat.",State Level,31636,89.3071786,3cf4e31ffdf8,False,True,INVALID_TEXT,MULTIPLE_ISSUES
2024-2025,CAP2,FE_CAP2_2024_Cutoff_2.csv,6285,"Bharati Vidyapeeth's College of Engineering for Women, Katraj, Dhankawadi, Pune",,Artificial Intelligence and Data Science,"Legends:Start Character G-General, L-Ladies, End Character H-Home University, O-Other than Home University, S-State Level,S",State Level,33156,88.7742666,9056bc0c7ecb,False,True,INVALID_TEXT,MULTIPLE_ISSUES
2024-2025,CAP2,FE_CAP2_2024_Cutoff_2.csv,6285,"Bharati Vidyapeeth's College of Engineering for Women, Katraj, Dhankawadi, Pune",,Artificial Intelligence and Data Science,"PWDR : PWD Common Reserved Seat, DEFR : Defense Common Reserved Seat.",State Level,49771,82.7778711,ab962de9a087,False,True,INVALID_TEXT,MULTIPLE_ISSUES
2024-2025,CAP2,FE_CAP2_2024_Cutoff_2.csv,6285,"Bharati Vidyapeeth's College of Engineering for Women, Katraj, Dhankawadi, Pune",,Artificial Intelligence and Data Science,I-NonS,State Level,56133,80.5896708,cdf7c7ea0b7a,False,True,VALID,CHECK_BRANCH
2024-2025,CAP2,FE_CAP2_2024_Cutoff_2.csv,6285,"Bharati Vidyapeeth's College of Engineering for Women, Katraj, Dhankawadi, Pune",,Artificial Intelligence and Data Science,VIIS,State Level,25718,91.366185,900a9765f281,False,False,VALID,CHECK_BRANCH
2024-2025,CAP2,FE_CAP2_2024_Cutoff_2.csv,6938,Shree Siddheshwar Women's College Of Engineering Solapur.,,Electronics and Computer Engineering,"Legends:Start Character G-General, L-Ladies, End Character H-Home University, O-Other than Home University, S-State Level,S",State Level,99740,62.2534756,6725d3fb8347,False,True,INVALID_TEXT,MULTIPLE_ISSUES
2024-2025,CAP2,FE_CAP2_2024_Cutoff_2.csv,6938,Shree Siddheshwar Women's College Of Engineering Solapur.,,Electronics and Computer Engineering,I-NonS,State Level,83732,69.4683908,531c459549ca,False,True,VALID,CHECK_BRANCH
2024-2025,CAP2,FE_CAP2_2024_Cutoff_2.csv,6938,Shree Siddheshwar Women's College Of Engineering Solapur.,,Electronics and Computer Engineering,DefenceS,State Level,139053,38.8659877,966eaa2c6490,False,True,VALID,CHECK_BRANCH
2024-2025,CAP2,FE_CAP2_2024_Cutoff_2.csv,6938,Shree Siddheshwar Women's College Of Engineering Solapur.,,Electronics and Computer Engineering,VIIS,State Level,92505,65.4406319,cc775dfa0de1,False,True,VALID,CHECK_BRANCH
2024-2025,CAP2,FE_CAP2_2024_Cutoff_2.csv,6938,Shree Siddheshwar Women's College Of Engineering Solapur.,,Electronics and Computer Engineering,"Legends:Start Character G-General, L-Ladies, End Character H-Home University, O-Other than Home University, S-State Level,S",State Level,149642,30.954192,44295ea07c5a,False,True,INVALID_TEXT,MULTIPLE_ISSUES
2024-2025,CAP2,FE_CAP2_2024_Cutoff_2.csv,6938,Shree Siddheshwar Women's College Of Engineering Solapur.,,Electronics and Computer Engineering,I-NonS,State Level,150247,30.8111882,12d841bb9401,False,True,VALID,CHECK_BRANCH
2024-2025,CAP2,FE_CAP2_2024_Cutoff_2.csv,6938,Shree Siddheshwar Women's College Of Engineering Solapur.,,Electronics and Computer Engineering,"Legends:Start Character G-General, L-Ladies, End Character H-Home University, O-Other than Home University, S-State Level,S",State Level,120712,50.6340761,7e44d8d4b131,False,True,INVALID_TEXT,MULTIPLE_ISSUES
2024-2025,CAP2,FE_CAP2_2024_Cutoff_2.csv,6938,Shree Siddheshwar Women's College Of Engineering Solapur.,,Electronics and Computer Engineering,I-NonS,State Level,116506,52.9935209,4883b73d6faf,False,True,VALID,CHECK_BRANCH
2024-2025,CAP2,FE_CAP2_2024_Cutoff_2.csv,6938,Shree Siddheshwar Women's College Of Engineering Solapur.,,Electronics and Computer Engineering,DefenceS,State Level,130347,44.5064233,20095308b0bc,False,True,VALID,CHECK_BRANCH
2024-2025,CAP2,FE_CAP2_2024_Cutoff_2.csv,6938,Shree Siddheshwar Women's College Of Engineering Solapur.,,Electronics and Computer Engineering,VIIS,State Level,129264,45.4574846,febcb9201995,False,True,VALID,CHECK_BRANCH
2024-2025,CAP2,FE_CAP2_2024_Cutoff_2.csv,6938,Shree Siddheshwar Women's College Of Engineering Solapur.,,Electronics and Computer Engineering,"Legends:Start Character G-General, L-Ladies, End Character H-Home University, O-Other than Home University, S-State Level,S",State Level,121011,50.6004122,433bf91656e2,False,True,INVALID_TEXT,MULTIPLE_ISSUES
2024-2025,CAP2,FE_CAP2_2024_Cutoff_2.csv,6938,Shree Siddheshwar Women's College Of Engineering Solapur.,,Electronics and Computer Engineering,I-NonS,State Level,146825,32.8923205,e6f8a069f486,False,True,VALID,CHECK_BRANCH
2024-2025,CAP2,FE_CAP2_2024_Cutoff_2.csv,6938,Shree Siddheshwar Women's College Of Engineering Solapur.,,Electronics and Computer Engineering,DefenceS,State Level,146058,33.6953839,42fadffcf0be,False,True,VALID,CHECK_BRANCH
2024-2025,CAP2,FE_CAP2_2024_Cutoff_2.csv,6938,Shree Siddheshwar Women's College Of Engineering Solapur.,,Electronics and Computer Engineering,VIIS,State Level,146701,33.099972,88b74a158707,False,True,VALID,CHECK_BRANCH
2024-2025,CAP2,FE_CAP2_2024_Cutoff_2.csv,6938,Shree Siddheshwar Women's College Of Engineering Solapur.,,Electronics and Computer Engineering,"Legends:Start Character G-General, L-Ladies, End Character H-Home University, O-Other than Home University, S-State Level,S",State Level,87093,67.8440824,17b63898e012,False,True,INVALID_TEXT,MULTIPLE_ISSUES
2024-2025,CAP2,FE_CAP2_2024_Cutoff_2.csv,6938,Shree Siddheshwar Women's College Of Engineering Solapur.,,Electronics and Computer Engineering,I-NonS,State Level,111874,55.3559436,ba9bccd0fd21,False,True,VALID,CHECK_BRANCH
2024-2025,CAP2,FE_CAP2_2024_Cutoff_2.csv,6938,Shree Siddheshwar Women's College Of Engineering Solapur.,,Electronics and Computer Engineering,DefenceS,State Level,147909,32.0977394,8b0546e16a83,False,True,VALID,CHECK_BRANCH
2024-2025,CAP2,FE_CAP2_2024_Cutoff_2.csv,6938,Shree Siddheshwar Women's College Of Engineering Solapur.,,Electronics and Computer Engineering,VIIS,State Level,108542,57.2537563,c84455190fe0,False,True,VALID,CHECK_BRANCH
2024-2025,CAP3,FE_CAP3_2024_Cutoff_3.csv,3025,Svkm's Shri Bhagubhai Mafatlal Polytechnic & College of Engineering,,Mechanical Engineering,"Legends:Start Character G-General, L-Ladies, End Character H-Home University, O-Other than Home University, S-State LevelS",State Level,19577,93.4772066,fa8c4c9f8d47,False,True,INVALID_TEXT,MULTIPLE_ISSUES
2024-2025,CAP3,FE_CAP3_2024_Cutoff_3.csv,3025,Svkm's Shri Bhagubhai Mafatlal Polytechnic & College of Engineering,,Mechanical Engineering,0302524570U - Computer EngineeringS,State Level,33171,88.7742666,1106184e0f24,False,False,INVALID_TEXT,MULTIPLE_ISSUES
2024-2025,CAP3,FE_CAP3_2024_Cutoff_3.csv,3025,Svkm's Shri Bhagubhai Mafatlal Polytechnic & College of Engineering,,Mechanical Engineering,"Legends:Start Character G-General, L-Ladies, End Character H-Home University, O-Other than Home University, S-State LevelS",State Level,34987,88.1228442,e07f14a4052f,False,True,INVALID_TEXT,MULTIPLE_ISSUES
2024-2025,CAP3,FE_CAP3_2024_Cutoff_3.csv,3025,Svkm's Shri Bhagubhai Mafatlal Polytechnic & College of Engineering,,Mechanical Engineering,0302591170U - Computer Science and Engineering(Artificial Intelligence and Machine Learning)S,State Level,16077,94.6574281,4dacacbf43c1,False,False,INVALID_TEXT,MULTIPLE_ISSUES
2024-2025,CAP3,FE_CAP3_2024_Cutoff_3.csv,3025,Svkm's Shri Bhagubhai Mafatlal Polytechnic & College of Engineering,,Mechanical Engineering,Other Than Home University Seats Allotted to Other Than Home University CandidatesS,State Level,52049,81.9801476,3bd9a544aebd,False,False,INVALID_TEXT,MULTIPLE_ISSUES
2024-2025,CAP3,FE_CAP3_2024_Cutoff_3.csv,3035,"Usha Mittal Institute of Technology SNDT  Women's University, Mumbai",,Computer Science and Engineering,"Legends:Start Character G-General, L-Ladies, End Character H-Home University, O-Other than Home University, S-State LevelS",State Level,22050,92.6570811,420aebe4cfe1,False,True,INVALID_TEXT,MULTIPLE_ISSUES
2024-2025,CAP3,FE_CAP3_2024_Cutoff_3.csv,3035,"Usha Mittal Institute of Technology SNDT  Women's University, Mumbai",,Computer Science and Engineering,Maharashtra State Seats - Cut Off Indicates State General Merit No. ; Figures in bracket Indicates Merit PercentileS,State Level,49553,82.7820291,6e49105c9cf9,False,True,INVALID_TEXT,MULTIPLE_ISSUES
2024-2025,CAP3,FE_CAP3_2024_Cutoff_3.csv,3035,"Usha Mittal Institute of Technology SNDT  Women's University, Mumbai",,Computer Science and Engineering,DS,State Level,35361,88.0525374,e0ec5f24af71,False,True,VALID,CHECK_BRANCH
2024-2025,CAP3,FE_CAP3_2024_Cutoff_3.csv,3035,"Usha Mittal Institute of Technology SNDT  Women's University, Mumbai",,Computer Science and Engineering,State Common Entrance Test CellS,State Level,53959,81.3738935,37706a38d52e,False,True,INVALID_TEXT,MULTIPLE_ISSUES
2024-2025,CAP3,FE_CAP3_2024_Cutoff_3.csv,3035,"Usha Mittal Institute of Technology SNDT  Women's University, Mumbai",,Computer Science and Engineering,Cut Off List for Maharashtra & Minority Seats of CAP Round - III for the Admission to the First Year Under Graduate Technical Courses in Engineering and Technology (4 Years) &S,State Level,38769,86.8242361,ee35c6b02e00,False,True,INVALID_TEXT,MULTIPLE_ISSUES
2024-2025,CAP3,FE_CAP3_2024_Cutoff_3.csv,3035,"Usha Mittal Institute of Technology SNDT  Women's University, Mumbai",,Computer Science and Engineering,I-NonS,State Level,23263,92.2801912,69595a0803a6,False,True,VALID,CHECK_BRANCH
2024-2025,CAP3,FE_CAP3_2024_Cutoff_3.csv,3035,"Usha Mittal Institute of Technology SNDT  Women's University, Mumbai",,Computer Science and Engineering,0303524650F - Information TechnologyS,State Level,35505,88.0194481,7dac8b471e3b,False,False,INVALID_TEXT,MULTIPLE_ISSUES
2024-2025,CAP3,FE_CAP3_2024_Cutoff_3.csv,3035,"Usha Mittal Institute of Technology SNDT  Women's University, Mumbai",,Computer Science and Engineering,LOPENS,State Level,57042,80.2358012,0a8ebfc224fd,False,True,VALID,CHECK_BRANCH
2024-2025,CAP3,FE_CAP3_2024_Cutoff_3.csv,3035,"Usha Mittal Institute of Technology SNDT  Women's University, Mumbai",,Computer Science and Engineering,LSCS,State Level,55412,80.7840564,9294ec36378d,False,True,VALID,CHECK_BRANCH
2024-2025,CAP3,FE_CAP3_2024_Cutoff_3.csv,3035,"Usha Mittal Institute of Technology SNDT  Women's University, Mumbai",,Computer Science and Engineering,LSTS,State Level,41183,85.9343121,2e8d810b538b,False,True,VALID,CHECK_BRANCH
2024-2025,CAP3,FE_CAP3_2024_Cutoff_3.csv,3035,"Usha Mittal Institute of Technology SNDT  Women's University, Mumbai",,Computer Science and Engineering,LNT1S,State Level,90075,66.4751458,1c798b716897,False,True,VALID,CHECK_BRANCH
2024-2025,CAP3,FE_CAP3_2024_Cutoff_3.csv,3035,"Usha Mittal Institute of Technology SNDT  Women's University, Mumbai",,Computer Science and Engineering,LOBCS,State Level,164631,18.1287777,403ed7a8b5be,False,True,VALID,CHECK_BRANCH
2024-2025,CAP3,FE_CAP3_2024_Cutoff_3.csv,3035,"Usha Mittal Institute of Technology SNDT  Women's University, Mumbai",,Computer Science and Engineering,LSEBCS,State Level,58404,79.6526596,4c1b7971e9d3,False,False,VALID,CHECK_BRANCH
2024-2025,CAP3,FE_CAP3_2024_Cutoff_3.csv,3035,"Usha Mittal Institute of Technology SNDT  Women's University, Mumbai",,Computer Science and Engineering,I-NonS,State Level,36757,87.5005698,010d05f0dc2f,False,True,VALID,CHECK_BRANCH
2024-2025,CAP3,FE_CAP3_2024_Cutoff_3.csv,3035,"Usha Mittal Institute of Technology SNDT  Women's University, Mumbai",,Computer Science and Engineering,VIIS,State Level,36325,87.5899987,bc4e5ea9246b,False,True,VALID,CHECK_BRANCH
2024-2025,CAP3,FE_CAP3_2024_Cutoff_3.csv,3035,"Usha Mittal Institute of Technology SNDT  Women's University, Mumbai",,Computer Science and Engineering,0303525450F - Computer Science and TechnologyS,State Level,31524,89.3223371,8f48ef21f698,False,False,INVALID_TEXT,MULTIPLE_ISSUES
2024-2025,CAP3,FE_CAP3_2024_Cutoff_3.csv,3035,"Usha Mittal Institute of Technology SNDT  Women's University, Mumbai",,Computer Science and Engineering,LOPENS,State Level,61949,78.1973837,e4ecc44ad703,False,True,VALID,CHECK_BRANCH
2024-2025,CAP3,FE_CAP3_2024_Cutoff_3.csv,3035,"Usha Mittal Institute of Technology SNDT  Women's University, Mumbai",,Computer Science and Engineering,LSCS,State Level,41880,85.5352459,717ff802cfa3,False,True,VALID,CHECK_BRANCH
2024-2025,CAP3,FE_CAP3_2024_Cutoff_3.csv,3035,"Usha Mittal Institute of Technology SNDT  Women's University, Mumbai",,Computer Science and Engineering,LSTS,State Level,74501,73.4250332,0e8ad4fab6bb,False,True,VALID,CHECK_BRANCH
2024-2025,CAP3,FE_CAP3_2024_Cutoff_3.csv,3035,"Usha Mittal Institute of Technology SNDT  Women's University, Mumbai",,Computer Science and Engineering,LOBCS,State Level,59572,79.1872032,a03adc8dee38,False,True,VALID,CHECK_BRANCH
2024-2025,CAP3,FE_CAP3_2024_Cutoff_3.csv,3035,"Usha Mittal Institute of Technology SNDT  Women's University, Mumbai",,Computer Science and Engineering,I-NonS,State Level,35907,87.8945473,34e2457879f7,False,True,VALID,CHECK_BRANCH
2024-2025,CAP3,FE_CAP3_2024_Cutoff_3.csv,3035,"Usha Mittal Institute of Technology SNDT  Women's University, Mumbai",,Computer Science and Engineering,PWD,State Level,42506,85.4082122,44de294c7672,False,False,VALID,CHECK_BRANCH
2024-2025,CAP3,FE_CAP3_2024_Cutoff_3.csv,3035,"Usha Mittal Institute of Technology SNDT  Women's University, Mumbai",,Computer Science and Engineering,VIIS,State Level,36889,87.4749583,4717ce5e88e3,False,True,VALID,CHECK_BRANCH
2024-2025,CAP3,FE_CAP3_2024_Cutoff_3.csv,3035,"Usha Mittal Institute of Technology SNDT  Women's University, Mumbai",,Computer Science and Engineering,0303537050F - Electronics and Communication EngineeringS,State Level,52936,81.7658119,bd612a07106b,False,False,INVALID_TEXT,MULTIPLE_ISSUES
2024-2025,CAP3,FE_CAP3_2024_Cutoff_3.csv,3035,"Usha Mittal Institute of Technology SNDT  Women's University, Mumbai",,Computer Science and Engineering,LOPENS,State Level,115168,53.8203081,46c14c1a07e0,False,True,VALID,CHECK_BRANCH
2024-2025,CAP3,FE_CAP3_2024_Cutoff_3.csv,3035,"Usha Mittal Institute of Technology SNDT  Women's University, Mumbai",,Computer Science and Engineering,LVJS,State Level,56079,80.5896708,e40ef401f3e4,False,True,VALID,CHECK_BRANCH
2024-2025,CAP3,FE_CAP3_2024_Cutoff_3.csv,3035,"Usha Mittal Institute of Technology SNDT  Women's University, Mumbai",,Computer Science and Engineering,LNT1S,State Level,151336,29.3071786,b788db59480d,False,True,VALID,CHECK_BRANCH
2024-2025,CAP3,FE_CAP3_2024_Cutoff_3.csv,3035,"Usha Mittal Institute of Technology SNDT  Women's University, Mumbai",,Computer Science and Engineering,LOBCS,State Level,42329,85.4541675,b8d44c60031b,False,True,VALID,CHECK_BRANCH
2024-2025,CAP3,FE_CAP3_2024_Cutoff_3.csv,3035,"Usha Mittal Institute of Technology SNDT  Women's University, Mumbai",,Computer Science and Engineering,VIIS,State Level,54292,81.2084441,2f59a9859048,False,True,VALID,CHECK_BRANCH
2024-2025,CAP3,FE_CAP3_2024_Cutoff_3.csv,3035,"Usha Mittal Institute of Technology SNDT  Women's University, Mumbai",,Computer Science and Engineering,"Legends:Start Character G-General, L-Ladies, End Character H-Home University, O-Other than Home University, S-State LevelS",State Level,45806,84.3179513,81f3013c19ee,False,True,INVALID_TEXT,MULTIPLE_ISSUES
2024-2025,CAP3,FE_CAP3_2024_Cutoff_3.csv,3035,"Usha Mittal Institute of Technology SNDT  Women's University, Mumbai",,Computer Science and Engineering,Maharashtra State Seats - Cut Off Indicates State General Merit No. ; Figures in bracket Indicates Merit PercentileS,State Level,74472,73.4250332,8495edded940,False,True,INVALID_TEXT,MULTIPLE_ISSUES
2024-2025,CAP3,FE_CAP3_2024_Cutoff_3.csv,3035,"Usha Mittal Institute of Technology SNDT  Women's University, Mumbai",,Computer Science and Engineering,DS,State Level,113652,54.3568289,33ab0d86cd76,False,True,VALID,CHECK_BRANCH
2024-2025,CAP3,FE_CAP3_2024_Cutoff_3.csv,3035,"Usha Mittal Institute of Technology SNDT  Women's University, Mumbai",,Computer Science and Engineering,State Common Entrance Test CellS,State Level,114726,54.0550229,9f62868f6ae9,False,True,INVALID_TEXT,MULTIPLE_ISSUES
2024-2025,CAP3,FE_CAP3_2024_Cutoff_3.csv,3035,"Usha Mittal Institute of Technology SNDT  Women's University, Mumbai",,Computer Science and Engineering,Cut Off List for Maharashtra & Minority Seats of CAP Round - III for the Admission to the First Year Under Graduate Technical Courses in Engineering and Technology (4 Years) &S,State Level,54379,81.2084441,361b94e67ce8,False,True,INVALID_TEXT,MULTIPLE_ISSUES
2024-2025,CAP3,FE_CAP3_2024_Cutoff_3.csv,3035,"Usha Mittal Institute of Technology SNDT  Women's University, Mumbai",,Computer Science and Engineering,Master of Engineering and Technology (Integrated 5 Years) Admissions A.Y. 2024-25S,State Level,70601,74.9709109,e2337fa04220,False,False,INVALID_TEXT,MULTIPLE_ISSUES
2024-2025,CAP3,FE_CAP3_2024_Cutoff_3.csv,3035,"Usha Mittal Institute of Technology SNDT  Women's University, Mumbai",,Computer Science and Engineering,LOPENS,State Level,104682,59.9791975,4737c525324c,False,True,VALID,CHECK_BRANCH
2024-2025,CAP3,FE_CAP3_2024_Cutoff_3.csv,3035,"Usha Mittal Institute of Technology SNDT  Women's University, Mumbai",,Computer Science and Engineering,I-NonS,State Level,60664,78.9173428,2d2f3c9c4637,False,True,VALID,CHECK_BRANCH
2024-2025,CAP3,FE_CAP3_2024_Cutoff_3.csv,3035,"Usha Mittal Institute of Technology SNDT  Women's University, Mumbai",,Computer Science and Engineering,I-NonS,State Level,57825,79.9360013,83716fa3056a,False,True,VALID,CHECK_BRANCH
2024-2025,CAP3,FE_CAP3_2024_Cutoff_3.csv,3035,"Usha Mittal Institute of Technology SNDT  Women's University, Mumbai",,Computer Science and Engineering,0303599750F - Artificial IntelligenceS,State Level,40151,86.2190813,e3c7067e44e7,False,False,INVALID_TEXT,MULTIPLE_ISSUES
2024-2025,CAP3,FE_CAP3_2024_Cutoff_3.csv,3035,"Usha Mittal Institute of Technology SNDT  Women's University, Mumbai",,Computer Science and Engineering,LOPENS,State Level,117095,52.814879,addf2f7deacf,False,True,VALID,CHECK_BRANCH
2024-2025,CAP3,FE_CAP3_2024_Cutoff_3.csv,3035,"Usha Mittal Institute of Technology SNDT  Women's University, Mumbai",,Computer Science and Engineering,LSTS,State Level,47880,83.5380246,b5f515c96d33,False,True,VALID,CHECK_BRANCH
2024-2025,CAP3,FE_CAP3_2024_Cutoff_3.csv,3035,"Usha Mittal Institute of Technology SNDT  Women's University, Mumbai",,Computer Science and Engineering,LVJS,State Level,48368,83.4700421,dc518ad1420a,False,True,VALID,CHECK_BRANCH
2024-2025,CAP3,FE_CAP3_2024_Cutoff_3.csv,3035,"Usha Mittal Institute of Technology SNDT  Women's University, Mumbai",,Computer Science and Engineering,I-NonS,State Level,52668,81.7887587,df482b91317e,False,True,VALID,CHECK_BRANCH
2024-2025,CAP3,FE_CAP3_2024_Cutoff_3.csv,3035,"Usha Mittal Institute of Technology SNDT  Women's University, Mumbai",,Computer Science and Engineering,VIIS,State Level,43281,85.2572473,42791adcdb2a,False,True,VALID,CHECK_BRANCH
2024-2025,CAP3,FE_CAP3_2024_Cutoff_3.csv,4304,"Cummins College of Engineering For Women, Sukhali (Gupchup), Tal. Hingna Hingna Nagpur",,Mechanical Engineering,"Legends:Start Character G-General, L-Ladies, End Character H-Home University, O-Other than Home University, S-State LevelS",State Level,31004,89.4907774,7bffe1b6cc4a,False,True,INVALID_TEXT,MULTIPLE_ISSUES
2024-2025,CAP3,FE_CAP3_2024_Cutoff_3.csv,4304,"Cummins College of Engineering For Women, Sukhali (Gupchup), Tal. Hingna Hingna Nagpur",,Mechanical Engineering,0430437250F - Electronics and Telecommunication EnggS,State Level,60668,78.9173428,bffaed86d955,False,False,INVALID_TEXT,MULTIPLE_ISSUES
2024-2025,CAP3,FE_CAP3_2024_Cutoff_3.csv,4304,"Cummins College of Engineering For Women, Sukhali (Gupchup), Tal. Hingna Hingna Nagpur",,Mechanical Engineering,Other Than Home University Seats Allotted to Other Than Home University CandidatesS,State Level,45622,84.3369649,61602b646bd2,False,False,INVALID_TEXT,MULTIPLE_ISSUES
2024-2025,CAP3,FE_CAP3_2024_Cutoff_3.csv,4304,"Cummins College of Engineering For Women, Sukhali (Gupchup), Tal. Hingna Hingna Nagpur",,Mechanical Engineering,VIIS,State Level,53975,81.3738935,9325e8309b71,False,False,VALID,CHECK_BRANCH
2024-2025,CAP3,FE_CAP3_2024_Cutoff_3.csv,4304,"Cummins College of Engineering For Women, Sukhali (Gupchup), Tal. Hingna Hingna Nagpur",,Mechanical Engineering,"Legends:Start Character G-General, L-Ladies, End Character H-Home University, O-Other than Home University, S-State LevelS",State Level,172952,8.946165,a5ce075d4fd1,False,True,INVALID_TEXT,MULTIPLE_ISSUES
2024-2025,CAP3,FE_CAP3_2024_Cutoff_3.csv,6276,"MKSSS's Cummins College of Engineering for Women, Karvenagar,Pune",,Mechatronics Engineering,"Legends:Start Character G-General, L-Ladies, End Character H-Home University, O-Other than Home University, S-State LevelS",State Level,1989,99.2685866,0e5d6cbe646a,False,False,INVALID_TEXT,MULTIPLE_ISSUES
2024-2025,CAP3,FE_CAP3_2024_Cutoff_3.csv,6276,"MKSSS's Cummins College of Engineering for Women, Karvenagar,Pune",,Mechatronics Engineering,Maharashtra State Seats - Cut Off Indicates State General Merit No. ; Figures in bracket Indicates Merit PercentileS,State Level,2946,98.960715,f396ca6ab534,False,False,INVALID_TEXT,MULTIPLE_ISSUES
2024-2025,CAP3,FE_CAP3_2024_Cutoff_3.csv,6276,"MKSSS's Cummins College of Engineering for Women, Karvenagar,Pune",,Mechatronics Engineering,0627637250F - Electronics and Telecommunication EnggS,State Level,4049,98.5995678,c1224174ad5f,False,False,INVALID_TEXT,MULTIPLE_ISSUES
2024-2025,CAP3,FE_CAP3_2024_Cutoff_3.csv,6276,"MKSSS's Cummins College of Engineering for Women, Karvenagar,Pune",,Mechatronics Engineering,LOPENS,State Level,24919,91.6557848,7f38fa69c6aa,False,True,VALID,CHECK_BRANCH
2024-2025,CAP3,FE_CAP3_2024_Cutoff_3.csv,6276,"MKSSS's Cummins College of Engineering for Women, Karvenagar,Pune",,Mechatronics Engineering,LSCS,State Level,173937,7.8241614,4ae6879d36fa,False,True,VALID,CHECK_BRANCH
2024-2025,CAP3,FE_CAP3_2024_Cutoff_3.csv,6276,"MKSSS's Cummins College of Engineering for Women, Karvenagar,Pune",,Mechatronics Engineering,LSTS,State Level,7269,97.578217,d830084685bb,False,True,VALID,CHECK_BRANCH
2024-2025,CAP3,FE_CAP3_2024_Cutoff_3.csv,6276,"MKSSS's Cummins College of Engineering for Women, Karvenagar,Pune",,Mechatronics Engineering,0627646450F - Instrumentation and Control EngineeringS,State Level,8924,97.0497898,aba1f1b4382a,False,False,INVALID_TEXT,MULTIPLE_ISSUES
2024-2025,CAP3,FE_CAP3_2024_Cutoff_3.csv,6276,"MKSSS's Cummins College of Engineering for Women, Karvenagar,Pune",,Mechatronics Engineering,LOPENS,State Level,28902,90.3308397,2953b57e4939,False,True,VALID,CHECK_BRANCH
2024-2025,CAP3,FE_CAP3_2024_Cutoff_3.csv,6276,"MKSSS's Cummins College of Engineering for Women, Karvenagar,Pune",,Mechatronics Engineering,LSCS,State Level,11341,96.2437396,3e23c70bdce2,False,True,VALID,CHECK_BRANCH
2024-2025,CAP3,FE_CAP3_2024_Cutoff_3.csv,6276,"MKSSS's Cummins College of Engineering for Women, Karvenagar,Pune",,Mechatronics Engineering,0627661250F - Mechanical EngineeringS,State Level,5437,98.1594324,f7727163062e,False,False,INVALID_TEXT,MULTIPLE_ISSUES
2024-2025,CAP3,FE_CAP3_2024_Cutoff_3.csv,6276,"MKSSS's Cummins College of Engineering for Women, Karvenagar,Pune",,Mechatronics Engineering,LOPENS,State Level,11037,96.3500312,2a49b4ff0d5b,False,True,VALID,CHECK_BRANCH
2024-2025,CAP3,FE_CAP3_2024_Cutoff_3.csv,6276,"MKSSS's Cummins College of Engineering for Women, Karvenagar,Pune",,Mechatronics Engineering,LSTS,State Level,5881,98.0170488,22a0549ba6d1,False,True,VALID,CHECK_BRANCH
2024-2025,CAP3,FE_CAP3_2024_Cutoff_3.csv,6276,"MKSSS's Cummins College of Engineering for Women, Karvenagar,Pune",,Mechatronics Engineering,LOBCS,State Level,19505,93.4923537,a10dbafc8e37,False,False,VALID,CHECK_BRANCH
2024-2025,CAP3,FE_CAP3_2024_Cutoff_3.csv,6276,"MKSSS's Cummins College of Engineering for Women, Karvenagar,Pune",,Mechatronics Engineering,VIIS,State Level,9229,96.936767,27b3a0b2706f,False,False,VALID,CHECK_BRANCH
2024-2025,CAP3,FE_CAP3_2024_Cutoff_3.csv,6285,"Bharati Vidyapeeth's College of Engineering for Women, Katraj, Dhankawadi, Pune",,Artificial Intelligence and Data Science,"Legends:Start Character G-General, L-Ladies, End Character H-Home University, O-Other than Home University, S-State LevelS",State Level,29442,90.0772352,97a2eaec1bc6,False,True,INVALID_TEXT,MULTIPLE_ISSUES
2024-2025,CAP3,FE_CAP3_2024_Cutoff_3.csv,6285,"Bharati Vidyapeeth's College of Engineering for Women, Katraj, Dhankawadi, Pune",,Artificial Intelligence and Data Science,Maharashtra State Seats - Cut Off Indicates State General Merit No. ; Figures in bracket Indicates Merit PercentileS,State Level,29767,89.9513776,e7f08546a9a5,False,True,INVALID_TEXT,MULTIPLE_ISSUES
2024-2025,CAP3,FE_CAP3_2024_Cutoff_3.csv,6285,"Bharati Vidyapeeth's College of Engineering for Women, Katraj, Dhankawadi, Pune",,Artificial Intelligence and Data Science,"Legends:Start Character G-General, L-Ladies, End Character H-Home University, O-Other than Home University, S-State LevelS",State Level,72614,73.8893284,4c9ce2258f3e,False,True,INVALID_TEXT,MULTIPLE_ISSUES
2024-2025,CAP3,FE_CAP3_2024_Cutoff_3.csv,6285,"Bharati Vidyapeeth's College of Engineering for Women, Katraj, Dhankawadi, Pune",,Artificial Intelligence and Data Science,Maharashtra State Seats - Cut Off Indicates State General Merit No. ; Figures in bracket Indicates Merit PercentileS,State Level,32600,88.9751421,151505de80c3,False,True,INVALID_TEXT,MULTIPLE_ISSUES
2024-2025,CAP3,FE_CAP3_2024_Cutoff_3.csv,6285,"Bharati Vidyapeeth's College of Engineering for Women, Katraj, Dhankawadi, Pune",,Artificial Intelligence and Data Science,"Legends:Start Character G-General, L-Ladies, End Character H-Home University, O-Other than Home University, S-State LevelS",State Level,37681,87.1564824,9e59c0772684,False,True,INVALID_TEXT,MULTIPLE_ISSUES
2024-2025,CAP3,FE_CAP3_2024_Cutoff_3.csv,6285,"Bharati Vidyapeeth's College of Engineering for Women, Katraj, Dhankawadi, Pune",,Artificial Intelligence and Data Science,VIIS,State Level,26317,91.2379211,658c215a7be1,False,False,VALID,CHECK_BRANCH
2024-2025,CAP3,FE_CAP3_2024_Cutoff_3.csv,6938,Shree Siddheshwar Women's College Of Engineering Solapur.,,Electronics and Computer Engineering,"Legends:Start Character G-General, L-Ladies, End Character H-Home University, O-Other than Home University, S-State LevelS",State Level,122553,49.6193645,46dec9ee615f,False,True,INVALID_TEXT,MULTIPLE_ISSUES
2024-2025,CAP3,FE_CAP3_2024_Cutoff_3.csv,6938,Shree Siddheshwar Women's College Of Engineering Solapur.,,Electronics and Computer Engineering,"Legends:Start Character G-General, L-Ladies, End Character H-Home University, O-Other than Home University, S-State LevelS",State Level,120933,50.6340761,66d886c80d81,False,True,INVALID_TEXT,MULTIPLE_ISSUES
