academic_year,cap_round,source_file,college_code,college_name,branch_code,branch_name,category,seat_section,merit_rank,percentile,record_id,is_exact_duplicate,is_potential_duplicate,category_status,data_quality_status
2022-2023,CAP1,FE_CAP1_2022_Cutoff.csv,3035,"Usha Mittal Institute of Technology SNDT  Women's University, Mumbai",303561210,Mechanical Engineering,Cut Off Indicates All India Merit No.; Figures in bracket Indicates JEE(Main) Score/MHT-CET Percentile.; AI to AI-All India Seats Allotted to All India Candidature Candidates.S,State Level,19582,89.4839384,3a2e8d017449,False,True,INVALID_TEXT,CHECK_CATEGORY
2022-2023,CAP1,FE_CAP1_2022_Cutoff.csv,3035,"Usha Mittal Institute of Technology SNDT  Women's University, Mumbai",303561210,Mechanical Engineering,DS,State Level,43188,76.2706983,60c089cd48b3,False,True,VALID,VALID
2022-2023,CAP1,FE_CAP1_2022_Cutoff.csv,3035,"Usha Mittal Institute of Technology SNDT  Women's University, Mumbai",303561210,Mechanical Engineering,State Common Entrance Test CellS,State Level,121435,2.44018,2ac600465489,False,True,INVALID_TEXT,CHECK_CATEGORY
2022-2023,CAP1,FE_CAP1_2022_Cutoff.csv,3035,"Usha Mittal Institute of Technology SNDT  Women's University, Mumbai",303561210,Mechanical Engineering,Cut Off List of All India Seats CAP Round I for Admission to First Year of Four Year Full Time Degree Courses in Engineering and Technology for the Academic Year 2022-23S,State Level,44465,75.4846987,89fcf24611fc,False,True,INVALID_TEXT,CHECK_CATEGORY
2022-2023,CAP1,FE_CAP1_2022_Cutoff.csv,3035,"Usha Mittal Institute of Technology SNDT  Women's University, Mumbai",303561210,Mechanical Engineering,LOPENS,State Level,32461,82.4069575,0dd2ae11aca1,False,True,VALID,VALID
2022-2023,CAP1,FE_CAP1_2022_Cutoff.csv,3035,"Usha Mittal Institute of Technology SNDT  Women's University, Mumbai",303561210,Mechanical Engineering,LSCS,State Level,50323,71.6451268,64fb68a2b4ab,False,True,VALID,VALID
2022-2023,CAP1,FE_CAP1_2022_Cutoff.csv,3035,"Usha Mittal Institute of Technology SNDT  Women's University, Mumbai",303561210,Mechanical Engineering,LSTS,State Level,27369,85.0880607,838d87c0d15d,False,True,VALID,VALID
2022-2023,CAP1,FE_CAP1_2022_Cutoff.csv,3035,"Usha Mittal Institute of Technology SNDT  Women's University, Mumbai",303561210,Mechanical Engineering,LVJS,State Level,28413,84.6811929,65c2a0e923e4,False,True,VALID,VALID
2022-2023,CAP1,FE_CAP1_2022_Cutoff.csv,3035,"Usha Mittal Institute of Technology SNDT  Women's University, Mumbai",303561210,Mechanical Engineering,LNT1S,State Level,35224,80.8718313,80fdef8b1fb9,False,True,VALID,VALID
2022-2023,CAP1,FE_CAP1_2022_Cutoff.csv,3035,"Usha Mittal Institute of Technology SNDT  Women's University, Mumbai",303561210,Mechanical Engineering,LNT2S,State Level,24726,86.5823024,a0a176804b41,False,True,VALID,VALID
2022-2023,CAP1,FE_CAP1_2022_Cutoff.csv,3035,"Usha Mittal Institute of Technology SNDT  Women's University, Mumbai",303561210,Mechanical Engineering,LOPENS,State Level,48944,72.7060426,b5cf9deea681,False,True,VALID,VALID
2022-2023,CAP1,FE_CAP1_2022_Cutoff.csv,3035,"Usha Mittal Institute of Technology SNDT  Women's University, Mumbai",303561210,Mechanical Engineering,LSCS,State Level,77471,51.9313711,c511eaaf6882,False,True,VALID,VALID
2022-2023,CAP1,FE_CAP1_2022_Cutoff.csv,3035,"Usha Mittal Institute of Technology SNDT  Women's University, Mumbai",303561210,Mechanical Engineering,LSTS,State Level,47265,73.5739966,affd0cb5324a,False,True,VALID,VALID
2022-2023,CAP1,FE_CAP1_2022_Cutoff.csv,3035,"Usha Mittal Institute of Technology SNDT  Women's University, Mumbai",303561210,Mechanical Engineering,LVJS,State Level,88213,42.7946749,245937a31cc3,False,True,VALID,VALID
2022-2023,CAP1,FE_CAP1_2022_Cutoff.csv,3035,"Usha Mittal Institute of Technology SNDT  Women's University, Mumbai",303561210,Mechanical Engineering,LNT1S,State Level,94963,35.8351101,c78e65aa8f51,False,True,VALID,VALID
2022-2023,CAP1,FE_CAP1_2022_Cutoff.csv,3035,"Usha Mittal Institute of Technology SNDT  Women's University, Mumbai",303561210,Mechanical Engineering,LNT2S,State Level,38801,78.6657067,5b975e5a1f26,False,True,VALID,VALID
2022-2023,CAP1,FE_CAP1_2022_Cutoff.csv,3035,"Usha Mittal Institute of Technology SNDT  Women's University, Mumbai",303561210,Mechanical Engineering,LNT3S,State Level,37290,79.5386869,9d3b644d7d2a,False,True,VALID,VALID
2022-2023,CAP1,FE_CAP1_2022_Cutoff.csv,3035,"Usha Mittal Institute of Technology SNDT  Women's University, Mumbai",303561210,Mechanical Engineering,LOBCS,State Level,56416,67.7143135,754959038a46,False,True,VALID,VALID
2022-2023,CAP1,FE_CAP1_2022_Cutoff.csv,3035,"Usha Mittal Institute of Technology SNDT  Women's University, Mumbai",303561210,Mechanical Engineering,DEFOPENS,State Level,38595,79.0746326,4ca08154ee05,False,True,VALID,VALID
2022-2023,CAP1,FE_CAP1_2022_Cutoff.csv,3035,"Usha Mittal Institute of Technology SNDT  Women's University, Mumbai",303561210,Mechanical Engineering,LOPENS,State Level,83124,47.769552,f9c6bd2a8912,False,True,VALID,VALID
2022-2023,CAP1,FE_CAP1_2022_Cutoff.csv,3035,"Usha Mittal Institute of Technology SNDT  Women's University, Mumbai",303561210,Mechanical Engineering,LSCS,State Level,107056,22.9132251,5a7383929f9f,False,True,VALID,VALID
2022-2023,CAP1,FE_CAP1_2022_Cutoff.csv,3035,"Usha Mittal Institute of Technology SNDT  Women's University, Mumbai",303561210,Mechanical Engineering,LSTS,State Level,86379,44.6471616,7b586be8216e,False,True,VALID,VALID
2022-2023,CAP1,FE_CAP1_2022_Cutoff.csv,3035,"Usha Mittal Institute of Technology SNDT  Women's University, Mumbai",303561210,Mechanical Engineering,LVJS,State Level,77945,51.6740911,c5349a0a00b7,False,True,VALID,VALID
2022-2023,CAP1,FE_CAP1_2022_Cutoff.csv,3035,"Usha Mittal Institute of Technology SNDT  Women's University, Mumbai",303561210,Mechanical Engineering,LNT1S,State Level,82457,48.1419882,34b0b3f3ceff,False,True,VALID,VALID
2022-2023,CAP1,FE_CAP1_2022_Cutoff.csv,3035,"Usha Mittal Institute of Technology SNDT  Women's University, Mumbai",303561210,Mechanical Engineering,LNT2S,State Level,55929,68.2985361,acf987f1530c,False,True,VALID,VALID
2022-2023,CAP1,FE_CAP1_2022_Cutoff.csv,3035,"Usha Mittal Institute of Technology SNDT  Women's University, Mumbai",303561210,Mechanical Engineering,LNT3S,State Level,47537,73.4437245,58400e736725,False,True,VALID,VALID
2022-2023,CAP1,FE_CAP1_2022_Cutoff.csv,3035,"Usha Mittal Institute of Technology SNDT  Women's University, Mumbai",303561210,Mechanical Engineering,LOBCS,State Level,36101,80.4540499,2ad2edbe077a,False,True,VALID,VALID
2022-2023,CAP1,FE_CAP1_2022_Cutoff.csv,3035,"Usha Mittal Institute of Technology SNDT  Women's University, Mumbai",303561210,Mechanical Engineering,DEFOPENS,State Level,36755,80.0233531,462c09f3cc9b,False,True,VALID,VALID
2022-2023,CAP1,FE_CAP1_2022_Cutoff.csv,3035,"Usha Mittal Institute of Technology SNDT  Women's University, Mumbai",303561210,Mechanical Engineering,LOPENS,State Level,119042,6.6563016,eac5f1e56d02,False,True,VALID,VALID
2022-2023,CAP1,FE_CAP1_2022_Cutoff.csv,3035,"Usha Mittal Institute of Technology SNDT  Women's University, Mumbai",303561210,Mechanical Engineering,LSCS,State Level,108871,20.3613489,a897a30d2408,False,True,VALID,VALID
2022-2023,CAP1,FE_CAP1_2022_Cutoff.csv,3035,"Usha Mittal Institute of Technology SNDT  Women's University, Mumbai",303561210,Mechanical Engineering,LNT2S,State Level,118259,7.4616793,d42e27970268,False,True,VALID,VALID
2022-2023,CAP1,FE_CAP1_2022_Cutoff.csv,3035,"Usha Mittal Institute of Technology SNDT  Women's University, Mumbai",303561210,Mechanical Engineering,LOBCS,State Level,92374,39.1582539,0a473196a35c,False,True,VALID,VALID
2022-2023,CAP1,FE_CAP1_2022_Cutoff.csv,3035,"Usha Mittal Institute of Technology SNDT  Women's University, Mumbai",303561210,Mechanical Engineering,Cut Off Indicates All India Merit No.; Figures in bracket Indicates JEE(Main) Score/MHT-CET Percentile.; AI to AI-All India Seats Allotted to All India Candidature Candidates.S,State Level,46974,74.0962113,3dc6a011fbee,False,True,INVALID_TEXT,CHECK_CATEGORY
2022-2023,CAP1,FE_CAP1_2022_Cutoff.csv,3035,"Usha Mittal Institute of Technology SNDT  Women's University, Mumbai",303561210,Mechanical Engineering,DS,State Level,122408,0.4694161,18265543696a,False,True,VALID,VALID
2022-2023,CAP1,FE_CAP1_2022_Cutoff.csv,3035,"Usha Mittal Institute of Technology SNDT  Women's University, Mumbai",303561210,Mechanical Engineering,State Common Entrance Test CellS,State Level,109159,20.232792,126d836546ad,False,True,INVALID_TEXT,CHECK_CATEGORY
2022-2023,CAP1,FE_CAP1_2022_Cutoff.csv,3035,"Usha Mittal Institute of Technology SNDT  Women's University, Mumbai",303561210,Mechanical Engineering,Cut Off List of All India Seats CAP Round I for Admission to First Year of Four Year Full Time Degree Courses in Engineering and Technology for the Academic Year 2022-23S,State Level,68846,59.0639291,d15c0ef6f4f0,False,True,INVALID_TEXT,CHECK_CATEGORY
2022-2023,CAP1,FE_CAP1_2022_Cutoff.csv,3035,"Usha Mittal Institute of Technology SNDT  Women's University, Mumbai",303561210,Mechanical Engineering,LOPENS,State Level,114682,12.7559948,97e478042301,False,True,VALID,VALID
2022-2023,CAP1,FE_CAP1_2022_Cutoff.csv,3035,"Usha Mittal Institute of Technology SNDT  Women's University, Mumbai",303561210,Mechanical Engineering,LSCS,State Level,56393,67.7143135,2acfe9246a21,False,True,VALID,VALID
2022-2023,CAP1,FE_CAP1_2022_Cutoff.csv,3035,"Usha Mittal Institute of Technology SNDT  Women's University, Mumbai",303561210,Mechanical Engineering,LSTS,State Level,75498,53.926243,c75b2850d2d6,False,True,VALID,VALID
2022-2023,CAP1,FE_CAP1_2022_Cutoff.csv,3035,"Usha Mittal Institute of Technology SNDT  Women's University, Mumbai",303561210,Mechanical Engineering,LNT1S,State Level,57421,67.1125395,785144e6b9e2,False,True,VALID,VALID
2022-2023,CAP1,FE_CAP1_2022_Cutoff.csv,3215,"Bhartiya Vidya Bhavan's Sardar Patel Institute  of Technology , Andheri, Mumbai",321591210.0,Computer Science and Engineering(Data Science),DEFROBCS,State Level,1612,98.9968802,56bdf6c6acb7,False,True,VALID,VALID
2022-2023,CAP1,FE_CAP1_2022_Cutoff.csv,3215,"Bhartiya Vidya Bhavan's Sardar Patel Institute  of Technology , Andheri, Mumbai",321591210.0,Computer Science and Engineering(Data Science),DEFROBCS,State Level,91883,39.4196471,2cfd6a6d964b,False,True,VALID,VALID
2022-2023,CAP1,FE_CAP1_2022_Cutoff.csv,4304,"Cummins College of Engineering For Women, Sukhali (Gupchup), Tal. Hingna Hingna Nagpur",430461210,Mechanical Engineering,Cut Off Indicates All India Merit No.; Figures in bracket Indicates JEE(Main) Score/MHT-CET Percentile.; AI to AI-All India Seats Allotted to All India Candidature Candidates.S,State Level,71598,56.8099848,d42b48797e6f,False,True,INVALID_TEXT,CHECK_CATEGORY
2022-2023,CAP1,FE_CAP1_2022_Cutoff.csv,4304,"Cummins College of Engineering For Women, Sukhali (Gupchup), Tal. Hingna Hingna Nagpur",430461210,Mechanical Engineering,Cut Off Indicates All India Merit No.; Figures in bracket Indicates JEE(Main) Score/MHT-CET Percentile.; AI to AI-All India Seats Allotted to All India Candidature Candidates.S,State Level,84256,45.9884082,1827f86aeb1d,False,True,INVALID_TEXT,CHECK_CATEGORY
2022-2023,CAP1,FE_CAP1_2022_Cutoff.csv,4304,"Cummins College of Engineering For Women, Sukhali (Gupchup), Tal. Hingna Hingna Nagpur",430461210,Mechanical Engineering,Cut Off Indicates All India Merit No.; Figures in bracket Indicates JEE(Main) Score/MHT-CET Percentile.; AI to AI-All India Seats Allotted to All India Candidature Candidates.S,State Level,100905,29.3528763,90cf76b71bf6,False,True,INVALID_TEXT,CHECK_CATEGORY
2022-2023,CAP1,FE_CAP1_2022_Cutoff.csv,6006,COEP Technological University,600637210.0,Electronics and Telecommunication Engg,PWDROBCS,State Level,15815,91.4874509,2857091c2198,False,True,VALID,VALID
2022-2023,CAP1,FE_CAP1_2022_Cutoff.csv,6006,COEP Technological University,600637210.0,Electronics and Telecommunication Engg,S,State Level,2733,98.3959757,8fe52eeae5d2,False,True,VALID,VALID
2022-2023,CAP1,FE_CAP1_2022_Cutoff.csv,6006,COEP Technological University,600637210.0,Electronics and Telecommunication Engg,DEFROBCS,State Level,19911,89.2748671,527147997db2,False,True,VALID,VALID
2022-2023,CAP1,FE_CAP1_2022_Cutoff.csv,6006,COEP Technological University,600637210.0,Electronics and Telecommunication Engg,PWDROBCS,State Level,3462,98.0099502,54322d7012cf,False,True,VALID,VALID
2022-2023,CAP1,FE_CAP1_2022_Cutoff.csv,6006,COEP Technological University,600637210.0,Electronics and Telecommunication Engg,S,State Level,655,99.5324399,4001975102f5,False,True,VALID,VALID
2022-2023,CAP1,FE_CAP1_2022_Cutoff.csv,6006,COEP Technological University,600637210.0,Electronics and Telecommunication Engg,DEFROBCS,State Level,277,99.7766584,0b46ecd84dfa,False,True,VALID,VALID
2022-2023,CAP1,FE_CAP1_2022_Cutoff.csv,6007,"Walchand College of Engineering, Sangli",600729310.0,Electrical Engineering,DEFROBCS,State Level,27494,85.0403264,9de25e519c5d,False,True,VALID,VALID
2022-2023,CAP1,FE_CAP1_2022_Cutoff.csv,6007,"Walchand College of Engineering, Sangli",600729310.0,Electrical Engineering,DEFROBCS,State Level,79699,50.5614783,053638508864,False,True,VALID,VALID
2022-2023,CAP1,FE_CAP1_2022_Cutoff.csv,6175,"Pimpri Chinchwad Education Trust, Pimpri Chinchwad College of Engineering, Pune",617527110.0,Computer Engineering (Regional Language),TFWS,State Level,3712,97.8692103,69d316762c29,False,True,VALID,VALID
2022-2023,CAP1,FE_CAP1_2022_Cutoff.csv,6175,"Pimpri Chinchwad Education Trust, Pimpri Chinchwad College of Engineering, Pune",617527110.0,Computer Engineering (Regional Language),TFWS,State Level,39720,78.2814198,562436a31877,False,True,VALID,VALID
2022-2023,CAP1,FE_CAP1_2022_Cutoff.csv,6267,"Kolhapur Institute of Technology's College of Engineering(Autonomous), Kolhapur",626726210.0,Computer Science and Business Systems,DEFROBCS,State Level,93396,38.17388,011d46504ab1,False,True,VALID,VALID
2022-2023,CAP1,FE_CAP1_2022_Cutoff.csv,6267,"Kolhapur Institute of Technology's College of Engineering(Autonomous), Kolhapur",626726210.0,Computer Science and Business Systems,DEFROBCS,State Level,10115,94.4989339,cc1a5dad6a2e,False,True,VALID,VALID
2022-2023,CAP1,FE_CAP1_2022_Cutoff.csv,6273,"Bansilal Ramnath Agarawal Charitable Trust's Vishwakarma Institute of Technology, Bibwewadi, Pune",627346410.0,Instrumentation and Control Engineering,TFWS,State Level,12909,93.018966,b9307e0b3cc0,False,True,VALID,VALID
2022-2023,CAP1,FE_CAP1_2022_Cutoff.csv,6273,"Bansilal Ramnath Agarawal Charitable Trust's Vishwakarma Institute of Technology, Bibwewadi, Pune",627346410.0,Instrumentation and Control Engineering,EWS,State Level,18161,90.269681,d78ba6050885,False,True,VALID,VALID
2022-2023,CAP1,FE_CAP1_2022_Cutoff.csv,6273,"Bansilal Ramnath Agarawal Charitable Trust's Vishwakarma Institute of Technology, Bibwewadi, Pune",627346410.0,Instrumentation and Control Engineering,TFWS,State Level,46293,74.2260244,c0181e75a107,False,True,VALID,VALID
2022-2023,CAP1,FE_CAP1_2022_Cutoff.csv,6273,"Bansilal Ramnath Agarawal Charitable Trust's Vishwakarma Institute of Technology, Bibwewadi, Pune",627346410.0,Instrumentation and Control Engineering,PWDROBCS,State Level,12256,93.3722163,84228ddd5b1f,False,True,VALID,VALID
2022-2023,CAP1,FE_CAP1_2022_Cutoff.csv,6273,"Bansilal Ramnath Agarawal Charitable Trust's Vishwakarma Institute of Technology, Bibwewadi, Pune",627346410.0,Instrumentation and Control Engineering,S,State Level,6960,96.1560364,744af144ea91,False,True,VALID,VALID
2022-2023,CAP1,FE_CAP1_2022_Cutoff.csv,6273,"Bansilal Ramnath Agarawal Charitable Trust's Vishwakarma Institute of Technology, Bibwewadi, Pune",627346410.0,Instrumentation and Control Engineering,DEFRNT3S,State Level,68887,59.0639291,ce9f14b96c1a,False,True,VALID,VALID
2022-2023,CAP1,FE_CAP1_2022_Cutoff.csv,6273,"Bansilal Ramnath Agarawal Charitable Trust's Vishwakarma Institute of Technology, Bibwewadi, Pune",627346410.0,Instrumentation and Control Engineering,DEFROBCS,State Level,1994,98.7836917,596213f15123,False,True,VALID,VALID
2022-2023,CAP1,FE_CAP1_2022_Cutoff.csv,6273,"Bansilal Ramnath Agarawal Charitable Trust's Vishwakarma Institute of Technology, Bibwewadi, Pune",627346410.0,Instrumentation and Control Engineering,PWDROBCS,State Level,79063,50.9996691,1612702f5332,False,True,VALID,VALID
2022-2023,CAP1,FE_CAP1_2022_Cutoff.csv,6273,"Bansilal Ramnath Agarawal Charitable Trust's Vishwakarma Institute of Technology, Bibwewadi, Pune",627346410.0,Instrumentation and Control Engineering,S,State Level,8418,95.3789279,0b4e94862199,False,True,VALID,VALID
2022-2023,CAP1,FE_CAP1_2022_Cutoff.csv,6273,"Bansilal Ramnath Agarawal Charitable Trust's Vishwakarma Institute of Technology, Bibwewadi, Pune",627346410.0,Instrumentation and Control Engineering,DEFRNT3S,State Level,5992,96.6535898,5925f5563478,False,True,VALID,VALID
2022-2023,CAP1,FE_CAP1_2022_Cutoff.csv,6273,"Bansilal Ramnath Agarawal Charitable Trust's Vishwakarma Institute of Technology, Bibwewadi, Pune",627346410.0,Instrumentation and Control Engineering,DEFROBCS,State Level,73957,54.912555,aef132058fd9,False,True,VALID,VALID
2022-2023,CAP1,FE_CAP1_2022_Cutoff.csv,6273,"Bansilal Ramnath Agarawal Charitable Trust's Vishwakarma Institute of Technology, Bibwewadi, Pune",627346410.0,Instrumentation and Control Engineering,EWS,State Level,5556,96.8953454,23e364e45c88,False,True,VALID,VALID
2022-2023,CAP1,FE_CAP1_2022_Cutoff.csv,6276,"MKSSS's Cummins College of Engineering for Women, Karvenagar,Pune",627661210,Mechanical Engineering,Cut Off Indicates All India Merit No.; Figures in bracket Indicates JEE(Main) Score/MHT-CET Percentile.; AI to AI-All India Seats Allotted to All India Candidature Candidates.S,State Level,2930,98.2988025,f4a1c509a528,False,True,INVALID_TEXT,CHECK_CATEGORY
2022-2023,CAP1,FE_CAP1_2022_Cutoff.csv,6276,"MKSSS's Cummins College of Engineering for Women, Karvenagar,Pune",627661210,Mechanical Engineering,DS,State Level,12323,93.3513667,2eaf4ab4352b,False,True,VALID,VALID
2022-2023,CAP1,FE_CAP1_2022_Cutoff.csv,6276,"MKSSS's Cummins College of Engineering for Women, Karvenagar,Pune",627661210,Mechanical Engineering,State Common Entrance Test CellS,State Level,56453,67.7143135,51792771405c,False,True,INVALID_TEXT,CHECK_CATEGORY
2022-2023,CAP1,FE_CAP1_2022_Cutoff.csv,6276,"MKSSS's Cummins College of Engineering for Women, Karvenagar,Pune",627661210,Mechanical Engineering,Cut Off List of All India Seats CAP Round I for Admission to First Year of Four Year Full Time Degree Courses in Engineering and Technology for the Academic Year 2022-23S,State Level,12779,93.1330675,582d889e627a,False,True,INVALID_TEXT,CHECK_CATEGORY
2022-2023,CAP1,FE_CAP1_2022_Cutoff.csv,6276,"MKSSS's Cummins College of Engineering for Women, Karvenagar,Pune",627661210,Mechanical Engineering,LOPENS,State Level,6541,96.3500502,cc1cfa4d60f6,False,True,VALID,VALID
2022-2023,CAP1,FE_CAP1_2022_Cutoff.csv,6276,"MKSSS's Cummins College of Engineering for Women, Karvenagar,Pune",627661210,Mechanical Engineering,LSCS,State Level,5950,96.6737739,d4fe04bb81bf,False,True,VALID,VALID
2022-2023,CAP1,FE_CAP1_2022_Cutoff.csv,6276,"MKSSS's Cummins College of Engineering for Women, Karvenagar,Pune",627661210,Mechanical Engineering,LSTS,State Level,4382,97.5140106,9768d5421cc8,False,True,VALID,VALID
2022-2023,CAP1,FE_CAP1_2022_Cutoff.csv,6276,"MKSSS's Cummins College of Engineering for Women, Karvenagar,Pune",627661210,Mechanical Engineering,LVJS,State Level,4532,97.4346516,0b51d5924184,False,True,VALID,VALID
2022-2023,CAP1,FE_CAP1_2022_Cutoff.csv,6276,"MKSSS's Cummins College of Engineering for Women, Karvenagar,Pune",627661210,Mechanical Engineering,LNT1S,State Level,47159,74.0962113,0fc03f946daa,False,True,VALID,VALID
2022-2023,CAP1,FE_CAP1_2022_Cutoff.csv,6276,"MKSSS's Cummins College of Engineering for Women, Karvenagar,Pune",627661210,Mechanical Engineering,LNT2S,State Level,74819,54.1664697,3ccba860e766,False,True,VALID,VALID
2022-2023,CAP1,FE_CAP1_2022_Cutoff.csv,6276,"MKSSS's Cummins College of Engineering for Women, Karvenagar,Pune",627661210,Mechanical Engineering,LNT3S,State Level,6087,96.6135363,78763caad742,False,True,VALID,VALID
2022-2023,CAP1,FE_CAP1_2022_Cutoff.csv,6276,"MKSSS's Cummins College of Engineering for Women, Karvenagar,Pune",627661210,Mechanical Engineering,LOBCS,State Level,9218,94.9538024,4a71d1f832b0,False,True,VALID,VALID
2022-2023,CAP1,FE_CAP1_2022_Cutoff.csv,6276,"MKSSS's Cummins College of Engineering for Women, Karvenagar,Pune",627661210,Mechanical Engineering,DEFOPENS,State Level,9200,94.9790794,deee6c5c789c,False,True,VALID,VALID
2022-2023,CAP1,FE_CAP1_2022_Cutoff.csv,6276,"MKSSS's Cummins College of Engineering for Women, Karvenagar,Pune",627661210,Mechanical Engineering,DEFOBCS,State Level,3195,98.1414809,b85c33f044c3,False,True,VALID,VALID
2022-2023,CAP1,FE_CAP1_2022_Cutoff.csv,6276,"MKSSS's Cummins College of Engineering for Women, Karvenagar,Pune",627661210,Mechanical Engineering,LOPENS,State Level,15274,91.8235378,c64f35ef308f,False,True,VALID,VALID
2022-2023,CAP1,FE_CAP1_2022_Cutoff.csv,6276,"MKSSS's Cummins College of Engineering for Women, Karvenagar,Pune",627661210,Mechanical Engineering,LSCS,State Level,66405,60.7344231,74f5e301443c,False,True,VALID,VALID
2022-2023,CAP1,FE_CAP1_2022_Cutoff.csv,6276,"MKSSS's Cummins College of Engineering for Women, Karvenagar,Pune",627661210,Mechanical Engineering,LSTS,State Level,13391,92.8130723,383d1d8c3bd2,False,True,VALID,VALID
2022-2023,CAP1,FE_CAP1_2022_Cutoff.csv,6276,"MKSSS's Cummins College of Engineering for Women, Karvenagar,Pune",627661210,Mechanical Engineering,LVJS,State Level,7912,95.6650859,cfd82b51b3bf,False,True,VALID,VALID
2022-2023,CAP1,FE_CAP1_2022_Cutoff.csv,6276,"MKSSS's Cummins College of Engineering for Women, Karvenagar,Pune",627661210,Mechanical Engineering,LNT1S,State Level,6771,96.2884411,01dd461a4d49,False,True,VALID,VALID
2022-2023,CAP1,FE_CAP1_2022_Cutoff.csv,6276,"MKSSS's Cummins College of Engineering for Women, Karvenagar,Pune",627661210,Mechanical Engineering,LNT2S,State Level,5841,96.7554273,89a0109e4f66,False,True,VALID,VALID
2022-2023,CAP1,FE_CAP1_2022_Cutoff.csv,6276,"MKSSS's Cummins College of Engineering for Women, Karvenagar,Pune",627661210,Mechanical Engineering,LNT3S,State Level,4989,97.2106063,3bff121a84c1,False,True,VALID,VALID
2022-2023,CAP1,FE_CAP1_2022_Cutoff.csv,6276,"MKSSS's Cummins College of Engineering for Women, Karvenagar,Pune",627661210,Mechanical Engineering,LOBCS,State Level,9708,94.7015776,579107dcc720,False,True,VALID,VALID
2022-2023,CAP1,FE_CAP1_2022_Cutoff.csv,6276,"MKSSS's Cummins College of Engineering for Women, Karvenagar,Pune",627661210,Mechanical Engineering,DEFOPENS,State Level,14168,92.3405466,761b818496b4,False,True,VALID,VALID
2022-2023,CAP1,FE_CAP1_2022_Cutoff.csv,6276,"MKSSS's Cummins College of Engineering for Women, Karvenagar,Pune",627661210,Mechanical Engineering,DEFROBCS,State Level,3915,97.7682444,aafbe2e3b136,False,True,VALID,VALID
2022-2023,CAP1,FE_CAP1_2022_Cutoff.csv,6276,"MKSSS's Cummins College of Engineering for Women, Karvenagar,Pune",627661210,Mechanical Engineering,LOPENS,State Level,26757,85.6396122,af85027f7c70,False,True,VALID,VALID
2022-2023,CAP1,FE_CAP1_2022_Cutoff.csv,6276,"MKSSS's Cummins College of Engineering for Women, Karvenagar,Pune",627661210,Mechanical Engineering,LSCS,State Level,111015,17.5316365,acdebdbae969,False,True,VALID,VALID
2022-2023,CAP1,FE_CAP1_2022_Cutoff.csv,6276,"MKSSS's Cummins College of Engineering for Women, Karvenagar,Pune",627661210,Mechanical Engineering,LSTS,State Level,29241,84.1506751,82f60722549a,False,True,VALID,VALID
2022-2023,CAP1,FE_CAP1_2022_Cutoff.csv,6276,"MKSSS's Cummins College of Engineering for Women, Karvenagar,Pune",627661210,Mechanical Engineering,LVJS,State Level,24546,86.8356112,0dc0471519bf,False,True,VALID,VALID
2022-2023,CAP1,FE_CAP1_2022_Cutoff.csv,6276,"MKSSS's Cummins College of Engineering for Women, Karvenagar,Pune",627661210,Mechanical Engineering,LNT1S,State Level,13967,92.4845102,92accbc1bff4,False,True,VALID,VALID
2022-2023,CAP1,FE_CAP1_2022_Cutoff.csv,6276,"MKSSS's Cummins College of Engineering for Women, Karvenagar,Pune",627661210,Mechanical Engineering,LNT2S,State Level,11646,93.7059922,dbe37ca6861d,False,True,VALID,VALID
2022-2023,CAP1,FE_CAP1_2022_Cutoff.csv,6276,"MKSSS's Cummins College of Engineering for Women, Karvenagar,Pune",627661210,Mechanical Engineering,LNT3S,State Level,10210,94.4462825,f56c27acdc8a,False,True,VALID,VALID
2022-2023,CAP1,FE_CAP1_2022_Cutoff.csv,6276,"MKSSS's Cummins College of Engineering for Women, Karvenagar,Pune",627661210,Mechanical Engineering,LOBCS,State Level,17665,90.524615,d9a7472b6dfb,False,True,VALID,VALID
2022-2023,CAP1,FE_CAP1_2022_Cutoff.csv,6276,"MKSSS's Cummins College of Engineering for Women, Karvenagar,Pune",627661210,Mechanical Engineering,DEFOPENS,State Level,31853,82.6809987,62b8efa29b86,False,True,VALID,VALID
2022-2023,CAP1,FE_CAP1_2022_Cutoff.csv,6276,"MKSSS's Cummins College of Engineering for Women, Karvenagar,Pune",627661210,Mechanical Engineering,DEFOBCS,State Level,77342,51.9313711,882f378044b2,False,True,VALID,VALID
2022-2023,CAP1,FE_CAP1_2022_Cutoff.csv,6276,"MKSSS's Cummins College of Engineering for Women, Karvenagar,Pune",627661210,Mechanical Engineering,DEFROBCS,State Level,9201,94.9790794,ff1f84ab51e8,False,True,VALID,VALID
2022-2023,CAP1,FE_CAP1_2022_Cutoff.csv,6276,"MKSSS's Cummins College of Engineering for Women, Karvenagar,Pune",627661210,Mechanical Engineering,LOPENS,State Level,70010,57.7165019,d2ece5bb33e7,False,True,VALID,VALID
2022-2023,CAP1,FE_CAP1_2022_Cutoff.csv,6276,"MKSSS's Cummins College of Engineering for Women, Karvenagar,Pune",627661210,Mechanical Engineering,LSCS,State Level,39383,78.3504176,5fbc7732708a,False,True,VALID,VALID
2022-2023,CAP1,FE_CAP1_2022_Cutoff.csv,6276,"MKSSS's Cummins College of Engineering for Women, Karvenagar,Pune",627661210,Mechanical Engineering,LVJS,State Level,42248,76.7344555,0ee07dd1539d,False,True,VALID,VALID
2022-2023,CAP1,FE_CAP1_2022_Cutoff.csv,6276,"MKSSS's Cummins College of Engineering for Women, Karvenagar,Pune",627661210,Mechanical Engineering,LNT1S,State Level,84008,46.1727561,656aa6b21e81,False,True,VALID,VALID
2022-2023,CAP1,FE_CAP1_2022_Cutoff.csv,6276,"MKSSS's Cummins College of Engineering for Women, Karvenagar,Pune",627661210,Mechanical Engineering,LNT2S,State Level,42887,76.4889836,1a5d1f24fa5a,False,True,VALID,VALID
2022-2023,CAP1,FE_CAP1_2022_Cutoff.csv,6276,"MKSSS's Cummins College of Engineering for Women, Karvenagar,Pune",627661210,Mechanical Engineering,LNT3S,State Level,28367,84.6811929,37f842cc8edf,False,True,VALID,VALID
2022-2023,CAP1,FE_CAP1_2022_Cutoff.csv,6276,"MKSSS's Cummins College of Engineering for Women, Karvenagar,Pune",627661210,Mechanical Engineering,LOBCS,State Level,98327,32.3435843,cf52013bff36,False,True,VALID,VALID
2022-2023,CAP1,FE_CAP1_2022_Cutoff.csv,6276,"MKSSS's Cummins College of Engineering for Women, Karvenagar,Pune",627661210,Mechanical Engineering,DEFOPENS,State Level,31879,82.6809987,cf294bc8feb2,False,True,VALID,VALID
2022-2023,CAP1,FE_CAP1_2022_Cutoff.csv,6276,"MKSSS's Cummins College of Engineering for Women, Karvenagar,Pune",627661210,Mechanical Engineering,Cut Off Indicates All India Merit No.; Figures in bracket Indicates JEE(Main) Score/MHT-CET Percentile.; AI to AI-All India Seats Allotted to All India Candidature Candidates.S,State Level,18472,90.0256605,e718c05f72ee,False,True,INVALID_TEXT,CHECK_CATEGORY
2022-2023,CAP1,FE_CAP1_2022_Cutoff.csv,6276,"MKSSS's Cummins College of Engineering for Women, Karvenagar,Pune",627661210,Mechanical Engineering,DS,State Level,53689,69.5290454,60e1200ce173,False,True,VALID,VALID
2022-2023,CAP1,FE_CAP1_2022_Cutoff.csv,6276,"MKSSS's Cummins College of Engineering for Women, Karvenagar,Pune",627661210,Mechanical Engineering,State Common Entrance Test CellS,State Level,29733,84.0382056,5b90b26a17b8,False,True,INVALID_TEXT,CHECK_CATEGORY
2022-2023,CAP1,FE_CAP1_2022_Cutoff.csv,6276,"MKSSS's Cummins College of Engineering for Women, Karvenagar,Pune",627661210,Mechanical Engineering,Cut Off List of All India Seats CAP Round I for Admission to First Year of Four Year Full Time Degree Courses in Engineering and Technology for the Academic Year 2022-23S,State Level,31231,83.1650789,3c832dc789d9,False,True,INVALID_TEXT,CHECK_CATEGORY
2022-2023,CAP1,FE_CAP1_2022_Cutoff.csv,6276,"MKSSS's Cummins College of Engineering for Women, Karvenagar,Pune",627661210,Mechanical Engineering,LOPENS,State Level,61150,64.4979119,d46d925bf766,False,True,VALID,VALID
2022-2023,CAP1,FE_CAP1_2022_Cutoff.csv,6276,"MKSSS's Cummins College of Engineering for Women, Karvenagar,Pune",627661210,Mechanical Engineering,LSCS,State Level,25323,86.3666603,5d47887d87fe,False,True,VALID,VALID
2022-2023,CAP1,FE_CAP1_2022_Cutoff.csv,6276,"MKSSS's Cummins College of Engineering for Women, Karvenagar,Pune",627661210,Mechanical Engineering,LVJS,State Level,25273,86.3666603,e9ac74b4e437,False,True,VALID,VALID
2022-2023,CAP1,FE_CAP1_2022_Cutoff.csv,6276,"MKSSS's Cummins College of Engineering for Women, Karvenagar,Pune",627661210,Mechanical Engineering,LNT1S,State Level,84640,45.9187639,d7e0b343a2ce,False,True,VALID,VALID
2022-2023,CAP1,FE_CAP1_2022_Cutoff.csv,6276,"MKSSS's Cummins College of Engineering for Women, Karvenagar,Pune",627661210,Mechanical Engineering,LNT2S,State Level,32961,82.1909278,1cacaeae7631,False,True,VALID,VALID
2022-2023,CAP1,FE_CAP1_2022_Cutoff.csv,6285,"Bharati Vidyapeeth's College of Engineering for Women, Katraj, Dhankawadi, Pune",628599510,Artificial Intelligence and Data Science,Cut Off Indicates All India Merit No.; Figures in bracket Indicates JEE(Main) Score/MHT-CET Percentile.; AI to AI-All India Seats Allotted to All India Candidature Candidates.S,State Level,18672,89.9588516,1dbd7755d782,False,True,INVALID_TEXT,CHECK_CATEGORY
2022-2023,CAP1,FE_CAP1_2022_Cutoff.csv,6285,"Bharati Vidyapeeth's College of Engineering for Women, Katraj, Dhankawadi, Pune",628599510,Artificial Intelligence and Data Science,DS,State Level,27958,84.9772018,d85b0ba64ebc,False,True,VALID,VALID
2022-2023,CAP1,FE_CAP1_2022_Cutoff.csv,6285,"Bharati Vidyapeeth's College of Engineering for Women, Katraj, Dhankawadi, Pune",628599510,Artificial Intelligence and Data Science,State Common Entrance Test CellS,State Level,13596,92.6265538,0776a04dd7cc,False,True,INVALID_TEXT,CHECK_CATEGORY
2022-2023,CAP1,FE_CAP1_2022_Cutoff.csv,6285,"Bharati Vidyapeeth's College of Engineering for Women, Katraj, Dhankawadi, Pune",628599510,Artificial Intelligence and Data Science,Cut Off Indicates All India Merit No.; Figures in bracket Indicates JEE(Main) Score/MHT-CET Percentile.; AI to AI-All India Seats Allotted to All India Candidature Candidates.S,State Level,29704,84.0382056,e5246c9400d1,False,True,INVALID_TEXT,CHECK_CATEGORY
2022-2023,CAP1,FE_CAP1_2022_Cutoff.csv,6285,"Bharati Vidyapeeth's College of Engineering for Women, Katraj, Dhankawadi, Pune",628599510,Artificial Intelligence and Data Science,DS,State Level,32741,82.3877908,0cc39fb3eed8,False,True,VALID,VALID
2022-2023,CAP1,FE_CAP1_2022_Cutoff.csv,6285,"Bharati Vidyapeeth's College of Engineering for Women, Katraj, Dhankawadi, Pune",628599510,Artificial Intelligence and Data Science,State Common Entrance Test CellS,State Level,15054,91.8979281,2fdaefb71d07,False,True,INVALID_TEXT,CHECK_CATEGORY
2022-2023,CAP1,FE_CAP1_2022_Cutoff.csv,6285,"Bharati Vidyapeeth's College of Engineering for Women, Katraj, Dhankawadi, Pune",628599510,Artificial Intelligence and Data Science,Cut Off Indicates All India Merit No.; Figures in bracket Indicates JEE(Main) Score/MHT-CET Percentile.; AI to AI-All India Seats Allotted to All India Candidature Candidates.S,State Level,77608,51.9313711,e3a1d6474d15,False,True,INVALID_TEXT,CHECK_CATEGORY
2022-2023,CAP1,FE_CAP1_2022_Cutoff.csv,6285,"Bharati Vidyapeeth's College of Engineering for Women, Katraj, Dhankawadi, Pune",628599510,Artificial Intelligence and Data Science,DS,State Level,78386,51.2359011,e7a108dd0a51,False,True,VALID,VALID
2022-2023,CAP1,FE_CAP1_2022_Cutoff.csv,6285,"Bharati Vidyapeeth's College of Engineering for Women, Katraj, Dhankawadi, Pune",628599510,Artificial Intelligence and Data Science,State Common Entrance Test CellS,State Level,32630,82.3877908,073cd4734c58,False,True,INVALID_TEXT,CHECK_CATEGORY
2022-2023,CAP1,FE_CAP1_2022_Cutoff.csv,6289,"B.R.A.C.T's Vishwakarma Institute of Information Technology, Kondhwa (Bk.), Pune",628937210.0,Electronics and Telecommunication Engg,DEFRNT3S,State Level,48438,72.8897104,b99a025d5406,False,True,VALID,VALID
2022-2023,CAP1,FE_CAP1_2022_Cutoff.csv,6289,"B.R.A.C.T's Vishwakarma Institute of Information Technology, Kondhwa (Bk.), Pune",628937210.0,Electronics and Telecommunication Engg,EWS,State Level,9167,94.9790794,b1e4f50227b7,False,True,VALID,VALID
2022-2023,CAP1,FE_CAP1_2022_Cutoff.csv,6289,"B.R.A.C.T's Vishwakarma Institute of Information Technology, Kondhwa (Bk.), Pune",628937210.0,Electronics and Telecommunication Engg,DEFRNT3S,State Level,3582,97.9344897,0d5b5decc866,False,True,VALID,VALID
2022-2023,CAP1,FE_CAP1_2022_Cutoff.csv,6289,"B.R.A.C.T's Vishwakarma Institute of Information Technology, Kondhwa (Bk.), Pune",628937210.0,Electronics and Telecommunication Engg,EWS,State Level,4313,97.570544,98143a7098c7,False,True,VALID,VALID
2022-2023,CAP1,FE_CAP1_2022_Cutoff.csv,6938,Shree Siddheshwar Women's College Of Engineering Solapur.,693861210,Mechanical Engineering,Cut Off Indicates All India Merit No.; Figures in bracket Indicates JEE(Main) Score/MHT-CET Percentile.; AI to AI-All India Seats Allotted to All India Candidature Candidates.S,State Level,84378,45.9884082,1d317a0da6cf,False,True,INVALID_TEXT,CHECK_CATEGORY
2022-2023,CAP1,FE_CAP1_2022_Cutoff.csv,6938,Shree Siddheshwar Women's College Of Engineering Solapur.,693861210,Mechanical Engineering,Cut Off Indicates All India Merit No.; Figures in bracket Indicates JEE(Main) Score/MHT-CET Percentile.; AI to AI-All India Seats Allotted to All India Candidature Candidates.S,State Level,120854,3.3501235,4a67e1343381,False,True,INVALID_TEXT,CHECK_CATEGORY
2022-2023,CAP1,FE_CAP1_2022_Cutoff.csv,6938,Shree Siddheshwar Women's College Of Engineering Solapur.,693861210,Mechanical Engineering,Cut Off Indicates All India Merit No.; Figures in bracket Indicates JEE(Main) Score/MHT-CET Percentile.; AI to AI-All India Seats Allotted to All India Candidature Candidates.S,State Level,100661,29.9372742,a4b4e450d0f6,False,True,INVALID_TEXT,CHECK_CATEGORY
2022-2023,CAP2,FE_CAP2_2022_Cutoff.csv,1002,"Government College of Engineering, Amravati",100261210.0,Mechanical Engineering,I-NonS,State Level,39532,78.3496848,b8427f8495e9,False,True,VALID,VALID
2022-2023,CAP2,FE_CAP2_2022_Cutoff.csv,1002,"Government College of Engineering, Amravati",100261210.0,Mechanical Engineering,I-NonS,State Level,39969,78.1473584,ff8027ff2e24,False,True,VALID,VALID
2022-2023,CAP2,FE_CAP2_2022_Cutoff.csv,2008,"Government College of Engineering,  Aurangabad",200819110.0,Civil Engineering,I-NonS,State Level,40601,77.8495773,2d863d49d902,False,True,VALID,VALID
2022-2023,CAP2,FE_CAP2_2022_Cutoff.csv,2008,"Government College of Engineering,  Aurangabad",200819110.0,Civil Engineering,I-NonS,State Level,39790,78.1473584,3d1f9776900b,False,True,VALID,VALID
2022-2023,CAP2,FE_CAP2_2022_Cutoff.csv,2020,"Shri Guru Gobind Singhji Institute of Engineering and Technology, Nanded",202019110.0,Civil Engineering,I-NonS,State Level,49464,72.5765063,f7e24dd619eb,False,True,VALID,VALID
2022-2023,CAP2,FE_CAP2_2022_Cutoff.csv,2020,"Shri Guru Gobind Singhji Institute of Engineering and Technology, Nanded",202019110.0,Civil Engineering,I-NonS,State Level,50279,71.6451268,00689e3d3239,False,True,VALID,VALID
2022-2023,CAP2,FE_CAP2_2022_Cutoff.csv,2020,"Shri Guru Gobind Singhji Institute of Engineering and Technology, Nanded",202046610.0,Instrumentation Engineering,I-NonS,State Level,33541,81.7575556,6bb1c900fef9,False,True,VALID,VALID
2022-2023,CAP2,FE_CAP2_2022_Cutoff.csv,2020,"Shri Guru Gobind Singhji Institute of Engineering and Technology, Nanded",202046610.0,Instrumentation Engineering,I-NonS,State Level,33443,81.8334533,26e54ee0077a,False,True,VALID,VALID
2022-2023,CAP2,FE_CAP2_2022_Cutoff.csv,2020,"Shri Guru Gobind Singhji Institute of Engineering and Technology, Nanded",202050710.0,Chemical Engineering,I-NonS,State Level,46776,74.1161376,d5afd666f1ee,False,True,VALID,VALID
2022-2023,CAP2,FE_CAP2_2022_Cutoff.csv,2020,"Shri Guru Gobind Singhji Institute of Engineering and Technology, Nanded",202050710.0,Chemical Engineering,I-NonS,State Level,48408,72.8897104,4a1738267d33,False,True,VALID,VALID
2022-2023,CAP2,FE_CAP2_2022_Cutoff.csv,2020,"Shri Guru Gobind Singhji Institute of Engineering and Technology, Nanded",202060610.0,Production Engineering,I-NonS,State Level,121182,2.7252476,bcd8e1b3c2d2,False,True,VALID,VALID
2022-2023,CAP2,FE_CAP2_2022_Cutoff.csv,2020,"Shri Guru Gobind Singhji Institute of Engineering and Technology, Nanded",202060610.0,Production Engineering,I-NonS,State Level,90540,39.8713522,925b96189bb4,False,True,VALID,VALID
2022-2023,CAP2,FE_CAP2_2022_Cutoff.csv,2020,"Shri Guru Gobind Singhji Institute of Engineering and Technology, Nanded",202061210.0,Mechanical Engineering,I-NonS,State Level,49841,71.9798416,9e94f5d9bd95,False,True,VALID,VALID
2022-2023,CAP2,FE_CAP2_2022_Cutoff.csv,2020,"Shri Guru Gobind Singhji Institute of Engineering and Technology, Nanded",202061210.0,Mechanical Engineering,I-NonS,State Level,42389,76.6964455,498d586d4060,False,True,VALID,VALID
2022-2023,CAP2,FE_CAP2_2022_Cutoff.csv,2020,"Shri Guru Gobind Singhji Institute of Engineering and Technology, Nanded",202089610.0,Textile Technology,I-NonS,State Level,90330,39.8713522,abccf549f2cf,False,True,VALID,VALID
2022-2023,CAP2,FE_CAP2_2022_Cutoff.csv,2020,"Shri Guru Gobind Singhji Institute of Engineering and Technology, Nanded",202089610.0,Textile Technology,I-NonS,State Level,82477,48.1419882,b3bf04433658,False,True,VALID,VALID
2022-2023,CAP2,FE_CAP2_2022_Cutoff.csv,2032,"Institute of Chemical Technology, Mumbai Marathwada off campus, Jalna",203290410.0,Chemical Engineering,I-NonS,State Level,23852,87.0828062,6f0ed0307868,False,True,VALID,VALID
2022-2023,CAP2,FE_CAP2_2022_Cutoff.csv,2032,"Institute of Chemical Technology, Mumbai Marathwada off campus, Jalna",203290410.0,Chemical Engineering,I-NonS,State Level,23536,87.3244115,75aeeeb1925c,False,True,VALID,VALID
2022-2023,CAP2,FE_CAP2_2022_Cutoff.csv,2113,"G. S. Mandal's Maharashtra Institute of Technology, Aurangabad",211325710.0,Computer Science and Design,I-NonS,State Level,52931,70.0988506,1f26b529f4a9,False,True,VALID,VALID
2022-2023,CAP2,FE_CAP2_2022_Cutoff.csv,2113,"G. S. Mandal's Maharashtra Institute of Technology, Aurangabad",211325710.0,Computer Science and Design,I-NonS,State Level,54348,69.1685966,64341f8355d3,False,True,VALID,VALID
2022-2023,CAP2,FE_CAP2_2022_Cutoff.csv,2113,"G. S. Mandal's Maharashtra Institute of Technology, Aurangabad",211329310.0,Electrical Engineering,I-NonS,State Level,92556,38.9943074,0df23764d62f,False,True,VALID,VALID
2022-2023,CAP2,FE_CAP2_2022_Cutoff.csv,2113,"G. S. Mandal's Maharashtra Institute of Technology, Aurangabad",211329310.0,Electrical Engineering,I-NonS,State Level,91449,39.4227966,850c16b30dcd,False,True,VALID,VALID
2022-2023,CAP2,FE_CAP2_2022_Cutoff.csv,2113,"G. S. Mandal's Maharashtra Institute of Technology, Aurangabad",211361210.0,Mechanical Engineering,I-NonS,State Level,97842,32.5908894,4e03fee20e73,False,True,VALID,VALID
2022-2023,CAP2,FE_CAP2_2022_Cutoff.csv,2113,"G. S. Mandal's Maharashtra Institute of Technology, Aurangabad",211361210.0,Mechanical Engineering,I-NonS,State Level,90932,39.5925136,c61b38fdee77,False,True,VALID,VALID
2022-2023,CAP2,FE_CAP2_2022_Cutoff.csv,2113,"G. S. Mandal's Maharashtra Institute of Technology, Aurangabad",211384410.0,Electronics and Computer Engineering,I-NonS,State Level,64821,61.9054461,58cc5c9249bd,False,True,VALID,VALID
2022-2023,CAP2,FE_CAP2_2022_Cutoff.csv,2113,"G. S. Mandal's Maharashtra Institute of Technology, Aurangabad",211384410.0,Electronics and Computer Engineering,I-NonS,State Level,55725,68.2985361,61d58f5191af,False,True,VALID,VALID
2022-2023,CAP2,FE_CAP2_2022_Cutoff.csv,3033,"Dr. Babasaheb Ambedkar Technological University, Lonere",303350710.0,Chemical Engineering,I-NonS,State Level,100405,30.014662,c1c7795b71ba,False,True,VALID,VALID
2022-2023,CAP2,FE_CAP2_2022_Cutoff.csv,3033,"Dr. Babasaheb Ambedkar Technological University, Lonere",303350710.0,Chemical Engineering,I-NonS,State Level,101372,29.2342823,325ddedb5d40,False,True,VALID,VALID
2022-2023,CAP2,FE_CAP2_2022_Cutoff.csv,3033,"Dr. Babasaheb Ambedkar Technological University, Lonere",303361210.0,Mechanical Engineering,I-NonS,State Level,94923,35.978039,4567a79dfaf0,False,True,VALID,VALID
2022-2023,CAP2,FE_CAP2_2022_Cutoff.csv,3033,"Dr. Babasaheb Ambedkar Technological University, Lonere",303361210.0,Mechanical Engineering,I-NonS,State Level,83716,46.4456321,75076ad19fdf,False,True,VALID,VALID
2022-2023,CAP2,FE_CAP2_2022_Cutoff.csv,3035,"Usha Mittal Institute of Technology SNDT  Women's University, Mumbai",303561210,Mechanical Engineering,"Legends:Start Character G-General, L-Ladies, End Character H-Home University, O-Other than Home University, S-State Level,S",State Level,20724,88.8543387,ac7967a5f74d,False,True,INVALID_TEXT,CHECK_CATEGORY
2022-2023,CAP2,FE_CAP2_2022_Cutoff.csv,3035,"Usha Mittal Institute of Technology SNDT  Women's University, Mumbai",303561210,Mechanical Engineering,"PWDR : PWD Common Reserved Seat, DEFR : Defense Common Reserved Seat.",State Level,37713,79.4751328,2b7a52b203ab,False,True,INVALID_TEXT,CHECK_CATEGORY
2022-2023,CAP2,FE_CAP2_2022_Cutoff.csv,3035,"Usha Mittal Institute of Technology SNDT  Women's University, Mumbai",303561210,Mechanical Engineering,Maharashtra State Seats - Cut Off Indicates State General Merit No.; Figures in bracket Indicates MHT-CET PCM PercentileS,State Level,39220,78.3504176,5f05157e1fd7,False,True,INVALID_TEXT,CHECK_CATEGORY
2022-2023,CAP2,FE_CAP2_2022_Cutoff.csv,3035,"Usha Mittal Institute of Technology SNDT  Women's University, Mumbai",303561210,Mechanical Engineering,DS,State Level,29737,84.0382056,77b35dc939ec,False,True,VALID,VALID
2022-2023,CAP2,FE_CAP2_2022_Cutoff.csv,3035,"Usha Mittal Institute of Technology SNDT  Women's University, Mumbai",303561210,Mechanical Engineering,State Common Entrance Test CellS,State Level,59377,65.7244332,8ab9e71bdb18,False,True,INVALID_TEXT,CHECK_CATEGORY
2022-2023,CAP2,FE_CAP2_2022_Cutoff.csv,3035,"Usha Mittal Institute of Technology SNDT  Women's University, Mumbai",303561210,Mechanical Engineering,LOPENS,State Level,67563,59.7201871,393c74933eff,False,True,VALID,VALID
2022-2023,CAP2,FE_CAP2_2022_Cutoff.csv,3035,"Usha Mittal Institute of Technology SNDT  Women's University, Mumbai",303561210,Mechanical Engineering,LSCS,State Level,31026,83.2284916,3075654267b0,False,True,VALID,VALID
2022-2023,CAP2,FE_CAP2_2022_Cutoff.csv,3035,"Usha Mittal Institute of Technology SNDT  Women's University, Mumbai",303561210,Mechanical Engineering,I-NonS,State Level,21929,88.1677532,13081eeecf97,False,True,VALID,VALID
2022-2023,CAP2,FE_CAP2_2022_Cutoff.csv,3035,"Usha Mittal Institute of Technology SNDT  Women's University, Mumbai",303561210,Mechanical Engineering,VIIS,State Level,21619,88.3304859,f6938d5f69ab,False,True,VALID,VALID
2022-2023,CAP2,FE_CAP2_2022_Cutoff.csv,3035,"Usha Mittal Institute of Technology SNDT  Women's University, Mumbai",303561210,Mechanical Engineering,LOPENS,State Level,43426,75.8471965,0cc66c201a22,False,True,VALID,VALID
2022-2023,CAP2,FE_CAP2_2022_Cutoff.csv,3035,"Usha Mittal Institute of Technology SNDT  Women's University, Mumbai",303561210,Mechanical Engineering,LSCS,State Level,50647,71.4470469,b55b64455726,False,True,VALID,VALID
2022-2023,CAP2,FE_CAP2_2022_Cutoff.csv,3035,"Usha Mittal Institute of Technology SNDT  Women's University, Mumbai",303561210,Mechanical Engineering,LSTS,State Level,37432,79.5386869,3efeb3acd906,False,True,VALID,VALID
2022-2023,CAP2,FE_CAP2_2022_Cutoff.csv,3035,"Usha Mittal Institute of Technology SNDT  Women's University, Mumbai",303561210,Mechanical Engineering,LNT2S,State Level,99671,31.7734581,76606cfdedcc,False,True,VALID,VALID
2022-2023,CAP2,FE_CAP2_2022_Cutoff.csv,3035,"Usha Mittal Institute of Technology SNDT  Women's University, Mumbai",303561210,Mechanical Engineering,I-NonS,State Level,33752,81.6350139,62ccf9fef044,False,True,VALID,VALID
2022-2023,CAP2,FE_CAP2_2022_Cutoff.csv,3035,"Usha Mittal Institute of Technology SNDT  Women's University, Mumbai",303561210,Mechanical Engineering,VIIS,State Level,34798,81.0304563,adec53bfb6f6,False,True,VALID,VALID
2022-2023,CAP2,FE_CAP2_2022_Cutoff.csv,3035,"Usha Mittal Institute of Technology SNDT  Women's University, Mumbai",303561210,Mechanical Engineering,LOPENS,State Level,59360,65.7244332,29b391cbf2c9,False,True,VALID,VALID
2022-2023,CAP2,FE_CAP2_2022_Cutoff.csv,3035,"Usha Mittal Institute of Technology SNDT  Women's University, Mumbai",303561210,Mechanical Engineering,LSCS,State Level,91642,39.4196471,bda60db02543,False,True,VALID,VALID
2022-2023,CAP2,FE_CAP2_2022_Cutoff.csv,3035,"Usha Mittal Institute of Technology SNDT  Women's University, Mumbai",303561210,Mechanical Engineering,LSTS,State Level,59755,65.5958943,4ccc2d95ba82,False,True,VALID,VALID
2022-2023,CAP2,FE_CAP2_2022_Cutoff.csv,3035,"Usha Mittal Institute of Technology SNDT  Women's University, Mumbai",303561210,Mechanical Engineering,LNT2S,State Level,30332,83.4797216,85dc3d5c6d1d,False,True,VALID,VALID
2022-2023,CAP2,FE_CAP2_2022_Cutoff.csv,3035,"Usha Mittal Institute of Technology SNDT  Women's University, Mumbai",303561210,Mechanical Engineering,I-NonS,State Level,35983,80.4540499,ac8b63fd403a,False,True,VALID,VALID
2022-2023,CAP2,FE_CAP2_2022_Cutoff.csv,3035,"Usha Mittal Institute of Technology SNDT  Women's University, Mumbai",303561210,Mechanical Engineering,I-NonS,State Level,37478,79.5309168,e11ad9ae3a37,False,True,VALID,VALID
2022-2023,CAP2,FE_CAP2_2022_Cutoff.csv,3035,"Usha Mittal Institute of Technology SNDT  Women's University, Mumbai",303561210,Mechanical Engineering,VIIS,State Level,37742,79.4751328,587843f1bfbd,False,True,VALID,VALID
2022-2023,CAP2,FE_CAP2_2022_Cutoff.csv,3035,"Usha Mittal Institute of Technology SNDT  Women's University, Mumbai",303561210,Mechanical Engineering,"Legends:Start Character G-General, L-Ladies, End Character H-Home University, O-Other than Home University, S-State Level,S",State Level,85866,44.9304271,79823cb4dd57,False,True,INVALID_TEXT,CHECK_CATEGORY
2022-2023,CAP2,FE_CAP2_2022_Cutoff.csv,3035,"Usha Mittal Institute of Technology SNDT  Women's University, Mumbai",303561210,Mechanical Engineering,"PWDR : PWD Common Reserved Seat, DEFR : Defense Common Reserved Seat.",State Level,98180,32.4992712,a8a07e1abe5a,False,True,INVALID_TEXT,CHECK_CATEGORY
2022-2023,CAP2,FE_CAP2_2022_Cutoff.csv,3035,"Usha Mittal Institute of Technology SNDT  Women's University, Mumbai",303561210,Mechanical Engineering,Maharashtra State Seats - Cut Off Indicates State General Merit No.; Figures in bracket Indicates MHT-CET PCM PercentileS,State Level,113602,14.6195704,f5362fe413bb,False,True,INVALID_TEXT,CHECK_CATEGORY
2022-2023,CAP2,FE_CAP2_2022_Cutoff.csv,3035,"Usha Mittal Institute of Technology SNDT  Women's University, Mumbai",303561210,Mechanical Engineering,DS,State Level,90261,41.1873138,6585464af06c,False,True,VALID,VALID
2022-2023,CAP2,FE_CAP2_2022_Cutoff.csv,3035,"Usha Mittal Institute of Technology SNDT  Women's University, Mumbai",303561210,Mechanical Engineering,State Common Entrance Test CellS,State Level,89634,41.9139826,f695a5e4b92a,False,True,INVALID_TEXT,CHECK_CATEGORY
2022-2023,CAP2,FE_CAP2_2022_Cutoff.csv,3035,"Usha Mittal Institute of Technology SNDT  Women's University, Mumbai",303561210,Mechanical Engineering,I-NonS,State Level,112319,16.0971905,df3b4609e5c5,False,True,VALID,VALID
2022-2023,CAP2,FE_CAP2_2022_Cutoff.csv,3035,"Usha Mittal Institute of Technology SNDT  Women's University, Mumbai",303561210,Mechanical Engineering,I-NonS,State Level,110355,18.840167,c6a9639edf6d,False,True,VALID,VALID
2022-2023,CAP2,FE_CAP2_2022_Cutoff.csv,3035,"Usha Mittal Institute of Technology SNDT  Women's University, Mumbai",303561210,Mechanical Engineering,VIIS,State Level,105109,25.3179745,b50482bbaf70,False,True,VALID,VALID
2022-2023,CAP2,FE_CAP2_2022_Cutoff.csv,3035,"Usha Mittal Institute of Technology SNDT  Women's University, Mumbai",303561210,Mechanical Engineering,LOPENS,State Level,75251,54.124615,604e305ec8eb,False,True,VALID,VALID
2022-2023,CAP2,FE_CAP2_2022_Cutoff.csv,3035,"Usha Mittal Institute of Technology SNDT  Women's University, Mumbai",303561210,Mechanical Engineering,LSCS,State Level,65406,61.6697194,f83b87dbf2af,False,True,VALID,VALID
2022-2023,CAP2,FE_CAP2_2022_Cutoff.csv,3035,"Usha Mittal Institute of Technology SNDT  Women's University, Mumbai",303561210,Mechanical Engineering,LSTS,State Level,57463,67.1125395,1a56a2345c8b,False,True,VALID,VALID
2022-2023,CAP2,FE_CAP2_2022_Cutoff.csv,3035,"Usha Mittal Institute of Technology SNDT  Women's University, Mumbai",303561210,Mechanical Engineering,I-NonS,State Level,51956,70.9263207,7181d9662e12,False,True,VALID,VALID
2022-2023,CAP2,FE_CAP2_2022_Cutoff.csv,3035,"Usha Mittal Institute of Technology SNDT  Women's University, Mumbai",303561210,Mechanical Engineering,I-NonS,State Level,55337,68.5714285,cf7445efcd39,False,True,VALID,VALID
2022-2023,CAP2,FE_CAP2_2022_Cutoff.csv,3035,"Usha Mittal Institute of Technology SNDT  Women's University, Mumbai",303561210,Mechanical Engineering,VIIS,State Level,54332,69.1685966,e45abfa0a58d,False,True,VALID,VALID
2022-2023,CAP2,FE_CAP2_2022_Cutoff.csv,3036,"Institute of Chemical Technology, Matunga, Mumbai",303651110.0,Dyestuff Technology,I-NonS,State Level,13176,92.8629709,0738388cce53,False,True,VALID,VALID
2022-2023,CAP2,FE_CAP2_2022_Cutoff.csv,3036,"Institute of Chemical Technology, Matunga, Mumbai",303651110.0,Dyestuff Technology,I-NonS,State Level,12386,93.3030001,1cc9a7be9ee2,False,True,VALID,VALID
2022-2023,CAP2,FE_CAP2_2022_Cutoff.csv,3036,"Institute of Chemical Technology, Matunga, Mumbai",303651210.0,"Oil,Oleochemicals and Surfactants Technology",I-NonS,State Level,6041,96.6258699,af772a6fa521,False,True,VALID,VALID
2022-2023,CAP2,FE_CAP2_2022_Cutoff.csv,3036,"Institute of Chemical Technology, Matunga, Mumbai",303651210.0,"Oil,Oleochemicals and Surfactants Technology",I-NonS,State Level,5937,96.6737739,23a8a92ef0f1,False,True,VALID,VALID
2022-2023,CAP2,FE_CAP2_2022_Cutoff.csv,3036,"Institute of Chemical Technology, Matunga, Mumbai",303651310.0,Pharmaceuticals Chemistry and Technology,I-NonS,State Level,5034,97.1668564,42f74bbfd6f0,False,True,VALID,VALID
2022-2023,CAP2,FE_CAP2_2022_Cutoff.csv,3036,"Institute of Chemical Technology, Matunga, Mumbai",303651310.0,Pharmaceuticals Chemistry and Technology,I-NonS,State Level,3408,98.0374453,7583889c3f13,False,True,VALID,VALID
2022-2023,CAP2,FE_CAP2_2022_Cutoff.csv,3036,"Institute of Chemical Technology, Matunga, Mumbai",303651410.0,Fibres and Textile Processing Technology,I-NonS,State Level,16148,91.2502999,6096b36e3148,False,True,VALID,VALID
2022-2023,CAP2,FE_CAP2_2022_Cutoff.csv,3036,"Institute of Chemical Technology, Matunga, Mumbai",303651410.0,Fibres and Textile Processing Technology,I-NonS,State Level,15767,91.5164369,537ead68db4f,False,True,VALID,VALID
2022-2023,CAP2,FE_CAP2_2022_Cutoff.csv,3036,"Institute of Chemical Technology, Matunga, Mumbai",303651910.0,Polymer Engineering and Technology,I-NonS,State Level,3063,98.2216336,f5b5d208e208,False,True,VALID,VALID
2022-2023,CAP2,FE_CAP2_2022_Cutoff.csv,3036,"Institute of Chemical Technology, Matunga, Mumbai",303651910.0,Polymer Engineering and Technology,I-NonS,State Level,2766,98.3882402,9ad39518fbb4,False,True,VALID,VALID
2022-2023,CAP2,FE_CAP2_2022_Cutoff.csv,3036,"Institute of Chemical Technology, Matunga, Mumbai",303672910.0,Surface Coating Technology,I-NonS,State Level,9319,94.9082722,4a028b462f53,False,True,VALID,VALID
2022-2023,CAP2,FE_CAP2_2022_Cutoff.csv,3036,"Institute of Chemical Technology, Matunga, Mumbai",303672910.0,Surface Coating Technology,I-NonS,State Level,6054,96.6258542,8587d555d13b,False,True,VALID,VALID
2022-2023,CAP2,FE_CAP2_2022_Cutoff.csv,3139,"Vidyalankar Institute of Technology,Wadala, Mumbai",313946110.0,Bio Medical Engineering,I-NonS,State Level,51708,70.9263207,bb770be1107f,False,True,VALID,VALID
2022-2023,CAP2,FE_CAP2_2022_Cutoff.csv,3139,"Vidyalankar Institute of Technology,Wadala, Mumbai",313946110.0,Bio Medical Engineering,I-NonS,State Level,48849,72.7060426,cb6e3e9abdec,False,True,VALID,VALID
2022-2023,CAP2,FE_CAP2_2022_Cutoff.csv,4151,"Vidarbha Bahu-Uddeshiya Shikshan Sanstha's Tulshiramji Gaikwad Patil College of Engineering & Technology, Nagpur",415100210.0,Aeronautical Engineering,I-NonS,State Level,82310,48.1419882,9d12e99cfafa,False,True,VALID,VALID
2022-2023,CAP2,FE_CAP2_2022_Cutoff.csv,4151,"Vidarbha Bahu-Uddeshiya Shikshan Sanstha's Tulshiramji Gaikwad Patil College of Engineering & Technology, Nagpur",415100210.0,Aeronautical Engineering,I-NonS,State Level,92908,38.5667023,ed2739c53e44,False,True,VALID,VALID
2022-2023,CAP2,FE_CAP2_2022_Cutoff.csv,4151,"Vidarbha Bahu-Uddeshiya Shikshan Sanstha's Tulshiramji Gaikwad Patil College of Engineering & Technology, Nagpur",415108210.0,Bio Technology,I-NonS,State Level,115842,11.2993545,ab60189c7cea,False,True,VALID,VALID
2022-2023,CAP2,FE_CAP2_2022_Cutoff.csv,4151,"Vidarbha Bahu-Uddeshiya Shikshan Sanstha's Tulshiramji Gaikwad Patil College of Engineering & Technology, Nagpur",415108210.0,Bio Technology,I-NonS,State Level,114939,12.6735864,9b4c1d0ced27,False,True,VALID,VALID
2022-2023,CAP2,FE_CAP2_2022_Cutoff.csv,4151,"Vidarbha Bahu-Uddeshiya Shikshan Sanstha's Tulshiramji Gaikwad Patil College of Engineering & Technology, Nagpur",415119110.0,Civil Engineering,I-NonS,State Level,119905,5.2450064,5140e5a3324c,False,True,VALID,VALID
2022-2023,CAP2,FE_CAP2_2022_Cutoff.csv,4151,"Vidarbha Bahu-Uddeshiya Shikshan Sanstha's Tulshiramji Gaikwad Patil College of Engineering & Technology, Nagpur",415119110.0,Civil Engineering,I-NonS,State Level,116244,10.5662165,93d82d983085,False,True,VALID,VALID
2022-2023,CAP2,FE_CAP2_2022_Cutoff.csv,4151,"Vidarbha Bahu-Uddeshiya Shikshan Sanstha's Tulshiramji Gaikwad Patil College of Engineering & Technology, Nagpur",415124210.0,Computer Science and Engineering,I-NonS,State Level,62671,63.7147595,83bc2d4cf151,False,True,VALID,VALID
2022-2023,CAP2,FE_CAP2_2022_Cutoff.csv,4151,"Vidarbha Bahu-Uddeshiya Shikshan Sanstha's Tulshiramji Gaikwad Patil College of Engineering & Technology, Nagpur",415124210.0,Computer Science and Engineering,I-NonS,State Level,60683,64.7353734,945a0145ca5b,False,True,VALID,VALID
2022-2023,CAP2,FE_CAP2_2022_Cutoff.csv,4151,"Vidarbha Bahu-Uddeshiya Shikshan Sanstha's Tulshiramji Gaikwad Patil College of Engineering & Technology, Nagpur",415124610.0,Information Technology,I-NonS,State Level,70819,57.2112851,533af06af9da,False,True,VALID,VALID
2022-2023,CAP2,FE_CAP2_2022_Cutoff.csv,4151,"Vidarbha Bahu-Uddeshiya Shikshan Sanstha's Tulshiramji Gaikwad Patil College of Engineering & Technology, Nagpur",415124610.0,Information Technology,I-NonS,State Level,66313,60.7344231,59e24b420cf8,False,True,VALID,VALID
2022-2023,CAP2,FE_CAP2_2022_Cutoff.csv,4151,"Vidarbha Bahu-Uddeshiya Shikshan Sanstha's Tulshiramji Gaikwad Patil College of Engineering & Technology, Nagpur",415129310.0,Electrical Engineering,I-NonS,State Level,110110,19.1072714,ce2571129257,False,True,VALID,VALID
2022-2023,CAP2,FE_CAP2_2022_Cutoff.csv,4151,"Vidarbha Bahu-Uddeshiya Shikshan Sanstha's Tulshiramji Gaikwad Patil College of Engineering & Technology, Nagpur",415129310.0,Electrical Engineering,I-NonS,State Level,116864,9.9445363,718ad079e8c4,False,True,VALID,VALID
2022-2023,CAP2,FE_CAP2_2022_Cutoff.csv,4151,"Vidarbha Bahu-Uddeshiya Shikshan Sanstha's Tulshiramji Gaikwad Patil College of Engineering & Technology, Nagpur",415137010.0,Electronics and Communication Engineering,I-NonS,State Level,95989,35.3945703,6d7cd67b6f74,False,True,VALID,VALID
2022-2023,CAP2,FE_CAP2_2022_Cutoff.csv,4151,"Vidarbha Bahu-Uddeshiya Shikshan Sanstha's Tulshiramji Gaikwad Patil College of Engineering & Technology, Nagpur",415137010.0,Electronics and Communication Engineering,I-NonS,State Level,92054,39.3128682,8676dafd8238,False,True,VALID,VALID
2022-2023,CAP2,FE_CAP2_2022_Cutoff.csv,4151,"Vidarbha Bahu-Uddeshiya Shikshan Sanstha's Tulshiramji Gaikwad Patil College of Engineering & Technology, Nagpur",415191210.0,Computer Science and Engineering(Data Science),I-NonS,State Level,76026,53.7302794,6ffa342911c4,False,True,VALID,VALID
2022-2023,CAP2,FE_CAP2_2022_Cutoff.csv,4151,"Vidarbha Bahu-Uddeshiya Shikshan Sanstha's Tulshiramji Gaikwad Patil College of Engineering & Technology, Nagpur",415191210.0,Computer Science and Engineering(Data Science),I-NonS,State Level,76013,53.7302794,20fa9eea9e6a,False,True,VALID,VALID
2022-2023,CAP2,FE_CAP2_2022_Cutoff.csv,4167,"Yeshwantrao Chavan College of Engineering,Wanadongri, Nagpur",416719110.0,Civil Engineering,I-NonS,State Level,92326,39.1582539,f5e6bb467224,False,True,VALID,VALID
2022-2023,CAP2,FE_CAP2_2022_Cutoff.csv,4167,"Yeshwantrao Chavan College of Engineering,Wanadongri, Nagpur",416719110.0,Civil Engineering,I-NonS,State Level,78063,51.2600953,96f7ab5fc067,False,True,VALID,VALID
2022-2023,CAP2,FE_CAP2_2022_Cutoff.csv,4167,"Yeshwantrao Chavan College of Engineering,Wanadongri, Nagpur",416735610.0,Electrical Engg[Electronics and Power],I-NonS,State Level,65084,61.8814494,83f683bb66f4,False,True,VALID,VALID
2022-2023,CAP2,FE_CAP2_2022_Cutoff.csv,4167,"Yeshwantrao Chavan College of Engineering,Wanadongri, Nagpur",416735610.0,Electrical Engg[Electronics and Power],I-NonS,State Level,68520,59.4192464,7850b9eb72a2,False,True,VALID,VALID
2022-2023,CAP2,FE_CAP2_2022_Cutoff.csv,4167,"Yeshwantrao Chavan College of Engineering,Wanadongri, Nagpur",416737610.0,Electronics Engineering,I-NonS,State Level,44102,75.6049358,394361ba359c,False,True,VALID,VALID
2022-2023,CAP2,FE_CAP2_2022_Cutoff.csv,4167,"Yeshwantrao Chavan College of Engineering,Wanadongri, Nagpur",416737610.0,Electronics Engineering,I-NonS,State Level,46655,74.1753429,9dfd68a05e7b,False,True,VALID,VALID
2022-2023,CAP2,FE_CAP2_2022_Cutoff.csv,4167,"Yeshwantrao Chavan College of Engineering,Wanadongri, Nagpur",416761210.0,Mechanical Engineering,I-NonS,State Level,68372,59.4192464,f1204ec8d63f,False,True,VALID,VALID
2022-2023,CAP2,FE_CAP2_2022_Cutoff.csv,4167,"Yeshwantrao Chavan College of Engineering,Wanadongri, Nagpur",416761210.0,Mechanical Engineering,I-NonS,State Level,74648,54.1664697,8f8844bf1640,False,True,VALID,VALID
2022-2023,CAP2,FE_CAP2_2022_Cutoff.csv,4304,"Cummins College of Engineering For Women, Sukhali (Gupchup), Tal. Hingna Hingna Nagpur",430461210,Mechanical Engineering,"Legends:Start Character G-General, L-Ladies, End Character H-Home University, O-Other than Home University, S-State Level,S",State Level,56327,67.7143135,84ba08a255c2,False,True,INVALID_TEXT,CHECK_CATEGORY
2022-2023,CAP2,FE_CAP2_2022_Cutoff.csv,4304,"Cummins College of Engineering For Women, Sukhali (Gupchup), Tal. Hingna Hingna Nagpur",430461210,Mechanical Engineering,"Legends:Start Character G-General, L-Ladies, End Character H-Home University, O-Other than Home University, S-State Level,S",State Level,88668,42.5186027,422e2194b8a5,False,True,INVALID_TEXT,CHECK_CATEGORY
2022-2023,CAP2,FE_CAP2_2022_Cutoff.csv,5004,"Government College of Engineering, Jalgaon",500419110.0,Civil Engineering,I-NonS,State Level,76777,52.4476185,366cfb1ad565,False,True,VALID,VALID
2022-2023,CAP2,FE_CAP2_2022_Cutoff.csv,5004,"Government College of Engineering, Jalgaon",500419110.0,Civil Engineering,I-NonS,State Level,78480,51.2359011,9c33e971d486,False,True,VALID,VALID
2022-2023,CAP2,FE_CAP2_2022_Cutoff.csv,5004,"Government College of Engineering, Jalgaon",500429310.0,Electrical Engineering,I-NonS,State Level,65042,61.8814494,7d8fa1ae1c5f,False,True,VALID,VALID
2022-2023,CAP2,FE_CAP2_2022_Cutoff.csv,5004,"Government College of Engineering, Jalgaon",500429310.0,Electrical Engineering,I-NonS,State Level,65236,61.6697194,15ddacfa2d8f,False,True,VALID,VALID
2022-2023,CAP2,FE_CAP2_2022_Cutoff.csv,5004,"Government College of Engineering, Jalgaon",500461210.0,Mechanical Engineering,I-NonS,State Level,72577,56.3628587,cc166f65f5e0,False,True,VALID,VALID
2022-2023,CAP2,FE_CAP2_2022_Cutoff.csv,5004,"Government College of Engineering, Jalgaon",500461210.0,Mechanical Engineering,I-NonS,State Level,77696,51.6740911,a3a3fa4bf7b7,False,True,VALID,VALID
2022-2023,CAP2,FE_CAP2_2022_Cutoff.csv,5121,"K. K. Wagh Institute of Engineering Education and Research, Nashik",512119110.0,Civil Engineering,I-NonS,State Level,85793,44.9304271,b6669324a083,False,True,VALID,VALID
2022-2023,CAP2,FE_CAP2_2022_Cutoff.csv,5121,"K. K. Wagh Institute of Engineering Education and Research, Nashik",512119110.0,Civil Engineering,I-NonS,State Level,89244,42.0206383,418fa47e7bab,False,True,VALID,VALID
2022-2023,CAP2,FE_CAP2_2022_Cutoff.csv,5121,"K. K. Wagh Institute of Engineering Education and Research, Nashik",512129310.0,Electrical Engineering,I-NonS,State Level,66589,60.6284658,5978bbbd999b,False,True,VALID,VALID
2022-2023,CAP2,FE_CAP2_2022_Cutoff.csv,5121,"K. K. Wagh Institute of Engineering Education and Research, Nashik",512129310.0,Electrical Engineering,I-NonS,State Level,62500,63.7147595,68392051b699,False,True,VALID,VALID
2022-2023,CAP2,FE_CAP2_2022_Cutoff.csv,5121,"K. K. Wagh Institute of Engineering Education and Research, Nashik",512150710.0,Chemical Engineering,I-NonS,State Level,94491,36.1594098,686271475daa,False,True,VALID,VALID
2022-2023,CAP2,FE_CAP2_2022_Cutoff.csv,5121,"K. K. Wagh Institute of Engineering Education and Research, Nashik",512150710.0,Chemical Engineering,I-NonS,State Level,97929,32.5908894,546be53053e4,False,True,VALID,VALID
2022-2023,CAP2,FE_CAP2_2022_Cutoff.csv,5160,"Sanjivani Rural Education Society's Sanjivani College of Engineering, Kopargaon",516019110.0,Civil Engineering,I-NonS,State Level,94744,35.978039,1cb8179411fa,False,True,VALID,VALID
2022-2023,CAP2,FE_CAP2_2022_Cutoff.csv,5160,"Sanjivani Rural Education Society's Sanjivani College of Engineering, Kopargaon",516019110.0,Civil Engineering,I-NonS,State Level,94901,35.978039,5cc0b88322cc,False,True,VALID,VALID
2022-2023,CAP2,FE_CAP2_2022_Cutoff.csv,5160,"Sanjivani Rural Education Society's Sanjivani College of Engineering, Kopargaon",516029310.0,Electrical Engineering,I-NonS,State Level,62529,63.7147595,7d1803900a68,False,True,VALID,VALID
2022-2023,CAP2,FE_CAP2_2022_Cutoff.csv,5160,"Sanjivani Rural Education Society's Sanjivani College of Engineering, Kopargaon",516029310.0,Electrical Engineering,I-NonS,State Level,62029,64.0075195,9ea0eb421129,False,True,VALID,VALID
2022-2023,CAP2,FE_CAP2_2022_Cutoff.csv,5160,"Sanjivani Rural Education Society's Sanjivani College of Engineering, Kopargaon",516061210.0,Mechanical Engineering,I-NonS,State Level,75298,54.124615,595f119e9cc7,False,True,VALID,VALID
2022-2023,CAP2,FE_CAP2_2022_Cutoff.csv,5160,"Sanjivani Rural Education Society's Sanjivani College of Engineering, Kopargaon",516061210.0,Mechanical Engineering,I-NonS,State Level,70359,57.6946774,d6680e774a93,False,True,VALID,VALID
2022-2023,CAP2,FE_CAP2_2022_Cutoff.csv,5160,"Sanjivani Rural Education Society's Sanjivani College of Engineering, Kopargaon",516091510.0,Structural Engineering,I-NonS,State Level,93772,37.5478565,a9ed6186d862,False,True,VALID,VALID
2022-2023,CAP2,FE_CAP2_2022_Cutoff.csv,5160,"Sanjivani Rural Education Society's Sanjivani College of Engineering, Kopargaon",516091510.0,Structural Engineering,I-NonS,State Level,90710,39.6081812,9f8019f14540,False,True,VALID,VALID
2022-2023,CAP2,FE_CAP2_2022_Cutoff.csv,6005,"Government College of Engineering, Karad",600519110.0,Civil Engineering,I-NonS,State Level,32206,82.4407997,7ec378cb0a7e,False,True,VALID,VALID
2022-2023,CAP2,FE_CAP2_2022_Cutoff.csv,6005,"Government College of Engineering, Karad",600519110.0,Civil Engineering,I-NonS,State Level,33245,81.984042,14fcb5f376dc,False,True,VALID,VALID
2022-2023,CAP2,FE_CAP2_2022_Cutoff.csv,6141,"Jaywant Shikshan Prasarak Mandal's,Rajarshi Shahu College of Engineering, Tathawade, Pune",614119110.0,Civil Engineering,I-NonS,State Level,93360,38.17388,329af7b8b54e,False,True,VALID,VALID
2022-2023,CAP2,FE_CAP2_2022_Cutoff.csv,6141,"Jaywant Shikshan Prasarak Mandal's,Rajarshi Shahu College of Engineering, Tathawade, Pune",614119110.0,Civil Engineering,I-NonS,State Level,117293,9.244495,8e74aa4d7f79,False,True,VALID,VALID
2022-2023,CAP2,FE_CAP2_2022_Cutoff.csv,6141,"Jaywant Shikshan Prasarak Mandal's,Rajarshi Shahu College of Engineering, Tathawade, Pune",614161210.0,Mechanical Engineering,I-NonS,State Level,55062,68.7024004,eca8c4212f1b,False,True,VALID,VALID
2022-2023,CAP2,FE_CAP2_2022_Cutoff.csv,6141,"Jaywant Shikshan Prasarak Mandal's,Rajarshi Shahu College of Engineering, Tathawade, Pune",614161210.0,Mechanical Engineering,I-NonS,State Level,71429,56.8099848,dc4982e384e7,False,True,VALID,VALID
2022-2023,CAP2,FE_CAP2_2022_Cutoff.csv,6146,"MIT Academy of Engineering,Alandi, Pune",614661210.0,Mechanical Engineering,I-NonS,State Level,60292,65.2400587,98b68530a4cc,False,True,VALID,VALID
2022-2023,CAP2,FE_CAP2_2022_Cutoff.csv,6146,"MIT Academy of Engineering,Alandi, Pune",614661210.0,Mechanical Engineering,I-NonS,State Level,67955,59.6829046,df3cf4d2315e,False,True,VALID,VALID
2022-2023,CAP2,FE_CAP2_2022_Cutoff.csv,6214,"K. E. Society's Rajarambapu Institute of Technology, Walwa, Sangli",621419110.0,Civil Engineering,I-NonS,State Level,75569,53.926243,9b6762cac7b4,False,True,VALID,VALID
2022-2023,CAP2,FE_CAP2_2022_Cutoff.csv,6214,"K. E. Society's Rajarambapu Institute of Technology, Walwa, Sangli",621419110.0,Civil Engineering,I-NonS,State Level,73845,54.912555,c6c6079ece60,False,True,VALID,VALID
2022-2023,CAP2,FE_CAP2_2022_Cutoff.csv,6214,"K. E. Society's Rajarambapu Institute of Technology, Walwa, Sangli",621461210.0,Mechanical Engineering,I-NonS,State Level,69250,58.8113371,b79cd31b51b0,False,True,VALID,VALID
2022-2023,CAP2,FE_CAP2_2022_Cutoff.csv,6214,"K. E. Society's Rajarambapu Institute of Technology, Walwa, Sangli",621461210.0,Mechanical Engineering,I-NonS,State Level,98213,32.4992712,1876e87e2c65,False,True,VALID,VALID
2022-2023,CAP2,FE_CAP2_2022_Cutoff.csv,6214,"K. E. Society's Rajarambapu Institute of Technology, Walwa, Sangli",621462410.0,Mechatronics Engineering,I-NonS,State Level,107328,22.2500723,dcf2cb217f4e,False,True,VALID,VALID
2022-2023,CAP2,FE_CAP2_2022_Cutoff.csv,6214,"K. E. Society's Rajarambapu Institute of Technology, Walwa, Sangli",621462410.0,Mechatronics Engineering,I-NonS,State Level,100576,29.9372742,42d6b9d56fd6,False,True,VALID,VALID
2022-2023,CAP2,FE_CAP2_2022_Cutoff.csv,6222,"Dattajirao Kadam Technical Education Society's Textile & Engineering Institute, Ichalkaranji.",622229310.0,Electrical Engineering,I-NonS,State Level,52575,70.2135829,7e70842a0238,False,True,VALID,VALID
2022-2023,CAP2,FE_CAP2_2022_Cutoff.csv,6222,"Dattajirao Kadam Technical Education Society's Textile & Engineering Institute, Ichalkaranji.",622229310.0,Electrical Engineering,I-NonS,State Level,63732,62.3954246,ba2034371c83,False,True,VALID,VALID
2022-2023,CAP2,FE_CAP2_2022_Cutoff.csv,6222,"Dattajirao Kadam Technical Education Society's Textile & Engineering Institute, Ichalkaranji.",622289610.0,Textile Technology,I-NonS,State Level,84467,45.9884082,6e03404d8aac,False,True,VALID,VALID
2022-2023,CAP2,FE_CAP2_2022_Cutoff.csv,6222,"Dattajirao Kadam Technical Education Society's Textile & Engineering Institute, Ichalkaranji.",622289610.0,Textile Technology,I-NonS,State Level,76751,52.4476185,ece86cf4fb45,False,True,VALID,VALID
2022-2023,CAP2,FE_CAP2_2022_Cutoff.csv,6250,"D.Y. Patil College of Engineering and Technology, Kolhapur",625019110.0,Civil Engineering,I-NonS,State Level,107164,22.4871071,1636855350b2,False,True,VALID,VALID
2022-2023,CAP2,FE_CAP2_2022_Cutoff.csv,6250,"D.Y. Patil College of Engineering and Technology, Kolhapur",625019110.0,Civil Engineering,I-NonS,State Level,114721,12.7559948,5a21b244d7fd,False,True,VALID,VALID
2022-2023,CAP2,FE_CAP2_2022_Cutoff.csv,6250,"D.Y. Patil College of Engineering and Technology, Kolhapur",625050710.0,Chemical Engineering,I-NonS,State Level,83397,46.941483,d634d5ee90f4,False,True,VALID,VALID
2022-2023,CAP2,FE_CAP2_2022_Cutoff.csv,6250,"D.Y. Patil College of Engineering and Technology, Kolhapur",625050710.0,Chemical Engineering,I-NonS,State Level,99564,31.7734581,23c0a6d4ef64,False,True,VALID,VALID
2022-2023,CAP2,FE_CAP2_2022_Cutoff.csv,6250,"D.Y. Patil College of Engineering and Technology, Kolhapur",625061210.0,Mechanical Engineering,I-NonS,State Level,108281,21.2317049,d2c5cebc14aa,False,True,VALID,VALID
2022-2023,CAP2,FE_CAP2_2022_Cutoff.csv,6250,"D.Y. Patil College of Engineering and Technology, Kolhapur",625061210.0,Mechanical Engineering,I-NonS,State Level,104010,26.2202423,3ecc5bda772e,False,True,VALID,VALID
2022-2023,CAP2,FE_CAP2_2022_Cutoff.csv,6267,"Kolhapur Institute of Technology's College of Engineering(Autonomous), Kolhapur",626719110.0,Civil Engineering,I-NonS,State Level,82469,48.1419882,12b61c8332ce,False,True,VALID,VALID
2022-2023,CAP2,FE_CAP2_2022_Cutoff.csv,6267,"Kolhapur Institute of Technology's College of Engineering(Autonomous), Kolhapur",626719110.0,Civil Engineering,I-NonS,State Level,82704,47.8470482,7181e92cf43c,False,True,VALID,VALID
2022-2023,CAP2,FE_CAP2_2022_Cutoff.csv,6267,"Kolhapur Institute of Technology's College of Engineering(Autonomous), Kolhapur",626761210.0,Mechanical Engineering,I-NonS,State Level,50472,71.6451268,8a0e1d557ecb,False,True,VALID,VALID
2022-2023,CAP2,FE_CAP2_2022_Cutoff.csv,6267,"Kolhapur Institute of Technology's College of Engineering(Autonomous), Kolhapur",626761210.0,Mechanical Engineering,I-NonS,State Level,74443,54.1780657,1df4386d4345,False,True,VALID,VALID
2022-2023,CAP2,FE_CAP2_2022_Cutoff.csv,6267,"Kolhapur Institute of Technology's College of Engineering(Autonomous), Kolhapur",626792210.0,Civil and Environmental Engineering,I-NonS,State Level,108061,21.5067519,cdbc28ebd980,False,True,VALID,VALID
2022-2023,CAP2,FE_CAP2_2022_Cutoff.csv,6267,"Kolhapur Institute of Technology's College of Engineering(Autonomous), Kolhapur",626792210.0,Civil and Environmental Engineering,I-NonS,State Level,117143,9.2499758,43e859ef6957,False,True,VALID,VALID
2022-2023,CAP2,FE_CAP2_2022_Cutoff.csv,6268,"Tatyasaheb Kore Institute of Engineering and Technology, Warananagar",626824210.0,Computer Science and Engineering,I-NonS,State Level,36768,79.8656107,1e10a9cb25e1,False,True,VALID,VALID
2022-2023,CAP2,FE_CAP2_2022_Cutoff.csv,6268,"Tatyasaheb Kore Institute of Engineering and Technology, Warananagar",626824210.0,Computer Science and Engineering,I-NonS,State Level,27631,85.0225065,5feb4755ead3,False,True,VALID,VALID
2022-2023,CAP2,FE_CAP2_2022_Cutoff.csv,6268,"Tatyasaheb Kore Institute of Engineering and Technology, Warananagar",626850710.0,Chemical Engineering,I-NonS,State Level,44898,75.182198,970c3059c907,False,True,VALID,VALID
2022-2023,CAP2,FE_CAP2_2022_Cutoff.csv,6268,"Tatyasaheb Kore Institute of Engineering and Technology, Warananagar",626850710.0,Chemical Engineering,I-NonS,State Level,42383,76.6964455,03d4cb11020d,False,True,VALID,VALID
2022-2023,CAP2,FE_CAP2_2022_Cutoff.csv,6276,"MKSSS's Cummins College of Engineering for Women, Karvenagar,Pune",627661210,Mechanical Engineering,"Legends:Start Character G-General, L-Ladies, End Character H-Home University, O-Other than Home University, S-State Level,S",State Level,3108,98.2037635,794ca56002fc,False,True,INVALID_TEXT,CHECK_CATEGORY
2022-2023,CAP2,FE_CAP2_2022_Cutoff.csv,6276,"MKSSS's Cummins College of Engineering for Women, Karvenagar,Pune",627661210,Mechanical Engineering,"PWDR : PWD Common Reserved Seat, DEFR : Defense Common Reserved Seat.",State Level,11777,93.6035862,9cb2fc0864a7,False,True,INVALID_TEXT,CHECK_CATEGORY
2022-2023,CAP2,FE_CAP2_2022_Cutoff.csv,6276,"MKSSS's Cummins College of Engineering for Women, Karvenagar,Pune",627661210,Mechanical Engineering,Maharashtra State Seats - Cut Off Indicates State General Merit No.; Figures in bracket Indicates MHT-CET PCM PercentileS,State Level,41424,77.0895594,233234cee7bd,False,True,INVALID_TEXT,CHECK_CATEGORY
2022-2023,CAP2,FE_CAP2_2022_Cutoff.csv,6276,"MKSSS's Cummins College of Engineering for Women, Karvenagar,Pune",627661210,Mechanical Engineering,DS,State Level,5841,96.7554273,aaafe9345e7b,False,True,VALID,VALID
2022-2023,CAP2,FE_CAP2_2022_Cutoff.csv,6276,"MKSSS's Cummins College of Engineering for Women, Karvenagar,Pune",627661210,Mechanical Engineering,VIIS,State Level,3171,98.1566384,b81446a69256,False,True,VALID,VALID
2022-2023,CAP2,FE_CAP2_2022_Cutoff.csv,6276,"MKSSS's Cummins College of Engineering for Women, Karvenagar,Pune",627661210,Mechanical Engineering,LOPENS,State Level,13705,92.6197648,8ad0fbe6fe13,False,True,VALID,VALID
2022-2023,CAP2,FE_CAP2_2022_Cutoff.csv,6276,"MKSSS's Cummins College of Engineering for Women, Karvenagar,Pune",627661210,Mechanical Engineering,LSCS,State Level,7932,95.6091997,5814c2de6aa7,False,True,VALID,VALID
2022-2023,CAP2,FE_CAP2_2022_Cutoff.csv,6276,"MKSSS's Cummins College of Engineering for Women, Karvenagar,Pune",627661210,Mechanical Engineering,I-NonS,State Level,4101,97.6493402,b3364f16e47d,False,True,VALID,VALID
2022-2023,CAP2,FE_CAP2_2022_Cutoff.csv,6276,"MKSSS's Cummins College of Engineering for Women, Karvenagar,Pune",627661210,Mechanical Engineering,LOPENS,State Level,22302,88.024958,2f0fb1e83295,False,True,VALID,VALID
2022-2023,CAP2,FE_CAP2_2022_Cutoff.csv,6276,"MKSSS's Cummins College of Engineering for Women, Karvenagar,Pune",627661210,Mechanical Engineering,LSCS,State Level,18074,90.2973471,ff0f96ffd461,False,True,VALID,VALID
2022-2023,CAP2,FE_CAP2_2022_Cutoff.csv,6276,"MKSSS's Cummins College of Engineering for Women, Karvenagar,Pune",627661210,Mechanical Engineering,LSTS,State Level,16900,90.9190268,92e55a57c868,False,True,VALID,VALID
2022-2023,CAP2,FE_CAP2_2022_Cutoff.csv,6276,"MKSSS's Cummins College of Engineering for Women, Karvenagar,Pune",627661210,Mechanical Engineering,LNT1S,State Level,8207,95.4916476,afa899a65eb9,False,True,VALID,VALID
2022-2023,CAP2,FE_CAP2_2022_Cutoff.csv,6276,"MKSSS's Cummins College of Engineering for Women, Karvenagar,Pune",627661210,Mechanical Engineering,I-NonS,State Level,8348,95.445301,e1f346d2a32c,False,True,VALID,VALID
2022-2023,CAP2,FE_CAP2_2022_Cutoff.csv,6276,"MKSSS's Cummins College of Engineering for Women, Karvenagar,Pune",627661210,Mechanical Engineering,VIIS,State Level,7870,95.7059576,63a9030bd00b,False,True,VALID,VALID
2022-2023,CAP2,FE_CAP2_2022_Cutoff.csv,6276,"MKSSS's Cummins College of Engineering for Women, Karvenagar,Pune",627661210,Mechanical Engineering,LOPENS,State Level,48364,72.8897104,c3c859c7e109,False,True,VALID,VALID
2022-2023,CAP2,FE_CAP2_2022_Cutoff.csv,6276,"MKSSS's Cummins College of Engineering for Women, Karvenagar,Pune",627661210,Mechanical Engineering,LSCS,State Level,41649,77.0666918,f943efbf0c3f,False,True,VALID,VALID
2022-2023,CAP2,FE_CAP2_2022_Cutoff.csv,6276,"MKSSS's Cummins College of Engineering for Women, Karvenagar,Pune",627661210,Mechanical Engineering,LSTS,State Level,29286,84.1506751,34a1effa2f95,False,True,VALID,VALID
2022-2023,CAP2,FE_CAP2_2022_Cutoff.csv,6276,"MKSSS's Cummins College of Engineering for Women, Karvenagar,Pune",627661210,Mechanical Engineering,LNT1S,State Level,34078,81.429386,726a95bf2ba2,False,True,VALID,VALID
2022-2023,CAP2,FE_CAP2_2022_Cutoff.csv,6276,"MKSSS's Cummins College of Engineering for Women, Karvenagar,Pune",627661210,Mechanical Engineering,I-NonS,State Level,22506,87.8986332,404a78da847e,False,True,VALID,VALID
2022-2023,CAP2,FE_CAP2_2022_Cutoff.csv,6276,"MKSSS's Cummins College of Engineering for Women, Karvenagar,Pune",627661210,Mechanical Engineering,VIIS,State Level,22581,87.8986332,6ac0631c28b5,False,True,VALID,VALID
2022-2023,CAP2,FE_CAP2_2022_Cutoff.csv,6276,"MKSSS's Cummins College of Engineering for Women, Karvenagar,Pune",627661210,Mechanical Engineering,"Legends:Start Character G-General, L-Ladies, End Character H-Home University, O-Other than Home University, S-State Level,S",State Level,19578,89.4839384,bc8e57c4de02,False,True,INVALID_TEXT,CHECK_CATEGORY
2022-2023,CAP2,FE_CAP2_2022_Cutoff.csv,6276,"MKSSS's Cummins College of Engineering for Women, Karvenagar,Pune",627661210,Mechanical Engineering,"PWDR : PWD Common Reserved Seat, DEFR : Defense Common Reserved Seat.",State Level,38719,78.6657067,6a2ce40b93c2,False,True,INVALID_TEXT,CHECK_CATEGORY
2022-2023,CAP2,FE_CAP2_2022_Cutoff.csv,6276,"MKSSS's Cummins College of Engineering for Women, Karvenagar,Pune",627661210,Mechanical Engineering,Maharashtra State Seats - Cut Off Indicates State General Merit No.; Figures in bracket Indicates MHT-CET PCM PercentileS,State Level,36047,80.4540499,2b124ea73b86,False,True,INVALID_TEXT,CHECK_CATEGORY
2022-2023,CAP2,FE_CAP2_2022_Cutoff.csv,6276,"MKSSS's Cummins College of Engineering for Women, Karvenagar,Pune",627661210,Mechanical Engineering,DS,State Level,18248,90.1655867,575f02056fde,False,True,VALID,VALID
2022-2023,CAP2,FE_CAP2_2022_Cutoff.csv,6276,"MKSSS's Cummins College of Engineering for Women, Karvenagar,Pune",627661210,Mechanical Engineering,I-NonS,State Level,22083,88.0916175,61bf632d218e,False,True,VALID,VALID
2022-2023,CAP2,FE_CAP2_2022_Cutoff.csv,6276,"MKSSS's Cummins College of Engineering for Women, Karvenagar,Pune",627661210,Mechanical Engineering,VIIS,State Level,21275,88.5350016,0a2073421ab9,False,True,VALID,VALID
2022-2023,CAP2,FE_CAP2_2022_Cutoff.csv,6282,"All India Shri Shivaji Memorial Society's Institute of Information Technology,Pune",628229310.0,Electrical Engineering,I-NonS,State Level,52112,70.8665527,9aef0584f9b9,False,True,VALID,VALID
2022-2023,CAP2,FE_CAP2_2022_Cutoff.csv,6282,"All India Shri Shivaji Memorial Society's Institute of Information Technology,Pune",628229310.0,Electrical Engineering,I-NonS,State Level,51215,71.1253958,c2a9c4368ae9,False,True,VALID,VALID
2022-2023,CAP2,FE_CAP2_2022_Cutoff.csv,6282,"All India Shri Shivaji Memorial Society's Institute of Information Technology,Pune",628246610.0,Instrumentation Engineering,I-NonS,State Level,78347,51.2359011,07c70508c906,False,True,VALID,VALID
2022-2023,CAP2,FE_CAP2_2022_Cutoff.csv,6282,"All India Shri Shivaji Memorial Society's Institute of Information Technology,Pune",628246610.0,Instrumentation Engineering,I-NonS,State Level,81038,48.9390238,16ff2fe932fa,False,True,VALID,VALID
2022-2023,CAP2,FE_CAP2_2022_Cutoff.csv,6283,"Annasaheb Dange College of Engineering and Technology, Ashta, Sangli",628329310.0,Electrical Engineering,I-NonS,State Level,91268,39.4227966,ed2d758d2e0d,False,True,VALID,VALID
2022-2023,CAP2,FE_CAP2_2022_Cutoff.csv,6283,"Annasaheb Dange College of Engineering and Technology, Ashta, Sangli",628329310.0,Electrical Engineering,I-NonS,State Level,76918,52.4476185,7fc956d6ffd3,False,True,VALID,VALID
2022-2023,CAP2,FE_CAP2_2022_Cutoff.csv,6285,"Bharati Vidyapeeth's College of Engineering for Women, Katraj, Dhankawadi, Pune",628599510,Artificial Intelligence and Data Science,"Legends:Start Character G-General, L-Ladies, End Character H-Home University, O-Other than Home University, S-State Level,S",State Level,12917,93.018966,e3ae2c4e8364,False,True,INVALID_TEXT,CHECK_CATEGORY
2022-2023,CAP2,FE_CAP2_2022_Cutoff.csv,6285,"Bharati Vidyapeeth's College of Engineering for Women, Katraj, Dhankawadi, Pune",628599510,Artificial Intelligence and Data Science,"Legends:Start Character G-General, L-Ladies, End Character H-Home University, O-Other than Home University, S-State Level,S",State Level,16574,91.0917582,a68dcf360420,False,True,INVALID_TEXT,CHECK_CATEGORY
2022-2023,CAP2,FE_CAP2_2022_Cutoff.csv,6285,"Bharati Vidyapeeth's College of Engineering for Women, Katraj, Dhankawadi, Pune",628599510,Artificial Intelligence and Data Science,"Legends:Start Character G-General, L-Ladies, End Character H-Home University, O-Other than Home University, S-State Level,S",State Level,71944,56.7650587,b7f8e84ab013,False,True,INVALID_TEXT,CHECK_CATEGORY
2022-2023,CAP2,FE_CAP2_2022_Cutoff.csv,6317,"Sharad Institute of Technology College of Engineering, Yadrav(Ichalkaranji)",631724210.0,Computer Science and Engineering,I-NonS,State Level,48194,72.8974176,0aa252815edc,False,True,VALID,VALID
2022-2023,CAP2,FE_CAP2_2022_Cutoff.csv,6317,"Sharad Institute of Technology College of Engineering, Yadrav(Ichalkaranji)",631724210.0,Computer Science and Engineering,I-NonS,State Level,41227,77.1458362,1a87bcd5f498,False,True,VALID,VALID
2022-2023,CAP2,FE_CAP2_2022_Cutoff.csv,6317,"Sharad Institute of Technology College of Engineering, Yadrav(Ichalkaranji)",631729310.0,Electrical Engineering,I-NonS,State Level,70093,57.7165019,ab5dfd37b163,False,True,VALID,VALID
2022-2023,CAP2,FE_CAP2_2022_Cutoff.csv,6317,"Sharad Institute of Technology College of Engineering, Yadrav(Ichalkaranji)",631729310.0,Electrical Engineering,I-NonS,State Level,84069,46.1727561,9193c4058856,False,True,VALID,VALID
2022-2023,CAP2,FE_CAP2_2022_Cutoff.csv,6317,"Sharad Institute of Technology College of Engineering, Yadrav(Ichalkaranji)",631761210.0,Mechanical Engineering,I-NonS,State Level,111192,17.5093411,e91cb9f026b1,False,True,VALID,VALID
2022-2023,CAP2,FE_CAP2_2022_Cutoff.csv,6317,"Sharad Institute of Technology College of Engineering, Yadrav(Ichalkaranji)",631761210.0,Mechanical Engineering,I-NonS,State Level,110403,18.375784,6460657f51f5,False,True,VALID,VALID
2022-2023,CAP2,FE_CAP2_2022_Cutoff.csv,6317,"Sharad Institute of Technology College of Engineering, Yadrav(Ichalkaranji)",631762410.0,Mechatronics Engineering,I-NonS,State Level,60559,64.886326,3286462643c5,False,True,VALID,VALID
2022-2023,CAP2,FE_CAP2_2022_Cutoff.csv,6317,"Sharad Institute of Technology College of Engineering, Yadrav(Ichalkaranji)",631762410.0,Mechatronics Engineering,I-NonS,State Level,101047,29.3528763,b5129025d919,False,True,VALID,VALID
2022-2023,CAP2,FE_CAP2_2022_Cutoff.csv,6317,"Sharad Institute of Technology College of Engineering, Yadrav(Ichalkaranji)",631784410.0,Electronics and Computer Engineering,I-NonS,State Level,51752,70.9263207,e4344d05351d,False,True,VALID,VALID
2022-2023,CAP2,FE_CAP2_2022_Cutoff.csv,6317,"Sharad Institute of Technology College of Engineering, Yadrav(Ichalkaranji)",631784410.0,Electronics and Computer Engineering,I-NonS,State Level,57365,67.1125395,647bd45b3b29,False,True,VALID,VALID
2022-2023,CAP2,FE_CAP2_2022_Cutoff.csv,6317,"Sharad Institute of Technology College of Engineering, Yadrav(Ichalkaranji)",631791610.0,Automation and Robotics,I-NonS,State Level,83813,46.4456321,b13160879286,False,True,VALID,VALID
2022-2023,CAP2,FE_CAP2_2022_Cutoff.csv,6317,"Sharad Institute of Technology College of Engineering, Yadrav(Ichalkaranji)",631791610.0,Automation and Robotics,I-NonS,State Level,93913,36.7166438,7e530a3637d9,False,True,VALID,VALID
2022-2023,CAP2,FE_CAP2_2022_Cutoff.csv,6317,"Sharad Institute of Technology College of Engineering, Yadrav(Ichalkaranji)",631799510.0,Artificial Intelligence and Data Science,I-NonS,State Level,43526,75.7886771,778de00ada95,False,True,VALID,VALID
2022-2023,CAP2,FE_CAP2_2022_Cutoff.csv,6317,"Sharad Institute of Technology College of Engineering, Yadrav(Ichalkaranji)",631799510.0,Artificial Intelligence and Data Science,I-NonS,State Level,45366,74.745321,8f6d316524f4,False,True,VALID,VALID
2022-2023,CAP2,FE_CAP2_2022_Cutoff.csv,6938,Shree Siddheshwar Women's College Of Engineering Solapur.,693861210,Mechanical Engineering,"Legends:Start Character G-General, L-Ladies, End Character H-Home University, O-Other than Home University, S-State Level,S",State Level,77155,52.2301039,1792ecc9ad18,False,True,INVALID_TEXT,CHECK_CATEGORY
2022-2023,CAP2,FE_CAP2_2022_Cutoff.csv,6938,Shree Siddheshwar Women's College Of Engineering Solapur.,693861210,Mechanical Engineering,I-NonS,State Level,103936,26.2202423,e4c506d0ff25,False,True,VALID,VALID
2022-2023,CAP2,FE_CAP2_2022_Cutoff.csv,6938,Shree Siddheshwar Women's College Of Engineering Solapur.,693861210,Mechanical Engineering,VIIS,State Level,101647,28.9481366,baee09ac1d95,False,True,VALID,VALID
2022-2023,CAP2,FE_CAP2_2022_Cutoff.csv,6938,Shree Siddheshwar Women's College Of Engineering Solapur.,693861210,Mechanical Engineering,Other Than Home University Seats Allotted to Other Than Home University CandidatesS,State Level,122559,0.1469263,89dc25aaf021,False,True,INVALID_TEXT,CHECK_CATEGORY
2022-2023,CAP2,FE_CAP2_2022_Cutoff.csv,6938,Shree Siddheshwar Women's College Of Engineering Solapur.,693861210,Mechanical Engineering,"Legends:Start Character G-General, L-Ladies, End Character H-Home University, O-Other than Home University, S-State Level,S",State Level,116946,9.9445363,539b338ff332,False,True,INVALID_TEXT,CHECK_CATEGORY
2022-2023,CAP2,FE_CAP2_2022_Cutoff.csv,6938,Shree Siddheshwar Women's College Of Engineering Solapur.,693861210,Mechanical Engineering,I-NonS,State Level,89778,41.4815869,62ba20d3f3e8,False,True,VALID,VALID
2022-2023,CAP2,FE_CAP2_2022_Cutoff.csv,6938,Shree Siddheshwar Women's College Of Engineering Solapur.,693861210,Mechanical Engineering,VIIS,State Level,111033,17.5316365,1ae0b11426da,False,True,VALID,VALID
2022-2023,CAP2,FE_CAP2_2022_Cutoff.csv,6938,Shree Siddheshwar Women's College Of Engineering Solapur.,693861210,Mechanical Engineering,Other Than Home University Seats Allotted to Other Than Home University CandidatesS,State Level,110311,18.840167,9be87dfcd2c2,False,True,INVALID_TEXT,CHECK_CATEGORY
2022-2023,CAP2,FE_CAP2_2022_Cutoff.csv,6938,Shree Siddheshwar Women's College Of Engineering Solapur.,693861210,Mechanical Engineering,VIIS,State Level,120626,3.5945703,0bab8f3db370,False,True,VALID,VALID
2022-2023,CAP2,FE_CAP2_2022_Cutoff.csv,6938,Shree Siddheshwar Women's College Of Engineering Solapur.,693861210,Mechanical Engineering,I-NonS,State Level,121804,1.7815683,0db88f65d04c,False,True,VALID,VALID
2022-2023,CAP2,FE_CAP2_2022_Cutoff.csv,6938,Shree Siddheshwar Women's College Of Engineering Solapur.,693861210,Mechanical Engineering,VIIS,State Level,120229,4.3556566,c7684671dd8d,False,True,VALID,VALID
2022-2023,CAP3,FE_CAP3_2022_Cutoff.csv,1002,"Government College of Engineering, Amravati",100219110.0,Civil Engineering,I-NonS,State Level,51661,70.9370842,985bade10113,False,True,VALID,VALID
2022-2023,CAP3,FE_CAP3_2022_Cutoff.csv,1002,"Government College of Engineering, Amravati",100219110.0,Civil Engineering,I-NonS,State Level,52238,70.7220669,2a39d8b428f3,False,True,VALID,VALID
2022-2023,CAP3,FE_CAP3_2022_Cutoff.csv,1002,"Government College of Engineering, Amravati",100261210.0,Mechanical Engineering,I-NonS,State Level,46764,74.1161376,77fefd61efe5,False,True,VALID,VALID
2022-2023,CAP3,FE_CAP3_2022_Cutoff.csv,1002,"Government College of Engineering, Amravati",100261210.0,Mechanical Engineering,I-NonS,State Level,41270,77.1347248,348fd23dcece,False,True,VALID,VALID
2022-2023,CAP3,FE_CAP3_2022_Cutoff.csv,2113,"G. S. Mandal's Maharashtra Institute of Technology, Aurangabad",211319110.0,Civil Engineering,I-NonS,State Level,117854,8.3872203,20ddb288155d,False,True,VALID,VALID
2022-2023,CAP3,FE_CAP3_2022_Cutoff.csv,2113,"G. S. Mandal's Maharashtra Institute of Technology, Aurangabad",211319110.0,Civil Engineering,I-NonS,State Level,115429,12.099832,f58022ac4502,False,True,VALID,VALID
2022-2023,CAP3,FE_CAP3_2022_Cutoff.csv,2113,"G. S. Mandal's Maharashtra Institute of Technology, Aurangabad",211329310.0,Electrical Engineering,I-NonS,State Level,68079,59.5292331,c821499c0836,False,True,VALID,VALID
2022-2023,CAP3,FE_CAP3_2022_Cutoff.csv,2113,"G. S. Mandal's Maharashtra Institute of Technology, Aurangabad",211329310.0,Electrical Engineering,I-NonS,State Level,65516,61.4673542,4a0cfdd27438,False,True,VALID,VALID
2022-2023,CAP3,FE_CAP3_2022_Cutoff.csv,2113,"G. S. Mandal's Maharashtra Institute of Technology, Aurangabad",211361210.0,Mechanical Engineering,I-NonS,State Level,81855,48.2601391,1a79e3901bd4,False,True,VALID,VALID
2022-2023,CAP3,FE_CAP3_2022_Cutoff.csv,2113,"G. S. Mandal's Maharashtra Institute of Technology, Aurangabad",211361210.0,Mechanical Engineering,I-NonS,State Level,85205,45.2718114,7768c62ff465,False,True,VALID,VALID
2022-2023,CAP3,FE_CAP3_2022_Cutoff.csv,3012,"Veermata Jijabai Technological Institute(VJTI), Matunga, Mumbai",301289610.0,Textile Technology,I-NonS,State Level,22363,87.985064,22459496f674,False,True,VALID,VALID
2022-2023,CAP3,FE_CAP3_2022_Cutoff.csv,3012,"Veermata Jijabai Technological Institute(VJTI), Matunga, Mumbai",301289610.0,Textile Technology,I-NonS,State Level,27139,85.4043578,2fb07fa39777,False,True,VALID,VALID
2022-2023,CAP3,FE_CAP3_2022_Cutoff.csv,3033,"Dr. Babasaheb Ambedkar Technological University, Lonere",303329310.0,Electrical Engineering,I-NonS,State Level,99319,32.1061359,b0d112a61fcc,False,True,VALID,VALID
2022-2023,CAP3,FE_CAP3_2022_Cutoff.csv,3033,"Dr. Babasaheb Ambedkar Technological University, Lonere",303329310.0,Electrical Engineering,I-NonS,State Level,90802,39.6081812,3a7d277d6bdf,False,True,VALID,VALID
2022-2023,CAP3,FE_CAP3_2022_Cutoff.csv,3033,"Dr. Babasaheb Ambedkar Technological University, Lonere",303337810.0,Electronics Engineering ( VLSI Design and Technology),I-NonS,State Level,80208,49.556541,104dff6c9ba5,False,True,VALID,VALID
2022-2023,CAP3,FE_CAP3_2022_Cutoff.csv,3033,"Dr. Babasaheb Ambedkar Technological University, Lonere",303337810.0,Electronics Engineering ( VLSI Design and Technology),I-NonS,State Level,70277,57.6946774,8ecc064a28f0,False,True,VALID,VALID
2022-2023,CAP3,FE_CAP3_2022_Cutoff.csv,3035,"Usha Mittal Institute of Technology SNDT  Women's University, Mumbai",303561210,Mechanical Engineering,"Legends:Start Character G-General, L-Ladies, End Character H-Home University, O-Other than Home University, S-State LevelS",State Level,21594,88.3304859,540ad38c714b,False,True,INVALID_TEXT,CHECK_CATEGORY
2022-2023,CAP3,FE_CAP3_2022_Cutoff.csv,3035,"Usha Mittal Institute of Technology SNDT  Women's University, Mumbai",303561210,Mechanical Engineering,Maharashtra State Seats - Cut Off Indicates State General Merit No. ; Figures in bracket Indicates MHT-CET PCM PercentileS,State Level,30396,83.4474115,e8a03b85aae2,False,True,INVALID_TEXT,CHECK_CATEGORY
2022-2023,CAP3,FE_CAP3_2022_Cutoff.csv,3035,"Usha Mittal Institute of Technology SNDT  Women's University, Mumbai",303561210,Mechanical Engineering,DS,State Level,32461,82.4069575,257a6e6160cc,False,True,VALID,VALID
2022-2023,CAP3,FE_CAP3_2022_Cutoff.csv,3035,"Usha Mittal Institute of Technology SNDT  Women's University, Mumbai",303561210,Mechanical Engineering,State Common Entrance Test CellS,State Level,31653,82.8743796,4c176e043c69,False,True,INVALID_TEXT,CHECK_CATEGORY
2022-2023,CAP3,FE_CAP3_2022_Cutoff.csv,3035,"Usha Mittal Institute of Technology SNDT  Women's University, Mumbai",303561210,Mechanical Engineering,I-NonS,State Level,22975,87.6060476,83c816d29a49,False,True,VALID,VALID
2022-2023,CAP3,FE_CAP3_2022_Cutoff.csv,3035,"Usha Mittal Institute of Technology SNDT  Women's University, Mumbai",303561210,Mechanical Engineering,VIIS,State Level,23272,87.4840478,ce96bc565caf,False,True,VALID,VALID
2022-2023,CAP3,FE_CAP3_2022_Cutoff.csv,3035,"Usha Mittal Institute of Technology SNDT  Women's University, Mumbai",303561210,Mechanical Engineering,LOPENS,State Level,39954,78.1473584,b23a8267ecd0,False,True,VALID,VALID
2022-2023,CAP3,FE_CAP3_2022_Cutoff.csv,3035,"Usha Mittal Institute of Technology SNDT  Women's University, Mumbai",303561210,Mechanical Engineering,LSCS,State Level,32705,82.3877908,7ad991b91dac,False,True,VALID,VALID
2022-2023,CAP3,FE_CAP3_2022_Cutoff.csv,3035,"Usha Mittal Institute of Technology SNDT  Women's University, Mumbai",303561210,Mechanical Engineering,VIIS,State Level,32067,82.59776,66266754ab7d,False,True,VALID,VALID
2022-2023,CAP3,FE_CAP3_2022_Cutoff.csv,3035,"Usha Mittal Institute of Technology SNDT  Women's University, Mumbai",303561210,Mechanical Engineering,VIIS,State Level,33853,81.6296507,41493fe4f534,False,True,VALID,VALID
2022-2023,CAP3,FE_CAP3_2022_Cutoff.csv,3035,"Usha Mittal Institute of Technology SNDT  Women's University, Mumbai",303561210,Mechanical Engineering,LOPENS,State Level,109416,19.8474395,86edd1e27870,False,True,VALID,VALID
2022-2023,CAP3,FE_CAP3_2022_Cutoff.csv,3035,"Usha Mittal Institute of Technology SNDT  Women's University, Mumbai",303561210,Mechanical Engineering,LSCS,State Level,105892,23.9542468,5f7fc52a0485,False,True,VALID,VALID
2022-2023,CAP3,FE_CAP3_2022_Cutoff.csv,3035,"Usha Mittal Institute of Technology SNDT  Women's University, Mumbai",303561210,Mechanical Engineering,I-NonS,State Level,71158,57.0638559,5199639ab50c,False,True,VALID,VALID
2022-2023,CAP3,FE_CAP3_2022_Cutoff.csv,3035,"Usha Mittal Institute of Technology SNDT  Women's University, Mumbai",303561210,Mechanical Engineering,VIIS,State Level,68527,59.4192464,f51047600f73,False,True,VALID,VALID
2022-2023,CAP3,FE_CAP3_2022_Cutoff.csv,3035,"Usha Mittal Institute of Technology SNDT  Women's University, Mumbai",303561210,Mechanical Engineering,"Legends:Start Character G-General, L-Ladies, End Character H-Home University, O-Other than Home University, S-State LevelS",State Level,37547,79.5309168,03e7830e0237,False,True,INVALID_TEXT,CHECK_CATEGORY
2022-2023,CAP3,FE_CAP3_2022_Cutoff.csv,3035,"Usha Mittal Institute of Technology SNDT  Women's University, Mumbai",303561210,Mechanical Engineering,Maharashtra State Seats - Cut Off Indicates State General Merit No. ; Figures in bracket Indicates MHT-CET PCM PercentileS,State Level,75494,53.926243,4d512f9b7799,False,True,INVALID_TEXT,CHECK_CATEGORY
2022-2023,CAP3,FE_CAP3_2022_Cutoff.csv,3035,"Usha Mittal Institute of Technology SNDT  Women's University, Mumbai",303561210,Mechanical Engineering,DS,State Level,96961,34.1210946,e6b8e7d059ec,False,True,VALID,VALID
2022-2023,CAP3,FE_CAP3_2022_Cutoff.csv,3035,"Usha Mittal Institute of Technology SNDT  Women's University, Mumbai",303561210,Mechanical Engineering,State Common Entrance Test CellS,State Level,44493,75.4846987,304b8aad18a2,False,True,INVALID_TEXT,CHECK_CATEGORY
2022-2023,CAP3,FE_CAP3_2022_Cutoff.csv,3035,"Usha Mittal Institute of Technology SNDT  Women's University, Mumbai",303561210,Mechanical Engineering,VIIS,State Level,37775,79.4751328,094e910cdced,False,True,VALID,VALID
2022-2023,CAP3,FE_CAP3_2022_Cutoff.csv,4151,"Vidarbha Bahu-Uddeshiya Shikshan Sanstha's Tulshiramji Gaikwad Patil College of Engineering & Technology, Nagpur",415124210.0,Computer Science and Engineering,I-NonS,State Level,56504,67.4824177,72d82561502f,False,True,VALID,VALID
2022-2023,CAP3,FE_CAP3_2022_Cutoff.csv,4151,"Vidarbha Bahu-Uddeshiya Shikshan Sanstha's Tulshiramji Gaikwad Patil College of Engineering & Technology, Nagpur",415124210.0,Computer Science and Engineering,I-NonS,State Level,48197,72.8974176,412e11118720,False,True,VALID,VALID
2022-2023,CAP3,FE_CAP3_2022_Cutoff.csv,4151,"Vidarbha Bahu-Uddeshiya Shikshan Sanstha's Tulshiramji Gaikwad Patil College of Engineering & Technology, Nagpur",415129310.0,Electrical Engineering,I-NonS,State Level,82028,48.2193247,f8d672fe7468,False,True,VALID,VALID
2022-2023,CAP3,FE_CAP3_2022_Cutoff.csv,4151,"Vidarbha Bahu-Uddeshiya Shikshan Sanstha's Tulshiramji Gaikwad Patil College of Engineering & Technology, Nagpur",415129310.0,Electrical Engineering,I-NonS,State Level,89688,41.4815869,d6ba5c5e334c,False,True,VALID,VALID
2022-2023,CAP3,FE_CAP3_2022_Cutoff.csv,4151,"Vidarbha Bahu-Uddeshiya Shikshan Sanstha's Tulshiramji Gaikwad Patil College of Engineering & Technology, Nagpur",415161210.0,Mechanical Engineering,I-NonS,State Level,105210,25.0367211,cb0eaa569b5a,False,True,VALID,VALID
2022-2023,CAP3,FE_CAP3_2022_Cutoff.csv,4151,"Vidarbha Bahu-Uddeshiya Shikshan Sanstha's Tulshiramji Gaikwad Patil College of Engineering & Technology, Nagpur",415161210.0,Mechanical Engineering,I-NonS,State Level,97294,33.5099087,72f85b3f3b2d,False,True,VALID,VALID
2022-2023,CAP3,FE_CAP3_2022_Cutoff.csv,4167,"Yeshwantrao Chavan College of Engineering,Wanadongri, Nagpur",416719110.0,Civil Engineering,I-NonS,State Level,46454,74.2012741,13129de284fd,False,True,VALID,VALID
2022-2023,CAP3,FE_CAP3_2022_Cutoff.csv,4167,"Yeshwantrao Chavan College of Engineering,Wanadongri, Nagpur",416719110.0,Civil Engineering,I-NonS,State Level,47779,73.2440997,134c909d3ca8,False,True,VALID,VALID
2022-2023,CAP3,FE_CAP3_2022_Cutoff.csv,5004,"Government College of Engineering, Jalgaon",500429310.0,Electrical Engineering,I-NonS,State Level,56941,67.447284,d2c68770b9d5,False,True,VALID,VALID
2022-2023,CAP3,FE_CAP3_2022_Cutoff.csv,5004,"Government College of Engineering, Jalgaon",500429310.0,Electrical Engineering,I-NonS,State Level,50452,71.6451268,6b8d7e490598,False,True,VALID,VALID
2022-2023,CAP3,FE_CAP3_2022_Cutoff.csv,6141,"Jaywant Shikshan Prasarak Mandal's,Rajarshi Shahu College of Engineering, Tathawade, Pune",614119110.0,Civil Engineering,I-NonS,State Level,61775,64.0172786,883efc3fb56f,False,True,VALID,VALID
2022-2023,CAP3,FE_CAP3_2022_Cutoff.csv,6141,"Jaywant Shikshan Prasarak Mandal's,Rajarshi Shahu College of Engineering, Tathawade, Pune",614119110.0,Civil Engineering,I-NonS,State Level,108456,21.2317049,08c4d0bf1921,False,True,VALID,VALID
2022-2023,CAP3,FE_CAP3_2022_Cutoff.csv,6214,"K. E. Society's Rajarambapu Institute of Technology, Walwa, Sangli",621461210.0,Mechanical Engineering,I-NonS,State Level,57979,66.5894149,b5669877a81f,False,True,VALID,VALID
2022-2023,CAP3,FE_CAP3_2022_Cutoff.csv,6214,"K. E. Society's Rajarambapu Institute of Technology, Walwa, Sangli",621461210.0,Mechanical Engineering,I-NonS,State Level,71956,56.7650587,52f4632b0702,False,True,VALID,VALID
2022-2023,CAP3,FE_CAP3_2022_Cutoff.csv,6222,"Dattajirao Kadam Technical Education Society's Textile & Engineering Institute, Ichalkaranji.",622261210.0,Mechanical Engineering,I-NonS,State Level,72877,55.8902921,97a04abeb6f1,False,True,VALID,VALID
2022-2023,CAP3,FE_CAP3_2022_Cutoff.csv,6222,"Dattajirao Kadam Technical Education Society's Textile & Engineering Institute, Ichalkaranji.",622261210.0,Mechanical Engineering,I-NonS,State Level,73989,54.5241174,9a39aba03d02,False,True,VALID,VALID
2022-2023,CAP3,FE_CAP3_2022_Cutoff.csv,6250,"D.Y. Patil College of Engineering and Technology, Kolhapur",625050710.0,Chemical Engineering,I-NonS,State Level,96268,35.1475881,2c41e89c865b,False,True,VALID,VALID
2022-2023,CAP3,FE_CAP3_2022_Cutoff.csv,6250,"D.Y. Patil College of Engineering and Technology, Kolhapur",625050710.0,Chemical Engineering,I-NonS,State Level,93614,37.5478565,9785c558f91e,False,True,VALID,VALID
2022-2023,CAP3,FE_CAP3_2022_Cutoff.csv,6268,"Tatyasaheb Kore Institute of Engineering and Technology, Warananagar",626861210.0,Mechanical Engineering,I-NonS,State Level,110473,18.375784,38f3e219e0ba,False,True,VALID,VALID
2022-2023,CAP3,FE_CAP3_2022_Cutoff.csv,6268,"Tatyasaheb Kore Institute of Engineering and Technology, Warananagar",626861210.0,Mechanical Engineering,I-NonS,State Level,91572,39.4196471,9b5c087b7414,False,True,VALID,VALID
2022-2023,CAP3,FE_CAP3_2022_Cutoff.csv,6276,"MKSSS's Cummins College of Engineering for Women, Karvenagar,Pune",627661210,Mechanical Engineering,"Legends:Start Character G-General, L-Ladies, End Character H-Home University, O-Other than Home University, S-State LevelS",State Level,3059,98.2216336,202b3f5bdc32,False,True,INVALID_TEXT,CHECK_CATEGORY
2022-2023,CAP3,FE_CAP3_2022_Cutoff.csv,6276,"MKSSS's Cummins College of Engineering for Women, Karvenagar,Pune",627661210,Mechanical Engineering,Maharashtra State Seats - Cut Off Indicates State General Merit No. ; Figures in bracket Indicates MHT-CET PCM PercentileS,State Level,12595,93.1750461,f3fce364ecea,False,True,INVALID_TEXT,CHECK_CATEGORY
2022-2023,CAP3,FE_CAP3_2022_Cutoff.csv,6276,"MKSSS's Cummins College of Engineering for Women, Karvenagar,Pune",627661210,Mechanical Engineering,DS,State Level,3396,98.0374453,4ba852230b1a,False,True,VALID,VALID
2022-2023,CAP3,FE_CAP3_2022_Cutoff.csv,6276,"MKSSS's Cummins College of Engineering for Women, Karvenagar,Pune",627661210,Mechanical Engineering,LOPENS,State Level,15576,91.5890515,3527bd543c66,False,True,VALID,VALID
2022-2023,CAP3,FE_CAP3_2022_Cutoff.csv,6276,"MKSSS's Cummins College of Engineering for Women, Karvenagar,Pune",627661210,Mechanical Engineering,LSCS,State Level,4054,97.6924899,5f24d58778f1,False,True,VALID,VALID
2022-2023,CAP3,FE_CAP3_2022_Cutoff.csv,6276,"MKSSS's Cummins College of Engineering for Women, Karvenagar,Pune",627661210,Mechanical Engineering,I-NonS,State Level,4113,97.6493402,55a612e1bb3a,False,True,VALID,VALID
2022-2023,CAP3,FE_CAP3_2022_Cutoff.csv,6276,"MKSSS's Cummins College of Engineering for Women, Karvenagar,Pune",627661210,Mechanical Engineering,LOPENS,State Level,21556,88.4671878,0cda3dd2e9a0,False,True,VALID,VALID
2022-2023,CAP3,FE_CAP3_2022_Cutoff.csv,6276,"MKSSS's Cummins College of Engineering for Women, Karvenagar,Pune",627661210,Mechanical Engineering,LSCS,State Level,7227,96.0282477,ec004922ee07,False,True,VALID,VALID
2022-2023,CAP3,FE_CAP3_2022_Cutoff.csv,6276,"MKSSS's Cummins College of Engineering for Women, Karvenagar,Pune",627661210,Mechanical Engineering,I-NonS,State Level,6080,96.6135363,77595e8ec48f,False,True,VALID,VALID
2022-2023,CAP3,FE_CAP3_2022_Cutoff.csv,6276,"MKSSS's Cummins College of Engineering for Women, Karvenagar,Pune",627661210,Mechanical Engineering,VIIS,State Level,6031,96.6258699,1f58b568fdb2,False,True,VALID,VALID
2022-2023,CAP3,FE_CAP3_2022_Cutoff.csv,6276,"MKSSS's Cummins College of Engineering for Women, Karvenagar,Pune",627661210,Mechanical Engineering,"Legends:Start Character G-General, L-Ladies, End Character H-Home University, O-Other than Home University, S-State LevelS",State Level,13795,92.6037916,18d1497ed702,False,True,INVALID_TEXT,CHECK_CATEGORY
2022-2023,CAP3,FE_CAP3_2022_Cutoff.csv,6276,"MKSSS's Cummins College of Engineering for Women, Karvenagar,Pune",627661210,Mechanical Engineering,Maharashtra State Seats - Cut Off Indicates State General Merit No. ; Figures in bracket Indicates MHT-CET PCM PercentileS,State Level,81446,48.7700838,6eb150e318ac,False,True,INVALID_TEXT,CHECK_CATEGORY
2022-2023,CAP3,FE_CAP3_2022_Cutoff.csv,6276,"MKSSS's Cummins College of Engineering for Women, Karvenagar,Pune",627661210,Mechanical Engineering,DS,State Level,15150,91.8555998,9b9713aa1511,False,True,VALID,VALID
2022-2023,CAP3,FE_CAP3_2022_Cutoff.csv,6276,"MKSSS's Cummins College of Engineering for Women, Karvenagar,Pune",627661210,Mechanical Engineering,VIIS,State Level,14379,92.2346476,1297086b5f05,False,True,VALID,VALID
2022-2023,CAP3,FE_CAP3_2022_Cutoff.csv,6283,"Annasaheb Dange College of Engineering and Technology, Ashta, Sangli",628329310.0,Electrical Engineering,I-NonS,State Level,107113,22.4871071,7da065d1483d,False,True,VALID,VALID
2022-2023,CAP3,FE_CAP3_2022_Cutoff.csv,6283,"Annasaheb Dange College of Engineering and Technology, Ashta, Sangli",628329310.0,Electrical Engineering,I-NonS,State Level,104234,25.8381109,20cbb1170a0d,False,True,VALID,VALID
2022-2023,CAP3,FE_CAP3_2022_Cutoff.csv,6317,"Sharad Institute of Technology College of Engineering, Yadrav(Ichalkaranji)",631761210.0,Mechanical Engineering,I-NonS,State Level,108319,21.2317049,265a7a912d63,False,True,VALID,VALID
2022-2023,CAP3,FE_CAP3_2022_Cutoff.csv,6317,"Sharad Institute of Technology College of Engineering, Yadrav(Ichalkaranji)",631761210.0,Mechanical Engineering,I-NonS,State Level,109110,20.232792,6f5cf1c2a2fe,False,True,VALID,VALID
2022-2023,CAP3,FE_CAP3_2022_Cutoff.csv,6317,"Sharad Institute of Technology College of Engineering, Yadrav(Ichalkaranji)",631762410.0,Mechatronics Engineering,I-NonS,State Level,93524,37.5478565,c1a4c437e864,False,True,VALID,VALID
2022-2023,CAP3,FE_CAP3_2022_Cutoff.csv,6317,"Sharad Institute of Technology College of Engineering, Yadrav(Ichalkaranji)",631762410.0,Mechatronics Engineering,I-NonS,State Level,82621,47.8470482,8abbe44e25bb,False,True,VALID,VALID
2022-2023,CAP3,FE_CAP3_2022_Cutoff.csv,6938,Shree Siddheshwar Women's College Of Engineering Solapur.,693861210,Mechanical Engineering,"Legends:Start Character G-General, L-Ladies, End Character H-Home University, O-Other than Home University, S-State LevelS",State Level,45852,74.5106403,3697b44933eb,False,True,INVALID_TEXT,CHECK_CATEGORY
2022-2023,CAP3,FE_CAP3_2022_Cutoff.csv,6938,Shree Siddheshwar Women's College Of Engineering Solapur.,693861210,Mechanical Engineering,"Legends:Start Character G-General, L-Ladies, End Character H-Home University, O-Other than Home University, S-State LevelS",State Level,62845,63.5478045,224da2e5a752,False,True,INVALID_TEXT,CHECK_CATEGORY
2023-2024,CAP1,FE_CAP1_2023_Cutoff.csv,3033,"Dr. Babasaheb Ambedkar Technological University, Lonere",303337210.0,Electronics and Telecommunication Engg,GOPENS,State Level,61594,73.1851907,e405bec16b0c,False,True,VALID,VALID
2023-2024,CAP1,FE_CAP1_2023_Cutoff.csv,3033,"Dr. Babasaheb Ambedkar Technological University, Lonere",303337210.0,Electronics and Telecommunication Engg,GSCS,State Level,101374,47.387098,29d2839bec1b,False,True,VALID,VALID
2023-2024,CAP1,FE_CAP1_2023_Cutoff.csv,3033,"Dr. Babasaheb Ambedkar Technological University, Lonere",303337210.0,Electronics and Telecommunication Engg,GNT2S,State Level,95478,52.2466614,d0146f711e35,False,True,VALID,VALID
2023-2024,CAP1,FE_CAP1_2023_Cutoff.csv,3033,"Dr. Babasaheb Ambedkar Technological University, Lonere",303337210.0,Electronics and Telecommunication Engg,GOBCS,State Level,103260,46.1690466,f15ef98739b9,False,True,VALID,VALID
2023-2024,CAP1,FE_CAP1_2023_Cutoff.csv,3033,"Dr. Babasaheb Ambedkar Technological University, Lonere",303337210.0,Electronics and Telecommunication Engg,LOPENS,State Level,40420,83.2373857,1d8d63bdbed7,False,True,VALID,VALID
2023-2024,CAP1,FE_CAP1_2023_Cutoff.csv,3033,"Dr. Babasaheb Ambedkar Technological University, Lonere",303337210.0,Electronics and Telecommunication Engg,GOPENS,State Level,108345,42.4233825,4eda918b805f,False,True,VALID,VALID
2023-2024,CAP1,FE_CAP1_2023_Cutoff.csv,3033,"Dr. Babasaheb Ambedkar Technological University, Lonere",303337210.0,Electronics and Telecommunication Engg,GSCS,State Level,106188,43.5071268,d058d0f2641f,False,True,VALID,VALID
2023-2024,CAP1,FE_CAP1_2023_Cutoff.csv,3033,"Dr. Babasaheb Ambedkar Technological University, Lonere",303337210.0,Electronics and Telecommunication Engg,GNT2S,State Level,82803,60.8798115,2fe2c0d89f2b,False,True,VALID,VALID
2023-2024,CAP1,FE_CAP1_2023_Cutoff.csv,3033,"Dr. Babasaheb Ambedkar Technological University, Lonere",303337210.0,Electronics and Telecommunication Engg,GOBCS,State Level,133090,15.931529,662b2f5bfa24,False,True,VALID,VALID
2023-2024,CAP1,FE_CAP1_2023_Cutoff.csv,3033,"Dr. Babasaheb Ambedkar Technological University, Lonere",303337210.0,Electronics and Telecommunication Engg,LOPENS,State Level,81913,61.432847,eb96ece13eff,False,True,VALID,VALID
2023-2024,CAP1,FE_CAP1_2023_Cutoff.csv,3035,"Usha Mittal Institute of Technology SNDT  Women's University, Mumbai",303561210,Mechanical Engineering,"Legends: Starting character G-General, L-Ladies, End character H-Home University, O-Other than Home University,S-State Level, AI- All India Seat.S",State Level,21856,91.2254517,6a7e45f39600,False,True,INVALID_TEXT,CHECK_CATEGORY
2023-2024,CAP1,FE_CAP1_2023_Cutoff.csv,3035,"Usha Mittal Institute of Technology SNDT  Women's University, Mumbai",303561210,Mechanical Engineering,Maharashtra State Seats - Cut Off Indicates Maharashtra State General Merit No.; Figures in bracket Indicates Merit Percentile.S,State Level,52863,77.4193548,34361d92822d,False,True,INVALID_TEXT,CHECK_CATEGORY
2023-2024,CAP1,FE_CAP1_2023_Cutoff.csv,3035,"Usha Mittal Institute of Technology SNDT  Women's University, Mumbai",303561210,Mechanical Engineering,DS,State Level,96181,51.4762755,c9fafa307d8b,False,True,VALID,VALID
2023-2024,CAP1,FE_CAP1_2023_Cutoff.csv,3035,"Usha Mittal Institute of Technology SNDT  Women's University, Mumbai",303561210,Mechanical Engineering,State Common Entrance Test CellS,State Level,49092,79.3939394,6c59defa96bc,False,True,INVALID_TEXT,CHECK_CATEGORY
2023-2024,CAP1,FE_CAP1_2023_Cutoff.csv,3035,"Usha Mittal Institute of Technology SNDT  Women's University, Mumbai",303561210,Mechanical Engineering,Cut Off List for Maharashtra & Minority Seats of CAP Round I for Admission to First Year of Four YearS,State Level,44198,81.2345291,19e760a119a5,False,True,INVALID_TEXT,CHECK_CATEGORY
2023-2024,CAP1,FE_CAP1_2023_Cutoff.csv,3035,"Usha Mittal Institute of Technology SNDT  Women's University, Mumbai",303561210,Mechanical Engineering,Degree Courses In Engineering and Technology & Master of Engineering and Technology (Integrated 5 Years) for the Year 2023-24S,State Level,59425,74.0797795,0cf0efd141c3,False,True,INVALID_TEXT,CHECK_CATEGORY
2023-2024,CAP1,FE_CAP1_2023_Cutoff.csv,3035,"Usha Mittal Institute of Technology SNDT  Women's University, Mumbai",303561210,Mechanical Engineering,LOPENS,State Level,43548,81.8534982,acdf1290cc2b,False,True,VALID,VALID
2023-2024,CAP1,FE_CAP1_2023_Cutoff.csv,3035,"Usha Mittal Institute of Technology SNDT  Women's University, Mumbai",303561210,Mechanical Engineering,LSCS,State Level,31800,86.9095112,c0064b254dd6,False,True,VALID,VALID
2023-2024,CAP1,FE_CAP1_2023_Cutoff.csv,3035,"Usha Mittal Institute of Technology SNDT  Women's University, Mumbai",303561210,Mechanical Engineering,LSTS,State Level,69455,68.9337823,41de83461f5f,False,True,VALID,VALID
2023-2024,CAP1,FE_CAP1_2023_Cutoff.csv,3035,"Usha Mittal Institute of Technology SNDT  Women's University, Mumbai",303561210,Mechanical Engineering,LVJS,State Level,84793,59.6839864,38c57242c11b,False,True,VALID,VALID
2023-2024,CAP1,FE_CAP1_2023_Cutoff.csv,3035,"Usha Mittal Institute of Technology SNDT  Women's University, Mumbai",303561210,Mechanical Engineering,LNT1S,State Level,31057,87.2266503,4c8ffe67c466,False,True,VALID,VALID
2023-2024,CAP1,FE_CAP1_2023_Cutoff.csv,3035,"Usha Mittal Institute of Technology SNDT  Women's University, Mumbai",303561210,Mechanical Engineering,LOPENS,State Level,67511,69.6572694,4f2ebcb2d4e5,False,True,VALID,VALID
2023-2024,CAP1,FE_CAP1_2023_Cutoff.csv,3035,"Usha Mittal Institute of Technology SNDT  Women's University, Mumbai",303561210,Mechanical Engineering,LSCS,State Level,63685,71.6671025,4c80348c6959,False,True,VALID,VALID
2023-2024,CAP1,FE_CAP1_2023_Cutoff.csv,3035,"Usha Mittal Institute of Technology SNDT  Women's University, Mumbai",303561210,Mechanical Engineering,LSTS,State Level,68510,69.3042857,4ddf8f2b0eba,False,True,VALID,VALID
2023-2024,CAP1,FE_CAP1_2023_Cutoff.csv,3035,"Usha Mittal Institute of Technology SNDT  Women's University, Mumbai",303561210,Mechanical Engineering,LVJS,State Level,41152,82.869523,438d2a6f12d0,False,True,VALID,VALID
2023-2024,CAP1,FE_CAP1_2023_Cutoff.csv,3035,"Usha Mittal Institute of Technology SNDT  Women's University, Mumbai",303561210,Mechanical Engineering,LNT1S,State Level,70222,68.401414,b0114ef98898,False,True,VALID,VALID
2023-2024,CAP1,FE_CAP1_2023_Cutoff.csv,3035,"Usha Mittal Institute of Technology SNDT  Women's University, Mumbai",303561210,Mechanical Engineering,LNT2S,State Level,52464,77.4241933,7b33b1601c90,False,True,VALID,VALID
2023-2024,CAP1,FE_CAP1_2023_Cutoff.csv,3035,"Usha Mittal Institute of Technology SNDT  Women's University, Mumbai",303561210,Mechanical Engineering,LNT3S,State Level,39963,83.375844,af5f1e10b9d5,False,True,VALID,VALID
2023-2024,CAP1,FE_CAP1_2023_Cutoff.csv,3035,"Usha Mittal Institute of Technology SNDT  Women's University, Mumbai",303561210,Mechanical Engineering,LOBCS,State Level,73340,66.6716379,191d070b0518,False,True,VALID,VALID
2023-2024,CAP1,FE_CAP1_2023_Cutoff.csv,3035,"Usha Mittal Institute of Technology SNDT  Women's University, Mumbai",303561210,Mechanical Engineering,DEFOPENS,State Level,43384,81.855593,26b28c81cd4f,False,True,VALID,VALID
2023-2024,CAP1,FE_CAP1_2023_Cutoff.csv,3035,"Usha Mittal Institute of Technology SNDT  Women's University, Mumbai",303561210,Mechanical Engineering,LOPENS,State Level,72197,67.1534217,ccacceda348f,False,True,VALID,VALID
2023-2024,CAP1,FE_CAP1_2023_Cutoff.csv,3035,"Usha Mittal Institute of Technology SNDT  Women's University, Mumbai",303561210,Mechanical Engineering,LSCS,State Level,64140,71.6354089,a5f011dc8848,False,True,VALID,VALID
2023-2024,CAP1,FE_CAP1_2023_Cutoff.csv,3035,"Usha Mittal Institute of Technology SNDT  Women's University, Mumbai",303561210,Mechanical Engineering,LVJS,State Level,72544,66.9527897,1c6487c271f5,False,True,VALID,VALID
2023-2024,CAP1,FE_CAP1_2023_Cutoff.csv,3035,"Usha Mittal Institute of Technology SNDT  Women's University, Mumbai",303561210,Mechanical Engineering,LNT1S,State Level,78275,63.6910141,4279fc3dd3be,False,True,VALID,VALID
2023-2024,CAP1,FE_CAP1_2023_Cutoff.csv,3035,"Usha Mittal Institute of Technology SNDT  Women's University, Mumbai",303561210,Mechanical Engineering,LNT2S,State Level,67813,69.6572694,049dc4288556,False,True,VALID,VALID
2023-2024,CAP1,FE_CAP1_2023_Cutoff.csv,3035,"Usha Mittal Institute of Technology SNDT  Women's University, Mumbai",303561210,Mechanical Engineering,LNT3S,State Level,47304,79.8081214,90cad17103be,False,True,VALID,VALID
2023-2024,CAP1,FE_CAP1_2023_Cutoff.csv,3035,"Usha Mittal Institute of Technology SNDT  Women's University, Mumbai",303561210,Mechanical Engineering,LOBCS,State Level,121052,29.9996237,d5600f15b0c0,False,True,VALID,VALID
2023-2024,CAP1,FE_CAP1_2023_Cutoff.csv,3035,"Usha Mittal Institute of Technology SNDT  Women's University, Mumbai",303561210,Mechanical Engineering,DEFOPENS,State Level,51805,78.0359147,47fb9916527f,False,True,VALID,VALID
2023-2024,CAP1,FE_CAP1_2023_Cutoff.csv,3035,"Usha Mittal Institute of Technology SNDT  Women's University, Mumbai",303561210,Mechanical Engineering,LOPENS,State Level,125192,25.3087578,d1467e5428b8,False,True,VALID,VALID
2023-2024,CAP1,FE_CAP1_2023_Cutoff.csv,3035,"Usha Mittal Institute of Technology SNDT  Women's University, Mumbai",303561210,Mechanical Engineering,LSCS,State Level,78180,63.6910141,f5ea0a33349d,False,True,VALID,VALID
2023-2024,CAP1,FE_CAP1_2023_Cutoff.csv,3035,"Usha Mittal Institute of Technology SNDT  Women's University, Mumbai",303561210,Mechanical Engineering,LNT1S,State Level,101817,47.3478734,b93168fcc3d5,False,True,VALID,VALID
2023-2024,CAP1,FE_CAP1_2023_Cutoff.csv,3035,"Usha Mittal Institute of Technology SNDT  Women's University, Mumbai",303561210,Mechanical Engineering,LOBCS,State Level,118709,32.3660798,dab7dd393617,False,True,VALID,VALID
2023-2024,CAP1,FE_CAP1_2023_Cutoff.csv,3035,"Usha Mittal Institute of Technology SNDT  Women's University, Mumbai",303561210,Mechanical Engineering,"Legends: Starting character G-General, L-Ladies, End character H-Home University, O-Other than Home University,S-State Level, AI- All India Seat.S",State Level,49695,78.7120349,12c7c81e0db7,False,True,INVALID_TEXT,CHECK_CATEGORY
2023-2024,CAP1,FE_CAP1_2023_Cutoff.csv,3035,"Usha Mittal Institute of Technology SNDT  Women's University, Mumbai",303561210,Mechanical Engineering,Maharashtra State Seats - Cut Off Indicates Maharashtra State General Merit No.; Figures in bracket Indicates Merit Percentile.S,State Level,98497,49.6143282,e7223a04ce63,False,True,INVALID_TEXT,CHECK_CATEGORY
2023-2024,CAP1,FE_CAP1_2023_Cutoff.csv,3035,"Usha Mittal Institute of Technology SNDT  Women's University, Mumbai",303561210,Mechanical Engineering,DS,State Level,101334,47.387098,65197267d01a,False,True,VALID,VALID
2023-2024,CAP1,FE_CAP1_2023_Cutoff.csv,3035,"Usha Mittal Institute of Technology SNDT  Women's University, Mumbai",303561210,Mechanical Engineering,State Common Entrance Test CellS,State Level,135331,13.224841,73ee1631366d,False,True,INVALID_TEXT,CHECK_CATEGORY
2023-2024,CAP1,FE_CAP1_2023_Cutoff.csv,3035,"Usha Mittal Institute of Technology SNDT  Women's University, Mumbai",303561210,Mechanical Engineering,Cut Off List for Maharashtra & Minority Seats of CAP Round I for Admission to First Year of Four YearS,State Level,66115,70.6180504,8a007f92558a,False,True,INVALID_TEXT,CHECK_CATEGORY
2023-2024,CAP1,FE_CAP1_2023_Cutoff.csv,3035,"Usha Mittal Institute of Technology SNDT  Women's University, Mumbai",303561210,Mechanical Engineering,Degree Courses In Engineering and Technology & Master of Engineering and Technology (Integrated 5 Years) for the Year 2023-24S,State Level,49998,78.5775598,0fdca90d89b0,False,True,INVALID_TEXT,CHECK_CATEGORY
2023-2024,CAP1,FE_CAP1_2023_Cutoff.csv,3035,"Usha Mittal Institute of Technology SNDT  Women's University, Mumbai",303561210,Mechanical Engineering,LOPENS,State Level,91882,54.6979992,7168a2905b41,False,True,VALID,VALID
2023-2024,CAP1,FE_CAP1_2023_Cutoff.csv,3035,"Usha Mittal Institute of Technology SNDT  Women's University, Mumbai",303561210,Mechanical Engineering,LSCS,State Level,64504,71.3590844,c7220e8e6719,False,True,VALID,VALID
2023-2024,CAP1,FE_CAP1_2023_Cutoff.csv,3035,"Usha Mittal Institute of Technology SNDT  Women's University, Mumbai",303561210,Mechanical Engineering,LSTS,State Level,59912,73.642653,81a94ad320d3,False,True,VALID,VALID
2023-2024,CAP1,FE_CAP1_2023_Cutoff.csv,3035,"Usha Mittal Institute of Technology SNDT  Women's University, Mumbai",303561210,Mechanical Engineering,LOPENS,State Level,99361,49.4761567,c15c0c2c7c14,False,True,VALID,VALID
2023-2024,CAP1,FE_CAP1_2023_Cutoff.csv,3035,"Usha Mittal Institute of Technology SNDT  Women's University, Mumbai",303561210,Mechanical Engineering,LSCS,State Level,127231,23.2280676,6a90eff7ebf3,False,True,VALID,VALID
2023-2024,CAP1,FE_CAP1_2023_Cutoff.csv,3035,"Usha Mittal Institute of Technology SNDT  Women's University, Mumbai",303561210,Mechanical Engineering,LNT1S,State Level,85533,58.7429854,c7b0ea2ead89,False,True,VALID,VALID
2023-2024,CAP1,FE_CAP1_2023_Cutoff.csv,3035,"Usha Mittal Institute of Technology SNDT  Women's University, Mumbai",303561210,Mechanical Engineering,LNT3S,State Level,69025,69.0354573,c96ecb4f88cf,False,True,VALID,VALID
2023-2024,CAP1,FE_CAP1_2023_Cutoff.csv,3035,"Usha Mittal Institute of Technology SNDT  Women's University, Mumbai",303561210,Mechanical Engineering,LOBCS,State Level,54951,76.6166542,7a4a17badeac,False,True,VALID,VALID
2023-2024,CAP1,FE_CAP1_2023_Cutoff.csv,3139,"Vidyalankar Institute of Technology,Wadala, Mumbai",313946110.0,Bio Medical Engineering,EWS,State Level,85670,58.7429854,9148bf3ddceb,False,True,VALID,VALID
2023-2024,CAP1,FE_CAP1_2023_Cutoff.csv,3139,"Vidyalankar Institute of Technology,Wadala, Mumbai",313946110.0,Bio Medical Engineering,DEFROBCS,State Level,8915,96.5461326,bb2d07956f6b,False,True,VALID,VALID
2023-2024,CAP1,FE_CAP1_2023_Cutoff.csv,3139,"Vidyalankar Institute of Technology,Wadala, Mumbai",313946110.0,Bio Medical Engineering,DEFROBCS,State Level,48944,79.3939394,cbac56bc03b0,False,True,VALID,VALID
2023-2024,CAP1,FE_CAP1_2023_Cutoff.csv,3139,"Vidyalankar Institute of Technology,Wadala, Mumbai",313946110.0,Bio Medical Engineering,EWS,State Level,12717,95.0262566,41a75e7c6148,False,True,VALID,VALID
2023-2024,CAP1,FE_CAP1_2023_Cutoff.csv,3215,"Bhartiya Vidya Bhavan's Sardar Patel Institute  of Technology , Andheri, Mumbai",321537210.0,Electronics and Telecommunication Engg,TFWS,State Level,2314,99.0652003,6956470ab7d1,False,True,VALID,VALID
2023-2024,CAP1,FE_CAP1_2023_Cutoff.csv,3215,"Bhartiya Vidya Bhavan's Sardar Patel Institute  of Technology , Andheri, Mumbai",321537210.0,Electronics and Telecommunication Engg,PWDROBCS,State Level,89925,55.8997381,13b4123b1cb8,False,True,VALID,VALID
2023-2024,CAP1,FE_CAP1_2023_Cutoff.csv,3215,"Bhartiya Vidya Bhavan's Sardar Patel Institute  of Technology , Andheri, Mumbai",321537210.0,Electronics and Telecommunication Engg,S,State Level,19976,91.8981572,343cacd31320,False,True,VALID,VALID
2023-2024,CAP1,FE_CAP1_2023_Cutoff.csv,3215,"Bhartiya Vidya Bhavan's Sardar Patel Institute  of Technology , Andheri, Mumbai",321537210.0,Electronics and Telecommunication Engg,DEFRVJS,State Level,11773,95.3905345,468d9b581333,False,True,VALID,VALID
2023-2024,CAP1,FE_CAP1_2023_Cutoff.csv,3215,"Bhartiya Vidya Bhavan's Sardar Patel Institute  of Technology , Andheri, Mumbai",321537210.0,Electronics and Telecommunication Engg,DEFROBCS,State Level,1995,99.1856314,5ebc8a812bb0,False,True,VALID,VALID
2023-2024,CAP1,FE_CAP1_2023_Cutoff.csv,3215,"Bhartiya Vidya Bhavan's Sardar Patel Institute  of Technology , Andheri, Mumbai",321537210.0,Electronics and Telecommunication Engg,TFWS,State Level,886,99.6110172,452af2896b5a,False,True,VALID,VALID
2023-2024,CAP1,FE_CAP1_2023_Cutoff.csv,3215,"Bhartiya Vidya Bhavan's Sardar Patel Institute  of Technology , Andheri, Mumbai",321537210.0,Electronics and Telecommunication Engg,PWDROBCS,State Level,15989,93.6308986,730b0e820134,False,True,VALID,VALID
2023-2024,CAP1,FE_CAP1_2023_Cutoff.csv,3215,"Bhartiya Vidya Bhavan's Sardar Patel Institute  of Technology , Andheri, Mumbai",321537210.0,Electronics and Telecommunication Engg,S,State Level,7276,97.200587,8fc8b438bc15,False,True,VALID,VALID
2023-2024,CAP1,FE_CAP1_2023_Cutoff.csv,3215,"Bhartiya Vidya Bhavan's Sardar Patel Institute  of Technology , Andheri, Mumbai",321537210.0,Electronics and Telecommunication Engg,DEFRVJS,State Level,10715,95.8405342,86a4697dc7e4,False,True,VALID,VALID
2023-2024,CAP1,FE_CAP1_2023_Cutoff.csv,3215,"Bhartiya Vidya Bhavan's Sardar Patel Institute  of Technology , Andheri, Mumbai",321537210.0,Electronics and Telecommunication Engg,DEFROBCS,State Level,65120,71.2687819,4dafeafe2035,False,True,VALID,VALID
2023-2024,CAP1,FE_CAP1_2023_Cutoff.csv,4304,"Cummins College of Engineering For Women, Sukhali (Gupchup), Tal. Hingna Hingna Nagpur",430461210,Mechanical Engineering,"Legends: Starting character G-General, L-Ladies, End character H-Home University, O-Other than Home University,S-State Level, AI- All India Seat.S",State Level,113384,37.6936381,6dd9b002075d,False,True,INVALID_TEXT,CHECK_CATEGORY
2023-2024,CAP1,FE_CAP1_2023_Cutoff.csv,4304,"Cummins College of Engineering For Women, Sukhali (Gupchup), Tal. Hingna Hingna Nagpur",430461210,Mechanical Engineering,"Legends: Starting character G-General, L-Ladies, End character H-Home University, O-Other than Home University,S-State Level, AI- All India Seat.S",State Level,74350,66.0524144,8f77d565433f,False,True,INVALID_TEXT,CHECK_CATEGORY
2023-2024,CAP1,FE_CAP1_2023_Cutoff.csv,4304,"Cummins College of Engineering For Women, Sukhali (Gupchup), Tal. Hingna Hingna Nagpur",430461210,Mechanical Engineering,"Legends: Starting character G-General, L-Ladies, End character H-Home University, O-Other than Home University,S-State Level, AI- All India Seat.S",State Level,132695,16.2430441,72093a2a66df,False,True,INVALID_TEXT,CHECK_CATEGORY
2023-2024,CAP1,FE_CAP1_2023_Cutoff.csv,6006,COEP Technological University,600629310.0,Electrical Engineering,PWDROBCS,State Level,28533,88.2793393,d705ad9f4e4a,False,True,VALID,VALID
2023-2024,CAP1,FE_CAP1_2023_Cutoff.csv,6006,COEP Technological University,600629310.0,Electrical Engineering,S,State Level,11585,95.492343,09514adbbc00,False,True,VALID,VALID
2023-2024,CAP1,FE_CAP1_2023_Cutoff.csv,6006,COEP Technological University,600629310.0,Electrical Engineering,PWDROBCS,State Level,731,99.6675507,97213d7e3364,False,True,VALID,VALID
2023-2024,CAP1,FE_CAP1_2023_Cutoff.csv,6006,COEP Technological University,600629310.0,Electrical Engineering,S,State Level,2487,99.0182954,312cd891d62a,False,True,VALID,VALID
2023-2024,CAP1,FE_CAP1_2023_Cutoff.csv,6007,"Walchand College of Engineering, Sangli",600729310.0,Electrical Engineering,EWS,State Level,4810,98.1450126,d5283e9261f7,False,True,VALID,VALID
2023-2024,CAP1,FE_CAP1_2023_Cutoff.csv,6007,"Walchand College of Engineering, Sangli",600729310.0,Electrical Engineering,EWS,State Level,1881,99.2310578,23f44b9568a1,False,True,VALID,VALID
2023-2024,CAP1,FE_CAP1_2023_Cutoff.csv,6175,"Pimpri Chinchwad Education Trust, Pimpri Chinchwad College of Engineering, Pune",617524510.0,Computer Engineering,GOPENS,State Level,2805,98.89263,f54d34fdaec0,False,True,VALID,VALID
2023-2024,CAP1,FE_CAP1_2023_Cutoff.csv,6175,"Pimpri Chinchwad Education Trust, Pimpri Chinchwad College of Engineering, Pune",617524510.0,Computer Engineering,GSCS,State Level,8441,96.7141785,bae0553c5890,False,True,VALID,VALID
2023-2024,CAP1,FE_CAP1_2023_Cutoff.csv,6175,"Pimpri Chinchwad Education Trust, Pimpri Chinchwad College of Engineering, Pune",617524510.0,Computer Engineering,GSTS,State Level,35389,85.3410413,563527d547d4,False,True,VALID,VALID
2023-2024,CAP1,FE_CAP1_2023_Cutoff.csv,6175,"Pimpri Chinchwad Education Trust, Pimpri Chinchwad College of Engineering, Pune",617524510.0,Computer Engineering,GVJS,State Level,6125,97.6333538,1d8eedcabb02,False,True,VALID,VALID
2023-2024,CAP1,FE_CAP1_2023_Cutoff.csv,6175,"Pimpri Chinchwad Education Trust, Pimpri Chinchwad College of Engineering, Pune",617524510.0,Computer Engineering,GNT1S,State Level,5468,97.8929149,3a25c7c65c76,False,True,VALID,VALID
2023-2024,CAP1,FE_CAP1_2023_Cutoff.csv,6175,"Pimpri Chinchwad Education Trust, Pimpri Chinchwad College of Engineering, Pune",617524510.0,Computer Engineering,GNT2S,State Level,3278,98.7149343,fc7476d49abd,False,True,VALID,VALID
2023-2024,CAP1,FE_CAP1_2023_Cutoff.csv,6175,"Pimpri Chinchwad Education Trust, Pimpri Chinchwad College of Engineering, Pune",617524510.0,Computer Engineering,GOBCS,State Level,3144,98.7673228,7fd02d80055d,False,True,VALID,VALID
2023-2024,CAP1,FE_CAP1_2023_Cutoff.csv,6175,"Pimpri Chinchwad Education Trust, Pimpri Chinchwad College of Engineering, Pune",617524510.0,Computer Engineering,LOPENS,State Level,4013,98.4460248,ab304a7306eb,False,True,VALID,VALID
2023-2024,CAP1,FE_CAP1_2023_Cutoff.csv,6175,"Pimpri Chinchwad Education Trust, Pimpri Chinchwad College of Engineering, Pune",617524510.0,Computer Engineering,LSCS,State Level,14462,94.2910587,517a3dc34589,False,True,VALID,VALID
2023-2024,CAP1,FE_CAP1_2023_Cutoff.csv,6175,"Pimpri Chinchwad Education Trust, Pimpri Chinchwad College of Engineering, Pune",617524510.0,Computer Engineering,LSTS,State Level,35916,85.1782223,299308f7cf2d,False,True,VALID,VALID
2023-2024,CAP1,FE_CAP1_2023_Cutoff.csv,6175,"Pimpri Chinchwad Education Trust, Pimpri Chinchwad College of Engineering, Pune",617524510.0,Computer Engineering,LNT3S,State Level,8287,96.8134847,d58eff90f20a,False,True,VALID,VALID
2023-2024,CAP1,FE_CAP1_2023_Cutoff.csv,6175,"Pimpri Chinchwad Education Trust, Pimpri Chinchwad College of Engineering, Pune",617524510.0,Computer Engineering,LOBCS,State Level,4574,98.2225197,a5b94a8d94ab,False,True,VALID,VALID
2023-2024,CAP1,FE_CAP1_2023_Cutoff.csv,6175,"Pimpri Chinchwad Education Trust, Pimpri Chinchwad College of Engineering, Pune",617524510.0,Computer Engineering,PWDOPENS,State Level,24305,90.1268014,fd60d0d903e3,False,True,VALID,VALID
2023-2024,CAP1,FE_CAP1_2023_Cutoff.csv,6175,"Pimpri Chinchwad Education Trust, Pimpri Chinchwad College of Engineering, Pune",617524510.0,Computer Engineering,DEFOPENS,State Level,7603,97.0565164,09ca26a14700,False,True,VALID,VALID
2023-2024,CAP1,FE_CAP1_2023_Cutoff.csv,6175,"Pimpri Chinchwad Education Trust, Pimpri Chinchwad College of Engineering, Pune",617524510.0,Computer Engineering,GOPENS,State Level,12066,95.2749719,72fbdcbb595d,False,True,VALID,VALID
2023-2024,CAP1,FE_CAP1_2023_Cutoff.csv,6175,"Pimpri Chinchwad Education Trust, Pimpri Chinchwad College of Engineering, Pune",617524510.0,Computer Engineering,GSCS,State Level,46132,80.6210251,41ed2c0b3d49,False,True,VALID,VALID
2023-2024,CAP1,FE_CAP1_2023_Cutoff.csv,6175,"Pimpri Chinchwad Education Trust, Pimpri Chinchwad College of Engineering, Pune",617524510.0,Computer Engineering,GSTS,State Level,12367,95.138138,cacd0824bc4f,False,True,VALID,VALID
2023-2024,CAP1,FE_CAP1_2023_Cutoff.csv,6175,"Pimpri Chinchwad Education Trust, Pimpri Chinchwad College of Engineering, Pune",617524510.0,Computer Engineering,GVJS,State Level,11477,95.5065881,da8ecac39e61,False,True,VALID,VALID
2023-2024,CAP1,FE_CAP1_2023_Cutoff.csv,6175,"Pimpri Chinchwad Education Trust, Pimpri Chinchwad College of Engineering, Pune",617524510.0,Computer Engineering,GNT1S,State Level,4344,98.3176585,6cea7b82b3a9,False,True,VALID,VALID
2023-2024,CAP1,FE_CAP1_2023_Cutoff.csv,6175,"Pimpri Chinchwad Education Trust, Pimpri Chinchwad College of Engineering, Pune",617524510.0,Computer Engineering,GNT2S,State Level,4477,98.2555751,255f970410b1,False,True,VALID,VALID
2023-2024,CAP1,FE_CAP1_2023_Cutoff.csv,6175,"Pimpri Chinchwad Education Trust, Pimpri Chinchwad College of Engineering, Pune",617524510.0,Computer Engineering,GOBCS,State Level,4991,98.0757689,10ea15c9c9b5,False,True,VALID,VALID
2023-2024,CAP1,FE_CAP1_2023_Cutoff.csv,6175,"Pimpri Chinchwad Education Trust, Pimpri Chinchwad College of Engineering, Pune",617524510.0,Computer Engineering,LOPENS,State Level,17953,92.8372688,a87b6f48663d,False,True,VALID,VALID
2023-2024,CAP1,FE_CAP1_2023_Cutoff.csv,6175,"Pimpri Chinchwad Education Trust, Pimpri Chinchwad College of Engineering, Pune",617524510.0,Computer Engineering,LSCS,State Level,36328,85.1488129,f6d3d3e294e2,False,True,VALID,VALID
2023-2024,CAP1,FE_CAP1_2023_Cutoff.csv,6175,"Pimpri Chinchwad Education Trust, Pimpri Chinchwad College of Engineering, Pune",617524510.0,Computer Engineering,LSTS,State Level,13596,94.6249656,e196743aa9d9,False,True,VALID,VALID
2023-2024,CAP1,FE_CAP1_2023_Cutoff.csv,6175,"Pimpri Chinchwad Education Trust, Pimpri Chinchwad College of Engineering, Pune",617524510.0,Computer Engineering,LNT3S,State Level,5639,97.818535,0d22af5194be,False,True,VALID,VALID
2023-2024,CAP1,FE_CAP1_2023_Cutoff.csv,6175,"Pimpri Chinchwad Education Trust, Pimpri Chinchwad College of Engineering, Pune",617524510.0,Computer Engineering,LOBCS,State Level,55548,76.0463981,8989f4f473cd,False,True,VALID,VALID
2023-2024,CAP1,FE_CAP1_2023_Cutoff.csv,6175,"Pimpri Chinchwad Education Trust, Pimpri Chinchwad College of Engineering, Pune",617524510.0,Computer Engineering,PWDOPENS,State Level,10314,95.9738402,c9de0ae0a460,False,True,VALID,VALID
2023-2024,CAP1,FE_CAP1_2023_Cutoff.csv,6175,"Pimpri Chinchwad Education Trust, Pimpri Chinchwad College of Engineering, Pune",617524510.0,Computer Engineering,DEFOPENS,State Level,66110,70.6180504,20b05b85a7ad,False,True,VALID,VALID
2023-2024,CAP1,FE_CAP1_2023_Cutoff.csv,6175,"Pimpri Chinchwad Education Trust, Pimpri Chinchwad College of Engineering, Pune",617524610.0,Information Technology,TFWS,State Level,2863,98.8621151,baa8839b97af,False,True,VALID,VALID
2023-2024,CAP1,FE_CAP1_2023_Cutoff.csv,6175,"Pimpri Chinchwad Education Trust, Pimpri Chinchwad College of Engineering, Pune",617524610.0,Information Technology,PWDROBCS,State Level,74401,66.0524144,fcc87768a097,False,True,VALID,VALID
2023-2024,CAP1,FE_CAP1_2023_Cutoff.csv,6175,"Pimpri Chinchwad Education Trust, Pimpri Chinchwad College of Engineering, Pune",617524610.0,Information Technology,S,State Level,20326,91.7514817,a501e9a1ab34,False,True,VALID,VALID
2023-2024,CAP1,FE_CAP1_2023_Cutoff.csv,6175,"Pimpri Chinchwad Education Trust, Pimpri Chinchwad College of Engineering, Pune",617524610.0,Information Technology,DEFRNT2S,State Level,12209,95.2175544,8fb8718bc81b,False,True,VALID,VALID
2023-2024,CAP1,FE_CAP1_2023_Cutoff.csv,6175,"Pimpri Chinchwad Education Trust, Pimpri Chinchwad College of Engineering, Pune",617524610.0,Information Technology,TFWS,State Level,62449,72.394012,4aec1c9d2fe1,False,True,VALID,VALID
2023-2024,CAP1,FE_CAP1_2023_Cutoff.csv,6175,"Pimpri Chinchwad Education Trust, Pimpri Chinchwad College of Engineering, Pune",617524610.0,Information Technology,PWDROBCS,State Level,10305,95.9738402,03712b387a44,False,True,VALID,VALID
2023-2024,CAP1,FE_CAP1_2023_Cutoff.csv,6175,"Pimpri Chinchwad Education Trust, Pimpri Chinchwad College of Engineering, Pune",617524610.0,Information Technology,S,State Level,76219,64.4805659,b51b5957d380,False,True,VALID,VALID
2023-2024,CAP1,FE_CAP1_2023_Cutoff.csv,6175,"Pimpri Chinchwad Education Trust, Pimpri Chinchwad College of Engineering, Pune",617524610.0,Information Technology,DEFRNT2S,State Level,3373,98.6724273,1d890586f781,False,True,VALID,VALID
2023-2024,CAP1,FE_CAP1_2023_Cutoff.csv,6273,"Bansilal Ramnath Agarawal Charitable Trust's Vishwakarma Institute of Technology, Bibwewadi, Pune",627346410.0,Instrumentation and Control Engineering,TFWS,State Level,11078,95.6795422,356ab33e57dc,False,True,VALID,VALID
2023-2024,CAP1,FE_CAP1_2023_Cutoff.csv,6273,"Bansilal Ramnath Agarawal Charitable Trust's Vishwakarma Institute of Technology, Bibwewadi, Pune",627346410.0,Instrumentation and Control Engineering,DEFROBCS,State Level,111532,39.4392454,29fa642bfffb,False,True,VALID,VALID
2023-2024,CAP1,FE_CAP1_2023_Cutoff.csv,6273,"Bansilal Ramnath Agarawal Charitable Trust's Vishwakarma Institute of Technology, Bibwewadi, Pune",627346410.0,Instrumentation and Control Engineering,EWS,State Level,20890,91.6480738,780949ed0534,False,True,VALID,VALID
2023-2024,CAP1,FE_CAP1_2023_Cutoff.csv,6273,"Bansilal Ramnath Agarawal Charitable Trust's Vishwakarma Institute of Technology, Bibwewadi, Pune",627346410.0,Instrumentation and Control Engineering,TFWS,State Level,21011,91.4590348,4f1f7a7248c1,False,True,VALID,VALID
2023-2024,CAP1,FE_CAP1_2023_Cutoff.csv,6273,"Bansilal Ramnath Agarawal Charitable Trust's Vishwakarma Institute of Technology, Bibwewadi, Pune",627346410.0,Instrumentation and Control Engineering,PWDROBCS,State Level,5025,98.0707133,561642aaed24,False,True,VALID,VALID
2023-2024,CAP1,FE_CAP1_2023_Cutoff.csv,6273,"Bansilal Ramnath Agarawal Charitable Trust's Vishwakarma Institute of Technology, Bibwewadi, Pune",627346410.0,Instrumentation and Control Engineering,S,State Level,103873,45.9472716,b1c86327a960,False,True,VALID,VALID
2023-2024,CAP1,FE_CAP1_2023_Cutoff.csv,6273,"Bansilal Ramnath Agarawal Charitable Trust's Vishwakarma Institute of Technology, Bibwewadi, Pune",627346410.0,Instrumentation and Control Engineering,PWDROBCS,State Level,51860,78.0359147,a478a714466e,False,True,VALID,VALID
2023-2024,CAP1,FE_CAP1_2023_Cutoff.csv,6273,"Bansilal Ramnath Agarawal Charitable Trust's Vishwakarma Institute of Technology, Bibwewadi, Pune",627346410.0,Instrumentation and Control Engineering,S,State Level,8889,96.5461326,fd46bcc177ce,False,True,VALID,VALID
2023-2024,CAP1,FE_CAP1_2023_Cutoff.csv,6273,"Bansilal Ramnath Agarawal Charitable Trust's Vishwakarma Institute of Technology, Bibwewadi, Pune",627346410.0,Instrumentation and Control Engineering,DEFROBCS,State Level,134045,15.0249499,37ca63dc1895,False,True,VALID,VALID
2023-2024,CAP1,FE_CAP1_2023_Cutoff.csv,6273,"Bansilal Ramnath Agarawal Charitable Trust's Vishwakarma Institute of Technology, Bibwewadi, Pune",627346410.0,Instrumentation and Control Engineering,DEFROBCS,State Level,20579,91.7186508,2b1b27044c02,False,True,VALID,VALID
2023-2024,CAP1,FE_CAP1_2023_Cutoff.csv,6273,"Bansilal Ramnath Agarawal Charitable Trust's Vishwakarma Institute of Technology, Bibwewadi, Pune",627346410.0,Instrumentation and Control Engineering,EWS,State Level,5721,97.7845902,e433b83fe580,False,True,VALID,VALID
2023-2024,CAP1,FE_CAP1_2023_Cutoff.csv,6273,"Bansilal Ramnath Agarawal Charitable Trust's Vishwakarma Institute of Technology, Bibwewadi, Pune",627391310.0,Computer Science and Engineering (Artificial Intelligence),EWS,State Level,3296,98.7018851,4778b0f78963,False,True,VALID,VALID
2023-2024,CAP1,FE_CAP1_2023_Cutoff.csv,6273,"Bansilal Ramnath Agarawal Charitable Trust's Vishwakarma Institute of Technology, Bibwewadi, Pune",627391310.0,Computer Science and Engineering (Artificial Intelligence),EWS,State Level,3830,98.503535,4cb06423f0ef,False,True,VALID,VALID
2023-2024,CAP1,FE_CAP1_2023_Cutoff.csv,6276,"MKSSS's Cummins College of Engineering for Women, Karvenagar,Pune",627661210,Mechanical Engineering,"Legends: Starting character G-General, L-Ladies, End character H-Home University, O-Other than Home University,S-State Level, AI- All India Seat.S",State Level,3225,98.7308947,e82be0915e71,False,True,INVALID_TEXT,CHECK_CATEGORY
2023-2024,CAP1,FE_CAP1_2023_Cutoff.csv,6276,"MKSSS's Cummins College of Engineering for Women, Karvenagar,Pune",627661210,Mechanical Engineering,Maharashtra State Seats - Cut Off Indicates Maharashtra State General Merit No.; Figures in bracket Indicates Merit Percentile.S,State Level,16119,93.5868331,a722352d0762,False,True,INVALID_TEXT,CHECK_CATEGORY
2023-2024,CAP1,FE_CAP1_2023_Cutoff.csv,6276,"MKSSS's Cummins College of Engineering for Women, Karvenagar,Pune",627661210,Mechanical Engineering,DS,State Level,79418,62.7344336,fd7dcac94870,False,True,VALID,VALID
2023-2024,CAP1,FE_CAP1_2023_Cutoff.csv,6276,"MKSSS's Cummins College of Engineering for Women, Karvenagar,Pune",627661210,Mechanical Engineering,State Common Entrance Test CellS,State Level,17231,93.1206307,e58b2cb27504,False,True,INVALID_TEXT,CHECK_CATEGORY
2023-2024,CAP1,FE_CAP1_2023_Cutoff.csv,6276,"MKSSS's Cummins College of Engineering for Women, Karvenagar,Pune",627661210,Mechanical Engineering,Cut Off List for Maharashtra & Minority Seats of CAP Round I for Admission to First Year of Four YearS,State Level,8986,96.5051241,6671cc6e477e,False,True,INVALID_TEXT,CHECK_CATEGORY
2023-2024,CAP1,FE_CAP1_2023_Cutoff.csv,6276,"MKSSS's Cummins College of Engineering for Women, Karvenagar,Pune",627661210,Mechanical Engineering,Degree Courses In Engineering and Technology & Master of Engineering and Technology (Integrated 5 Years) for the Year 2023-24S,State Level,8996,96.5051241,7720b2f5b6f4,False,True,INVALID_TEXT,CHECK_CATEGORY
2023-2024,CAP1,FE_CAP1_2023_Cutoff.csv,6276,"MKSSS's Cummins College of Engineering for Women, Karvenagar,Pune",627661210,Mechanical Engineering,LOPENS,State Level,9921,96.125889,1c2943a998af,False,True,VALID,VALID
2023-2024,CAP1,FE_CAP1_2023_Cutoff.csv,6276,"MKSSS's Cummins College of Engineering for Women, Karvenagar,Pune",627661210,Mechanical Engineering,LSCS,State Level,4352,98.2961113,f8743d41d0b1,False,True,VALID,VALID
2023-2024,CAP1,FE_CAP1_2023_Cutoff.csv,6276,"MKSSS's Cummins College of Engineering for Women, Karvenagar,Pune",627661210,Mechanical Engineering,LSTS,State Level,44157,81.2345291,132489ac80b9,False,True,VALID,VALID
2023-2024,CAP1,FE_CAP1_2023_Cutoff.csv,6276,"MKSSS's Cummins College of Engineering for Women, Karvenagar,Pune",627661210,Mechanical Engineering,LVJS,State Level,96686,51.0567213,d67780290a57,False,True,VALID,VALID
2023-2024,CAP1,FE_CAP1_2023_Cutoff.csv,6276,"MKSSS's Cummins College of Engineering for Women, Karvenagar,Pune",627661210,Mechanical Engineering,LNT1S,State Level,10919,95.740678,1e571668ebc2,False,True,VALID,VALID
2023-2024,CAP1,FE_CAP1_2023_Cutoff.csv,6276,"MKSSS's Cummins College of Engineering for Women, Karvenagar,Pune",627661210,Mechanical Engineering,LNT2S,State Level,36776,84.5158411,85007bcee971,False,True,VALID,VALID
2023-2024,CAP1,FE_CAP1_2023_Cutoff.csv,6276,"MKSSS's Cummins College of Engineering for Women, Karvenagar,Pune",627661210,Mechanical Engineering,LNT3S,State Level,13410,94.7209994,547fe9448a79,False,True,VALID,VALID
2023-2024,CAP1,FE_CAP1_2023_Cutoff.csv,6276,"MKSSS's Cummins College of Engineering for Women, Karvenagar,Pune",627661210,Mechanical Engineering,LOBCS,State Level,87109,58.1195238,06deb9248829,False,True,VALID,VALID
2023-2024,CAP1,FE_CAP1_2023_Cutoff.csv,6276,"MKSSS's Cummins College of Engineering for Women, Karvenagar,Pune",627661210,Mechanical Engineering,PWDOPENS,State Level,15201,93.9690179,0378ae4db6ed,False,True,VALID,VALID
2023-2024,CAP1,FE_CAP1_2023_Cutoff.csv,6276,"MKSSS's Cummins College of Engineering for Women, Karvenagar,Pune",627661210,Mechanical Engineering,DEFOPENS,State Level,36811,84.5158411,006fabdc58d9,False,True,VALID,VALID
2023-2024,CAP1,FE_CAP1_2023_Cutoff.csv,6276,"MKSSS's Cummins College of Engineering for Women, Karvenagar,Pune",627661210,Mechanical Engineering,DEFSCS,State Level,4254,98.3385703,233fea041e8a,False,True,VALID,VALID
2023-2024,CAP1,FE_CAP1_2023_Cutoff.csv,6276,"MKSSS's Cummins College of Engineering for Women, Karvenagar,Pune",627661210,Mechanical Engineering,LOPENS,State Level,19679,92.1314889,6ff36e9c5a89,False,True,VALID,VALID
2023-2024,CAP1,FE_CAP1_2023_Cutoff.csv,6276,"MKSSS's Cummins College of Engineering for Women, Karvenagar,Pune",627661210,Mechanical Engineering,LSCS,State Level,84913,59.6839864,37c569ee27b0,False,True,VALID,VALID
2023-2024,CAP1,FE_CAP1_2023_Cutoff.csv,6276,"MKSSS's Cummins College of Engineering for Women, Karvenagar,Pune",627661210,Mechanical Engineering,LSTS,State Level,18124,92.733306,5d967887fb35,False,True,VALID,VALID
2023-2024,CAP1,FE_CAP1_2023_Cutoff.csv,6276,"MKSSS's Cummins College of Engineering for Women, Karvenagar,Pune",627661210,Mechanical Engineering,LVJS,State Level,10653,95.8552138,d5b56a86d5be,False,True,VALID,VALID
2023-2024,CAP1,FE_CAP1_2023_Cutoff.csv,6276,"MKSSS's Cummins College of Engineering for Women, Karvenagar,Pune",627661210,Mechanical Engineering,LNT1S,State Level,9524,96.2813957,e3d49efe75d5,False,True,VALID,VALID
2023-2024,CAP1,FE_CAP1_2023_Cutoff.csv,6276,"MKSSS's Cummins College of Engineering for Women, Karvenagar,Pune",627661210,Mechanical Engineering,LNT2S,State Level,9985,96.0739719,09775658c4d2,False,True,VALID,VALID
2023-2024,CAP1,FE_CAP1_2023_Cutoff.csv,6276,"MKSSS's Cummins College of Engineering for Women, Karvenagar,Pune",627661210,Mechanical Engineering,LNT3S,State Level,4850,98.1343284,260bb0b62796,False,True,VALID,VALID
2023-2024,CAP1,FE_CAP1_2023_Cutoff.csv,6276,"MKSSS's Cummins College of Engineering for Women, Karvenagar,Pune",627661210,Mechanical Engineering,LOBCS,State Level,114265,36.5842646,f88c1f77a76b,False,True,VALID,VALID
2023-2024,CAP1,FE_CAP1_2023_Cutoff.csv,6276,"MKSSS's Cummins College of Engineering for Women, Karvenagar,Pune",627661210,Mechanical Engineering,PWDOPENS,State Level,13054,94.852226,d2e70a0a5561,False,True,VALID,VALID
2023-2024,CAP1,FE_CAP1_2023_Cutoff.csv,6276,"MKSSS's Cummins College of Engineering for Women, Karvenagar,Pune",627661210,Mechanical Engineering,DEFOPENS,State Level,21008,91.4895289,760c89dd82eb,False,True,VALID,VALID
2023-2024,CAP1,FE_CAP1_2023_Cutoff.csv,6276,"MKSSS's Cummins College of Engineering for Women, Karvenagar,Pune",627661210,Mechanical Engineering,DEFROBCS,State Level,4523,98.2487433,5e2e44b4a907,False,True,VALID,VALID
2023-2024,CAP1,FE_CAP1_2023_Cutoff.csv,6276,"MKSSS's Cummins College of Engineering for Women, Karvenagar,Pune",627661210,Mechanical Engineering,LOPENS,State Level,31548,86.9739855,3752dcffae48,False,True,VALID,VALID
2023-2024,CAP1,FE_CAP1_2023_Cutoff.csv,6276,"MKSSS's Cummins College of Engineering for Women, Karvenagar,Pune",627661210,Mechanical Engineering,LSCS,State Level,123085,27.6545345,ed810e1e7a1a,False,True,VALID,VALID
2023-2024,CAP1,FE_CAP1_2023_Cutoff.csv,6276,"MKSSS's Cummins College of Engineering for Women, Karvenagar,Pune",627661210,Mechanical Engineering,LSTS,State Level,25725,89.5231349,d521fc902205,False,True,VALID,VALID
2023-2024,CAP1,FE_CAP1_2023_Cutoff.csv,6276,"MKSSS's Cummins College of Engineering for Women, Karvenagar,Pune",627661210,Mechanical Engineering,LVJS,State Level,19715,92.1314889,04efd8708fcc,False,True,VALID,VALID
2023-2024,CAP1,FE_CAP1_2023_Cutoff.csv,6276,"MKSSS's Cummins College of Engineering for Women, Karvenagar,Pune",627661210,Mechanical Engineering,LNT1S,State Level,12075,95.2749719,148b3babbbfa,False,True,VALID,VALID
2023-2024,CAP1,FE_CAP1_2023_Cutoff.csv,6276,"MKSSS's Cummins College of Engineering for Women, Karvenagar,Pune",627661210,Mechanical Engineering,LNT2S,State Level,14640,94.208479,7aef7ce41c08,False,True,VALID,VALID
2023-2024,CAP1,FE_CAP1_2023_Cutoff.csv,6276,"MKSSS's Cummins College of Engineering for Women, Karvenagar,Pune",627661210,Mechanical Engineering,LNT3S,State Level,10527,95.8847737,b6503b2d4f43,False,True,VALID,VALID
2023-2024,CAP1,FE_CAP1_2023_Cutoff.csv,6276,"MKSSS's Cummins College of Engineering for Women, Karvenagar,Pune",627661210,Mechanical Engineering,LOBCS,State Level,20354,91.7514817,243c424189d0,False,True,VALID,VALID
2023-2024,CAP1,FE_CAP1_2023_Cutoff.csv,6276,"MKSSS's Cummins College of Engineering for Women, Karvenagar,Pune",627661210,Mechanical Engineering,DEFOPENS,State Level,123619,27.145045,c7a56a870103,False,True,VALID,VALID
2023-2024,CAP1,FE_CAP1_2023_Cutoff.csv,6276,"MKSSS's Cummins College of Engineering for Women, Karvenagar,Pune",627661210,Mechanical Engineering,DEFSCS,State Level,25611,89.5398277,2c9f13b02fff,False,True,VALID,VALID
2023-2024,CAP1,FE_CAP1_2023_Cutoff.csv,6276,"MKSSS's Cummins College of Engineering for Women, Karvenagar,Pune",627661210,Mechanical Engineering,DEFROBCS,State Level,7879,96.9767961,25d4a4ecf681,False,True,VALID,VALID
2023-2024,CAP1,FE_CAP1_2023_Cutoff.csv,6276,"MKSSS's Cummins College of Engineering for Women, Karvenagar,Pune",627661210,Mechanical Engineering,LOPENS,State Level,66139,70.6180504,25ecec128f96,False,True,VALID,VALID
2023-2024,CAP1,FE_CAP1_2023_Cutoff.csv,6276,"MKSSS's Cummins College of Engineering for Women, Karvenagar,Pune",627661210,Mechanical Engineering,LSCS,State Level,44174,81.2345291,055f812d0b61,False,True,VALID,VALID
2023-2024,CAP1,FE_CAP1_2023_Cutoff.csv,6276,"MKSSS's Cummins College of Engineering for Women, Karvenagar,Pune",627661210,Mechanical Engineering,LVJS,State Level,75238,65.3263316,4951ae917f1e,False,True,VALID,VALID
2023-2024,CAP1,FE_CAP1_2023_Cutoff.csv,6276,"MKSSS's Cummins College of Engineering for Women, Karvenagar,Pune",627661210,Mechanical Engineering,LNT1S,State Level,51632,78.067557,5ba930b43400,False,True,VALID,VALID
2023-2024,CAP1,FE_CAP1_2023_Cutoff.csv,6276,"MKSSS's Cummins College of Engineering for Women, Karvenagar,Pune",627661210,Mechanical Engineering,LNT2S,State Level,35204,85.3534944,2d8e94e34458,False,True,VALID,VALID
2023-2024,CAP1,FE_CAP1_2023_Cutoff.csv,6276,"MKSSS's Cummins College of Engineering for Women, Karvenagar,Pune",627661210,Mechanical Engineering,LNT3S,State Level,25514,89.690179,5739e62212f6,False,True,VALID,VALID
2023-2024,CAP1,FE_CAP1_2023_Cutoff.csv,6276,"MKSSS's Cummins College of Engineering for Women, Karvenagar,Pune",627661210,Mechanical Engineering,LOBCS,State Level,104838,44.6898706,42a612c19075,False,True,VALID,VALID
2023-2024,CAP1,FE_CAP1_2023_Cutoff.csv,6276,"MKSSS's Cummins College of Engineering for Women, Karvenagar,Pune",627661210,Mechanical Engineering,DEFOPENS,State Level,19982,91.8981572,c1d16f3c1fd8,False,True,VALID,VALID
2023-2024,CAP1,FE_CAP1_2023_Cutoff.csv,6276,"MKSSS's Cummins College of Engineering for Women, Karvenagar,Pune",627661210,Mechanical Engineering,"Legends: Starting character G-General, L-Ladies, End character H-Home University, O-Other than Home University,S-State Level, AI- All India Seat.S",State Level,17675,92.9051391,61402845c1c1,False,True,INVALID_TEXT,CHECK_CATEGORY
2023-2024,CAP1,FE_CAP1_2023_Cutoff.csv,6276,"MKSSS's Cummins College of Engineering for Women, Karvenagar,Pune",627661210,Mechanical Engineering,Maharashtra State Seats - Cut Off Indicates Maharashtra State General Merit No.; Figures in bracket Indicates Merit Percentile.S,State Level,81284,61.4332053,e8d21f946028,False,True,INVALID_TEXT,CHECK_CATEGORY
2023-2024,CAP1,FE_CAP1_2023_Cutoff.csv,6276,"MKSSS's Cummins College of Engineering for Women, Karvenagar,Pune",627661210,Mechanical Engineering,DS,State Level,52289,77.7994669,13ee1e695cfe,False,True,VALID,VALID
2023-2024,CAP1,FE_CAP1_2023_Cutoff.csv,6276,"MKSSS's Cummins College of Engineering for Women, Karvenagar,Pune",627661210,Mechanical Engineering,State Common Entrance Test CellS,State Level,47930,79.7413145,9885fddeec08,False,True,INVALID_TEXT,CHECK_CATEGORY
2023-2024,CAP1,FE_CAP1_2023_Cutoff.csv,6276,"MKSSS's Cummins College of Engineering for Women, Karvenagar,Pune",627661210,Mechanical Engineering,Cut Off List for Maharashtra & Minority Seats of CAP Round I for Admission to First Year of Four YearS,State Level,57570,75.1476841,104a6a140c2f,False,True,INVALID_TEXT,CHECK_CATEGORY
2023-2024,CAP1,FE_CAP1_2023_Cutoff.csv,6276,"MKSSS's Cummins College of Engineering for Women, Karvenagar,Pune",627661210,Mechanical Engineering,Degree Courses In Engineering and Technology & Master of Engineering and Technology (Integrated 5 Years) for the Year 2023-24S,State Level,34301,85.9219677,690f894df5ed,False,True,INVALID_TEXT,CHECK_CATEGORY
2023-2024,CAP1,FE_CAP1_2023_Cutoff.csv,6276,"MKSSS's Cummins College of Engineering for Women, Karvenagar,Pune",627661210,Mechanical Engineering,LOPENS,State Level,26454,89.2735528,bedb3ac73dc6,False,True,VALID,VALID
2023-2024,CAP1,FE_CAP1_2023_Cutoff.csv,6276,"MKSSS's Cummins College of Engineering for Women, Karvenagar,Pune",627661210,Mechanical Engineering,LSCS,State Level,46514,80.2375547,51eee308dcc4,False,True,VALID,VALID
2023-2024,CAP1,FE_CAP1_2023_Cutoff.csv,6276,"MKSSS's Cummins College of Engineering for Women, Karvenagar,Pune",627661210,Mechanical Engineering,LVJS,State Level,59435,74.0797795,4856c4079942,False,True,VALID,VALID
2023-2024,CAP1,FE_CAP1_2023_Cutoff.csv,6276,"MKSSS's Cummins College of Engineering for Women, Karvenagar,Pune",627661210,Mechanical Engineering,LNT1S,State Level,18013,92.7710843,e0052dda9f95,False,True,VALID,VALID
2023-2024,CAP1,FE_CAP1_2023_Cutoff.csv,6285,"Bharati Vidyapeeth's College of Engineering for Women, Katraj, Dhankawadi, Pune",628599510,Artificial Intelligence and Data Science,"Legends: Starting character G-General, L-Ladies, End character H-Home University, O-Other than Home University,S-State Level, AI- All India Seat.S",State Level,19397,92.158114,0526ff3b6219,False,True,INVALID_TEXT,CHECK_CATEGORY
2023-2024,CAP1,FE_CAP1_2023_Cutoff.csv,6285,"Bharati Vidyapeeth's College of Engineering for Women, Katraj, Dhankawadi, Pune",628599510,Artificial Intelligence and Data Science,Maharashtra State Seats - Cut Off Indicates Maharashtra State General Merit No.; Figures in bracket Indicates Merit Percentile.S,State Level,37212,84.4681938,b1cd2319a5b0,False,True,INVALID_TEXT,CHECK_CATEGORY
2023-2024,CAP1,FE_CAP1_2023_Cutoff.csv,6285,"Bharati Vidyapeeth's College of Engineering for Women, Katraj, Dhankawadi, Pune",628599510,Artificial Intelligence and Data Science,DS,State Level,12999,94.8759338,403b2beccd3e,False,True,VALID,VALID
2023-2024,CAP1,FE_CAP1_2023_Cutoff.csv,6285,"Bharati Vidyapeeth's College of Engineering for Women, Katraj, Dhankawadi, Pune",628599510,Artificial Intelligence and Data Science,"Legends: Starting character G-General, L-Ladies, End character H-Home University, O-Other than Home University,S-State Level, AI- All India Seat.S",State Level,25071,89.8061335,e9fceb2b1ef6,False,True,INVALID_TEXT,CHECK_CATEGORY
2023-2024,CAP1,FE_CAP1_2023_Cutoff.csv,6285,"Bharati Vidyapeeth's College of Engineering for Women, Katraj, Dhankawadi, Pune",628599510,Artificial Intelligence and Data Science,Maharashtra State Seats - Cut Off Indicates Maharashtra State General Merit No.; Figures in bracket Indicates Merit Percentile.S,State Level,52451,77.4241933,d51dc14eb995,False,True,INVALID_TEXT,CHECK_CATEGORY
2023-2024,CAP1,FE_CAP1_2023_Cutoff.csv,6285,"Bharati Vidyapeeth's College of Engineering for Women, Katraj, Dhankawadi, Pune",628599510,Artificial Intelligence and Data Science,DS,State Level,18164,92.7112048,a642a11adefc,False,True,VALID,VALID
2023-2024,CAP1,FE_CAP1_2023_Cutoff.csv,6285,"Bharati Vidyapeeth's College of Engineering for Women, Katraj, Dhankawadi, Pune",628599510,Artificial Intelligence and Data Science,"Legends: Starting character G-General, L-Ladies, End character H-Home University, O-Other than Home University,S-State Level, AI- All India Seat.S",State Level,92181,54.6296296,da1d836fd4f4,False,True,INVALID_TEXT,CHECK_CATEGORY
2023-2024,CAP1,FE_CAP1_2023_Cutoff.csv,6285,"Bharati Vidyapeeth's College of Engineering for Women, Katraj, Dhankawadi, Pune",628599510,Artificial Intelligence and Data Science,Maharashtra State Seats - Cut Off Indicates Maharashtra State General Merit No.; Figures in bracket Indicates Merit Percentile.S,State Level,94784,52.5567137,ffc488d21679,False,True,INVALID_TEXT,CHECK_CATEGORY
2023-2024,CAP1,FE_CAP1_2023_Cutoff.csv,6285,"Bharati Vidyapeeth's College of Engineering for Women, Katraj, Dhankawadi, Pune",628599510,Artificial Intelligence and Data Science,DS,State Level,36651,84.740951,e79ea235b7b6,False,True,VALID,VALID
2023-2024,CAP1,FE_CAP1_2023_Cutoff.csv,6289,"B.R.A.C.T's Vishwakarma Institute of Information Technology, Kondhwa (Bk.), Pune",628937210.0,Electronics and Telecommunication Engg,DEFOBCS,State Level,31444,87.0556299,1c7de31d5968,False,True,VALID,VALID
2023-2024,CAP1,FE_CAP1_2023_Cutoff.csv,6289,"B.R.A.C.T's Vishwakarma Institute of Information Technology, Kondhwa (Bk.), Pune",628937210.0,Electronics and Telecommunication Engg,TFWS,State Level,7579,97.1055619,055a048ac0ff,False,True,VALID,VALID
2023-2024,CAP1,FE_CAP1_2023_Cutoff.csv,6289,"B.R.A.C.T's Vishwakarma Institute of Information Technology, Kondhwa (Bk.), Pune",628937210.0,Electronics and Telecommunication Engg,DEFOBCS,State Level,72877,66.8171727,ef922ba194ee,False,True,VALID,VALID
2023-2024,CAP1,FE_CAP1_2023_Cutoff.csv,6289,"B.R.A.C.T's Vishwakarma Institute of Information Technology, Kondhwa (Bk.), Pune",628937210.0,Electronics and Telecommunication Engg,TFWS,State Level,56081,75.867353,a3b7bf2a3d12,False,True,VALID,VALID
2023-2024,CAP1,FE_CAP1_2023_Cutoff.csv,6289,"B.R.A.C.T's Vishwakarma Institute of Information Technology, Kondhwa (Bk.), Pune",628937210.0,Electronics and Telecommunication Engg,PWDROBCS,State Level,13636,94.6206689,562b9fd85608,False,True,VALID,VALID
2023-2024,CAP1,FE_CAP1_2023_Cutoff.csv,6289,"B.R.A.C.T's Vishwakarma Institute of Information Technology, Kondhwa (Bk.), Pune",628937210.0,Electronics and Telecommunication Engg,S,State Level,4401,98.2854565,10220d3f2e69,False,True,VALID,VALID
2023-2024,CAP1,FE_CAP1_2023_Cutoff.csv,6289,"B.R.A.C.T's Vishwakarma Institute of Information Technology, Kondhwa (Bk.), Pune",628937210.0,Electronics and Telecommunication Engg,PWDROBCS,State Level,74716,65.9622938,7ba9092b7462,False,True,VALID,VALID
2023-2024,CAP1,FE_CAP1_2023_Cutoff.csv,6289,"B.R.A.C.T's Vishwakarma Institute of Information Technology, Kondhwa (Bk.), Pune",628937210.0,Electronics and Telecommunication Engg,S,State Level,19754,92.1155289,c9ffced4180c,False,True,VALID,VALID
2023-2024,CAP1,FE_CAP1_2023_Cutoff.csv,6289,"B.R.A.C.T's Vishwakarma Institute of Information Technology, Kondhwa (Bk.), Pune",628937210.0,Electronics and Telecommunication Engg,DEFROBCS,State Level,4892,98.1087382,eed784dd3c8c,False,True,VALID,VALID
2023-2024,CAP1,FE_CAP1_2023_Cutoff.csv,6289,"B.R.A.C.T's Vishwakarma Institute of Information Technology, Kondhwa (Bk.), Pune",628937210.0,Electronics and Telecommunication Engg,DEFROBCS,State Level,30798,87.3774785,f16fd58fa2e4,False,True,VALID,VALID
2023-2024,CAP1,FE_CAP1_2023_Cutoff.csv,6938,Shree Siddheshwar Women's College Of Engineering Solapur.,693861210,Mechanical Engineering,"Legends: Starting character G-General, L-Ladies, End character H-Home University, O-Other than Home University,S-State Level, AI- All India Seat.S",State Level,84996,59.6839864,3c9396fef45c,False,True,INVALID_TEXT,CHECK_CATEGORY
2023-2024,CAP1,FE_CAP1_2023_Cutoff.csv,6938,Shree Siddheshwar Women's College Of Engineering Solapur.,693861210,Mechanical Engineering,"Legends: Starting character G-General, L-Ladies, End character H-Home University, O-Other than Home University,S-State Level, AI- All India Seat.S",State Level,140026,6.1050754,c561d8a75d3a,False,True,INVALID_TEXT,CHECK_CATEGORY
2023-2024,CAP1,FE_CAP1_2023_Cutoff.csv,6938,Shree Siddheshwar Women's College Of Engineering Solapur.,693861210,Mechanical Engineering,"Legends: Starting character G-General, L-Ladies, End character H-Home University, O-Other than Home University,S-State Level, AI- All India Seat.S",State Level,91446,55.2709127,29f30f276bae,False,True,INVALID_TEXT,CHECK_CATEGORY
2023-2024,CAP1,FE_CAP1_2023_Cutoff.csv,6938,Shree Siddheshwar Women's College Of Engineering Solapur.,693861210,Mechanical Engineering,"Legends: Starting character G-General, L-Ladies, End character H-Home University, O-Other than Home University,S-State Level, AI- All India Seat.S",State Level,122384,28.6046774,c66e25f6ed07,False,True,INVALID_TEXT,CHECK_CATEGORY
2023-2024,CAP1,FE_CAP1_2023_Cutoff.csv,6938,Shree Siddheshwar Women's College Of Engineering Solapur.,693861210,Mechanical Engineering,"Legends: Starting character G-General, L-Ladies, End character H-Home University, O-Other than Home University,S-State Level, AI- All India Seat.S",State Level,99056,49.5548073,aa2152e3dbd2,False,True,INVALID_TEXT,CHECK_CATEGORY
2023-2024,CAP2,FE_CAP2_2023_Cutoff.csv,1002,"Government College of Engineering, Amravati",100246610.0,Instrumentation Engineering,I-NonS,State Level,64644,71.3590844,0afb6c129762,False,True,VALID,VALID
2023-2024,CAP2,FE_CAP2_2023_Cutoff.csv,1002,"Government College of Engineering, Amravati",100246610.0,Instrumentation Engineering,I-NonS,State Level,64271,71.4000828,23b72833dd00,False,True,VALID,VALID
2023-2024,CAP2,FE_CAP2_2023_Cutoff.csv,1105,"Prof. Ram Meghe Institute of Technology & Research, Amravati",110519110.0,Civil Engineering,I-NonS,State Level,96962,50.8083922,51320b35f8b0,False,True,VALID,VALID
2023-2024,CAP2,FE_CAP2_2023_Cutoff.csv,1105,"Prof. Ram Meghe Institute of Technology & Research, Amravati",110519110.0,Civil Engineering,I-NonS,State Level,96665,51.0567213,4874abc9cb1b,False,True,VALID,VALID
2023-2024,CAP2,FE_CAP2_2023_Cutoff.csv,1105,"Prof. Ram Meghe Institute of Technology & Research, Amravati",110524610.0,Information Technology,I-NonS,State Level,31111,87.2113119,15f61c016a0b,False,True,VALID,VALID
2023-2024,CAP2,FE_CAP2_2023_Cutoff.csv,1105,"Prof. Ram Meghe Institute of Technology & Research, Amravati",110524610.0,Information Technology,I-NonS,State Level,35167,85.415737,7e0b8bd6ecad,False,True,VALID,VALID
2023-2024,CAP2,FE_CAP2_2023_Cutoff.csv,1105,"Prof. Ram Meghe Institute of Technology & Research, Amravati",110526310.0,Artificial Intelligence (AI) and Data Science,I-NonS,State Level,28424,88.2803409,659b87e1782e,False,True,VALID,VALID
2023-2024,CAP2,FE_CAP2_2023_Cutoff.csv,1105,"Prof. Ram Meghe Institute of Technology & Research, Amravati",110526310.0,Artificial Intelligence (AI) and Data Science,I-NonS,State Level,27937,88.6173431,795f39ce7c01,False,True,VALID,VALID
2023-2024,CAP2,FE_CAP2_2023_Cutoff.csv,1105,"Prof. Ram Meghe Institute of Technology & Research, Amravati",110526510.0,Industrial IoT,I-NonS,State Level,61577,73.1851907,1083359ab73f,False,True,VALID,VALID
2023-2024,CAP2,FE_CAP2_2023_Cutoff.csv,1105,"Prof. Ram Meghe Institute of Technology & Research, Amravati",110526510.0,Industrial IoT,I-NonS,State Level,59374,74.0797795,0e30c417258c,False,True,VALID,VALID
2023-2024,CAP2,FE_CAP2_2023_Cutoff.csv,1105,"Prof. Ram Meghe Institute of Technology & Research, Amravati",110537210.0,Electronics and Telecommunication Engg,I-NonS,State Level,48406,79.5863208,6dfa5cb73168,False,True,VALID,VALID
2023-2024,CAP2,FE_CAP2_2023_Cutoff.csv,1105,"Prof. Ram Meghe Institute of Technology & Research, Amravati",110537210.0,Electronics and Telecommunication Engg,I-NonS,State Level,54013,76.7693871,a81abf649870,False,True,VALID,VALID
2023-2024,CAP2,FE_CAP2_2023_Cutoff.csv,1105,"Prof. Ram Meghe Institute of Technology & Research, Amravati",110561210.0,Mechanical Engineering,I-NonS,State Level,80268,62.3996115,104d6e6228e7,False,True,VALID,VALID
2023-2024,CAP2,FE_CAP2_2023_Cutoff.csv,1105,"Prof. Ram Meghe Institute of Technology & Research, Amravati",110561210.0,Mechanical Engineering,I-NonS,State Level,91061,55.2985075,4075ac0548c2,False,True,VALID,VALID
2023-2024,CAP2,FE_CAP2_2023_Cutoff.csv,2020,"Shri Guru Gobind Singhji Institute of Engineering and Technology, Nanded",202019110.0,Civil Engineering,I-NonS,State Level,62252,72.6119403,238ed18bbd05,False,True,VALID,VALID
2023-2024,CAP2,FE_CAP2_2023_Cutoff.csv,2020,"Shri Guru Gobind Singhji Institute of Engineering and Technology, Nanded",202019110.0,Civil Engineering,I-NonS,State Level,55044,76.2843676,4a6fa5099c0d,False,True,VALID,VALID
2023-2024,CAP2,FE_CAP2_2023_Cutoff.csv,2020,"Shri Guru Gobind Singhji Institute of Engineering and Technology, Nanded",202050710.0,Chemical Engineering,I-NonS,State Level,47703,79.7807688,48512dc59e46,False,True,VALID,VALID
2023-2024,CAP2,FE_CAP2_2023_Cutoff.csv,2020,"Shri Guru Gobind Singhji Institute of Engineering and Technology, Nanded",202050710.0,Chemical Engineering,I-NonS,State Level,42959,82.1650299,a105198c432a,False,True,VALID,VALID
2023-2024,CAP2,FE_CAP2_2023_Cutoff.csv,2020,"Shri Guru Gobind Singhji Institute of Engineering and Technology, Nanded",202060610.0,Production Engineering,I-NonS,State Level,86246,58.5474069,f6e671a98a4e,False,True,VALID,VALID
2023-2024,CAP2,FE_CAP2_2023_Cutoff.csv,2020,"Shri Guru Gobind Singhji Institute of Engineering and Technology, Nanded",202060610.0,Production Engineering,I-NonS,State Level,79291,62.7898492,b2ab598c2145,False,True,VALID,VALID
2023-2024,CAP2,FE_CAP2_2023_Cutoff.csv,2020,"Shri Guru Gobind Singhji Institute of Engineering and Technology, Nanded",202061210.0,Mechanical Engineering,I-NonS,State Level,44963,81.0174211,b4ae6a3346ce,False,True,VALID,VALID
2023-2024,CAP2,FE_CAP2_2023_Cutoff.csv,2020,"Shri Guru Gobind Singhji Institute of Engineering and Technology, Nanded",202061210.0,Mechanical Engineering,I-NonS,State Level,47031,80.0408747,b88bc60951bd,False,True,VALID,VALID
2023-2024,CAP2,FE_CAP2_2023_Cutoff.csv,2020,"Shri Guru Gobind Singhji Institute of Engineering and Technology, Nanded",202089610.0,Textile Technology,I-NonS,State Level,84007,59.9156802,c3aff916a904,False,True,VALID,VALID
2023-2024,CAP2,FE_CAP2_2023_Cutoff.csv,2020,"Shri Guru Gobind Singhji Institute of Engineering and Technology, Nanded",202089610.0,Textile Technology,I-NonS,State Level,81764,61.432847,d6a1e0c8deca,False,True,VALID,VALID
2023-2024,CAP2,FE_CAP2_2023_Cutoff.csv,2113,"G. S. Mandal's Maharashtra Institute of Technology, Aurangabad",211301110.0,Agricultural Engineering,I-NonS,State Level,129329,20.9244385,9e1f1c7e27f8,False,True,VALID,VALID
2023-2024,CAP2,FE_CAP2_2023_Cutoff.csv,2113,"G. S. Mandal's Maharashtra Institute of Technology, Aurangabad",211301110.0,Agricultural Engineering,I-NonS,State Level,129230,20.9244385,00d2a02a031a,False,True,VALID,VALID
2023-2024,CAP2,FE_CAP2_2023_Cutoff.csv,2113,"G. S. Mandal's Maharashtra Institute of Technology, Aurangabad",211329310.0,Electrical Engineering,I-NonS,State Level,109336,41.0926455,6c391b2013ed,False,True,VALID,VALID
2023-2024,CAP2,FE_CAP2_2023_Cutoff.csv,2113,"G. S. Mandal's Maharashtra Institute of Technology, Aurangabad",211329310.0,Electrical Engineering,I-NonS,State Level,108675,42.2969628,ee7844f91726,False,True,VALID,VALID
2023-2024,CAP2,FE_CAP2_2023_Cutoff.csv,2113,"G. S. Mandal's Maharashtra Institute of Technology, Aurangabad",211361210.0,Mechanical Engineering,I-NonS,State Level,134138,14.5915161,0fddcb26599e,False,True,VALID,VALID
2023-2024,CAP2,FE_CAP2_2023_Cutoff.csv,2113,"G. S. Mandal's Maharashtra Institute of Technology, Aurangabad",211361210.0,Mechanical Engineering,I-NonS,State Level,131935,17.7025465,a796301ccd7d,False,True,VALID,VALID
2023-2024,CAP2,FE_CAP2_2023_Cutoff.csv,2113,"G. S. Mandal's Maharashtra Institute of Technology, Aurangabad",211384410.0,Electronics and Computer Engineering,I-NonS,State Level,72186,67.1534217,4a572a3f2911,False,True,VALID,VALID
2023-2024,CAP2,FE_CAP2_2023_Cutoff.csv,2113,"G. S. Mandal's Maharashtra Institute of Technology, Aurangabad",211384410.0,Electronics and Computer Engineering,I-NonS,State Level,71248,67.711928,69411a0ba8d0,False,True,VALID,VALID
2023-2024,CAP2,FE_CAP2_2023_Cutoff.csv,3033,"Dr. Babasaheb Ambedkar Technological University, Lonere",303329310.0,Electrical Engineering,I-NonS,State Level,82318,61.2935921,3cf450be15a2,False,True,VALID,VALID
2023-2024,CAP2,FE_CAP2_2023_Cutoff.csv,3033,"Dr. Babasaheb Ambedkar Technological University, Lonere",303329310.0,Electrical Engineering,I-NonS,State Level,81846,61.432847,28ded276652c,False,True,VALID,VALID
2023-2024,CAP2,FE_CAP2_2023_Cutoff.csv,3033,"Dr. Babasaheb Ambedkar Technological University, Lonere",303337210.0,Electronics and Telecommunication Engg,GOPENS,State Level,87732,57.7272051,3b7dcebd80fd,False,True,VALID,VALID
2023-2024,CAP2,FE_CAP2_2023_Cutoff.csv,3033,"Dr. Babasaheb Ambedkar Technological University, Lonere",303337210.0,Electronics and Telecommunication Engg,GSCS,State Level,118949,32.3660798,d42cbaf443a6,False,True,VALID,VALID
2023-2024,CAP2,FE_CAP2_2023_Cutoff.csv,3033,"Dr. Babasaheb Ambedkar Technological University, Lonere",303337210.0,Electronics and Telecommunication Engg,GSTS,State Level,49090,79.3939394,d7a9acab38b5,False,True,VALID,VALID
2023-2024,CAP2,FE_CAP2_2023_Cutoff.csv,3033,"Dr. Babasaheb Ambedkar Technological University, Lonere",303337210.0,Electronics and Telecommunication Engg,I-NonS,State Level,66062,70.6180504,6646092b178a,False,True,VALID,VALID
2023-2024,CAP2,FE_CAP2_2023_Cutoff.csv,3033,"Dr. Babasaheb Ambedkar Technological University, Lonere",303337210.0,Electronics and Telecommunication Engg,VIIS,State Level,81380,61.4332053,372c126e9515,False,True,VALID,VALID
2023-2024,CAP2,FE_CAP2_2023_Cutoff.csv,3033,"Dr. Babasaheb Ambedkar Technological University, Lonere",303337210.0,Electronics and Telecommunication Engg,GOPENS,State Level,108507,42.4233825,fb08d263de05,False,True,VALID,VALID
2023-2024,CAP2,FE_CAP2_2023_Cutoff.csv,3033,"Dr. Babasaheb Ambedkar Technological University, Lonere",303337210.0,Electronics and Telecommunication Engg,GSCS,State Level,82956,60.8798115,1f27961b0875,False,True,VALID,VALID
2023-2024,CAP2,FE_CAP2_2023_Cutoff.csv,3033,"Dr. Babasaheb Ambedkar Technological University, Lonere",303337210.0,Electronics and Telecommunication Engg,GSTS,State Level,95250,52.5521047,0a98ed6ceee1,False,True,VALID,VALID
2023-2024,CAP2,FE_CAP2_2023_Cutoff.csv,3033,"Dr. Babasaheb Ambedkar Technological University, Lonere",303337210.0,Electronics and Telecommunication Engg,I-NonS,State Level,105949,43.6615489,692f67d7804a,False,True,VALID,VALID
2023-2024,CAP2,FE_CAP2_2023_Cutoff.csv,3033,"Dr. Babasaheb Ambedkar Technological University, Lonere",303337210.0,Electronics and Telecommunication Engg,I-NonS,State Level,94703,52.5567137,f6f4c99c7a21,False,True,VALID,VALID
2023-2024,CAP2,FE_CAP2_2023_Cutoff.csv,3033,"Dr. Babasaheb Ambedkar Technological University, Lonere",303337210.0,Electronics and Telecommunication Engg,VIIS,State Level,106669,43.224841,03fca9d77c52,False,True,VALID,VALID
2023-2024,CAP2,FE_CAP2_2023_Cutoff.csv,3033,"Dr. Babasaheb Ambedkar Technological University, Lonere",303337810.0,Electronics Engineering ( VLSI Design and Technology),I-NonS,State Level,141503,3.3083271,74428f38269b,False,True,VALID,VALID
2023-2024,CAP2,FE_CAP2_2023_Cutoff.csv,3033,"Dr. Babasaheb Ambedkar Technological University, Lonere",303337810.0,Electronics Engineering ( VLSI Design and Technology),I-NonS,State Level,106709,43.224841,c82f958f670d,False,True,VALID,VALID
2023-2024,CAP2,FE_CAP2_2023_Cutoff.csv,3033,"Dr. Babasaheb Ambedkar Technological University, Lonere",303350710.0,Chemical Engineering,I-NonS,State Level,100576,48.0589023,7ff6ac9ee36e,False,True,VALID,VALID
2023-2024,CAP2,FE_CAP2_2023_Cutoff.csv,3033,"Dr. Babasaheb Ambedkar Technological University, Lonere",303350710.0,Chemical Engineering,I-NonS,State Level,90532,55.7163295,a26025fde1ca,False,True,VALID,VALID
2023-2024,CAP2,FE_CAP2_2023_Cutoff.csv,3035,"Usha Mittal Institute of Technology SNDT  Women's University, Mumbai",303561210,Mechanical Engineering,"Legends:Start Character G-General, L-Ladies, End Character H-Home University, O-Other than Home University, S-State Level,S",State Level,22205,91.0138421,5ecc9251bfc2,False,True,INVALID_TEXT,CHECK_CATEGORY
2023-2024,CAP2,FE_CAP2_2023_Cutoff.csv,3035,"Usha Mittal Institute of Technology SNDT  Women's University, Mumbai",303561210,Mechanical Engineering,"PWDR : PWD Common Reserved Seat, DEFR : Defense Common Reserved Seat.",State Level,44540,81.1192722,5e5a2106729d,False,True,INVALID_TEXT,CHECK_CATEGORY
2023-2024,CAP2,FE_CAP2_2023_Cutoff.csv,3035,"Usha Mittal Institute of Technology SNDT  Women's University, Mumbai",303561210,Mechanical Engineering,Maharashtra State Seats - Cut Off Indicates State General Merit No.; Figures in bracket Indicates MHT-CET PCM Percentile.S,State Level,68510,69.3042857,fca3abf2bc95,False,True,INVALID_TEXT,CHECK_CATEGORY
2023-2024,CAP2,FE_CAP2_2023_Cutoff.csv,3035,"Usha Mittal Institute of Technology SNDT  Women's University, Mumbai",303561210,Mechanical Engineering,DS,State Level,51621,78.067557,bc88645ffe2a,False,True,VALID,VALID
2023-2024,CAP2,FE_CAP2_2023_Cutoff.csv,3035,"Usha Mittal Institute of Technology SNDT  Women's University, Mumbai",303561210,Mechanical Engineering,State Common Entrance Test CellS,State Level,24426,90.0942655,8b18c65b635d,False,True,INVALID_TEXT,CHECK_CATEGORY
2023-2024,CAP2,FE_CAP2_2023_Cutoff.csv,3035,"Usha Mittal Institute of Technology SNDT  Women's University, Mumbai",303561210,Mechanical Engineering,I-NonS,State Level,24468,90.0942655,2f80c74371ef,False,True,VALID,VALID
2023-2024,CAP2,FE_CAP2_2023_Cutoff.csv,3035,"Usha Mittal Institute of Technology SNDT  Women's University, Mumbai",303561210,Mechanical Engineering,VIIS,State Level,23826,90.2917336,8911eb0a2188,False,True,VALID,VALID
2023-2024,CAP2,FE_CAP2_2023_Cutoff.csv,3035,"Usha Mittal Institute of Technology SNDT  Women's University, Mumbai",303561210,Mechanical Engineering,LOPENS,State Level,67311,69.6924231,340251308a0d,False,True,VALID,VALID
2023-2024,CAP2,FE_CAP2_2023_Cutoff.csv,3035,"Usha Mittal Institute of Technology SNDT  Women's University, Mumbai",303561210,Mechanical Engineering,LSCS,State Level,86748,58.1382561,66bb46efa413,False,True,VALID,VALID
2023-2024,CAP2,FE_CAP2_2023_Cutoff.csv,3035,"Usha Mittal Institute of Technology SNDT  Women's University, Mumbai",303561210,Mechanical Engineering,LSTS,State Level,37869,84.2884307,13ca6ef70ebe,False,True,VALID,VALID
2023-2024,CAP2,FE_CAP2_2023_Cutoff.csv,3035,"Usha Mittal Institute of Technology SNDT  Women's University, Mumbai",303561210,Mechanical Engineering,LVJS,State Level,37649,84.3950599,9772b1feb409,False,True,VALID,VALID
2023-2024,CAP2,FE_CAP2_2023_Cutoff.csv,3035,"Usha Mittal Institute of Technology SNDT  Women's University, Mumbai",303561210,Mechanical Engineering,LNT2S,State Level,90224,55.8997381,558d7ab4baac,False,True,VALID,VALID
2023-2024,CAP2,FE_CAP2_2023_Cutoff.csv,3035,"Usha Mittal Institute of Technology SNDT  Women's University, Mumbai",303561210,Mechanical Engineering,I-NonS,State Level,33404,86.1668982,36efe4bc9253,False,True,VALID,VALID
2023-2024,CAP2,FE_CAP2_2023_Cutoff.csv,3035,"Usha Mittal Institute of Technology SNDT  Women's University, Mumbai",303561210,Mechanical Engineering,VIIS,State Level,32761,86.3770498,af47fb250fd1,False,True,VALID,VALID
2023-2024,CAP2,FE_CAP2_2023_Cutoff.csv,3035,"Usha Mittal Institute of Technology SNDT  Women's University, Mumbai",303561210,Mechanical Engineering,LOPENS,State Level,66582,70.2813361,58f49b5f6785,False,True,VALID,VALID
2023-2024,CAP2,FE_CAP2_2023_Cutoff.csv,3035,"Usha Mittal Institute of Technology SNDT  Women's University, Mumbai",303561210,Mechanical Engineering,LSCS,State Level,70222,68.401414,0eb105bedd61,False,True,VALID,VALID
2023-2024,CAP2,FE_CAP2_2023_Cutoff.csv,3035,"Usha Mittal Institute of Technology SNDT  Women's University, Mumbai",303561210,Mechanical Engineering,LSTS,State Level,42972,82.1650299,301e0b1c62e9,False,True,VALID,VALID
2023-2024,CAP2,FE_CAP2_2023_Cutoff.csv,3035,"Usha Mittal Institute of Technology SNDT  Women's University, Mumbai",303561210,Mechanical Engineering,LVJS,State Level,96432,51.4762755,260cc7680696,False,True,VALID,VALID
2023-2024,CAP2,FE_CAP2_2023_Cutoff.csv,3035,"Usha Mittal Institute of Technology SNDT  Women's University, Mumbai",303561210,Mechanical Engineering,LNT2S,State Level,54951,76.6166542,be9a20585125,False,True,VALID,VALID
2023-2024,CAP2,FE_CAP2_2023_Cutoff.csv,3035,"Usha Mittal Institute of Technology SNDT  Women's University, Mumbai",303561210,Mechanical Engineering,I-NonS,State Level,38133,84.2081516,31da0eb53634,False,True,VALID,VALID
2023-2024,CAP2,FE_CAP2_2023_Cutoff.csv,3035,"Usha Mittal Institute of Technology SNDT  Women's University, Mumbai",303561210,Mechanical Engineering,VIIS,State Level,40074,83.348395,6ef30dc6c0ea,False,True,VALID,VALID
2023-2024,CAP2,FE_CAP2_2023_Cutoff.csv,3035,"Usha Mittal Institute of Technology SNDT  Women's University, Mumbai",303561210,Mechanical Engineering,"Legends:Start Character G-General, L-Ladies, End Character H-Home University, O-Other than Home University, S-State Level,S",State Level,84224,59.9156802,62d4af956688,False,True,INVALID_TEXT,CHECK_CATEGORY
2023-2024,CAP2,FE_CAP2_2023_Cutoff.csv,3035,"Usha Mittal Institute of Technology SNDT  Women's University, Mumbai",303561210,Mechanical Engineering,"PWDR : PWD Common Reserved Seat, DEFR : Defense Common Reserved Seat.",State Level,126454,24.0591998,bcc15cc9081f,False,True,INVALID_TEXT,CHECK_CATEGORY
2023-2024,CAP2,FE_CAP2_2023_Cutoff.csv,3035,"Usha Mittal Institute of Technology SNDT  Women's University, Mumbai",303561210,Mechanical Engineering,Maharashtra State Seats - Cut Off Indicates State General Merit No.; Figures in bracket Indicates MHT-CET PCM Percentile.S,State Level,112554,38.8357386,a43686bbcb81,False,True,INVALID_TEXT,CHECK_CATEGORY
2023-2024,CAP2,FE_CAP2_2023_Cutoff.csv,3035,"Usha Mittal Institute of Technology SNDT  Women's University, Mumbai",303561210,Mechanical Engineering,DS,State Level,106625,43.224841,a1deafaef9d1,False,True,VALID,VALID
2023-2024,CAP2,FE_CAP2_2023_Cutoff.csv,3035,"Usha Mittal Institute of Technology SNDT  Women's University, Mumbai",303561210,Mechanical Engineering,State Common Entrance Test CellS,State Level,84812,59.6839864,c14764bc74d6,False,True,INVALID_TEXT,CHECK_CATEGORY
2023-2024,CAP2,FE_CAP2_2023_Cutoff.csv,3035,"Usha Mittal Institute of Technology SNDT  Women's University, Mumbai",303561210,Mechanical Engineering,I-NonS,State Level,101825,47.3478734,2d5a29afe107,False,True,VALID,VALID
2023-2024,CAP2,FE_CAP2_2023_Cutoff.csv,3035,"Usha Mittal Institute of Technology SNDT  Women's University, Mumbai",303561210,Mechanical Engineering,I-NonS,State Level,97877,50.2663166,b0c5cdd18b09,False,True,VALID,VALID
2023-2024,CAP2,FE_CAP2_2023_Cutoff.csv,3035,"Usha Mittal Institute of Technology SNDT  Women's University, Mumbai",303561210,Mechanical Engineering,VIIS,State Level,99626,49.2213366,a024fe8e25f5,False,True,VALID,VALID
2023-2024,CAP2,FE_CAP2_2023_Cutoff.csv,3035,"Usha Mittal Institute of Technology SNDT  Women's University, Mumbai",303561210,Mechanical Engineering,LOPENS,State Level,73817,66.3914919,65e2d8112ac1,False,True,VALID,VALID
2023-2024,CAP2,FE_CAP2_2023_Cutoff.csv,3035,"Usha Mittal Institute of Technology SNDT  Women's University, Mumbai",303561210,Mechanical Engineering,LSCS,State Level,63198,71.9809302,6ff301816b6f,False,True,VALID,VALID
2023-2024,CAP2,FE_CAP2_2023_Cutoff.csv,3035,"Usha Mittal Institute of Technology SNDT  Women's University, Mumbai",303561210,Mechanical Engineering,LSTS,State Level,40784,83.1704016,1287ed75a719,False,True,VALID,VALID
2023-2024,CAP2,FE_CAP2_2023_Cutoff.csv,3035,"Usha Mittal Institute of Technology SNDT  Women's University, Mumbai",303561210,Mechanical Engineering,I-NonS,State Level,60503,73.3779089,14f2def9c43e,False,True,VALID,VALID
2023-2024,CAP2,FE_CAP2_2023_Cutoff.csv,3035,"Usha Mittal Institute of Technology SNDT  Women's University, Mumbai",303561210,Mechanical Engineering,I-NonS,State Level,55788,75.8958975,b0e53b3b630a,False,True,VALID,VALID
2023-2024,CAP2,FE_CAP2_2023_Cutoff.csv,3035,"Usha Mittal Institute of Technology SNDT  Women's University, Mumbai",303561210,Mechanical Engineering,VIIS,State Level,60564,73.3779089,7baaee4432c7,False,True,VALID,VALID
2023-2024,CAP2,FE_CAP2_2023_Cutoff.csv,3035,"Usha Mittal Institute of Technology SNDT  Women's University, Mumbai",303561210,Mechanical Engineering,LOPENS,State Level,54284,76.7173434,33cde7c98b77,False,True,VALID,VALID
2023-2024,CAP2,FE_CAP2_2023_Cutoff.csv,3035,"Usha Mittal Institute of Technology SNDT  Women's University, Mumbai",303561210,Mechanical Engineering,LSTS,State Level,64837,71.2687819,c750f071fa1a,False,True,VALID,VALID
2023-2024,CAP2,FE_CAP2_2023_Cutoff.csv,3035,"Usha Mittal Institute of Technology SNDT  Women's University, Mumbai",303561210,Mechanical Engineering,LVJS,State Level,92685,54.0043616,2097c455d6b2,False,True,VALID,VALID
2023-2024,CAP2,FE_CAP2_2023_Cutoff.csv,3035,"Usha Mittal Institute of Technology SNDT  Women's University, Mumbai",303561210,Mechanical Engineering,LNT2S,State Level,57948,75.0737739,dff53bb60b6c,False,True,VALID,VALID
2023-2024,CAP2,FE_CAP2_2023_Cutoff.csv,3035,"Usha Mittal Institute of Technology SNDT  Women's University, Mumbai",303561210,Mechanical Engineering,I-NonS,State Level,51868,78.0359147,4ba59db3755e,False,True,VALID,VALID
2023-2024,CAP2,FE_CAP2_2023_Cutoff.csv,3035,"Usha Mittal Institute of Technology SNDT  Women's University, Mumbai",303561210,Mechanical Engineering,I-NonS,State Level,55871,75.867353,a08022cba383,False,True,VALID,VALID
2023-2024,CAP2,FE_CAP2_2023_Cutoff.csv,3035,"Usha Mittal Institute of Technology SNDT  Women's University, Mumbai",303561210,Mechanical Engineering,VIIS,State Level,60072,73.4246062,89aa829f3dca,False,True,VALID,VALID
2023-2024,CAP2,FE_CAP2_2023_Cutoff.csv,3139,"Vidyalankar Institute of Technology,Wadala, Mumbai",313946110.0,Bio Medical Engineering,I-NonS,State Level,43438,81.8534982,48e9d95ad0a0,False,True,VALID,VALID
2023-2024,CAP2,FE_CAP2_2023_Cutoff.csv,3139,"Vidyalankar Institute of Technology,Wadala, Mumbai",313946110.0,Bio Medical Engineering,I-NonS,State Level,42758,82.2034564,8a5f0413d408,False,True,VALID,VALID
2023-2024,CAP2,FE_CAP2_2023_Cutoff.csv,4151,"Vidarbha Bahu-Uddeshiya Shikshan Sanstha's Tulshiramji Gaikwad Patil College of Engineering & Technology, Nagpur",415100210.0,Aeronautical Engineering,I-NonS,State Level,92364,54.6296296,bf2cf8133dba,False,True,VALID,VALID
2023-2024,CAP2,FE_CAP2_2023_Cutoff.csv,4151,"Vidarbha Bahu-Uddeshiya Shikshan Sanstha's Tulshiramji Gaikwad Patil College of Engineering & Technology, Nagpur",415100210.0,Aeronautical Engineering,I-NonS,State Level,102803,46.4499379,fff90988fa3b,False,True,VALID,VALID
2023-2024,CAP2,FE_CAP2_2023_Cutoff.csv,4151,"Vidarbha Bahu-Uddeshiya Shikshan Sanstha's Tulshiramji Gaikwad Patil College of Engineering & Technology, Nagpur",415108210.0,Bio Technology,I-NonS,State Level,113379,37.6936381,a0ab49c8acfa,False,True,VALID,VALID
2023-2024,CAP2,FE_CAP2_2023_Cutoff.csv,4151,"Vidarbha Bahu-Uddeshiya Shikshan Sanstha's Tulshiramji Gaikwad Patil College of Engineering & Technology, Nagpur",415108210.0,Bio Technology,I-NonS,State Level,114191,36.5842646,e0ead83efa31,False,True,VALID,VALID
2023-2024,CAP2,FE_CAP2_2023_Cutoff.csv,4151,"Vidarbha Bahu-Uddeshiya Shikshan Sanstha's Tulshiramji Gaikwad Patil College of Engineering & Technology, Nagpur",415119110.0,Civil Engineering,I-NonS,State Level,137739,9.3640105,fc7361ba2e95,False,True,VALID,VALID
2023-2024,CAP2,FE_CAP2_2023_Cutoff.csv,4151,"Vidarbha Bahu-Uddeshiya Shikshan Sanstha's Tulshiramji Gaikwad Patil College of Engineering & Technology, Nagpur",415119110.0,Civil Engineering,I-NonS,State Level,132737,16.2430441,041a91ff5883,False,True,VALID,VALID
2023-2024,CAP2,FE_CAP2_2023_Cutoff.csv,4151,"Vidarbha Bahu-Uddeshiya Shikshan Sanstha's Tulshiramji Gaikwad Patil College of Engineering & Technology, Nagpur",415124210.0,Computer Science and Engineering,I-NonS,State Level,73727,66.3914919,f360588cff6a,False,True,VALID,VALID
2023-2024,CAP2,FE_CAP2_2023_Cutoff.csv,4151,"Vidarbha Bahu-Uddeshiya Shikshan Sanstha's Tulshiramji Gaikwad Patil College of Engineering & Technology, Nagpur",415124210.0,Computer Science and Engineering,I-NonS,State Level,70942,67.711928,3a0a8d2f1c7b,False,True,VALID,VALID
2023-2024,CAP2,FE_CAP2_2023_Cutoff.csv,4151,"Vidarbha Bahu-Uddeshiya Shikshan Sanstha's Tulshiramji Gaikwad Patil College of Engineering & Technology, Nagpur",415124610.0,Information Technology,I-NonS,State Level,82169,61.2935921,e45cd20dddad,False,True,VALID,VALID
2023-2024,CAP2,FE_CAP2_2023_Cutoff.csv,4151,"Vidarbha Bahu-Uddeshiya Shikshan Sanstha's Tulshiramji Gaikwad Patil College of Engineering & Technology, Nagpur",415124610.0,Information Technology,I-NonS,State Level,80866,61.6881259,966c72f59a78,False,True,VALID,VALID
2023-2024,CAP2,FE_CAP2_2023_Cutoff.csv,4151,"Vidarbha Bahu-Uddeshiya Shikshan Sanstha's Tulshiramji Gaikwad Patil College of Engineering & Technology, Nagpur",415129310.0,Electrical Engineering,I-NonS,State Level,113170,37.6936381,06fbc2ed9f39,False,True,VALID,VALID
2023-2024,CAP2,FE_CAP2_2023_Cutoff.csv,4151,"Vidarbha Bahu-Uddeshiya Shikshan Sanstha's Tulshiramji Gaikwad Patil College of Engineering & Technology, Nagpur",415129310.0,Electrical Engineering,I-NonS,State Level,109412,41.0926455,1245d55d04b2,False,True,VALID,VALID
2023-2024,CAP2,FE_CAP2_2023_Cutoff.csv,4151,"Vidarbha Bahu-Uddeshiya Shikshan Sanstha's Tulshiramji Gaikwad Patil College of Engineering & Technology, Nagpur",415137010.0,Electronics and Communication Engineering,I-NonS,State Level,104042,45.8483896,e3bafdcff601,False,True,VALID,VALID
2023-2024,CAP2,FE_CAP2_2023_Cutoff.csv,4151,"Vidarbha Bahu-Uddeshiya Shikshan Sanstha's Tulshiramji Gaikwad Patil College of Engineering & Technology, Nagpur",415137010.0,Electronics and Communication Engineering,I-NonS,State Level,105782,43.6615489,dbcb0c1c1ad5,False,True,VALID,VALID
2023-2024,CAP2,FE_CAP2_2023_Cutoff.csv,4151,"Vidarbha Bahu-Uddeshiya Shikshan Sanstha's Tulshiramji Gaikwad Patil College of Engineering & Technology, Nagpur",415161210.0,Mechanical Engineering,I-NonS,State Level,131823,17.7025465,362093e7f21b,False,True,VALID,VALID
2023-2024,CAP2,FE_CAP2_2023_Cutoff.csv,4151,"Vidarbha Bahu-Uddeshiya Shikshan Sanstha's Tulshiramji Gaikwad Patil College of Engineering & Technology, Nagpur",415161210.0,Mechanical Engineering,I-NonS,State Level,128730,21.5370732,b5b780ce7dfc,False,True,VALID,VALID
2023-2024,CAP2,FE_CAP2_2023_Cutoff.csv,4151,"Vidarbha Bahu-Uddeshiya Shikshan Sanstha's Tulshiramji Gaikwad Patil College of Engineering & Technology, Nagpur",415191210.0,Computer Science and Engineering(Data Science),I-NonS,State Level,78310,63.6910141,63ada5d5273c,False,True,VALID,VALID
2023-2024,CAP2,FE_CAP2_2023_Cutoff.csv,4151,"Vidarbha Bahu-Uddeshiya Shikshan Sanstha's Tulshiramji Gaikwad Patil College of Engineering & Technology, Nagpur",415191210.0,Computer Science and Engineering(Data Science),I-NonS,State Level,67951,69.597699,1ad6c1ecfa07,False,True,VALID,VALID
2023-2024,CAP2,FE_CAP2_2023_Cutoff.csv,4167,"Yeshwantrao Chavan College of Engineering,Wanadongri, Nagpur",416719110.0,Civil Engineering,I-NonS,State Level,89314,56.656397,94ed3e76d363,False,True,VALID,VALID
2023-2024,CAP2,FE_CAP2_2023_Cutoff.csv,4167,"Yeshwantrao Chavan College of Engineering,Wanadongri, Nagpur",416719110.0,Civil Engineering,I-NonS,State Level,75746,65.107535,9e380531952f,False,True,VALID,VALID
2023-2024,CAP2,FE_CAP2_2023_Cutoff.csv,4167,"Yeshwantrao Chavan College of Engineering,Wanadongri, Nagpur",416735610.0,Electrical Engg[Electronics and Power],I-NonS,State Level,48554,79.520817,1fb739c84373,False,True,VALID,VALID
2023-2024,CAP2,FE_CAP2_2023_Cutoff.csv,4167,"Yeshwantrao Chavan College of Engineering,Wanadongri, Nagpur",416735610.0,Electrical Engg[Electronics and Power],I-NonS,State Level,45347,80.9858625,d294d53bc98e,False,True,VALID,VALID
2023-2024,CAP2,FE_CAP2_2023_Cutoff.csv,4167,"Yeshwantrao Chavan College of Engineering,Wanadongri, Nagpur",416737610.0,Electronics Engineering,I-NonS,State Level,35223,85.3534944,d5b24546ba88,False,True,VALID,VALID
2023-2024,CAP2,FE_CAP2_2023_Cutoff.csv,4167,"Yeshwantrao Chavan College of Engineering,Wanadongri, Nagpur",416737610.0,Electronics Engineering,I-NonS,State Level,38984,83.6387222,2fdd0a59bc7c,False,True,VALID,VALID
2023-2024,CAP2,FE_CAP2_2023_Cutoff.csv,4167,"Yeshwantrao Chavan College of Engineering,Wanadongri, Nagpur",416737810.0,Electronics Engineering ( VLSI Design and Technology),I-NonS,State Level,38737,83.878077,da8d22447f87,False,True,VALID,VALID
2023-2024,CAP2,FE_CAP2_2023_Cutoff.csv,4167,"Yeshwantrao Chavan College of Engineering,Wanadongri, Nagpur",416737810.0,Electronics Engineering ( VLSI Design and Technology),I-NonS,State Level,34756,85.4752553,82d1aceb95db,False,True,VALID,VALID
2023-2024,CAP2,FE_CAP2_2023_Cutoff.csv,4167,"Yeshwantrao Chavan College of Engineering,Wanadongri, Nagpur",416761210.0,Mechanical Engineering,I-NonS,State Level,80801,61.6881259,4726c0fc72cb,False,True,VALID,VALID
2023-2024,CAP2,FE_CAP2_2023_Cutoff.csv,4167,"Yeshwantrao Chavan College of Engineering,Wanadongri, Nagpur",416761210.0,Mechanical Engineering,I-NonS,State Level,79630,62.7344336,80cf44645bb5,False,True,VALID,VALID
2023-2024,CAP2,FE_CAP2_2023_Cutoff.csv,4304,"Cummins College of Engineering For Women, Sukhali (Gupchup), Tal. Hingna Hingna Nagpur",430461210,Mechanical Engineering,"Legends:Start Character G-General, L-Ladies, End Character H-Home University, O-Other than Home University, S-State Level,S",State Level,37061,84.5084815,be703f98ce15,False,True,INVALID_TEXT,CHECK_CATEGORY
2023-2024,CAP2,FE_CAP2_2023_Cutoff.csv,4304,"Cummins College of Engineering For Women, Sukhali (Gupchup), Tal. Hingna Hingna Nagpur",430461210,Mechanical Engineering,"PWDR : PWD Common Reserved Seat, DEFR : Defense Common Reserved Seat.",State Level,119867,30.9520229,e92a3bdbb90d,False,True,INVALID_TEXT,CHECK_CATEGORY
2023-2024,CAP2,FE_CAP2_2023_Cutoff.csv,4304,"Cummins College of Engineering For Women, Sukhali (Gupchup), Tal. Hingna Hingna Nagpur",430461210,Mechanical Engineering,VIIS,State Level,34291,85.9219677,4fbc9dee27ba,False,True,VALID,VALID
2023-2024,CAP2,FE_CAP2_2023_Cutoff.csv,4304,"Cummins College of Engineering For Women, Sukhali (Gupchup), Tal. Hingna Hingna Nagpur",430461210,Mechanical Engineering,"Legends:Start Character G-General, L-Ladies, End Character H-Home University, O-Other than Home University, S-State Level,S",State Level,130797,18.8110994,6fb1541d7317,False,True,INVALID_TEXT,CHECK_CATEGORY
2023-2024,CAP2,FE_CAP2_2023_Cutoff.csv,4304,"Cummins College of Engineering For Women, Sukhali (Gupchup), Tal. Hingna Hingna Nagpur",430461210,Mechanical Engineering,"PWDR : PWD Common Reserved Seat, DEFR : Defense Common Reserved Seat.",State Level,90514,55.7163295,99eedbe5a960,False,True,INVALID_TEXT,CHECK_CATEGORY
2023-2024,CAP2,FE_CAP2_2023_Cutoff.csv,4304,"Cummins College of Engineering For Women, Sukhali (Gupchup), Tal. Hingna Hingna Nagpur",430461210,Mechanical Engineering,"Legends:Start Character G-General, L-Ladies, End Character H-Home University, O-Other than Home University, S-State Level,S",State Level,138959,7.6246225,58e7e0adade9,False,True,INVALID_TEXT,CHECK_CATEGORY
2023-2024,CAP2,FE_CAP2_2023_Cutoff.csv,4304,"Cummins College of Engineering For Women, Sukhali (Gupchup), Tal. Hingna Hingna Nagpur",430461210,Mechanical Engineering,VIIS,State Level,127187,23.2280676,03aa6195779e,False,True,VALID,VALID
2023-2024,CAP2,FE_CAP2_2023_Cutoff.csv,5004,"Government College of Engineering, Jalgaon",500419110.0,Civil Engineering,I-NonS,State Level,99634,49.2213366,5f6aa8644fac,False,True,VALID,VALID
2023-2024,CAP2,FE_CAP2_2023_Cutoff.csv,5004,"Government College of Engineering, Jalgaon",500419110.0,Civil Engineering,I-NonS,State Level,85430,58.7429854,1b8de1bb8a77,False,True,VALID,VALID
2023-2024,CAP2,FE_CAP2_2023_Cutoff.csv,5004,"Government College of Engineering, Jalgaon",500429310.0,Electrical Engineering,I-NonS,State Level,79450,62.7344336,344187afea27,False,True,VALID,VALID
2023-2024,CAP2,FE_CAP2_2023_Cutoff.csv,5004,"Government College of Engineering, Jalgaon",500429310.0,Electrical Engineering,I-NonS,State Level,76531,64.4512569,750a9a1d5272,False,True,VALID,VALID
2023-2024,CAP2,FE_CAP2_2023_Cutoff.csv,5004,"Government College of Engineering, Jalgaon",500437210.0,Electronics and Telecommunication Engg,I-NonS,State Level,45636,80.8641005,95ad6a4321a5,False,True,VALID,VALID
2023-2024,CAP2,FE_CAP2_2023_Cutoff.csv,5004,"Government College of Engineering, Jalgaon",500437210.0,Electronics and Telecommunication Engg,I-NonS,State Level,40253,83.2892137,bc8bd132e7f2,False,True,VALID,VALID
2023-2024,CAP2,FE_CAP2_2023_Cutoff.csv,5004,"Government College of Engineering, Jalgaon",500446610.0,Instrumentation Engineering,I-NonS,State Level,119395,31.7228694,e3f88f3febd9,False,True,VALID,VALID
2023-2024,CAP2,FE_CAP2_2023_Cutoff.csv,5004,"Government College of Engineering, Jalgaon",500446610.0,Instrumentation Engineering,I-NonS,State Level,97348,50.6107355,1c2ebb60be3a,False,True,VALID,VALID
2023-2024,CAP2,FE_CAP2_2023_Cutoff.csv,5004,"Government College of Engineering, Jalgaon",500461210.0,Mechanical Engineering,I-NonS,State Level,81160,61.6397637,d98e5c71aa03,False,True,VALID,VALID
2023-2024,CAP2,FE_CAP2_2023_Cutoff.csv,5004,"Government College of Engineering, Jalgaon",500461210.0,Mechanical Engineering,I-NonS,State Level,88851,56.7366842,a249804b9100,False,True,VALID,VALID
2023-2024,CAP2,FE_CAP2_2023_Cutoff.csv,5109,"Sandip Foundation, Sandip Institute of Technology and Research Centre, Mahiravani, Nashik",510929310.0,Electrical Engineering,I-NonS,State Level,105972,43.6615489,c83c095553c4,False,True,VALID,VALID
2023-2024,CAP2,FE_CAP2_2023_Cutoff.csv,5109,"Sandip Foundation, Sandip Institute of Technology and Research Centre, Mahiravani, Nashik",510929310.0,Electrical Engineering,I-NonS,State Level,104616,45.6445719,10cf5720517e,False,True,VALID,VALID
2023-2024,CAP2,FE_CAP2_2023_Cutoff.csv,5109,"Sandip Foundation, Sandip Institute of Technology and Research Centre, Mahiravani, Nashik",510961210.0,Mechanical Engineering,I-NonS,State Level,111976,38.992574,39b0020934d4,False,True,VALID,VALID
2023-2024,CAP2,FE_CAP2_2023_Cutoff.csv,5109,"Sandip Foundation, Sandip Institute of Technology and Research Centre, Mahiravani, Nashik",510961210.0,Mechanical Engineering,I-NonS,State Level,110397,39.9251777,12e266b10722,False,True,VALID,VALID
2023-2024,CAP2,FE_CAP2_2023_Cutoff.csv,5109,"Sandip Foundation, Sandip Institute of Technology and Research Centre, Mahiravani, Nashik",510991610.0,Automation and Robotics,I-NonS,State Level,100268,48.9725355,43b4b03b17a6,False,True,VALID,VALID
2023-2024,CAP2,FE_CAP2_2023_Cutoff.csv,5109,"Sandip Foundation, Sandip Institute of Technology and Research Centre, Mahiravani, Nashik",510991610.0,Automation and Robotics,I-NonS,State Level,83566,59.9249812,2f5d986bfdb2,False,True,VALID,VALID
2023-2024,CAP2,FE_CAP2_2023_Cutoff.csv,5121,"K. K. Wagh Institute of Engineering Education and Research, Nashik",512119110.0,Civil Engineering,I-NonS,State Level,86130,58.5474069,9bc59eafbae0,False,True,VALID,VALID
2023-2024,CAP2,FE_CAP2_2023_Cutoff.csv,5121,"K. K. Wagh Institute of Engineering Education and Research, Nashik",512119110.0,Civil Engineering,I-NonS,State Level,86167,58.5474069,bcb98b55978b,False,True,VALID,VALID
2023-2024,CAP2,FE_CAP2_2023_Cutoff.csv,5121,"K. K. Wagh Institute of Engineering Education and Research, Nashik",512150710.0,Chemical Engineering,I-NonS,State Level,74387,66.0524144,b5931b9c3d2e,False,True,VALID,VALID
2023-2024,CAP2,FE_CAP2_2023_Cutoff.csv,5121,"K. K. Wagh Institute of Engineering Education and Research, Nashik",512150710.0,Chemical Engineering,I-NonS,State Level,85924,58.7124464,4152e71677fb,False,True,VALID,VALID
2023-2024,CAP2,FE_CAP2_2023_Cutoff.csv,5121,"K. K. Wagh Institute of Engineering Education and Research, Nashik",512161210.0,Mechanical Engineering,I-NonS,State Level,64716,71.3590844,9f3188176880,False,True,VALID,VALID
2023-2024,CAP2,FE_CAP2_2023_Cutoff.csv,5121,"K. K. Wagh Institute of Engineering Education and Research, Nashik",512161210.0,Mechanical Engineering,I-NonS,State Level,68695,69.2172491,a1a0a2ced648,False,True,VALID,VALID
2023-2024,CAP2,FE_CAP2_2023_Cutoff.csv,5160,"Sanjivani Rural Education Society's Sanjivani College of Engineering, Kopargaon",516019110.0,Civil Engineering,I-NonS,State Level,101376,47.387098,6809b57b1fa6,False,True,VALID,VALID
2023-2024,CAP2,FE_CAP2_2023_Cutoff.csv,5160,"Sanjivani Rural Education Society's Sanjivani College of Engineering, Kopargaon",516019110.0,Civil Engineering,I-NonS,State Level,98622,49.6143282,a605570c21ee,False,True,VALID,VALID
2023-2024,CAP2,FE_CAP2_2023_Cutoff.csv,5160,"Sanjivani Rural Education Society's Sanjivani College of Engineering, Kopargaon",516029310.0,Electrical Engineering,I-NonS,State Level,62842,72.3082536,15e5d99d2ede,False,True,VALID,VALID
2023-2024,CAP2,FE_CAP2_2023_Cutoff.csv,5160,"Sanjivani Rural Education Society's Sanjivani College of Engineering, Kopargaon",516029310.0,Electrical Engineering,I-NonS,State Level,62793,72.3082536,25ed5e069d31,False,True,VALID,VALID
2023-2024,CAP2,FE_CAP2_2023_Cutoff.csv,5160,"Sanjivani Rural Education Society's Sanjivani College of Engineering, Kopargaon",516061210.0,Mechanical Engineering,I-NonS,State Level,73534,66.4309764,5b06db2bdf1b,False,True,VALID,VALID
2023-2024,CAP2,FE_CAP2_2023_Cutoff.csv,5160,"Sanjivani Rural Education Society's Sanjivani College of Engineering, Kopargaon",516061210.0,Mechanical Engineering,I-NonS,State Level,80136,62.3996115,7a024ce905b3,False,True,VALID,VALID
2023-2024,CAP2,FE_CAP2_2023_Cutoff.csv,5160,"Sanjivani Rural Education Society's Sanjivani College of Engineering, Kopargaon",516091510.0,Structural Engineering,I-NonS,State Level,102410,46.4534231,85e12652df38,False,True,VALID,VALID
2023-2024,CAP2,FE_CAP2_2023_Cutoff.csv,5160,"Sanjivani Rural Education Society's Sanjivani College of Engineering, Kopargaon",516091510.0,Structural Engineering,I-NonS,State Level,106280,43.5071268,73d1b6712c51,False,True,VALID,VALID
2023-2024,CAP2,FE_CAP2_2023_Cutoff.csv,6141,"Jaywant Shikshan Prasarak Mandal's,Rajarshi Shahu College of Engineering, Tathawade, Pune",614119110.0,Civil Engineering,I-NonS,State Level,114738,36.1619626,f98ffa052d0c,False,True,VALID,VALID
2023-2024,CAP2,FE_CAP2_2023_Cutoff.csv,6141,"Jaywant Shikshan Prasarak Mandal's,Rajarshi Shahu College of Engineering, Tathawade, Pune",614119110.0,Civil Engineering,I-NonS,State Level,87349,58.0840122,054e7dc38d78,False,True,VALID,VALID
2023-2024,CAP2,FE_CAP2_2023_Cutoff.csv,6141,"Jaywant Shikshan Prasarak Mandal's,Rajarshi Shahu College of Engineering, Tathawade, Pune",614161210.0,Mechanical Engineering,I-NonS,State Level,46433,80.4126032,ca8953201908,False,True,VALID,VALID
2023-2024,CAP2,FE_CAP2_2023_Cutoff.csv,6141,"Jaywant Shikshan Prasarak Mandal's,Rajarshi Shahu College of Engineering, Tathawade, Pune",614161210.0,Mechanical Engineering,I-NonS,State Level,66793,70.2813361,b3a7217f6143,False,True,VALID,VALID
2023-2024,CAP2,FE_CAP2_2023_Cutoff.csv,6175,"Pimpri Chinchwad Education Trust, Pimpri Chinchwad College of Engineering, Pune",617524510.0,Computer Engineering,GOPENS,State Level,3133,98.7673228,cf5b480a9ebb,False,True,VALID,VALID
2023-2024,CAP2,FE_CAP2_2023_Cutoff.csv,6175,"Pimpri Chinchwad Education Trust, Pimpri Chinchwad College of Engineering, Pune",617524510.0,Computer Engineering,GSCS,State Level,9428,96.3249371,c3c49185a2ca,False,True,VALID,VALID
2023-2024,CAP2,FE_CAP2_2023_Cutoff.csv,6175,"Pimpri Chinchwad Education Trust, Pimpri Chinchwad College of Engineering, Pune",617524510.0,Computer Engineering,GSTS,State Level,34710,85.4752553,62e81cd12d67,False,True,VALID,VALID
2023-2024,CAP2,FE_CAP2_2023_Cutoff.csv,6175,"Pimpri Chinchwad Education Trust, Pimpri Chinchwad College of Engineering, Pune",617524510.0,Computer Engineering,GNT2S,State Level,3486,98.63792,5a9b68ef71c6,False,True,VALID,VALID
2023-2024,CAP2,FE_CAP2_2023_Cutoff.csv,6175,"Pimpri Chinchwad Education Trust, Pimpri Chinchwad College of Engineering, Pune",617524510.0,Computer Engineering,GOBCS,State Level,3597,98.5815881,43ffae627ef9,False,True,VALID,VALID
2023-2024,CAP2,FE_CAP2_2023_Cutoff.csv,6175,"Pimpri Chinchwad Education Trust, Pimpri Chinchwad College of Engineering, Pune",617524510.0,Computer Engineering,LOPENS,State Level,4382,98.2931727,8d4f0729cc8a,False,True,VALID,VALID
2023-2024,CAP2,FE_CAP2_2023_Cutoff.csv,6175,"Pimpri Chinchwad Education Trust, Pimpri Chinchwad College of Engineering, Pune",617524510.0,Computer Engineering,LSCS,State Level,14963,94.0441452,645ae6254e65,False,True,VALID,VALID
2023-2024,CAP2,FE_CAP2_2023_Cutoff.csv,6175,"Pimpri Chinchwad Education Trust, Pimpri Chinchwad College of Engineering, Pune",617524510.0,Computer Engineering,LSTS,State Level,20910,91.6480738,6c5870564d51,False,True,VALID,VALID
2023-2024,CAP2,FE_CAP2_2023_Cutoff.csv,6175,"Pimpri Chinchwad Education Trust, Pimpri Chinchwad College of Engineering, Pune",617524510.0,Computer Engineering,LOBCS,State Level,5170,98.0055132,fec1cdefc980,False,True,VALID,VALID
2023-2024,CAP2,FE_CAP2_2023_Cutoff.csv,6175,"Pimpri Chinchwad Education Trust, Pimpri Chinchwad College of Engineering, Pune",617524510.0,Computer Engineering,GOPENS,State Level,12165,95.2286363,482ba26e84e1,False,True,VALID,VALID
2023-2024,CAP2,FE_CAP2_2023_Cutoff.csv,6175,"Pimpri Chinchwad Education Trust, Pimpri Chinchwad College of Engineering, Pune",617524510.0,Computer Engineering,GSCS,State Level,44004,81.2345291,595551c95e2a,False,True,VALID,VALID
2023-2024,CAP2,FE_CAP2_2023_Cutoff.csv,6175,"Pimpri Chinchwad Education Trust, Pimpri Chinchwad College of Engineering, Pune",617524510.0,Computer Engineering,GSTS,State Level,9705,96.221474,c507df1259db,False,True,VALID,VALID
2023-2024,CAP2,FE_CAP2_2023_Cutoff.csv,6175,"Pimpri Chinchwad Education Trust, Pimpri Chinchwad College of Engineering, Pune",617524510.0,Computer Engineering,GNT2S,State Level,6017,97.6865672,3a181719cafc,False,True,VALID,VALID
2023-2024,CAP2,FE_CAP2_2023_Cutoff.csv,6175,"Pimpri Chinchwad Education Trust, Pimpri Chinchwad College of Engineering, Pune",617524510.0,Computer Engineering,GOBCS,State Level,6253,97.5903614,153fbaff6f69,False,True,VALID,VALID
2023-2024,CAP2,FE_CAP2_2023_Cutoff.csv,6175,"Pimpri Chinchwad Education Trust, Pimpri Chinchwad College of Engineering, Pune",617524510.0,Computer Engineering,LOPENS,State Level,17291,93.1024197,f2ffa1e62fc7,False,True,VALID,VALID
2023-2024,CAP2,FE_CAP2_2023_Cutoff.csv,6175,"Pimpri Chinchwad Education Trust, Pimpri Chinchwad College of Engineering, Pune",617524510.0,Computer Engineering,LSCS,State Level,84894,59.6839864,5aff0e545e0a,False,True,VALID,VALID
2023-2024,CAP2,FE_CAP2_2023_Cutoff.csv,6175,"Pimpri Chinchwad Education Trust, Pimpri Chinchwad College of Engineering, Pune",617524510.0,Computer Engineering,LSTS,State Level,13897,94.5454545,777595ab83f1,False,True,VALID,VALID
2023-2024,CAP2,FE_CAP2_2023_Cutoff.csv,6175,"Pimpri Chinchwad Education Trust, Pimpri Chinchwad College of Engineering, Pune",617524510.0,Computer Engineering,LOBCS,State Level,55037,76.2843676,81b69cd69676,False,True,VALID,VALID
2023-2024,CAP2,FE_CAP2_2023_Cutoff.csv,6214,"K. E. Society's Rajarambapu Institute of Technology, Walwa, Sangli",621419110.0,Civil Engineering,I-NonS,State Level,83110,60.8798115,1d5e798bfa35,False,True,VALID,VALID
2023-2024,CAP2,FE_CAP2_2023_Cutoff.csv,6214,"K. E. Society's Rajarambapu Institute of Technology, Walwa, Sangli",621419110.0,Civil Engineering,I-NonS,State Level,89563,55.9130075,12341b43e4a4,False,True,VALID,VALID
2023-2024,CAP2,FE_CAP2_2023_Cutoff.csv,6214,"K. E. Society's Rajarambapu Institute of Technology, Walwa, Sangli",621461210.0,Mechanical Engineering,I-NonS,State Level,65600,71.0587355,4e3ca8b02d81,False,True,VALID,VALID
2023-2024,CAP2,FE_CAP2_2023_Cutoff.csv,6214,"K. E. Society's Rajarambapu Institute of Technology, Walwa, Sangli",621461210.0,Mechanical Engineering,I-NonS,State Level,62030,73.0265619,5bdb73fb2518,False,True,VALID,VALID
2023-2024,CAP2,FE_CAP2_2023_Cutoff.csv,6222,"Dattajirao Kadam Technical Education Society's Textile & Engineering Institute, Ichalkaranji.",622261210.0,Mechanical Engineering,I-NonS,State Level,92073,54.6979992,4d46a044371a,False,True,VALID,VALID
2023-2024,CAP2,FE_CAP2_2023_Cutoff.csv,6222,"Dattajirao Kadam Technical Education Society's Textile & Engineering Institute, Ichalkaranji.",622261210.0,Mechanical Engineering,I-NonS,State Level,96744,51.0567213,38fe5ead38db,False,True,VALID,VALID
2023-2024,CAP2,FE_CAP2_2023_Cutoff.csv,6222,"Dattajirao Kadam Technical Education Society's Textile & Engineering Institute, Ichalkaranji.",622288610.0,Man Made Textile Technology,I-NonS,State Level,116800,34.1365462,fcf67f675712,False,True,VALID,VALID
2023-2024,CAP2,FE_CAP2_2023_Cutoff.csv,6222,"Dattajirao Kadam Technical Education Society's Textile & Engineering Institute, Ichalkaranji.",622288610.0,Man Made Textile Technology,I-NonS,State Level,115336,35.624509,149c400f2192,False,True,VALID,VALID
2023-2024,CAP2,FE_CAP2_2023_Cutoff.csv,6250,"D.Y. Patil College of Engineering and Technology, Kolhapur",625019110.0,Civil Engineering,I-NonS,State Level,116616,34.1818319,0e5168bd5d77,False,True,VALID,VALID
2023-2024,CAP2,FE_CAP2_2023_Cutoff.csv,6250,"D.Y. Patil College of Engineering and Technology, Kolhapur",625019110.0,Civil Engineering,I-NonS,State Level,124058,26.775031,e1166e2d6222,False,True,VALID,VALID
2023-2024,CAP2,FE_CAP2_2023_Cutoff.csv,6250,"D.Y. Patil College of Engineering and Technology, Kolhapur",625024210.0,Computer Science and Engineering,I-NonS,State Level,49193,79.2648162,0e33e635cadf,False,True,VALID,VALID
2023-2024,CAP2,FE_CAP2_2023_Cutoff.csv,6250,"D.Y. Patil College of Engineering and Technology, Kolhapur",625024210.0,Computer Science and Engineering,I-NonS,State Level,31677,86.9739855,0989429878ba,False,True,VALID,VALID
2023-2024,CAP2,FE_CAP2_2023_Cutoff.csv,6250,"D.Y. Patil College of Engineering and Technology, Kolhapur",625050710.0,Chemical Engineering,I-NonS,State Level,90213,55.8997381,edaf5cb4f1d3,False,True,VALID,VALID
2023-2024,CAP2,FE_CAP2_2023_Cutoff.csv,6250,"D.Y. Patil College of Engineering and Technology, Kolhapur",625050710.0,Chemical Engineering,I-NonS,State Level,97289,50.6107355,abc5d2d3a112,False,True,VALID,VALID
2023-2024,CAP2,FE_CAP2_2023_Cutoff.csv,6250,"D.Y. Patil College of Engineering and Technology, Kolhapur",625061210.0,Mechanical Engineering,I-NonS,State Level,81892,61.432847,dfac59cb9c73,False,True,VALID,VALID
2023-2024,CAP2,FE_CAP2_2023_Cutoff.csv,6250,"D.Y. Patil College of Engineering and Technology, Kolhapur",625061210.0,Mechanical Engineering,I-NonS,State Level,96084,51.4762755,871975116469,False,True,VALID,VALID
2023-2024,CAP2,FE_CAP2_2023_Cutoff.csv,6250,"D.Y. Patil College of Engineering and Technology, Kolhapur",625091210.0,Computer Science and Engineering(Data Science),I-NonS,State Level,53321,76.9213416,b0a77bfa8772,False,True,VALID,VALID
2023-2024,CAP2,FE_CAP2_2023_Cutoff.csv,6250,"D.Y. Patil College of Engineering and Technology, Kolhapur",625091210.0,Computer Science and Engineering(Data Science),I-NonS,State Level,44112,81.2345291,d1c1a8c7fada,False,True,VALID,VALID
2023-2024,CAP2,FE_CAP2_2023_Cutoff.csv,6267,"Kolhapur Institute of Technology's College of Engineering(Autonomous), Kolhapur",626708210.0,Bio Technology,I-NonS,State Level,60313,73.4109953,540b21179c0a,False,True,VALID,VALID
2023-2024,CAP2,FE_CAP2_2023_Cutoff.csv,6267,"Kolhapur Institute of Technology's College of Engineering(Autonomous), Kolhapur",626708210.0,Bio Technology,I-NonS,State Level,63619,71.6671025,5f5080476d28,False,True,VALID,VALID
2023-2024,CAP2,FE_CAP2_2023_Cutoff.csv,6267,"Kolhapur Institute of Technology's College of Engineering(Autonomous), Kolhapur",626761210.0,Mechanical Engineering,I-NonS,State Level,80557,61.6881259,5366bb765faf,False,True,VALID,VALID
2023-2024,CAP2,FE_CAP2_2023_Cutoff.csv,6267,"Kolhapur Institute of Technology's College of Engineering(Autonomous), Kolhapur",626761210.0,Mechanical Engineering,I-NonS,State Level,55605,75.8958975,b03c971fd106,False,True,VALID,VALID
2023-2024,CAP2,FE_CAP2_2023_Cutoff.csv,6268,"Tatyasaheb Kore Institute of Engineering and Technology, Warananagar",626824210.0,Computer Science and Engineering,I-NonS,State Level,43374,81.855593,32196bfb371f,False,True,VALID,VALID
2023-2024,CAP2,FE_CAP2_2023_Cutoff.csv,6268,"Tatyasaheb Kore Institute of Engineering and Technology, Warananagar",626824210.0,Computer Science and Engineering,I-NonS,State Level,41213,82.540133,f2da5a8f9990,False,True,VALID,VALID
2023-2024,CAP2,FE_CAP2_2023_Cutoff.csv,6268,"Tatyasaheb Kore Institute of Engineering and Technology, Warananagar",626850710.0,Chemical Engineering,I-NonS,State Level,60267,73.4109953,d14c84d142a0,False,True,VALID,VALID
2023-2024,CAP2,FE_CAP2_2023_Cutoff.csv,6268,"Tatyasaheb Kore Institute of Engineering and Technology, Warananagar",626850710.0,Chemical Engineering,I-NonS,State Level,83593,59.9249812,f0dae89c2cb5,False,True,VALID,VALID
2023-2024,CAP2,FE_CAP2_2023_Cutoff.csv,6268,"Tatyasaheb Kore Institute of Engineering and Technology, Warananagar",626861210.0,Mechanical Engineering,I-NonS,State Level,135903,12.1380345,2a63d5f318e3,False,True,VALID,VALID
2023-2024,CAP2,FE_CAP2_2023_Cutoff.csv,6268,"Tatyasaheb Kore Institute of Engineering and Technology, Warananagar",626861210.0,Mechanical Engineering,I-NonS,State Level,136688,11.119036,ed48ceb38810,False,True,VALID,VALID
2023-2024,CAP2,FE_CAP2_2023_Cutoff.csv,6276,"MKSSS's Cummins College of Engineering for Women, Karvenagar,Pune",627661210,Mechanical Engineering,"Legends:Start Character G-General, L-Ladies, End Character H-Home University, O-Other than Home University, S-State Level,S",State Level,3425,98.6614529,d5f39abbbb83,False,True,INVALID_TEXT,CHECK_CATEGORY
2023-2024,CAP2,FE_CAP2_2023_Cutoff.csv,6276,"MKSSS's Cummins College of Engineering for Women, Karvenagar,Pune",627661210,Mechanical Engineering,"PWDR : PWD Common Reserved Seat, DEFR : Defense Common Reserved Seat.",State Level,13630,94.6206689,8fbbe2bf2abb,False,True,INVALID_TEXT,CHECK_CATEGORY
2023-2024,CAP2,FE_CAP2_2023_Cutoff.csv,6276,"MKSSS's Cummins College of Engineering for Women, Karvenagar,Pune",627661210,Mechanical Engineering,Maharashtra State Seats - Cut Off Indicates State General Merit No.; Figures in bracket Indicates MHT-CET PCM Percentile.S,State Level,55055,76.2843676,376895c87221,False,True,INVALID_TEXT,CHECK_CATEGORY
2023-2024,CAP2,FE_CAP2_2023_Cutoff.csv,6276,"MKSSS's Cummins College of Engineering for Women, Karvenagar,Pune",627661210,Mechanical Engineering,DS,State Level,4597,98.2140171,c618c36998d4,False,True,VALID,VALID
2023-2024,CAP2,FE_CAP2_2023_Cutoff.csv,6276,"MKSSS's Cummins College of Engineering for Women, Karvenagar,Pune",627661210,Mechanical Engineering,State Common Entrance Test CellS,State Level,134045,15.0249499,a2f1a5bb278c,False,True,INVALID_TEXT,CHECK_CATEGORY
2023-2024,CAP2,FE_CAP2_2023_Cutoff.csv,6276,"MKSSS's Cummins College of Engineering for Women, Karvenagar,Pune",627661210,Mechanical Engineering,Cut Off List for Maharashtra & Minority Seats of CAP Round - II for the Admission to the First Year of Four YearS,State Level,3309,98.6984977,22a7e4189246,False,True,INVALID_TEXT,CHECK_CATEGORY
2023-2024,CAP2,FE_CAP2_2023_Cutoff.csv,6276,"MKSSS's Cummins College of Engineering for Women, Karvenagar,Pune",627661210,Mechanical Engineering,I-NonS,State Level,15732,93.7527889,de7e59fbd5f1,False,True,VALID,VALID
2023-2024,CAP2,FE_CAP2_2023_Cutoff.csv,6276,"MKSSS's Cummins College of Engineering for Women, Karvenagar,Pune",627661210,Mechanical Engineering,LOPENS,State Level,63067,71.9809302,13a75abff80c,False,True,VALID,VALID
2023-2024,CAP2,FE_CAP2_2023_Cutoff.csv,6276,"MKSSS's Cummins College of Engineering for Women, Karvenagar,Pune",627661210,Mechanical Engineering,LSTS,State Level,5174,98.0055132,85b146ee93f4,False,True,VALID,VALID
2023-2024,CAP2,FE_CAP2_2023_Cutoff.csv,6276,"MKSSS's Cummins College of Engineering for Women, Karvenagar,Pune",627661210,Mechanical Engineering,LOBCS,State Level,109359,41.0926455,c1838a0aff8c,False,True,VALID,VALID
2023-2024,CAP2,FE_CAP2_2023_Cutoff.csv,6276,"MKSSS's Cummins College of Engineering for Women, Karvenagar,Pune",627661210,Mechanical Engineering,I-NonS,State Level,4320,98.3256199,062899234d07,False,True,VALID,VALID
2023-2024,CAP2,FE_CAP2_2023_Cutoff.csv,6276,"MKSSS's Cummins College of Engineering for Women, Karvenagar,Pune",627661210,Mechanical Engineering,VIIS,State Level,4292,98.330576,76b8733c1574,False,True,VALID,VALID
2023-2024,CAP2,FE_CAP2_2023_Cutoff.csv,6276,"MKSSS's Cummins College of Engineering for Women, Karvenagar,Pune",627661210,Mechanical Engineering,LOPENS,State Level,26410,89.2906503,6c962c30e44a,False,True,VALID,VALID
2023-2024,CAP2,FE_CAP2_2023_Cutoff.csv,6276,"MKSSS's Cummins College of Engineering for Women, Karvenagar,Pune",627661210,Mechanical Engineering,LSCS,State Level,119486,31.7228694,e88a60d20f67,False,True,VALID,VALID
2023-2024,CAP2,FE_CAP2_2023_Cutoff.csv,6276,"MKSSS's Cummins College of Engineering for Women, Karvenagar,Pune",627661210,Mechanical Engineering,LSTS,State Level,38583,84.0516274,bcbe0608e61b,False,True,VALID,VALID
2023-2024,CAP2,FE_CAP2_2023_Cutoff.csv,6276,"MKSSS's Cummins College of Engineering for Women, Karvenagar,Pune",627661210,Mechanical Engineering,LOBCS,State Level,57588,75.1476841,ca5202a040e0,False,True,VALID,VALID
2023-2024,CAP2,FE_CAP2_2023_Cutoff.csv,6276,"MKSSS's Cummins College of Engineering for Women, Karvenagar,Pune",627661210,Mechanical Engineering,I-NonS,State Level,8501,96.6904656,1931f6ef6725,False,True,VALID,VALID
2023-2024,CAP2,FE_CAP2_2023_Cutoff.csv,6276,"MKSSS's Cummins College of Engineering for Women, Karvenagar,Pune",627661210,Mechanical Engineering,VIIS,State Level,8354,96.7539502,316b5376adb0,False,True,VALID,VALID
2023-2024,CAP2,FE_CAP2_2023_Cutoff.csv,6276,"MKSSS's Cummins College of Engineering for Women, Karvenagar,Pune",627661210,Mechanical Engineering,LOPENS,State Level,30254,87.5456222,e4e4f48e7442,False,True,VALID,VALID
2023-2024,CAP2,FE_CAP2_2023_Cutoff.csv,6276,"MKSSS's Cummins College of Engineering for Women, Karvenagar,Pune",627661210,Mechanical Engineering,LSCS,State Level,101043,47.6387427,4b8e15df60ce,False,True,VALID,VALID
2023-2024,CAP2,FE_CAP2_2023_Cutoff.csv,6276,"MKSSS's Cummins College of Engineering for Women, Karvenagar,Pune",627661210,Mechanical Engineering,LSTS,State Level,11093,95.660165,95bc05e04980,False,True,VALID,VALID
2023-2024,CAP2,FE_CAP2_2023_Cutoff.csv,6276,"MKSSS's Cummins College of Engineering for Women, Karvenagar,Pune",627661210,Mechanical Engineering,I-NonS,State Level,20247,91.765679,f8cdae31c904,False,True,VALID,VALID
2023-2024,CAP2,FE_CAP2_2023_Cutoff.csv,6276,"MKSSS's Cummins College of Engineering for Women, Karvenagar,Pune",627661210,Mechanical Engineering,VIIS,State Level,19922,92.0788066,f56b1f33d504,False,True,VALID,VALID
2023-2024,CAP2,FE_CAP2_2023_Cutoff.csv,6276,"MKSSS's Cummins College of Engineering for Women, Karvenagar,Pune",627661210,Mechanical Engineering,"Legends:Start Character G-General, L-Ladies, End Character H-Home University, O-Other than Home University, S-State Level,S",State Level,12038,95.2774853,a0887fd0a9d2,False,True,INVALID_TEXT,CHECK_CATEGORY
2023-2024,CAP2,FE_CAP2_2023_Cutoff.csv,6276,"MKSSS's Cummins College of Engineering for Women, Karvenagar,Pune",627661210,Mechanical Engineering,"PWDR : PWD Common Reserved Seat, DEFR : Defense Common Reserved Seat.",State Level,83201,60.750409,be51678f0535,False,True,INVALID_TEXT,CHECK_CATEGORY
2023-2024,CAP2,FE_CAP2_2023_Cutoff.csv,6276,"MKSSS's Cummins College of Engineering for Women, Karvenagar,Pune",627661210,Mechanical Engineering,Maharashtra State Seats - Cut Off Indicates State General Merit No.; Figures in bracket Indicates MHT-CET PCM Percentile.S,State Level,80832,61.6881259,a720224a3428,False,True,INVALID_TEXT,CHECK_CATEGORY
2023-2024,CAP2,FE_CAP2_2023_Cutoff.csv,6276,"MKSSS's Cummins College of Engineering for Women, Karvenagar,Pune",627661210,Mechanical Engineering,DS,State Level,48172,79.5863208,bbf0c9b5bcb4,False,True,VALID,VALID
2023-2024,CAP2,FE_CAP2_2023_Cutoff.csv,6276,"MKSSS's Cummins College of Engineering for Women, Karvenagar,Pune",627661210,Mechanical Engineering,State Common Entrance Test CellS,State Level,39565,83.4053417,cd4c9d734ac7,False,True,INVALID_TEXT,CHECK_CATEGORY
2023-2024,CAP2,FE_CAP2_2023_Cutoff.csv,6276,"MKSSS's Cummins College of Engineering for Women, Karvenagar,Pune",627661210,Mechanical Engineering,Cut Off List for Maharashtra & Minority Seats of CAP Round - II for the Admission to the First Year of Four YearS,State Level,15814,93.708846,6a0541c832f1,False,True,INVALID_TEXT,CHECK_CATEGORY
2023-2024,CAP2,FE_CAP2_2023_Cutoff.csv,6276,"MKSSS's Cummins College of Engineering for Women, Karvenagar,Pune",627661210,Mechanical Engineering,LOPENS,State Level,24467,90.0942655,fee1903965b3,False,True,VALID,VALID
2023-2024,CAP2,FE_CAP2_2023_Cutoff.csv,6276,"MKSSS's Cummins College of Engineering for Women, Karvenagar,Pune",627661210,Mechanical Engineering,LSCS,State Level,24388,90.0942655,77ad23a5c4f2,False,True,VALID,VALID
2023-2024,CAP2,FE_CAP2_2023_Cutoff.csv,6276,"MKSSS's Cummins College of Engineering for Women, Karvenagar,Pune",627661210,Mechanical Engineering,I-NonS,State Level,18907,92.4274364,3d4a53292e60,False,True,VALID,VALID
2023-2024,CAP2,FE_CAP2_2023_Cutoff.csv,6276,"MKSSS's Cummins College of Engineering for Women, Karvenagar,Pune",627661210,Mechanical Engineering,VIIS,State Level,18486,92.5725251,44c2d6f63095,False,True,VALID,VALID
2023-2024,CAP2,FE_CAP2_2023_Cutoff.csv,6283,"Annasaheb Dange College of Engineering and Technology, Ashta, Sangli",628329310.0,Electrical Engineering,I-NonS,State Level,118828,32.3660798,36418badefb0,False,True,VALID,VALID
2023-2024,CAP2,FE_CAP2_2023_Cutoff.csv,6283,"Annasaheb Dange College of Engineering and Technology, Ashta, Sangli",628329310.0,Electrical Engineering,I-NonS,State Level,92514,54.0043616,f30d0207ca94,False,True,VALID,VALID
2023-2024,CAP2,FE_CAP2_2023_Cutoff.csv,6283,"Annasaheb Dange College of Engineering and Technology, Ashta, Sangli",628361210.0,Mechanical Engineering,I-NonS,State Level,111729,39.0377062,91acbda42a4c,False,True,VALID,VALID
2023-2024,CAP2,FE_CAP2_2023_Cutoff.csv,6283,"Annasaheb Dange College of Engineering and Technology, Ashta, Sangli",628361210.0,Mechanical Engineering,I-NonS,State Level,119915,30.9520229,7922e5113b4b,False,True,VALID,VALID
2023-2024,CAP2,FE_CAP2_2023_Cutoff.csv,6284,"Vidya Pratishthan's Kamalnayan Bajaj Institute of Engineering & Technology, Baramati Dist.Pune",628419110.0,Civil Engineering,I-NonS,State Level,96143,51.4762755,44a4835f5c4a,False,True,VALID,VALID
2023-2024,CAP2,FE_CAP2_2023_Cutoff.csv,6284,"Vidya Pratishthan's Kamalnayan Bajaj Institute of Engineering & Technology, Baramati Dist.Pune",628419110.0,Civil Engineering,I-NonS,State Level,107196,42.9215913,2ae102e8db71,False,True,VALID,VALID
2023-2024,CAP2,FE_CAP2_2023_Cutoff.csv,6284,"Vidya Pratishthan's Kamalnayan Bajaj Institute of Engineering & Technology, Baramati Dist.Pune",628429310.0,Electrical Engineering,I-NonS,State Level,57615,75.1338688,2d213a6abe29,False,True,VALID,VALID
2023-2024,CAP2,FE_CAP2_2023_Cutoff.csv,6284,"Vidya Pratishthan's Kamalnayan Bajaj Institute of Engineering & Technology, Baramati Dist.Pune",628429310.0,Electrical Engineering,I-NonS,State Level,68138,69.597699,bf593e77d138,False,True,VALID,VALID
2023-2024,CAP2,FE_CAP2_2023_Cutoff.csv,6285,"Bharati Vidyapeeth's College of Engineering for Women, Katraj, Dhankawadi, Pune",628599510,Artificial Intelligence and Data Science,"Legends:Start Character G-General, L-Ladies, End Character H-Home University, O-Other than Home University, S-State Level,S",State Level,21235,91.3774931,fe71791eb784,False,True,INVALID_TEXT,CHECK_CATEGORY
2023-2024,CAP2,FE_CAP2_2023_Cutoff.csv,6285,"Bharati Vidyapeeth's College of Engineering for Women, Katraj, Dhankawadi, Pune",628599510,Artificial Intelligence and Data Science,"PWDR : PWD Common Reserved Seat, DEFR : Defense Common Reserved Seat.",State Level,14134,94.3936486,067b5f6d0fe9,False,True,INVALID_TEXT,CHECK_CATEGORY
2023-2024,CAP2,FE_CAP2_2023_Cutoff.csv,6285,"Bharati Vidyapeeth's College of Engineering for Women, Katraj, Dhankawadi, Pune",628599510,Artificial Intelligence and Data Science,"Legends:Start Character G-General, L-Ladies, End Character H-Home University, O-Other than Home University, S-State Level,S",State Level,22559,90.8627157,41711892ec11,False,True,INVALID_TEXT,CHECK_CATEGORY
2023-2024,CAP2,FE_CAP2_2023_Cutoff.csv,6285,"Bharati Vidyapeeth's College of Engineering for Women, Katraj, Dhankawadi, Pune",628599510,Artificial Intelligence and Data Science,"PWDR : PWD Common Reserved Seat, DEFR : Defense Common Reserved Seat.",State Level,19269,92.2256284,6882bb791215,False,True,INVALID_TEXT,CHECK_CATEGORY
2023-2024,CAP2,FE_CAP2_2023_Cutoff.csv,6285,"Bharati Vidyapeeth's College of Engineering for Women, Katraj, Dhankawadi, Pune",628599510,Artificial Intelligence and Data Science,"Legends:Start Character G-General, L-Ladies, End Character H-Home University, O-Other than Home University, S-State Level,S",State Level,37339,84.4494892,b12ab1e8879f,False,True,INVALID_TEXT,CHECK_CATEGORY
2023-2024,CAP2,FE_CAP2_2023_Cutoff.csv,6317,"Sharad Institute of Technology College of Engineering, Yadrav(Ichalkaranji)",631724210.0,Computer Science and Engineering,I-NonS,State Level,65677,71.0587355,331458f8391c,False,True,VALID,VALID
2023-2024,CAP2,FE_CAP2_2023_Cutoff.csv,6317,"Sharad Institute of Technology College of Engineering, Yadrav(Ichalkaranji)",631724210.0,Computer Science and Engineering,I-NonS,State Level,60524,73.3779089,e045e29d575c,False,True,VALID,VALID
2023-2024,CAP2,FE_CAP2_2023_Cutoff.csv,6317,"Sharad Institute of Technology College of Engineering, Yadrav(Ichalkaranji)",631729310.0,Electrical Engineering,I-NonS,State Level,88220,56.982253,0d4ba6ca8dad,False,True,VALID,VALID
2023-2024,CAP2,FE_CAP2_2023_Cutoff.csv,6317,"Sharad Institute of Technology College of Engineering, Yadrav(Ichalkaranji)",631729310.0,Electrical Engineering,I-NonS,State Level,132316,17.0292573,e3547aff677e,False,True,VALID,VALID
2023-2024,CAP2,FE_CAP2_2023_Cutoff.csv,6317,"Sharad Institute of Technology College of Engineering, Yadrav(Ichalkaranji)",631762410.0,Mechatronics Engineering,I-NonS,State Level,117284,33.8201786,67c218fdb7d3,False,True,VALID,VALID
2023-2024,CAP2,FE_CAP2_2023_Cutoff.csv,6317,"Sharad Institute of Technology College of Engineering, Yadrav(Ichalkaranji)",631762410.0,Mechatronics Engineering,I-NonS,State Level,117168,33.8201786,0ce84a21f323,False,True,VALID,VALID
2023-2024,CAP2,FE_CAP2_2023_Cutoff.csv,6938,Shree Siddheshwar Women's College Of Engineering Solapur.,693861210,Mechanical Engineering,"Legends:Start Character G-General, L-Ladies, End Character H-Home University, O-Other than Home University, S-State Level,S",State Level,72409,66.9527897,3a09e479eac7,False,True,INVALID_TEXT,CHECK_CATEGORY
2023-2024,CAP2,FE_CAP2_2023_Cutoff.csv,6938,Shree Siddheshwar Women's College Of Engineering Solapur.,693861210,Mechanical Engineering,I-NonS,State Level,95035,52.5521047,4a0234a3984b,False,True,VALID,VALID
2023-2024,CAP2,FE_CAP2_2023_Cutoff.csv,6938,Shree Siddheshwar Women's College Of Engineering Solapur.,693861210,Mechanical Engineering,VIIS,State Level,94028,52.7523799,9b909be62db1,False,True,VALID,VALID
2023-2024,CAP2,FE_CAP2_2023_Cutoff.csv,6938,Shree Siddheshwar Women's College Of Engineering Solapur.,693861210,Mechanical Engineering,"Legends:Start Character G-General, L-Ladies, End Character H-Home University, O-Other than Home University, S-State Level,S",State Level,122525,28.3793174,fc86e86b7482,False,True,INVALID_TEXT,CHECK_CATEGORY
2023-2024,CAP2,FE_CAP2_2023_Cutoff.csv,6938,Shree Siddheshwar Women's College Of Engineering Solapur.,693861210,Mechanical Engineering,"Legends:Start Character G-General, L-Ladies, End Character H-Home University, O-Other than Home University, S-State Level,S",State Level,115682,35.6213901,cb03d32b4c09,False,True,INVALID_TEXT,CHECK_CATEGORY
2023-2024,CAP2,FE_CAP2_2023_Cutoff.csv,6938,Shree Siddheshwar Women's College Of Engineering Solapur.,693861210,Mechanical Engineering,I-NonS,State Level,140026,6.1050754,eeb345a1e74d,False,True,VALID,VALID
2023-2024,CAP2,FE_CAP2_2023_Cutoff.csv,6938,Shree Siddheshwar Women's College Of Engineering Solapur.,693861210,Mechanical Engineering,VIIS,State Level,136274,11.4340144,f0fbdb03fed7,False,True,VALID,VALID
2023-2024,CAP2,FE_CAP2_2023_Cutoff.csv,6938,Shree Siddheshwar Women's College Of Engineering Solapur.,693861210,Mechanical Engineering,"Legends:Start Character G-General, L-Ladies, End Character H-Home University, O-Other than Home University, S-State Level,S",State Level,106599,43.224841,de9fa7b65a48,False,True,INVALID_TEXT,CHECK_CATEGORY
2023-2024,CAP2,FE_CAP2_2023_Cutoff.csv,6938,Shree Siddheshwar Women's College Of Engineering Solapur.,693861210,Mechanical Engineering,I-NonS,State Level,122376,28.6046774,3c5e862d415a,False,True,VALID,VALID
2023-2024,CAP2,FE_CAP2_2023_Cutoff.csv,6938,Shree Siddheshwar Women's College Of Engineering Solapur.,693861210,Mechanical Engineering,VIIS,State Level,120375,30.5890703,5a534eeedae5,False,True,VALID,VALID
2023-2024,CAP3,FE_CAP3_2023_Cutoff.csv,1105,"Prof. Ram Meghe Institute of Technology & Research, Amravati",110519110.0,Civil Engineering,I-NonS,State Level,87660,57.7272051,6686f7d4cf5e,False,True,VALID,VALID
2023-2024,CAP3,FE_CAP3_2023_Cutoff.csv,1105,"Prof. Ram Meghe Institute of Technology & Research, Amravati",110519110.0,Civil Engineering,I-NonS,State Level,67159,69.6924231,e925c2e1ca31,False,True,VALID,VALID
2023-2024,CAP3,FE_CAP3_2023_Cutoff.csv,1105,"Prof. Ram Meghe Institute of Technology & Research, Amravati",110537210.0,Electronics and Telecommunication Engg,I-NonS,State Level,51162,78.1143775,b93ae5092083,False,True,VALID,VALID
2023-2024,CAP3,FE_CAP3_2023_Cutoff.csv,1105,"Prof. Ram Meghe Institute of Technology & Research, Amravati",110537210.0,Electronics and Telecommunication Engg,I-NonS,State Level,50942,78.3308876,d7bc1b5499ad,False,True,VALID,VALID
2023-2024,CAP3,FE_CAP3_2023_Cutoff.csv,1105,"Prof. Ram Meghe Institute of Technology & Research, Amravati",110561210.0,Mechanical Engineering,I-NonS,State Level,80771,61.6881259,5e58c1310d06,False,True,VALID,VALID
2023-2024,CAP3,FE_CAP3_2023_Cutoff.csv,1105,"Prof. Ram Meghe Institute of Technology & Research, Amravati",110561210.0,Mechanical Engineering,I-NonS,State Level,72785,66.8171727,8ee70f570f8f,False,True,VALID,VALID
2023-2024,CAP3,FE_CAP3_2023_Cutoff.csv,2113,"G. S. Mandal's Maharashtra Institute of Technology, Aurangabad",211319110.0,Civil Engineering,I-NonS,State Level,135578,12.6949825,4a39459bdbc5,False,True,VALID,VALID
2023-2024,CAP3,FE_CAP3_2023_Cutoff.csv,2113,"G. S. Mandal's Maharashtra Institute of Technology, Aurangabad",211319110.0,Civil Engineering,I-NonS,State Level,142842,0.8701473,648ece360cfb,False,True,VALID,VALID
2023-2024,CAP3,FE_CAP3_2023_Cutoff.csv,2113,"G. S. Mandal's Maharashtra Institute of Technology, Aurangabad",211361210.0,Mechanical Engineering,I-NonS,State Level,97768,50.2663166,eb50f1a4ce93,False,True,VALID,VALID
2023-2024,CAP3,FE_CAP3_2023_Cutoff.csv,2113,"G. S. Mandal's Maharashtra Institute of Technology, Aurangabad",211361210.0,Mechanical Engineering,I-NonS,State Level,92566,54.0043616,cbacd8410ed0,False,True,VALID,VALID
2023-2024,CAP3,FE_CAP3_2023_Cutoff.csv,3033,"Dr. Babasaheb Ambedkar Technological University, Lonere",303329310.0,Electrical Engineering,I-NonS,State Level,103099,46.1690466,bc1b67f8a481,False,True,VALID,VALID
2023-2024,CAP3,FE_CAP3_2023_Cutoff.csv,3033,"Dr. Babasaheb Ambedkar Technological University, Lonere",303329310.0,Electrical Engineering,I-NonS,State Level,89942,55.8997381,609a404a0369,False,True,VALID,VALID
2023-2024,CAP3,FE_CAP3_2023_Cutoff.csv,3033,"Dr. Babasaheb Ambedkar Technological University, Lonere",303350710.0,Chemical Engineering,I-NonS,State Level,122166,28.923802,be568d22cc91,False,True,VALID,VALID
2023-2024,CAP3,FE_CAP3_2023_Cutoff.csv,3033,"Dr. Babasaheb Ambedkar Technological University, Lonere",303350710.0,Chemical Engineering,I-NonS,State Level,117663,33.2472877,32f999e03e49,False,True,VALID,VALID
2023-2024,CAP3,FE_CAP3_2023_Cutoff.csv,3035,"Usha Mittal Institute of Technology SNDT  Women's University, Mumbai",303561210,Mechanical Engineering,"Legends:Start Character G-General, L-Ladies, End Character H-Home University, O-Other than Home University, S-State LevelS",State Level,24131,90.1850615,3a256c7f96b1,False,True,INVALID_TEXT,CHECK_CATEGORY
2023-2024,CAP3,FE_CAP3_2023_Cutoff.csv,3035,"Usha Mittal Institute of Technology SNDT  Women's University, Mumbai",303561210,Mechanical Engineering,Maharashtra State Seats - Cut Off Indicates State General Merit No. ; Figures in bracket Indicates MHT-CET PCM PercentileS,State Level,35526,85.3410413,e9a6cafdc09b,False,True,INVALID_TEXT,CHECK_CATEGORY
2023-2024,CAP3,FE_CAP3_2023_Cutoff.csv,3035,"Usha Mittal Institute of Technology SNDT  Women's University, Mumbai",303561210,Mechanical Engineering,I-NonS,State Level,26179,89.3951296,6376bb438b00,False,True,VALID,VALID
2023-2024,CAP3,FE_CAP3_2023_Cutoff.csv,3035,"Usha Mittal Institute of Technology SNDT  Women's University, Mumbai",303561210,Mechanical Engineering,VIIS,State Level,26838,88.9909977,b7f60e8bd289,False,True,VALID,VALID
2023-2024,CAP3,FE_CAP3_2023_Cutoff.csv,3035,"Usha Mittal Institute of Technology SNDT  Women's University, Mumbai",303561210,Mechanical Engineering,LOPENS,State Level,44864,81.0174211,a22f98d2b11b,False,True,VALID,VALID
2023-2024,CAP3,FE_CAP3_2023_Cutoff.csv,3035,"Usha Mittal Institute of Technology SNDT  Women's University, Mumbai",303561210,Mechanical Engineering,LSCS,State Level,49092,79.3939394,e1435d9a22b0,False,True,VALID,VALID
2023-2024,CAP3,FE_CAP3_2023_Cutoff.csv,3035,"Usha Mittal Institute of Technology SNDT  Women's University, Mumbai",303561210,Mechanical Engineering,LSTS,State Level,78275,63.6910141,82ec6d6f2692,False,True,VALID,VALID
2023-2024,CAP3,FE_CAP3_2023_Cutoff.csv,3035,"Usha Mittal Institute of Technology SNDT  Women's University, Mumbai",303561210,Mechanical Engineering,LNT2S,State Level,41965,82.3107244,03e41a88e880,False,True,VALID,VALID
2023-2024,CAP3,FE_CAP3_2023_Cutoff.csv,3035,"Usha Mittal Institute of Technology SNDT  Women's University, Mumbai",303561210,Mechanical Engineering,I-NonS,State Level,35012,85.4445126,5dd658c41d8a,False,True,VALID,VALID
2023-2024,CAP3,FE_CAP3_2023_Cutoff.csv,3035,"Usha Mittal Institute of Technology SNDT  Women's University, Mumbai",303561210,Mechanical Engineering,VIIS,State Level,35990,85.1782223,34feea31ff4f,False,True,VALID,VALID
2023-2024,CAP3,FE_CAP3_2023_Cutoff.csv,3035,"Usha Mittal Institute of Technology SNDT  Women's University, Mumbai",303561210,Mechanical Engineering,LOPENS,State Level,99832,49.0455617,4c9f4428da65,False,True,VALID,VALID
2023-2024,CAP3,FE_CAP3_2023_Cutoff.csv,3035,"Usha Mittal Institute of Technology SNDT  Women's University, Mumbai",303561210,Mechanical Engineering,LSTS,State Level,113851,36.6068088,c65eac4fe8e2,False,True,VALID,VALID
2023-2024,CAP3,FE_CAP3_2023_Cutoff.csv,3035,"Usha Mittal Institute of Technology SNDT  Women's University, Mumbai",303561210,Mechanical Engineering,LNT2S,State Level,42038,82.3107244,4f556c15b18d,False,True,VALID,VALID
2023-2024,CAP3,FE_CAP3_2023_Cutoff.csv,3035,"Usha Mittal Institute of Technology SNDT  Women's University, Mumbai",303561210,Mechanical Engineering,I-NonS,State Level,38007,84.216054,54baade88558,False,True,VALID,VALID
2023-2024,CAP3,FE_CAP3_2023_Cutoff.csv,3035,"Usha Mittal Institute of Technology SNDT  Women's University, Mumbai",303561210,Mechanical Engineering,VIIS,State Level,38032,84.216054,9cac92cf9049,False,True,VALID,VALID
2023-2024,CAP3,FE_CAP3_2023_Cutoff.csv,3035,"Usha Mittal Institute of Technology SNDT  Women's University, Mumbai",303561210,Mechanical Engineering,"Legends:Start Character G-General, L-Ladies, End Character H-Home University, O-Other than Home University, S-State LevelS",State Level,53597,76.8406961,6b218d706176,False,True,INVALID_TEXT,CHECK_CATEGORY
2023-2024,CAP3,FE_CAP3_2023_Cutoff.csv,3035,"Usha Mittal Institute of Technology SNDT  Women's University, Mumbai",303561210,Mechanical Engineering,Maharashtra State Seats - Cut Off Indicates State General Merit No. ; Figures in bracket Indicates MHT-CET PCM PercentileS,State Level,102481,46.4534231,413f0426562b,False,True,INVALID_TEXT,CHECK_CATEGORY
2023-2024,CAP3,FE_CAP3_2023_Cutoff.csv,3035,"Usha Mittal Institute of Technology SNDT  Women's University, Mumbai",303561210,Mechanical Engineering,I-NonS,State Level,59440,74.0797795,ff73e9f18802,False,True,VALID,VALID
2023-2024,CAP3,FE_CAP3_2023_Cutoff.csv,3035,"Usha Mittal Institute of Technology SNDT  Women's University, Mumbai",303561210,Mechanical Engineering,I-NonS,State Level,77261,64.2666767,6f46eb7ad767,False,True,VALID,VALID
2023-2024,CAP3,FE_CAP3_2023_Cutoff.csv,3035,"Usha Mittal Institute of Technology SNDT  Women's University, Mumbai",303561210,Mechanical Engineering,VIIS,State Level,66049,70.6180504,9231cff2346d,False,True,VALID,VALID
2023-2024,CAP3,FE_CAP3_2023_Cutoff.csv,3035,"Usha Mittal Institute of Technology SNDT  Women's University, Mumbai",303561210,Mechanical Engineering,LOPENS,State Level,72542,66.9527897,6f5cfdb82bad,False,True,VALID,VALID
2023-2024,CAP3,FE_CAP3_2023_Cutoff.csv,3035,"Usha Mittal Institute of Technology SNDT  Women's University, Mumbai",303561210,Mechanical Engineering,LSCS,State Level,71934,67.1534217,98ddd3a78441,False,True,VALID,VALID
2023-2024,CAP3,FE_CAP3_2023_Cutoff.csv,3035,"Usha Mittal Institute of Technology SNDT  Women's University, Mumbai",303561210,Mechanical Engineering,LSTS,State Level,58902,74.1935484,b21b503bfd5e,False,True,VALID,VALID
2023-2024,CAP3,FE_CAP3_2023_Cutoff.csv,3035,"Usha Mittal Institute of Technology SNDT  Women's University, Mumbai",303561210,Mechanical Engineering,VIIS,State Level,50833,78.3430016,9a9a554688aa,False,True,VALID,VALID
2023-2024,CAP3,FE_CAP3_2023_Cutoff.csv,3035,"Usha Mittal Institute of Technology SNDT  Women's University, Mumbai",303561210,Mechanical Engineering,LOPENS,State Level,63779,71.6671025,a07980eb60ab,False,True,VALID,VALID
2023-2024,CAP3,FE_CAP3_2023_Cutoff.csv,3035,"Usha Mittal Institute of Technology SNDT  Women's University, Mumbai",303561210,Mechanical Engineering,VIIS,State Level,42235,82.251586,b15ab7ecccb2,False,True,VALID,VALID
2023-2024,CAP3,FE_CAP3_2023_Cutoff.csv,4151,"Vidarbha Bahu-Uddeshiya Shikshan Sanstha's Tulshiramji Gaikwad Patil College of Engineering & Technology, Nagpur",415100210.0,Aeronautical Engineering,I-NonS,State Level,92587,54.0043616,c0b5c69e6a7e,False,True,VALID,VALID
2023-2024,CAP3,FE_CAP3_2023_Cutoff.csv,4151,"Vidarbha Bahu-Uddeshiya Shikshan Sanstha's Tulshiramji Gaikwad Patil College of Engineering & Technology, Nagpur",415100210.0,Aeronautical Engineering,I-NonS,State Level,101868,47.3478734,05ec234297dd,False,True,VALID,VALID
2023-2024,CAP3,FE_CAP3_2023_Cutoff.csv,4151,"Vidarbha Bahu-Uddeshiya Shikshan Sanstha's Tulshiramji Gaikwad Patil College of Engineering & Technology, Nagpur",415108210.0,Bio Technology,I-NonS,State Level,117526,33.3408586,3189e0dd6383,False,True,VALID,VALID
2023-2024,CAP3,FE_CAP3_2023_Cutoff.csv,4151,"Vidarbha Bahu-Uddeshiya Shikshan Sanstha's Tulshiramji Gaikwad Patil College of Engineering & Technology, Nagpur",415108210.0,Bio Technology,I-NonS,State Level,120138,30.5964599,a5184095c422,False,True,VALID,VALID
2023-2024,CAP3,FE_CAP3_2023_Cutoff.csv,4151,"Vidarbha Bahu-Uddeshiya Shikshan Sanstha's Tulshiramji Gaikwad Patil College of Engineering & Technology, Nagpur",415119110.0,Civil Engineering,I-NonS,State Level,119012,32.3095051,8dd5a0864550,False,True,VALID,VALID
2023-2024,CAP3,FE_CAP3_2023_Cutoff.csv,4151,"Vidarbha Bahu-Uddeshiya Shikshan Sanstha's Tulshiramji Gaikwad Patil College of Engineering & Technology, Nagpur",415119110.0,Civil Engineering,I-NonS,State Level,122954,27.6545345,91f80bc6129a,False,True,VALID,VALID
2023-2024,CAP3,FE_CAP3_2023_Cutoff.csv,4151,"Vidarbha Bahu-Uddeshiya Shikshan Sanstha's Tulshiramji Gaikwad Patil College of Engineering & Technology, Nagpur",415137010.0,Electronics and Communication Engineering,I-NonS,State Level,89195,56.656397,23ad25488205,False,True,VALID,VALID
2023-2024,CAP3,FE_CAP3_2023_Cutoff.csv,4151,"Vidarbha Bahu-Uddeshiya Shikshan Sanstha's Tulshiramji Gaikwad Patil College of Engineering & Technology, Nagpur",415137010.0,Electronics and Communication Engineering,I-NonS,State Level,89322,56.656397,4b7fdc630154,False,True,VALID,VALID
2023-2024,CAP3,FE_CAP3_2023_Cutoff.csv,4167,"Yeshwantrao Chavan College of Engineering,Wanadongri, Nagpur",416737610.0,Electronics Engineering,I-NonS,State Level,32437,86.6965956,0155c730aa46,False,True,VALID,VALID
2023-2024,CAP3,FE_CAP3_2023_Cutoff.csv,4167,"Yeshwantrao Chavan College of Engineering,Wanadongri, Nagpur",416737610.0,Electronics Engineering,I-NonS,State Level,29819,87.6993762,413907d05808,False,True,VALID,VALID
2023-2024,CAP3,FE_CAP3_2023_Cutoff.csv,4304,"Cummins College of Engineering For Women, Sukhali (Gupchup), Tal. Hingna Hingna Nagpur",430461210,Mechanical Engineering,"Legends:Start Character G-General, L-Ladies, End Character H-Home University, O-Other than Home University, S-State LevelS",State Level,92992,53.8156961,98f0ac3772cf,False,True,INVALID_TEXT,CHECK_CATEGORY
2023-2024,CAP3,FE_CAP3_2023_Cutoff.csv,4304,"Cummins College of Engineering For Women, Sukhali (Gupchup), Tal. Hingna Hingna Nagpur",430461210,Mechanical Engineering,"Legends:Start Character G-General, L-Ladies, End Character H-Home University, O-Other than Home University, S-State LevelS",State Level,137874,9.2629778,0de15eb9bf39,False,True,INVALID_TEXT,CHECK_CATEGORY
2023-2024,CAP3,FE_CAP3_2023_Cutoff.csv,5004,"Government College of Engineering, Jalgaon",500419110.0,Civil Engineering,I-NonS,State Level,101956,47.3478734,c9b4f1a2b549,False,True,VALID,VALID
2023-2024,CAP3,FE_CAP3_2023_Cutoff.csv,5004,"Government College of Engineering, Jalgaon",500419110.0,Civil Engineering,I-NonS,State Level,107792,42.5955447,c392f209d0f1,False,True,VALID,VALID
2023-2024,CAP3,FE_CAP3_2023_Cutoff.csv,5004,"Government College of Engineering, Jalgaon",500446610.0,Instrumentation Engineering,I-NonS,State Level,124988,25.5459544,3f6ef21c2b97,False,True,VALID,VALID
2023-2024,CAP3,FE_CAP3_2023_Cutoff.csv,5004,"Government College of Engineering, Jalgaon",500446610.0,Instrumentation Engineering,I-NonS,State Level,139424,6.6691673,d61d617a4aaf,False,True,VALID,VALID
2023-2024,CAP3,FE_CAP3_2023_Cutoff.csv,5109,"Sandip Foundation, Sandip Institute of Technology and Research Centre, Mahiravani, Nashik",510919110.0,Civil Engineering,I-NonS,State Level,134589,13.8442673,969b259b63ec,False,True,VALID,VALID
2023-2024,CAP3,FE_CAP3_2023_Cutoff.csv,5109,"Sandip Foundation, Sandip Institute of Technology and Research Centre, Mahiravani, Nashik",510919110.0,Civil Engineering,I-NonS,State Level,126022,24.5412844,f6172e5d0da4,False,True,VALID,VALID
2023-2024,CAP3,FE_CAP3_2023_Cutoff.csv,5109,"Sandip Foundation, Sandip Institute of Technology and Research Centre, Mahiravani, Nashik",510991610.0,Automation and Robotics,I-NonS,State Level,69792,68.8122862,2e6365ccc5f0,False,True,VALID,VALID
2023-2024,CAP3,FE_CAP3_2023_Cutoff.csv,5109,"Sandip Foundation, Sandip Institute of Technology and Research Centre, Mahiravani, Nashik",510991610.0,Automation and Robotics,I-NonS,State Level,68217,69.3042857,a5f3861c998f,False,True,VALID,VALID
2023-2024,CAP3,FE_CAP3_2023_Cutoff.csv,5121,"K. K. Wagh Institute of Engineering Education and Research, Nashik",512119110.0,Civil Engineering,I-NonS,State Level,82577,60.9799222,8bc50f20c975,False,True,VALID,VALID
2023-2024,CAP3,FE_CAP3_2023_Cutoff.csv,5121,"K. K. Wagh Institute of Engineering Education and Research, Nashik",512119110.0,Civil Engineering,I-NonS,State Level,96966,50.8083922,886590b56974,False,True,VALID,VALID
2023-2024,CAP3,FE_CAP3_2023_Cutoff.csv,5121,"K. K. Wagh Institute of Engineering Education and Research, Nashik",512150710.0,Chemical Engineering,I-NonS,State Level,94834,52.5567137,f7796fdcbee0,False,True,VALID,VALID
2023-2024,CAP3,FE_CAP3_2023_Cutoff.csv,5121,"K. K. Wagh Institute of Engineering Education and Research, Nashik",512150710.0,Chemical Engineering,I-NonS,State Level,86665,58.1382561,d36fec43c2bc,False,True,VALID,VALID
2023-2024,CAP3,FE_CAP3_2023_Cutoff.csv,5160,"Sanjivani Rural Education Society's Sanjivani College of Engineering, Kopargaon",516029310.0,Electrical Engineering,I-NonS,State Level,44851,81.0174211,acec5ef01c45,False,True,VALID,VALID
2023-2024,CAP3,FE_CAP3_2023_Cutoff.csv,5160,"Sanjivani Rural Education Society's Sanjivani College of Engineering, Kopargaon",516029310.0,Electrical Engineering,I-NonS,State Level,67289,69.6924231,bf68b722bbb0,False,True,VALID,VALID
2023-2024,CAP3,FE_CAP3_2023_Cutoff.csv,5160,"Sanjivani Rural Education Society's Sanjivani College of Engineering, Kopargaon",516091510.0,Structural Engineering,I-NonS,State Level,105843,43.6615489,54b0aa5feef3,False,True,VALID,VALID
2023-2024,CAP3,FE_CAP3_2023_Cutoff.csv,5160,"Sanjivani Rural Education Society's Sanjivani College of Engineering, Kopargaon",516091510.0,Structural Engineering,I-NonS,State Level,89764,55.9130075,dbd9dc0aa85a,False,True,VALID,VALID
2023-2024,CAP3,FE_CAP3_2023_Cutoff.csv,6141,"Jaywant Shikshan Prasarak Mandal's,Rajarshi Shahu College of Engineering, Tathawade, Pune",614119110.0,Civil Engineering,I-NonS,State Level,100534,48.0589023,95e57e763000,False,True,VALID,VALID
2023-2024,CAP3,FE_CAP3_2023_Cutoff.csv,6141,"Jaywant Shikshan Prasarak Mandal's,Rajarshi Shahu College of Engineering, Tathawade, Pune",614119110.0,Civil Engineering,I-NonS,State Level,97958,50.2663166,95c141c13998,False,True,VALID,VALID
2023-2024,CAP3,FE_CAP3_2023_Cutoff.csv,6175,"Pimpri Chinchwad Education Trust, Pimpri Chinchwad College of Engineering, Pune",617524510.0,Computer Engineering,GOPENS,State Level,2790,98.8963079,6054bac90a3a,False,True,VALID,VALID
2023-2024,CAP3,FE_CAP3_2023_Cutoff.csv,6175,"Pimpri Chinchwad Education Trust, Pimpri Chinchwad College of Engineering, Pune",617524510.0,Computer Engineering,GSCS,State Level,11135,95.6557469,ab1405674d8c,False,True,VALID,VALID
2023-2024,CAP3,FE_CAP3_2023_Cutoff.csv,6175,"Pimpri Chinchwad Education Trust, Pimpri Chinchwad College of Engineering, Pune",617524510.0,Computer Engineering,LOPENS,State Level,801,99.6445941,a1b7942f97b7,False,True,VALID,VALID
2023-2024,CAP3,FE_CAP3_2023_Cutoff.csv,6175,"Pimpri Chinchwad Education Trust, Pimpri Chinchwad College of Engineering, Pune",617524510.0,Computer Engineering,LOBCS,State Level,5241,97.9686456,617f0906f381,False,True,VALID,VALID
2023-2024,CAP3,FE_CAP3_2023_Cutoff.csv,6175,"Pimpri Chinchwad Education Trust, Pimpri Chinchwad College of Engineering, Pune",617524510.0,Computer Engineering,DEFOPENS,State Level,9744,96.2137182,c0e2389510d2,False,True,VALID,VALID
2023-2024,CAP3,FE_CAP3_2023_Cutoff.csv,6175,"Pimpri Chinchwad Education Trust, Pimpri Chinchwad College of Engineering, Pune",617524510.0,Computer Engineering,GOPENS,State Level,11887,95.3636399,b19ec8f3c3d1,False,True,VALID,VALID
2023-2024,CAP3,FE_CAP3_2023_Cutoff.csv,6175,"Pimpri Chinchwad Education Trust, Pimpri Chinchwad College of Engineering, Pune",617524510.0,Computer Engineering,GSCS,State Level,69766,68.8122862,c1ee7ef301e0,False,True,VALID,VALID
2023-2024,CAP3,FE_CAP3_2023_Cutoff.csv,6175,"Pimpri Chinchwad Education Trust, Pimpri Chinchwad College of Engineering, Pune",617524510.0,Computer Engineering,LOPENS,State Level,12849,94.9011991,55185716b0dc,False,True,VALID,VALID
2023-2024,CAP3,FE_CAP3_2023_Cutoff.csv,6175,"Pimpri Chinchwad Education Trust, Pimpri Chinchwad College of Engineering, Pune",617524510.0,Computer Engineering,LOBCS,State Level,14617,94.208479,c22b8c0144da,False,True,VALID,VALID
2023-2024,CAP3,FE_CAP3_2023_Cutoff.csv,6175,"Pimpri Chinchwad Education Trust, Pimpri Chinchwad College of Engineering, Pune",617524510.0,Computer Engineering,DEFOPENS,State Level,5643,97.818535,e7f3c7fda8cf,False,True,VALID,VALID
2023-2024,CAP3,FE_CAP3_2023_Cutoff.csv,6276,"MKSSS's Cummins College of Engineering for Women, Karvenagar,Pune",627661210,Mechanical Engineering,"Legends:Start Character G-General, L-Ladies, End Character H-Home University, O-Other than Home University, S-State LevelS",State Level,9034,96.4933809,257669d06786,False,True,INVALID_TEXT,CHECK_CATEGORY
2023-2024,CAP3,FE_CAP3_2023_Cutoff.csv,6276,"MKSSS's Cummins College of Engineering for Women, Karvenagar,Pune",627661210,Mechanical Engineering,Maharashtra State Seats - Cut Off Indicates State General Merit No. ; Figures in bracket Indicates MHT-CET PCM PercentileS,State Level,4640,98.1943767,7bea51a3151e,False,True,INVALID_TEXT,CHECK_CATEGORY
2023-2024,CAP3,FE_CAP3_2023_Cutoff.csv,6276,"MKSSS's Cummins College of Engineering for Women, Karvenagar,Pune",627661210,Mechanical Engineering,LOPENS,State Level,26803,89.0822549,444af0247e4c,False,True,VALID,VALID
2023-2024,CAP3,FE_CAP3_2023_Cutoff.csv,6276,"MKSSS's Cummins College of Engineering for Women, Karvenagar,Pune",627661210,Mechanical Engineering,I-NonS,State Level,28668,88.2671548,c5f62c6ce904,False,True,VALID,VALID
2023-2024,CAP3,FE_CAP3_2023_Cutoff.csv,6276,"MKSSS's Cummins College of Engineering for Women, Karvenagar,Pune",627661210,Mechanical Engineering,LOPENS,State Level,43608,81.5104589,4caf27540fda,False,True,VALID,VALID
2023-2024,CAP3,FE_CAP3_2023_Cutoff.csv,6276,"MKSSS's Cummins College of Engineering for Women, Karvenagar,Pune",627661210,Mechanical Engineering,I-NonS,State Level,12755,94.9975677,f85497aa2087,False,True,VALID,VALID
2023-2024,CAP3,FE_CAP3_2023_Cutoff.csv,6276,"MKSSS's Cummins College of Engineering for Women, Karvenagar,Pune",627661210,Mechanical Engineering,"Legends:Start Character G-General, L-Ladies, End Character H-Home University, O-Other than Home University, S-State LevelS",State Level,11461,95.5068431,b9a81c034b94,False,True,INVALID_TEXT,CHECK_CATEGORY
2023-2024,CAP3,FE_CAP3_2023_Cutoff.csv,6276,"MKSSS's Cummins College of Engineering for Women, Karvenagar,Pune",627661210,Mechanical Engineering,Maharashtra State Seats - Cut Off Indicates State General Merit No. ; Figures in bracket Indicates MHT-CET PCM PercentileS,State Level,8677,96.6535742,092f11631782,False,True,INVALID_TEXT,CHECK_CATEGORY
2023-2024,CAP3,FE_CAP3_2023_Cutoff.csv,6283,"Annasaheb Dange College of Engineering and Technology, Ashta, Sangli",628329310.0,Electrical Engineering,I-NonS,State Level,99469,49.4761567,9151490e624f,False,True,VALID,VALID
2023-2024,CAP3,FE_CAP3_2023_Cutoff.csv,6283,"Annasaheb Dange College of Engineering and Technology, Ashta, Sangli",628329310.0,Electrical Engineering,I-NonS,State Level,82839,60.8798115,ee36e94296fa,False,True,VALID,VALID
2023-2024,CAP3,FE_CAP3_2023_Cutoff.csv,6283,"Annasaheb Dange College of Engineering and Technology, Ashta, Sangli",628361210.0,Mechanical Engineering,I-NonS,State Level,113691,37.1297299,26768fa618e5,False,True,VALID,VALID
2023-2024,CAP3,FE_CAP3_2023_Cutoff.csv,6283,"Annasaheb Dange College of Engineering and Technology, Ashta, Sangli",628361210.0,Mechanical Engineering,I-NonS,State Level,131071,18.7935787,7d9b0215e7ec,False,True,VALID,VALID
2023-2024,CAP3,FE_CAP3_2023_Cutoff.csv,6284,"Vidya Pratishthan's Kamalnayan Bajaj Institute of Engineering & Technology, Baramati Dist.Pune",628461210.0,Mechanical Engineering,I-NonS,State Level,79593,62.7344336,15e66b65d20b,False,True,VALID,VALID
2023-2024,CAP3,FE_CAP3_2023_Cutoff.csv,6284,"Vidya Pratishthan's Kamalnayan Bajaj Institute of Engineering & Technology, Baramati Dist.Pune",628461210.0,Mechanical Engineering,I-NonS,State Level,69494,68.9337823,8228a462cc56,False,True,VALID,VALID
2023-2024,CAP3,FE_CAP3_2023_Cutoff.csv,6285,"Bharati Vidyapeeth's College of Engineering for Women, Katraj, Dhankawadi, Pune",628599510,Artificial Intelligence and Data Science,"Legends:Start Character G-General, L-Ladies, End Character H-Home University, O-Other than Home University, S-State LevelS",State Level,15855,93.6849981,7522c0c26539,False,True,INVALID_TEXT,CHECK_CATEGORY
2023-2024,CAP3,FE_CAP3_2023_Cutoff.csv,6285,"Bharati Vidyapeeth's College of Engineering for Women, Katraj, Dhankawadi, Pune",628599510,Artificial Intelligence and Data Science,"Legends:Start Character G-General, L-Ladies, End Character H-Home University, O-Other than Home University, S-State LevelS",State Level,37505,84.4304792,f3b351915c76,False,True,INVALID_TEXT,CHECK_CATEGORY
2023-2024,CAP3,FE_CAP3_2023_Cutoff.csv,6285,"Bharati Vidyapeeth's College of Engineering for Women, Katraj, Dhankawadi, Pune",628599510,Artificial Intelligence and Data Science,"Legends:Start Character G-General, L-Ladies, End Character H-Home University, O-Other than Home University, S-State LevelS",State Level,26365,89.2906503,af9b8ec330f3,False,True,INVALID_TEXT,CHECK_CATEGORY
2023-2024,CAP3,FE_CAP3_2023_Cutoff.csv,6938,Shree Siddheshwar Women's College Of Engineering Solapur.,693837210,Electronics and Telecommunication Engg,"Legends:Start Character G-General, L-Ladies, End Character H-Home University, O-Other than Home University, S-State LevelS",State Level,86413,58.5474069,7c20c8ff25dd,False,True,INVALID_TEXT,CHECK_CATEGORY
2023-2024,CAP3,FE_CAP3_2023_Cutoff.csv,6938,Shree Siddheshwar Women's College Of Engineering Solapur.,693837210,Electronics and Telecommunication Engg,"Legends:Start Character G-General, L-Ladies, End Character H-Home University, O-Other than Home University, S-State LevelS",State Level,113818,36.6068088,0bf838dfb5fb,False,True,INVALID_TEXT,CHECK_CATEGORY
2023-2024,CAP3,FE_CAP3_2023_Cutoff.csv,6938,Shree Siddheshwar Women's College Of Engineering Solapur.,693837210,Electronics and Telecommunication Engg,"Legends:Start Character G-General, L-Ladies, End Character H-Home University, O-Other than Home University, S-State LevelS",State Level,115190,36.029881,5a5e0bfdb5b0,False,True,INVALID_TEXT,CHECK_CATEGORY
2023-2024,CAP3,FE_CAP3_2023_Cutoff.csv,6938,Shree Siddheshwar Women's College Of Engineering Solapur.,693837210,Electronics and Telecommunication Engg,"Legends:Start Character G-General, L-Ladies, End Character H-Home University, O-Other than Home University, S-State LevelS",State Level,132099,17.5985227,dd143c6e4278,False,True,INVALID_TEXT,CHECK_CATEGORY
2023-2024,CAP3,FE_CAP3_2023_Cutoff.csv,6938,Shree Siddheshwar Women's College Of Engineering Solapur.,693837210,Electronics and Telecommunication Engg,"Legends:Start Character G-General, L-Ladies, End Character H-Home University, O-Other than Home University, S-State LevelS",State Level,86777,58.1382561,6d74faa76e06,False,True,INVALID_TEXT,CHECK_CATEGORY
2024-2025,CAP1,FE_CAP1_2024_Cutoff_1.csv,3025,Svkm's Shri Bhagubhai Mafatlal Polytechnic & College of Engineering,302561210,Mechanical Engineering,"Legends: Starting character G-General, L-Ladies, End character H-Home University, O-Other than Home University,S-State Level, AI- All India Seat.S",State Level,72088,74.3614357,236a99df686f,False,True,INVALID_TEXT,CHECK_CATEGORY
2024-2025,CAP1,FE_CAP1_2024_Cutoff_1.csv,3025,Svkm's Shri Bhagubhai Mafatlal Polytechnic & College of Engineering,302561210,Mechanical Engineering,"Legends: Starting character G-General, L-Ladies, End character H-Home University, O-Other than Home University,S-State Level, AI- All India Seat.S",State Level,34929,88.1366358,6a3394b35e8f,False,True,INVALID_TEXT,CHECK_CATEGORY
2024-2025,CAP1,FE_CAP1_2024_Cutoff_1.csv,3025,Svkm's Shri Bhagubhai Mafatlal Polytechnic & College of Engineering,302561210,Mechanical Engineering,"Legends: Starting character G-General, L-Ladies, End character H-Home University, O-Other than Home University,S-State Level, AI- All India Seat.S",State Level,81353,70.4817329,113dec337225,False,True,INVALID_TEXT,CHECK_CATEGORY
2024-2025,CAP1,FE_CAP1_2024_Cutoff_1.csv,3025,Svkm's Shri Bhagubhai Mafatlal Polytechnic & College of Engineering,302561210,Mechanical Engineering,"Legends: Starting character G-General, L-Ladies, End character H-Home University, O-Other than Home University,S-State Level, AI- All India Seat.S",State Level,90641,66.0164943,e292f8624160,False,True,INVALID_TEXT,CHECK_CATEGORY
2024-2025,CAP1,FE_CAP1_2024_Cutoff_1.csv,3033,"Dr. Babasaheb Ambedkar Technological University, Lonere",303337210.0,Electronics and Telecommunication Engg,GOPENS,State Level,82042,70.2544031,f66c3209f541,False,True,VALID,VALID
2024-2025,CAP1,FE_CAP1_2024_Cutoff_1.csv,3033,"Dr. Babasaheb Ambedkar Technological University, Lonere",303337210.0,Electronics and Telecommunication Engg,GSCS,State Level,64958,76.933232,4608dfa2e6b6,False,True,VALID,VALID
2024-2025,CAP1,FE_CAP1_2024_Cutoff_1.csv,3033,"Dr. Babasaheb Ambedkar Technological University, Lonere",303337210.0,Electronics and Telecommunication Engg,GNT1S,State Level,102068,60.546705,82b79dc9ab88,False,True,VALID,VALID
2024-2025,CAP1,FE_CAP1_2024_Cutoff_1.csv,3033,"Dr. Babasaheb Ambedkar Technological University, Lonere",303337210.0,Electronics and Telecommunication Engg,GNT2S,State Level,176468,4.5424794,ae82bcb899ab,False,True,VALID,VALID
2024-2025,CAP1,FE_CAP1_2024_Cutoff_1.csv,3033,"Dr. Babasaheb Ambedkar Technological University, Lonere",303337210.0,Electronics and Telecommunication Engg,GOBCS,State Level,82159,70.2544031,43f9fbc79afa,False,True,VALID,VALID
2024-2025,CAP1,FE_CAP1_2024_Cutoff_1.csv,3033,"Dr. Babasaheb Ambedkar Technological University, Lonere",303337210.0,Electronics and Telecommunication Engg,GSEBCS,State Level,70036,75.1972801,114e40596f43,False,True,VALID,VALID
2024-2025,CAP1,FE_CAP1_2024_Cutoff_1.csv,3033,"Dr. Babasaheb Ambedkar Technological University, Lonere",303337210.0,Electronics and Telecommunication Engg,LOPENS,State Level,70550,74.9709109,0cceaf257e16,False,True,VALID,VALID
2024-2025,CAP1,FE_CAP1_2024_Cutoff_1.csv,3033,"Dr. Babasaheb Ambedkar Technological University, Lonere",303337210.0,Electronics and Telecommunication Engg,LSCS,State Level,157071,24.5948927,0c459f07d54f,False,True,VALID,VALID
2024-2025,CAP1,FE_CAP1_2024_Cutoff_1.csv,3033,"Dr. Babasaheb Ambedkar Technological University, Lonere",303337210.0,Electronics and Telecommunication Engg,GOPENS,State Level,104131,60.1291862,fc760e2c5b36,False,True,VALID,VALID
2024-2025,CAP1,FE_CAP1_2024_Cutoff_1.csv,3033,"Dr. Babasaheb Ambedkar Technological University, Lonere",303337210.0,Electronics and Telecommunication Engg,GSCS,State Level,147472,32.2475132,1c7a5ba77c4c,False,True,VALID,VALID
2024-2025,CAP1,FE_CAP1_2024_Cutoff_1.csv,3033,"Dr. Babasaheb Ambedkar Technological University, Lonere",303337210.0,Electronics and Telecommunication Engg,GNT1S,State Level,100216,61.6354671,dc10d5b7d237,False,True,VALID,VALID
2024-2025,CAP1,FE_CAP1_2024_Cutoff_1.csv,3033,"Dr. Babasaheb Ambedkar Technological University, Lonere",303337210.0,Electronics and Telecommunication Engg,GNT2S,State Level,91851,65.5509182,693c68773220,False,True,VALID,VALID
2024-2025,CAP1,FE_CAP1_2024_Cutoff_1.csv,3033,"Dr. Babasaheb Ambedkar Technological University, Lonere",303337210.0,Electronics and Telecommunication Engg,GOBCS,State Level,88341,67.5033807,71ee81d63a8f,False,True,VALID,VALID
2024-2025,CAP1,FE_CAP1_2024_Cutoff_1.csv,3033,"Dr. Babasaheb Ambedkar Technological University, Lonere",303337210.0,Electronics and Telecommunication Engg,GSEBCS,State Level,130760,44.4778985,70114fe38d22,False,True,VALID,VALID
2024-2025,CAP1,FE_CAP1_2024_Cutoff_1.csv,3033,"Dr. Babasaheb Ambedkar Technological University, Lonere",303337210.0,Electronics and Telecommunication Engg,LOPENS,State Level,156270,25.5139718,1a23250b4ae0,False,True,VALID,VALID
2024-2025,CAP1,FE_CAP1_2024_Cutoff_1.csv,3033,"Dr. Babasaheb Ambedkar Technological University, Lonere",303337210.0,Electronics and Telecommunication Engg,LSCS,State Level,88803,67.294477,7a2343bca840,False,True,VALID,VALID
2024-2025,CAP1,FE_CAP1_2024_Cutoff_1.csv,3035,"Usha Mittal Institute of Technology SNDT  Women's University, Mumbai",303524210,Computer Science and Engineering,"Legends: Starting character G-General, L-Ladies, End character H-Home University, O-Other than Home University,S-State Level, AI- All India Seat.S",State Level,21603,92.7704421,94099bd491e7,False,True,INVALID_TEXT,CHECK_CATEGORY
2024-2025,CAP1,FE_CAP1_2024_Cutoff_1.csv,3035,"Usha Mittal Institute of Technology SNDT  Women's University, Mumbai",303524210,Computer Science and Engineering,Maharashtra State Seats - Cut Off Indicates Maharashtra State General Merit No.; Figures in bracket Indicates Merit Percentile.S,State Level,49553,82.7820291,71407b957327,False,True,INVALID_TEXT,CHECK_CATEGORY
2024-2025,CAP1,FE_CAP1_2024_Cutoff_1.csv,3035,"Usha Mittal Institute of Technology SNDT  Women's University, Mumbai",303524210,Computer Science and Engineering,DS,State Level,161527,20.9410678,ba01745e8c82,False,True,VALID,VALID
2024-2025,CAP1,FE_CAP1_2024_Cutoff_1.csv,3035,"Usha Mittal Institute of Technology SNDT  Women's University, Mumbai",303524210,Computer Science and Engineering,State Common Entrance Test CellS,State Level,107961,57.3310702,b3d3084560b0,False,True,INVALID_TEXT,CHECK_CATEGORY
2024-2025,CAP1,FE_CAP1_2024_Cutoff_1.csv,3035,"Usha Mittal Institute of Technology SNDT  Women's University, Mumbai",303524210,Computer Science and Engineering,Cut Off List for Maharashtra & Minority Seats of CAP Round I for Admission to First Year of Four YearS,State Level,48767,83.1983982,c383fe08d1fb,False,True,INVALID_TEXT,CHECK_CATEGORY
2024-2025,CAP1,FE_CAP1_2024_Cutoff_1.csv,3035,"Usha Mittal Institute of Technology SNDT  Women's University, Mumbai",303524210,Computer Science and Engineering,Degree Courses In Engineering and Technology & Master of Engineering and Technology (Integrated 5 Years) for the Year 2024-25S,State Level,31444,89.3321697,d6066b0e5bf4,False,True,INVALID_TEXT,CHECK_CATEGORY
2024-2025,CAP1,FE_CAP1_2024_Cutoff_1.csv,3035,"Usha Mittal Institute of Technology SNDT  Women's University, Mumbai",303524210,Computer Science and Engineering,LOPENS,State Level,46025,84.2430574,ca8f5e8a93fe,False,True,VALID,VALID
2024-2025,CAP1,FE_CAP1_2024_Cutoff_1.csv,3035,"Usha Mittal Institute of Technology SNDT  Women's University, Mumbai",303524210,Computer Science and Engineering,LSCS,State Level,28910,90.3308397,a364cd9722c1,False,True,VALID,VALID
2024-2025,CAP1,FE_CAP1_2024_Cutoff_1.csv,3035,"Usha Mittal Institute of Technology SNDT  Women's University, Mumbai",303524210,Computer Science and Engineering,LSTS,State Level,44144,84.8307457,d35c4366a56d,False,True,VALID,VALID
2024-2025,CAP1,FE_CAP1_2024_Cutoff_1.csv,3035,"Usha Mittal Institute of Technology SNDT  Women's University, Mumbai",303524210,Computer Science and Engineering,LVJS,State Level,44132,84.8307457,b4d4586cb681,False,True,VALID,VALID
2024-2025,CAP1,FE_CAP1_2024_Cutoff_1.csv,3035,"Usha Mittal Institute of Technology SNDT  Women's University, Mumbai",303524210,Computer Science and Engineering,LNT1S,State Level,64933,76.933232,a5f45a6f1f5d,False,True,VALID,VALID
2024-2025,CAP1,FE_CAP1_2024_Cutoff_1.csv,3035,"Usha Mittal Institute of Technology SNDT  Women's University, Mumbai",303524210,Computer Science and Engineering,LNT2S,State Level,39208,86.7111001,00ff54289ac0,False,True,VALID,VALID
2024-2025,CAP1,FE_CAP1_2024_Cutoff_1.csv,3035,"Usha Mittal Institute of Technology SNDT  Women's University, Mumbai",303524210,Computer Science and Engineering,LOPENS,State Level,63626,77.7634641,10c0d9f88004,False,True,VALID,VALID
2024-2025,CAP1,FE_CAP1_2024_Cutoff_1.csv,3035,"Usha Mittal Institute of Technology SNDT  Women's University, Mumbai",303524210,Computer Science and Engineering,LSCS,State Level,90720,65.9366282,de9784cda0fe,False,True,VALID,VALID
2024-2025,CAP1,FE_CAP1_2024_Cutoff_1.csv,3035,"Usha Mittal Institute of Technology SNDT  Women's University, Mumbai",303524210,Computer Science and Engineering,LSTS,State Level,145634,34.2191386,e0b80c7a16de,False,True,VALID,VALID
2024-2025,CAP1,FE_CAP1_2024_Cutoff_1.csv,3035,"Usha Mittal Institute of Technology SNDT  Women's University, Mumbai",303524210,Computer Science and Engineering,LVJS,State Level,58716,79.5235744,7d0527f66906,False,True,VALID,VALID
2024-2025,CAP1,FE_CAP1_2024_Cutoff_1.csv,3035,"Usha Mittal Institute of Technology SNDT  Women's University, Mumbai",303524210,Computer Science and Engineering,LNT1S,State Level,57225,80.0921435,240e1d91a219,False,True,VALID,VALID
2024-2025,CAP1,FE_CAP1_2024_Cutoff_1.csv,3035,"Usha Mittal Institute of Technology SNDT  Women's University, Mumbai",303524210,Computer Science and Engineering,LNT2S,State Level,47506,83.639399,6921ee3b0d8e,False,True,VALID,VALID
2024-2025,CAP1,FE_CAP1_2024_Cutoff_1.csv,3035,"Usha Mittal Institute of Technology SNDT  Women's University, Mumbai",303524210,Computer Science and Engineering,LNT3S,State Level,38494,86.8553381,5e5eecb2e84e,False,True,VALID,VALID
2024-2025,CAP1,FE_CAP1_2024_Cutoff_1.csv,3035,"Usha Mittal Institute of Technology SNDT  Women's University, Mumbai",303524210,Computer Science and Engineering,LOBCS,State Level,69510,75.3410409,75a8dc5e6223,False,True,VALID,VALID
2024-2025,CAP1,FE_CAP1_2024_Cutoff_1.csv,3035,"Usha Mittal Institute of Technology SNDT  Women's University, Mumbai",303524210,Computer Science and Engineering,LSEBCS,State Level,38246,86.8966951,787828f78cb8,False,True,VALID,VALID
2024-2025,CAP1,FE_CAP1_2024_Cutoff_1.csv,3035,"Usha Mittal Institute of Technology SNDT  Women's University, Mumbai",303524210,Computer Science and Engineering,DEFOPENS,State Level,77922,71.7682877,74d801c6d1d9,False,True,VALID,VALID
2024-2025,CAP1,FE_CAP1_2024_Cutoff_1.csv,3035,"Usha Mittal Institute of Technology SNDT  Women's University, Mumbai",303524210,Computer Science and Engineering,LOPENS,State Level,68638,75.6212581,70497e1b0c37,False,True,VALID,VALID
2024-2025,CAP1,FE_CAP1_2024_Cutoff_1.csv,3035,"Usha Mittal Institute of Technology SNDT  Women's University, Mumbai",303524210,Computer Science and Engineering,LSCS,State Level,106539,58.1588042,73c01c098f2c,False,True,VALID,VALID
2024-2025,CAP1,FE_CAP1_2024_Cutoff_1.csv,3035,"Usha Mittal Institute of Technology SNDT  Women's University, Mumbai",303524210,Computer Science and Engineering,LVJS,State Level,70339,75.0114283,f23482eb81e0,False,True,VALID,VALID
2024-2025,CAP1,FE_CAP1_2024_Cutoff_1.csv,3035,"Usha Mittal Institute of Technology SNDT  Women's University, Mumbai",303524210,Computer Science and Engineering,LNT1S,State Level,80036,70.889365,23df4ac6f773,False,True,VALID,VALID
2024-2025,CAP1,FE_CAP1_2024_Cutoff_1.csv,3035,"Usha Mittal Institute of Technology SNDT  Women's University, Mumbai",303524210,Computer Science and Engineering,LNT2S,State Level,56342,80.5358903,6f5d8763b7d0,False,True,VALID,VALID
2024-2025,CAP1,FE_CAP1_2024_Cutoff_1.csv,3035,"Usha Mittal Institute of Technology SNDT  Women's University, Mumbai",303524210,Computer Science and Engineering,LNT3S,State Level,40895,86.0863663,20996d7b353b,False,True,VALID,VALID
2024-2025,CAP1,FE_CAP1_2024_Cutoff_1.csv,3035,"Usha Mittal Institute of Technology SNDT  Women's University, Mumbai",303524210,Computer Science and Engineering,LOBCS,State Level,70601,74.9709109,0275b54041d5,False,True,VALID,VALID
2024-2025,CAP1,FE_CAP1_2024_Cutoff_1.csv,3035,"Usha Mittal Institute of Technology SNDT  Women's University, Mumbai",303524210,Computer Science and Engineering,LSEBCS,State Level,132584,43.1231034,ce70505168a6,False,True,VALID,VALID
2024-2025,CAP1,FE_CAP1_2024_Cutoff_1.csv,3035,"Usha Mittal Institute of Technology SNDT  Women's University, Mumbai",303524210,Computer Science and Engineering,DEFOPENS,State Level,73167,73.8486985,1c7b5427ffa2,False,True,VALID,VALID
2024-2025,CAP1,FE_CAP1_2024_Cutoff_1.csv,3035,"Usha Mittal Institute of Technology SNDT  Women's University, Mumbai",303524210,Computer Science and Engineering,LOPENS,State Level,123187,48.8696809,ecf6f759654a,False,True,VALID,VALID
2024-2025,CAP1,FE_CAP1_2024_Cutoff_1.csv,3035,"Usha Mittal Institute of Technology SNDT  Women's University, Mumbai",303524210,Computer Science and Engineering,LSCS,State Level,137912,39.5390798,22d7a1367640,False,True,VALID,VALID
2024-2025,CAP1,FE_CAP1_2024_Cutoff_1.csv,3035,"Usha Mittal Institute of Technology SNDT  Women's University, Mumbai",303524210,Computer Science and Engineering,LSTS,State Level,121911,50.0353239,c0a98918c912,False,True,VALID,VALID
2024-2025,CAP1,FE_CAP1_2024_Cutoff_1.csv,3035,"Usha Mittal Institute of Technology SNDT  Women's University, Mumbai",303524210,Computer Science and Engineering,LNT1S,State Level,131538,43.8452614,fc92ea540b98,False,True,VALID,VALID
2024-2025,CAP1,FE_CAP1_2024_Cutoff_1.csv,3035,"Usha Mittal Institute of Technology SNDT  Women's University, Mumbai",303524210,Computer Science and Engineering,LNT2S,State Level,82702,69.800376,a58c3b791160,False,True,VALID,VALID
2024-2025,CAP1,FE_CAP1_2024_Cutoff_1.csv,3035,"Usha Mittal Institute of Technology SNDT  Women's University, Mumbai",303524210,Computer Science and Engineering,LNT3S,State Level,78463,71.7115,083a69858e6c,False,True,VALID,VALID
2024-2025,CAP1,FE_CAP1_2024_Cutoff_1.csv,3035,"Usha Mittal Institute of Technology SNDT  Women's University, Mumbai",303524210,Computer Science and Engineering,LOBCS,State Level,142763,36.0381755,e859afcbd89d,False,True,VALID,VALID
2024-2025,CAP1,FE_CAP1_2024_Cutoff_1.csv,3035,"Usha Mittal Institute of Technology SNDT  Women's University, Mumbai",303524210,Computer Science and Engineering,LSEBCS,State Level,163621,18.7028082,af33adac0ed1,False,True,VALID,VALID
2024-2025,CAP1,FE_CAP1_2024_Cutoff_1.csv,3035,"Usha Mittal Institute of Technology SNDT  Women's University, Mumbai",303524210,Computer Science and Engineering,"Legends: Starting character G-General, L-Ladies, End character H-Home University, O-Other than Home University,S-State Level, AI- All India Seat.S",State Level,43756,85.0743746,25a1c74886f0,False,True,INVALID_TEXT,CHECK_CATEGORY
2024-2025,CAP1,FE_CAP1_2024_Cutoff_1.csv,3035,"Usha Mittal Institute of Technology SNDT  Women's University, Mumbai",303524210,Computer Science and Engineering,Maharashtra State Seats - Cut Off Indicates Maharashtra State General Merit No.; Figures in bracket Indicates Merit Percentile.S,State Level,87700,67.6158803,d6bc967dfb45,False,True,INVALID_TEXT,CHECK_CATEGORY
2024-2025,CAP1,FE_CAP1_2024_Cutoff_1.csv,3035,"Usha Mittal Institute of Technology SNDT  Women's University, Mumbai",303524210,Computer Science and Engineering,DS,State Level,154585,27.1532908,b5b196d08433,False,True,VALID,VALID
2024-2025,CAP1,FE_CAP1_2024_Cutoff_1.csv,3035,"Usha Mittal Institute of Technology SNDT  Women's University, Mumbai",303524210,Computer Science and Engineering,State Common Entrance Test CellS,State Level,166180,16.2423214,f1d25642ad2f,False,True,INVALID_TEXT,CHECK_CATEGORY
2024-2025,CAP1,FE_CAP1_2024_Cutoff_1.csv,3035,"Usha Mittal Institute of Technology SNDT  Women's University, Mumbai",303524210,Computer Science and Engineering,Cut Off List for Maharashtra & Minority Seats of CAP Round I for Admission to First Year of Four YearS,State Level,92434,65.4406319,0de732e0fbb0,False,True,INVALID_TEXT,CHECK_CATEGORY
2024-2025,CAP1,FE_CAP1_2024_Cutoff_1.csv,3035,"Usha Mittal Institute of Technology SNDT  Women's University, Mumbai",303524210,Computer Science and Engineering,Degree Courses In Engineering and Technology & Master of Engineering and Technology (Integrated 5 Years) for the Year 2024-25S,State Level,115020,53.8203081,fdf0a030ccdc,False,True,INVALID_TEXT,CHECK_CATEGORY
2024-2025,CAP1,FE_CAP1_2024_Cutoff_1.csv,3035,"Usha Mittal Institute of Technology SNDT  Women's University, Mumbai",303524210,Computer Science and Engineering,LOPENS,State Level,51063,82.4585869,ad16973f487f,False,True,VALID,VALID
2024-2025,CAP1,FE_CAP1_2024_Cutoff_1.csv,3035,"Usha Mittal Institute of Technology SNDT  Women's University, Mumbai",303524210,Computer Science and Engineering,LSCS,State Level,56295,80.5358903,9a458564189f,False,True,VALID,VALID
2024-2025,CAP1,FE_CAP1_2024_Cutoff_1.csv,3035,"Usha Mittal Institute of Technology SNDT  Women's University, Mumbai",303524210,Computer Science and Engineering,LSTS,State Level,145034,34.8002089,2982ed5a6040,False,True,VALID,VALID
2024-2025,CAP1,FE_CAP1_2024_Cutoff_1.csv,3035,"Usha Mittal Institute of Technology SNDT  Women's University, Mumbai",303524210,Computer Science and Engineering,LVJS,State Level,142341,36.6283954,2ea7f889e345,False,True,VALID,VALID
2024-2025,CAP1,FE_CAP1_2024_Cutoff_1.csv,3035,"Usha Mittal Institute of Technology SNDT  Women's University, Mumbai",303524210,Computer Science and Engineering,LNT1S,State Level,73565,73.7743452,266d27b22a87,False,True,VALID,VALID
2024-2025,CAP1,FE_CAP1_2024_Cutoff_1.csv,3035,"Usha Mittal Institute of Technology SNDT  Women's University, Mumbai",303524210,Computer Science and Engineering,LOPENS,State Level,75593,72.8176141,10704c6a3b1a,False,True,VALID,VALID
2024-2025,CAP1,FE_CAP1_2024_Cutoff_1.csv,3035,"Usha Mittal Institute of Technology SNDT  Women's University, Mumbai",303524210,Computer Science and Engineering,LSCS,State Level,72130,74.2767378,17d4ba989229,False,True,VALID,VALID
2024-2025,CAP1,FE_CAP1_2024_Cutoff_1.csv,3035,"Usha Mittal Institute of Technology SNDT  Women's University, Mumbai",303524210,Computer Science and Engineering,LVJS,State Level,105114,59.8892661,aaed0bcb8508,False,True,VALID,VALID
2024-2025,CAP1,FE_CAP1_2024_Cutoff_1.csv,3035,"Usha Mittal Institute of Technology SNDT  Women's University, Mumbai",303524210,Computer Science and Engineering,LNT1S,State Level,90097,66.4751458,fc59e8efb71e,False,True,VALID,VALID
2024-2025,CAP1,FE_CAP1_2024_Cutoff_1.csv,3035,"Usha Mittal Institute of Technology SNDT  Women's University, Mumbai",303524210,Computer Science and Engineering,LNT2S,State Level,61495,78.4440843,f624c7637959,False,True,VALID,VALID
2024-2025,CAP1,FE_CAP1_2024_Cutoff_1.csv,3035,"Usha Mittal Institute of Technology SNDT  Women's University, Mumbai",303524210,Computer Science and Engineering,LNT3S,State Level,51842,82.0158422,c24dcca3b23e,False,True,VALID,VALID
2024-2025,CAP1,FE_CAP1_2024_Cutoff_1.csv,3035,"Usha Mittal Institute of Technology SNDT  Women's University, Mumbai",303524210,Computer Science and Engineering,LOBCS,State Level,121267,50.6004122,c7d1131ccef8,False,True,VALID,VALID
2024-2025,CAP1,FE_CAP1_2024_Cutoff_1.csv,3035,"Usha Mittal Institute of Technology SNDT  Women's University, Mumbai",303524210,Computer Science and Engineering,LSEBCS,State Level,56952,80.2358012,c5dc54b9e5c9,False,True,VALID,VALID
2024-2025,CAP1,FE_CAP1_2024_Cutoff_1.csv,3035,"Usha Mittal Institute of Technology SNDT  Women's University, Mumbai",303524210,Computer Science and Engineering,DEFOPENS,State Level,144905,34.8002089,859f40b7839e,False,True,VALID,VALID
2024-2025,CAP1,FE_CAP1_2024_Cutoff_1.csv,3139,"Vidyalankar Institute of Technology,Wadala, Mumbai",313946110.0,Bio Medical Engineering,EWS,State Level,112269,55.1151268,922f34d47fc0,False,True,VALID,VALID
2024-2025,CAP1,FE_CAP1_2024_Cutoff_1.csv,3139,"Vidyalankar Institute of Technology,Wadala, Mumbai",313946110.0,Bio Medical Engineering,EWS,State Level,19885,93.3794724,f11dae04c75e,False,True,VALID,VALID
2024-2025,CAP1,FE_CAP1_2024_Cutoff_1.csv,3215,"Bhartiya Vidya Bhavan's Sardar Patel Institute  of Technology , Andheri, Mumbai",321537210.0,Electronics and Telecommunication Engg,TFWS,State Level,2589,99.0749225,d6ffc34b63ad,False,True,VALID,VALID
2024-2025,CAP1,FE_CAP1_2024_Cutoff_1.csv,3215,"Bhartiya Vidya Bhavan's Sardar Patel Institute  of Technology , Andheri, Mumbai",321537210.0,Electronics and Telecommunication Engg,TFWS,State Level,4471,98.4718166,9e124063c3e3,False,True,VALID,VALID
2024-2025,CAP1,FE_CAP1_2024_Cutoff_1.csv,4304,"Cummins College of Engineering For Women, Sukhali (Gupchup), Tal. Hingna Hingna Nagpur",430461210,Mechanical Engineering,"Legends: Starting character G-General, L-Ladies, End character H-Home University, O-Other than Home University,S-State Level, AI- All India Seat.S",State Level,128162,46.2784017,9499474ed890,False,True,INVALID_TEXT,CHECK_CATEGORY
2024-2025,CAP1,FE_CAP1_2024_Cutoff_1.csv,4304,"Cummins College of Engineering For Women, Sukhali (Gupchup), Tal. Hingna Hingna Nagpur",430461210,Mechanical Engineering,"Legends: Starting character G-General, L-Ladies, End character H-Home University, O-Other than Home University,S-State Level, AI- All India Seat.S",State Level,75534,72.8411223,b715caee4ce9,False,True,INVALID_TEXT,CHECK_CATEGORY
2024-2025,CAP1,FE_CAP1_2024_Cutoff_1.csv,4304,"Cummins College of Engineering For Women, Sukhali (Gupchup), Tal. Hingna Hingna Nagpur",430461210,Mechanical Engineering,"Legends: Starting character G-General, L-Ladies, End character H-Home University, O-Other than Home University,S-State Level, AI- All India Seat.S",State Level,162411,19.5522021,083fade67e01,False,True,INVALID_TEXT,CHECK_CATEGORY
2024-2025,CAP1,FE_CAP1_2024_Cutoff_1.csv,5004,"Government College of Engineering, Jalgaon",500424510.0,Computer Engineering,S,State Level,52114,81.934184,0ce81948fac3,False,True,VALID,VALID
2024-2025,CAP1,FE_CAP1_2024_Cutoff_1.csv,5004,"Government College of Engineering, Jalgaon",500424510.0,Computer Engineering,S,State Level,41424,85.8632396,f2e1301621ad,False,True,VALID,VALID
2024-2025,CAP1,FE_CAP1_2024_Cutoff_1.csv,6005,"Government College of Engineering, Karad",600524610.0,Information Technology,S,State Level,18939,93.7135944,c60b9a764294,False,True,VALID,VALID
2024-2025,CAP1,FE_CAP1_2024_Cutoff_1.csv,6005,"Government College of Engineering, Karad",600524610.0,Information Technology,S,State Level,12931,95.7154137,3796b71e4cd6,False,True,VALID,VALID
2024-2025,CAP1,FE_CAP1_2024_Cutoff_1.csv,6007,"Walchand College of Engineering, Sangli",600719110.0,Civil Engineering,GOPENS,State Level,14599,95.1775609,0b170f20b440,False,True,VALID,VALID
2024-2025,CAP1,FE_CAP1_2024_Cutoff_1.csv,6007,"Walchand College of Engineering, Sangli",600719110.0,Civil Engineering,GSCS,State Level,12849,95.7445909,dd748ff88cb2,False,True,VALID,VALID
2024-2025,CAP1,FE_CAP1_2024_Cutoff_1.csv,6007,"Walchand College of Engineering, Sangli",600719110.0,Civil Engineering,GSTS,State Level,11887,96.0627006,25eef0181ecb,False,True,VALID,VALID
2024-2025,CAP1,FE_CAP1_2024_Cutoff_1.csv,6007,"Walchand College of Engineering, Sangli",600719110.0,Civil Engineering,GNT1S,State Level,36652,87.5036363,3c93db1c3a7e,False,True,VALID,VALID
2024-2025,CAP1,FE_CAP1_2024_Cutoff_1.csv,6007,"Walchand College of Engineering, Sangli",600719110.0,Civil Engineering,GNT2S,State Level,26957,90.9377099,d3bb2d5467df,False,True,VALID,VALID
2024-2025,CAP1,FE_CAP1_2024_Cutoff_1.csv,6007,"Walchand College of Engineering, Sangli",600719110.0,Civil Engineering,GNT3S,State Level,51846,82.0158422,754e826c8c48,False,True,VALID,VALID
2024-2025,CAP1,FE_CAP1_2024_Cutoff_1.csv,6007,"Walchand College of Engineering, Sangli",600719110.0,Civil Engineering,GOBCS,State Level,16228,94.5993915,e81aed4864da,False,True,VALID,VALID
2024-2025,CAP1,FE_CAP1_2024_Cutoff_1.csv,6007,"Walchand College of Engineering, Sangli",600719110.0,Civil Engineering,GSEBCS,State Level,19220,93.6592391,ec636d7dc56e,False,True,VALID,VALID
2024-2025,CAP1,FE_CAP1_2024_Cutoff_1.csv,6007,"Walchand College of Engineering, Sangli",600719110.0,Civil Engineering,LOPENS,State Level,15576,94.8244993,be1f176b36be,False,True,VALID,VALID
2024-2025,CAP1,FE_CAP1_2024_Cutoff_1.csv,6007,"Walchand College of Engineering, Sangli",600719110.0,Civil Engineering,LSCS,State Level,16410,94.565128,a837ea4307f6,False,True,VALID,VALID
2024-2025,CAP1,FE_CAP1_2024_Cutoff_1.csv,6007,"Walchand College of Engineering, Sangli",600719110.0,Civil Engineering,LSTS,State Level,29962,89.9196403,9e9d526bff99,False,True,VALID,VALID
2024-2025,CAP1,FE_CAP1_2024_Cutoff_1.csv,6007,"Walchand College of Engineering, Sangli",600719110.0,Civil Engineering,LNT2S,State Level,8795,97.0696299,68260f136662,False,True,VALID,VALID
2024-2025,CAP1,FE_CAP1_2024_Cutoff_1.csv,6007,"Walchand College of Engineering, Sangli",600719110.0,Civil Engineering,LOBCS,State Level,144112,35.2166182,efe60a9d4955,False,True,VALID,VALID
2024-2025,CAP1,FE_CAP1_2024_Cutoff_1.csv,6007,"Walchand College of Engineering, Sangli",600719110.0,Civil Engineering,LSEBCS,State Level,46242,84.1907754,a4aab95adbe8,False,True,VALID,VALID
2024-2025,CAP1,FE_CAP1_2024_Cutoff_1.csv,6007,"Walchand College of Engineering, Sangli",600719110.0,Civil Engineering,PWDOPENS,State Level,14712,95.1653374,a02dcc2c276e,False,True,VALID,VALID
2024-2025,CAP1,FE_CAP1_2024_Cutoff_1.csv,6007,"Walchand College of Engineering, Sangli",600719110.0,Civil Engineering,GOPENS,State Level,17576,94.163061,11c7fb23af9b,False,True,VALID,VALID
2024-2025,CAP1,FE_CAP1_2024_Cutoff_1.csv,6007,"Walchand College of Engineering, Sangli",600719110.0,Civil Engineering,GSCS,State Level,110847,56.5649954,1cb1c9aabda2,False,True,VALID,VALID
2024-2025,CAP1,FE_CAP1_2024_Cutoff_1.csv,6007,"Walchand College of Engineering, Sangli",600719110.0,Civil Engineering,GSTS,State Level,9440,96.8881345,de87a44a4292,False,True,VALID,VALID
2024-2025,CAP1,FE_CAP1_2024_Cutoff_1.csv,6007,"Walchand College of Engineering, Sangli",600719110.0,Civil Engineering,GNT1S,State Level,9080,96.9797234,5e6709da7ddf,False,True,VALID,VALID
2024-2025,CAP1,FE_CAP1_2024_Cutoff_1.csv,6007,"Walchand College of Engineering, Sangli",600719110.0,Civil Engineering,GNT2S,State Level,8947,97.0436452,bfe306c27156,False,True,VALID,VALID
2024-2025,CAP1,FE_CAP1_2024_Cutoff_1.csv,6007,"Walchand College of Engineering, Sangli",600719110.0,Civil Engineering,GNT3S,State Level,7042,97.6644641,4ffe4958676d,False,True,VALID,VALID
2024-2025,CAP1,FE_CAP1_2024_Cutoff_1.csv,6007,"Walchand College of Engineering, Sangli",600719110.0,Civil Engineering,GOBCS,State Level,6053,97.9679189,c00fd127a4f4,False,True,VALID,VALID
2024-2025,CAP1,FE_CAP1_2024_Cutoff_1.csv,6007,"Walchand College of Engineering, Sangli",600719110.0,Civil Engineering,GSEBCS,State Level,7093,97.6386926,fb06a45890a9,False,True,VALID,VALID
2024-2025,CAP1,FE_CAP1_2024_Cutoff_1.csv,6007,"Walchand College of Engineering, Sangli",600719110.0,Civil Engineering,LOPENS,State Level,25147,91.6093015,7e6db40b1464,False,True,VALID,VALID
2024-2025,CAP1,FE_CAP1_2024_Cutoff_1.csv,6007,"Walchand College of Engineering, Sangli",600719110.0,Civil Engineering,LSCS,State Level,32953,88.7813022,f8aed88c8be9,False,True,VALID,VALID
2024-2025,CAP1,FE_CAP1_2024_Cutoff_1.csv,6007,"Walchand College of Engineering, Sangli",600719110.0,Civil Engineering,LSTS,State Level,11469,96.2034445,eb611229711a,False,True,VALID,VALID
2024-2025,CAP1,FE_CAP1_2024_Cutoff_1.csv,6007,"Walchand College of Engineering, Sangli",600719110.0,Civil Engineering,LNT2S,State Level,9529,96.8688845,a22ae10966f8,False,True,VALID,VALID
2024-2025,CAP1,FE_CAP1_2024_Cutoff_1.csv,6007,"Walchand College of Engineering, Sangli",600719110.0,Civil Engineering,LOBCS,State Level,105135,59.8892661,f2573bd393eb,False,True,VALID,VALID
2024-2025,CAP1,FE_CAP1_2024_Cutoff_1.csv,6007,"Walchand College of Engineering, Sangli",600719110.0,Civil Engineering,LSEBCS,State Level,6203,97.9131886,2b7eb2b625bf,False,True,VALID,VALID
2024-2025,CAP1,FE_CAP1_2024_Cutoff_1.csv,6007,"Walchand College of Engineering, Sangli",600719110.0,Civil Engineering,PWDOPENS,State Level,34754,88.1886477,753fcef39555,False,True,VALID,VALID
2024-2025,CAP1,FE_CAP1_2024_Cutoff_1.csv,6007,"Walchand College of Engineering, Sangli",600724210.0,Computer Science and Engineering,GOPENS,State Level,1504,99.4300008,f41757f4c574,False,True,VALID,VALID
2024-2025,CAP1,FE_CAP1_2024_Cutoff_1.csv,6007,"Walchand College of Engineering, Sangli",600724210.0,Computer Science and Engineering,GSCS,State Level,7120,97.6202596,b3aa73d829a3,False,True,VALID,VALID
2024-2025,CAP1,FE_CAP1_2024_Cutoff_1.csv,6007,"Walchand College of Engineering, Sangli",600724210.0,Computer Science and Engineering,GSTS,State Level,29087,90.2921536,eb390491f902,False,True,VALID,VALID
2024-2025,CAP1,FE_CAP1_2024_Cutoff_1.csv,6007,"Walchand College of Engineering, Sangli",600724210.0,Computer Science and Engineering,GVJS,State Level,6757,97.7268949,d96da0eaaef1,False,True,VALID,VALID
2024-2025,CAP1,FE_CAP1_2024_Cutoff_1.csv,6007,"Walchand College of Engineering, Sangli",600724210.0,Computer Science and Engineering,GNT1S,State Level,5815,98.0461443,25ebe2137deb,False,True,VALID,VALID
2024-2025,CAP1,FE_CAP1_2024_Cutoff_1.csv,6007,"Walchand College of Engineering, Sangli",600724210.0,Computer Science and Engineering,GNT2S,State Level,2835,99.0007078,a849e79913eb,False,True,VALID,VALID
2024-2025,CAP1,FE_CAP1_2024_Cutoff_1.csv,6007,"Walchand College of Engineering, Sangli",600724210.0,Computer Science and Engineering,GNT3S,State Level,1679,99.3722719,d29783724913,False,True,VALID,VALID
2024-2025,CAP1,FE_CAP1_2024_Cutoff_1.csv,6007,"Walchand College of Engineering, Sangli",600724210.0,Computer Science and Engineering,GOBCS,State Level,2088,99.2422034,4b6b64211f9c,False,True,VALID,VALID
2024-2025,CAP1,FE_CAP1_2024_Cutoff_1.csv,6007,"Walchand College of Engineering, Sangli",600724210.0,Computer Science and Engineering,GSEBCS,State Level,2499,99.1049461,881f14135895,False,True,VALID,VALID
2024-2025,CAP1,FE_CAP1_2024_Cutoff_1.csv,6007,"Walchand College of Engineering, Sangli",600724210.0,Computer Science and Engineering,LOPENS,State Level,1893,99.3071067,4e011e0398d1,False,True,VALID,VALID
2024-2025,CAP1,FE_CAP1_2024_Cutoff_1.csv,6007,"Walchand College of Engineering, Sangli",600724210.0,Computer Science and Engineering,LSCS,State Level,10584,96.51345,79eca5c5752e,False,True,VALID,VALID
2024-2025,CAP1,FE_CAP1_2024_Cutoff_1.csv,6007,"Walchand College of Engineering, Sangli",600724210.0,Computer Science and Engineering,LSTS,State Level,39390,86.5743889,40022abff698,False,True,VALID,VALID
2024-2025,CAP1,FE_CAP1_2024_Cutoff_1.csv,6007,"Walchand College of Engineering, Sangli",600724210.0,Computer Science and Engineering,LOBCS,State Level,2533,99.0964733,4ca01438eb02,False,True,VALID,VALID
2024-2025,CAP1,FE_CAP1_2024_Cutoff_1.csv,6007,"Walchand College of Engineering, Sangli",600724210.0,Computer Science and Engineering,LSEBCS,State Level,2281,99.1773309,b4b6dea889d4,False,True,VALID,VALID
2024-2025,CAP1,FE_CAP1_2024_Cutoff_1.csv,6007,"Walchand College of Engineering, Sangli",600724210.0,Computer Science and Engineering,PWDOPENS,State Level,12281,95.9509457,e2cd40a193e6,False,True,VALID,VALID
2024-2025,CAP1,FE_CAP1_2024_Cutoff_1.csv,6007,"Walchand College of Engineering, Sangli",600724210.0,Computer Science and Engineering,PWDSCS,State Level,90609,66.0164943,e328f9f428eb,False,True,VALID,VALID
2024-2025,CAP1,FE_CAP1_2024_Cutoff_1.csv,6007,"Walchand College of Engineering, Sangli",600724210.0,Computer Science and Engineering,PWDOBCS,State Level,14221,95.2915264,1da320224747,False,True,VALID,VALID
2024-2025,CAP1,FE_CAP1_2024_Cutoff_1.csv,6007,"Walchand College of Engineering, Sangli",600724210.0,Computer Science and Engineering,DEFOPENS,State Level,3185,98.8801555,c411ae547f55,False,True,VALID,VALID
2024-2025,CAP1,FE_CAP1_2024_Cutoff_1.csv,6007,"Walchand College of Engineering, Sangli",600724210.0,Computer Science and Engineering,DEFSCS,State Level,16969,94.3462898,fe71d5f932e9,False,True,VALID,VALID
2024-2025,CAP1,FE_CAP1_2024_Cutoff_1.csv,6007,"Walchand College of Engineering, Sangli",600724210.0,Computer Science and Engineering,DEFOBCS,State Level,5538,98.1156916,9548b3ee068e,False,True,VALID,VALID
2024-2025,CAP1,FE_CAP1_2024_Cutoff_1.csv,6007,"Walchand College of Engineering, Sangli",600724210.0,Computer Science and Engineering,ORPHAN,State Level,35237,88.0535835,efb716d0047e,False,True,VALID,VALID
2024-2025,CAP1,FE_CAP1_2024_Cutoff_1.csv,6007,"Walchand College of Engineering, Sangli",600724210.0,Computer Science and Engineering,GOPENS,State Level,11664,96.1675401,91471885f86b,False,True,VALID,VALID
2024-2025,CAP1,FE_CAP1_2024_Cutoff_1.csv,6007,"Walchand College of Engineering, Sangli",600724210.0,Computer Science and Engineering,GSCS,State Level,42297,85.4541675,d7b18191677a,False,True,VALID,VALID
2024-2025,CAP1,FE_CAP1_2024_Cutoff_1.csv,6007,"Walchand College of Engineering, Sangli",600724210.0,Computer Science and Engineering,GSTS,State Level,9966,96.7229568,2da0d974a553,False,True,VALID,VALID
2024-2025,CAP1,FE_CAP1_2024_Cutoff_1.csv,6007,"Walchand College of Engineering, Sangli",600724210.0,Computer Science and Engineering,GVJS,State Level,8008,97.3352733,5cbd37b39ad5,False,True,VALID,VALID
2024-2025,CAP1,FE_CAP1_2024_Cutoff_1.csv,6007,"Walchand College of Engineering, Sangli",600724210.0,Computer Science and Engineering,GNT1S,State Level,4919,98.3270274,cfc99a729abb,False,True,VALID,VALID
2024-2025,CAP1,FE_CAP1_2024_Cutoff_1.csv,6007,"Walchand College of Engineering, Sangli",600724210.0,Computer Science and Engineering,GNT2S,State Level,3083,98.919503,60d36b53af66,False,True,VALID,VALID
2024-2025,CAP1,FE_CAP1_2024_Cutoff_1.csv,6007,"Walchand College of Engineering, Sangli",600724210.0,Computer Science and Engineering,GNT3S,State Level,3046,98.9308654,f8e61ab3566b,False,True,VALID,VALID
2024-2025,CAP1,FE_CAP1_2024_Cutoff_1.csv,6007,"Walchand College of Engineering, Sangli",600724210.0,Computer Science and Engineering,GOBCS,State Level,3331,98.8358603,c0d2c6d8a640,False,True,VALID,VALID
2024-2025,CAP1,FE_CAP1_2024_Cutoff_1.csv,6007,"Walchand College of Engineering, Sangli",600724210.0,Computer Science and Engineering,GSEBCS,State Level,3403,98.815609,d13aab0db2e4,False,True,VALID,VALID
2024-2025,CAP1,FE_CAP1_2024_Cutoff_1.csv,6007,"Walchand College of Engineering, Sangli",600724210.0,Computer Science and Engineering,LOPENS,State Level,16577,94.5198836,a48163a39643,False,True,VALID,VALID
2024-2025,CAP1,FE_CAP1_2024_Cutoff_1.csv,6007,"Walchand College of Engineering, Sangli",600724210.0,Computer Science and Engineering,LSCS,State Level,73296,73.7956676,7a38a5262218,False,True,VALID,VALID
2024-2025,CAP1,FE_CAP1_2024_Cutoff_1.csv,6007,"Walchand College of Engineering, Sangli",600724210.0,Computer Science and Engineering,LSTS,State Level,3584,98.7533942,c8491faa10e3,False,True,VALID,VALID
2024-2025,CAP1,FE_CAP1_2024_Cutoff_1.csv,6007,"Walchand College of Engineering, Sangli",600724210.0,Computer Science and Engineering,LOBCS,State Level,4987,98.2928759,5902607927d9,False,True,VALID,VALID
2024-2025,CAP1,FE_CAP1_2024_Cutoff_1.csv,6007,"Walchand College of Engineering, Sangli",600724210.0,Computer Science and Engineering,LSEBCS,State Level,40682,86.1322362,82c966fe99fc,False,True,VALID,VALID
2024-2025,CAP1,FE_CAP1_2024_Cutoff_1.csv,6007,"Walchand College of Engineering, Sangli",600724210.0,Computer Science and Engineering,PWDOPENS,State Level,148484,31.6234334,067367925d3f,False,True,VALID,VALID
2024-2025,CAP1,FE_CAP1_2024_Cutoff_1.csv,6007,"Walchand College of Engineering, Sangli",600724210.0,Computer Science and Engineering,PWDSCS,State Level,58631,79.5290328,aca41ea113e9,False,True,VALID,VALID
2024-2025,CAP1,FE_CAP1_2024_Cutoff_1.csv,6007,"Walchand College of Engineering, Sangli",600724210.0,Computer Science and Engineering,PWDOBCS,State Level,4608,98.4208777,fff144e77467,False,True,VALID,VALID
2024-2025,CAP1,FE_CAP1_2024_Cutoff_1.csv,6007,"Walchand College of Engineering, Sangli",600724210.0,Computer Science and Engineering,DEFOPENS,State Level,28233,90.5124049,95f198cfd05f,False,True,VALID,VALID
2024-2025,CAP1,FE_CAP1_2024_Cutoff_1.csv,6007,"Walchand College of Engineering, Sangli",600724210.0,Computer Science and Engineering,DEFSCS,State Level,9861,96.7476097,d99ce84e5c48,False,True,VALID,VALID
2024-2025,CAP1,FE_CAP1_2024_Cutoff_1.csv,6007,"Walchand College of Engineering, Sangli",600724210.0,Computer Science and Engineering,DEFOBCS,State Level,54832,81.0378274,01527f256704,False,True,VALID,VALID
2024-2025,CAP1,FE_CAP1_2024_Cutoff_1.csv,6007,"Walchand College of Engineering, Sangli",600724210.0,Computer Science and Engineering,ORPHAN,State Level,3632,98.7395659,6a375e3aab29,False,True,VALID,VALID
2024-2025,CAP1,FE_CAP1_2024_Cutoff_1.csv,6007,"Walchand College of Engineering, Sangli",600724610.0,Information Technology,GOPENS,State Level,4387,98.4966052,0cab6ef38545,False,True,VALID,VALID
2024-2025,CAP1,FE_CAP1_2024_Cutoff_1.csv,6007,"Walchand College of Engineering, Sangli",600724610.0,Information Technology,GSCS,State Level,3930,98.632301,f08ebff719c6,False,True,VALID,VALID
2024-2025,CAP1,FE_CAP1_2024_Cutoff_1.csv,6007,"Walchand College of Engineering, Sangli",600724610.0,Information Technology,GSTS,State Level,2497,99.1068447,ee71b6e2ef7e,False,True,VALID,VALID
2024-2025,CAP1,FE_CAP1_2024_Cutoff_1.csv,6007,"Walchand College of Engineering, Sangli",600724610.0,Information Technology,GVJS,State Level,2975,98.9444814,95ca8f1cc011,False,True,VALID,VALID
2024-2025,CAP1,FE_CAP1_2024_Cutoff_1.csv,6007,"Walchand College of Engineering, Sangli",600724610.0,Information Technology,GNT2S,State Level,3036,98.9309246,b49252f121cf,False,True,VALID,VALID
2024-2025,CAP1,FE_CAP1_2024_Cutoff_1.csv,6007,"Walchand College of Engineering, Sangli",600724610.0,Information Technology,GOBCS,State Level,53779,81.3894523,3dbc737477c1,False,True,VALID,VALID
2024-2025,CAP1,FE_CAP1_2024_Cutoff_1.csv,6007,"Walchand College of Engineering, Sangli",600724610.0,Information Technology,GSEBCS,State Level,26663,91.0655077,82300bce7ece,False,True,VALID,VALID
2024-2025,CAP1,FE_CAP1_2024_Cutoff_1.csv,6007,"Walchand College of Engineering, Sangli",600724610.0,Information Technology,LOPENS,State Level,13745,95.4632721,dc7f3eb0c3e3,False,True,VALID,VALID
2024-2025,CAP1,FE_CAP1_2024_Cutoff_1.csv,6007,"Walchand College of Engineering, Sangli",600724610.0,Information Technology,LSCS,State Level,5352,98.1942826,222d1b75c896,False,True,VALID,VALID
2024-2025,CAP1,FE_CAP1_2024_Cutoff_1.csv,6007,"Walchand College of Engineering, Sangli",600724610.0,Information Technology,LSTS,State Level,3777,98.6854705,88be71942aa1,False,True,VALID,VALID
2024-2025,CAP1,FE_CAP1_2024_Cutoff_1.csv,6007,"Walchand College of Engineering, Sangli",600724610.0,Information Technology,LNT2S,State Level,56350,80.5358903,424a868114f2,False,True,VALID,VALID
2024-2025,CAP1,FE_CAP1_2024_Cutoff_1.csv,6007,"Walchand College of Engineering, Sangli",600724610.0,Information Technology,LOBCS,State Level,1985,99.2800132,09c0629782a8,False,True,VALID,VALID
2024-2025,CAP1,FE_CAP1_2024_Cutoff_1.csv,6007,"Walchand College of Engineering, Sangli",600724610.0,Information Technology,LSEBCS,State Level,11038,96.3500312,6ff64b366466,False,True,VALID,VALID
2024-2025,CAP1,FE_CAP1_2024_Cutoff_1.csv,6007,"Walchand College of Engineering, Sangli",600724610.0,Information Technology,PWDOPENS,State Level,2116,99.2276696,934a02093407,False,True,VALID,VALID
2024-2025,CAP1,FE_CAP1_2024_Cutoff_1.csv,6007,"Walchand College of Engineering, Sangli",600724610.0,Information Technology,PWDOBCS,State Level,53431,81.4941569,8dbf682e8349,False,True,VALID,VALID
2024-2025,CAP1,FE_CAP1_2024_Cutoff_1.csv,6007,"Walchand College of Engineering, Sangli",600724610.0,Information Technology,DEFOPENS,State Level,5655,98.0941515,d856b7d4e332,False,True,VALID,VALID
2024-2025,CAP1,FE_CAP1_2024_Cutoff_1.csv,6007,"Walchand College of Engineering, Sangli",600724610.0,Information Technology,DEFOBCS,State Level,45964,84.2430574,8fe1288ae59a,False,True,VALID,VALID
2024-2025,CAP1,FE_CAP1_2024_Cutoff_1.csv,6007,"Walchand College of Engineering, Sangli",600724610.0,Information Technology,GOPENS,State Level,13416,95.5544287,df7a529440ef,False,True,VALID,VALID
2024-2025,CAP1,FE_CAP1_2024_Cutoff_1.csv,6007,"Walchand College of Engineering, Sangli",600724610.0,Information Technology,GSCS,State Level,56548,80.4298831,99428b9957f4,False,True,VALID,VALID
2024-2025,CAP1,FE_CAP1_2024_Cutoff_1.csv,6007,"Walchand College of Engineering, Sangli",600724610.0,Information Technology,GSTS,State Level,11183,96.3075569,7589c858a23e,False,True,VALID,VALID
2024-2025,CAP1,FE_CAP1_2024_Cutoff_1.csv,6007,"Walchand College of Engineering, Sangli",600724610.0,Information Technology,GVJS,State Level,9932,96.7460416,296d6517a4f8,False,True,VALID,VALID
2024-2025,CAP1,FE_CAP1_2024_Cutoff_1.csv,6007,"Walchand College of Engineering, Sangli",600724610.0,Information Technology,GNT2S,State Level,3380,98.8209939,29eda4ef85d7,False,True,VALID,VALID
2024-2025,CAP1,FE_CAP1_2024_Cutoff_1.csv,6007,"Walchand College of Engineering, Sangli",600724610.0,Information Technology,GOBCS,State Level,3545,98.7615842,f0c4def7e8d4,False,True,VALID,VALID
2024-2025,CAP1,FE_CAP1_2024_Cutoff_1.csv,6007,"Walchand College of Engineering, Sangli",600724610.0,Information Technology,GSEBCS,State Level,4295,98.5229984,900b1b8dc356,False,True,VALID,VALID
2024-2025,CAP1,FE_CAP1_2024_Cutoff_1.csv,6007,"Walchand College of Engineering, Sangli",600724610.0,Information Technology,LOPENS,State Level,21021,92.9851251,3dc55b0f936b,False,True,VALID,VALID
2024-2025,CAP1,FE_CAP1_2024_Cutoff_1.csv,6007,"Walchand College of Engineering, Sangli",600724610.0,Information Technology,LSCS,State Level,123407,48.8696809,590e684630d4,False,True,VALID,VALID
2024-2025,CAP1,FE_CAP1_2024_Cutoff_1.csv,6007,"Walchand College of Engineering, Sangli",600724610.0,Information Technology,LSTS,State Level,10563,96.5185052,0ac80dc5408d,False,True,VALID,VALID
2024-2025,CAP1,FE_CAP1_2024_Cutoff_1.csv,6007,"Walchand College of Engineering, Sangli",600724610.0,Information Technology,LNT2S,State Level,11804,96.1115923,3e02380cd586,False,True,VALID,VALID
2024-2025,CAP1,FE_CAP1_2024_Cutoff_1.csv,6007,"Walchand College of Engineering, Sangli",600724610.0,Information Technology,LOBCS,State Level,5110,98.2629654,3f1486fde0cf,False,True,VALID,VALID
2024-2025,CAP1,FE_CAP1_2024_Cutoff_1.csv,6007,"Walchand College of Engineering, Sangli",600724610.0,Information Technology,LSEBCS,State Level,59058,79.4895283,edf80276e2d2,False,True,VALID,VALID
2024-2025,CAP1,FE_CAP1_2024_Cutoff_1.csv,6007,"Walchand College of Engineering, Sangli",600724610.0,Information Technology,PWDOPENS,State Level,88467,67.5033807,3a9baaa67f64,False,True,VALID,VALID
2024-2025,CAP1,FE_CAP1_2024_Cutoff_1.csv,6007,"Walchand College of Engineering, Sangli",600724610.0,Information Technology,PWDOBCS,State Level,4821,98.3505694,2eb46855bfb6,False,True,VALID,VALID
2024-2025,CAP1,FE_CAP1_2024_Cutoff_1.csv,6007,"Walchand College of Engineering, Sangli",600724610.0,Information Technology,DEFOPENS,State Level,12816,95.7554907,9a4760ebcc48,False,True,VALID,VALID
2024-2025,CAP1,FE_CAP1_2024_Cutoff_1.csv,6007,"Walchand College of Engineering, Sangli",600724610.0,Information Technology,DEFOBCS,State Level,62895,77.8445199,cb4e40349947,False,True,VALID,VALID
2024-2025,CAP1,FE_CAP1_2024_Cutoff_1.csv,6007,"Walchand College of Engineering, Sangli",600761210.0,Mechanical Engineering,GOPENS,State Level,8678,97.1295005,df1daac1e93d,False,True,VALID,VALID
2024-2025,CAP1,FE_CAP1_2024_Cutoff_1.csv,6007,"Walchand College of Engineering, Sangli",600761210.0,Mechanical Engineering,GSCS,State Level,9747,96.769616,992971ef9ec4,False,True,VALID,VALID
2024-2025,CAP1,FE_CAP1_2024_Cutoff_1.csv,6007,"Walchand College of Engineering, Sangli",600761210.0,Mechanical Engineering,GSTS,State Level,27903,90.6140311,8b0418a1c304,False,True,VALID,VALID
2024-2025,CAP1,FE_CAP1_2024_Cutoff_1.csv,6007,"Walchand College of Engineering, Sangli",600761210.0,Mechanical Engineering,GVJS,State Level,177349,3.245658,e68cc0b4e349,False,True,VALID,VALID
2024-2025,CAP1,FE_CAP1_2024_Cutoff_1.csv,6007,"Walchand College of Engineering, Sangli",600761210.0,Mechanical Engineering,GNT2S,State Level,59577,79.1872032,04a50651e990,False,True,VALID,VALID
2024-2025,CAP1,FE_CAP1_2024_Cutoff_1.csv,6007,"Walchand College of Engineering, Sangli",600761210.0,Mechanical Engineering,GOBCS,State Level,30092,89.8755527,713dc899f962,False,True,VALID,VALID
2024-2025,CAP1,FE_CAP1_2024_Cutoff_1.csv,6007,"Walchand College of Engineering, Sangli",600761210.0,Mechanical Engineering,GSEBCS,State Level,41803,85.5759641,6e877178a9ce,False,True,VALID,VALID
2024-2025,CAP1,FE_CAP1_2024_Cutoff_1.csv,6007,"Walchand College of Engineering, Sangli",600761210.0,Mechanical Engineering,LOPENS,State Level,10501,96.5413029,7c680cefb7cd,False,True,VALID,VALID
2024-2025,CAP1,FE_CAP1_2024_Cutoff_1.csv,6007,"Walchand College of Engineering, Sangli",600761210.0,Mechanical Engineering,LSCS,State Level,12270,95.9509457,44a45e0937ac,False,True,VALID,VALID
2024-2025,CAP1,FE_CAP1_2024_Cutoff_1.csv,6007,"Walchand College of Engineering, Sangli",600761210.0,Mechanical Engineering,LSTS,State Level,77425,72.1239122,0de08f692104,False,True,VALID,VALID
2024-2025,CAP1,FE_CAP1_2024_Cutoff_1.csv,6007,"Walchand College of Engineering, Sangli",600761210.0,Mechanical Engineering,LOBCS,State Level,5178,98.2339153,c8a46f9cd4b8,False,True,VALID,VALID
2024-2025,CAP1,FE_CAP1_2024_Cutoff_1.csv,6007,"Walchand College of Engineering, Sangli",600761210.0,Mechanical Engineering,LSEBCS,State Level,129483,45.3423263,297122ea31c0,False,True,VALID,VALID
2024-2025,CAP1,FE_CAP1_2024_Cutoff_1.csv,6007,"Walchand College of Engineering, Sangli",600761210.0,Mechanical Engineering,PWDOPENS,State Level,33686,88.6037289,fe43dc78b67e,False,True,VALID,VALID
2024-2025,CAP1,FE_CAP1_2024_Cutoff_1.csv,6007,"Walchand College of Engineering, Sangli",600761210.0,Mechanical Engineering,DEFOPENS,State Level,97137,63.0759599,db4c4e0fa2e7,False,True,VALID,VALID
2024-2025,CAP1,FE_CAP1_2024_Cutoff_1.csv,6007,"Walchand College of Engineering, Sangli",600761210.0,Mechanical Engineering,GOPENS,State Level,14337,95.2642117,a302dbaca7d3,False,True,VALID,VALID
2024-2025,CAP1,FE_CAP1_2024_Cutoff_1.csv,6007,"Walchand College of Engineering, Sangli",600761210.0,Mechanical Engineering,GSCS,State Level,63210,77.8250739,48d536dc40f4,False,True,VALID,VALID
2024-2025,CAP1,FE_CAP1_2024_Cutoff_1.csv,6007,"Walchand College of Engineering, Sangli",600761210.0,Mechanical Engineering,GSTS,State Level,11839,96.0995605,0e900065e558,False,True,VALID,VALID
2024-2025,CAP1,FE_CAP1_2024_Cutoff_1.csv,6007,"Walchand College of Engineering, Sangli",600761210.0,Mechanical Engineering,GVJS,State Level,9218,96.936767,0d1189b127a8,False,True,VALID,VALID
2024-2025,CAP1,FE_CAP1_2024_Cutoff_1.csv,6007,"Walchand College of Engineering, Sangli",600761210.0,Mechanical Engineering,GNT2S,State Level,7075,97.6396277,3563ce115431,False,True,VALID,VALID
2024-2025,CAP1,FE_CAP1_2024_Cutoff_1.csv,6007,"Walchand College of Engineering, Sangli",600761210.0,Mechanical Engineering,GOBCS,State Level,4396,98.4966052,34af96d6fca5,False,True,VALID,VALID
2024-2025,CAP1,FE_CAP1_2024_Cutoff_1.csv,6007,"Walchand College of Engineering, Sangli",600761210.0,Mechanical Engineering,GSEBCS,State Level,4917,98.3270274,d31a59961b7e,False,True,VALID,VALID
2024-2025,CAP1,FE_CAP1_2024_Cutoff_1.csv,6007,"Walchand College of Engineering, Sangli",600761210.0,Mechanical Engineering,LOPENS,State Level,20938,93.0349499,871f4d5e0b66,False,True,VALID,VALID
2024-2025,CAP1,FE_CAP1_2024_Cutoff_1.csv,6007,"Walchand College of Engineering, Sangli",600761210.0,Mechanical Engineering,LSCS,State Level,86974,67.8622856,103c358fc4fc,False,True,VALID,VALID
2024-2025,CAP1,FE_CAP1_2024_Cutoff_1.csv,6007,"Walchand College of Engineering, Sangli",600761210.0,Mechanical Engineering,LSTS,State Level,11597,96.1761249,c363b4764539,False,True,VALID,VALID
2024-2025,CAP1,FE_CAP1_2024_Cutoff_1.csv,6007,"Walchand College of Engineering, Sangli",600761210.0,Mechanical Engineering,LOBCS,State Level,6377,97.857501,418847a705b2,False,True,VALID,VALID
2024-2025,CAP1,FE_CAP1_2024_Cutoff_1.csv,6007,"Walchand College of Engineering, Sangli",600761210.0,Mechanical Engineering,LSEBCS,State Level,18211,93.9690933,b6852b2baa84,False,True,VALID,VALID
2024-2025,CAP1,FE_CAP1_2024_Cutoff_1.csv,6007,"Walchand College of Engineering, Sangli",600761210.0,Mechanical Engineering,PWDOPENS,State Level,5861,98.0237629,cd2117f0385a,False,True,VALID,VALID
2024-2025,CAP1,FE_CAP1_2024_Cutoff_1.csv,6007,"Walchand College of Engineering, Sangli",600761210.0,Mechanical Engineering,DEFOPENS,State Level,17063,94.3331807,3b9aaf77d2fd,False,True,VALID,VALID
2024-2025,CAP1,FE_CAP1_2024_Cutoff_1.csv,6175,"Pimpri Chinchwad Education Trust, Pimpri Chinchwad College of Engineering, Pune",617524510.0,Computer Engineering,GOPENS,State Level,3645,98.7367021,b415ceb46cfa,False,True,VALID,VALID
2024-2025,CAP1,FE_CAP1_2024_Cutoff_1.csv,6175,"Pimpri Chinchwad Education Trust, Pimpri Chinchwad College of Engineering, Pune",617524510.0,Computer Engineering,GSCS,State Level,11757,96.1353059,2792004d1dae,False,True,VALID,VALID
2024-2025,CAP1,FE_CAP1_2024_Cutoff_1.csv,6175,"Pimpri Chinchwad Education Trust, Pimpri Chinchwad College of Engineering, Pune",617524510.0,Computer Engineering,GSTS,State Level,51170,82.4585869,9ad466aa70e4,False,True,VALID,VALID
2024-2025,CAP1,FE_CAP1_2024_Cutoff_1.csv,6175,"Pimpri Chinchwad Education Trust, Pimpri Chinchwad College of Engineering, Pune",617524510.0,Computer Engineering,GVJS,State Level,10595,96.51345,ad880c8a3379,False,True,VALID,VALID
2024-2025,CAP1,FE_CAP1_2024_Cutoff_1.csv,6175,"Pimpri Chinchwad Education Trust, Pimpri Chinchwad College of Engineering, Pune",617524510.0,Computer Engineering,GNT3S,State Level,7241,97.5872939,8e21e18ed3e8,False,True,VALID,VALID
2024-2025,CAP1,FE_CAP1_2024_Cutoff_1.csv,6175,"Pimpri Chinchwad Education Trust, Pimpri Chinchwad College of Engineering, Pune",617524510.0,Computer Engineering,GOBCS,State Level,4189,98.5638277,16ead1853c55,False,True,VALID,VALID
2024-2025,CAP1,FE_CAP1_2024_Cutoff_1.csv,6175,"Pimpri Chinchwad Education Trust, Pimpri Chinchwad College of Engineering, Pune",617524510.0,Computer Engineering,GSEBCS,State Level,5367,98.1913455,82180b0251cc,False,True,VALID,VALID
2024-2025,CAP1,FE_CAP1_2024_Cutoff_1.csv,6175,"Pimpri Chinchwad Education Trust, Pimpri Chinchwad College of Engineering, Pune",617524510.0,Computer Engineering,LOPENS,State Level,4047,98.5995678,b0c7f1824dcd,False,True,VALID,VALID
2024-2025,CAP1,FE_CAP1_2024_Cutoff_1.csv,6175,"Pimpri Chinchwad Education Trust, Pimpri Chinchwad College of Engineering, Pune",617524510.0,Computer Engineering,LSCS,State Level,17949,94.0591659,fe870aba154c,False,True,VALID,VALID
2024-2025,CAP1,FE_CAP1_2024_Cutoff_1.csv,6175,"Pimpri Chinchwad Education Trust, Pimpri Chinchwad College of Engineering, Pune",617524510.0,Computer Engineering,LSTS,State Level,56122,80.5896708,0b81a56fd089,False,True,VALID,VALID
2024-2025,CAP1,FE_CAP1_2024_Cutoff_1.csv,6175,"Pimpri Chinchwad Education Trust, Pimpri Chinchwad College of Engineering, Pune",617524510.0,Computer Engineering,LNT1S,State Level,13893,95.3912021,b643923a4185,False,True,VALID,VALID
2024-2025,CAP1,FE_CAP1_2024_Cutoff_1.csv,6175,"Pimpri Chinchwad Education Trust, Pimpri Chinchwad College of Engineering, Pune",617524510.0,Computer Engineering,LNT2S,State Level,11744,96.1463313,b5757258aa28,False,True,VALID,VALID
2024-2025,CAP1,FE_CAP1_2024_Cutoff_1.csv,6175,"Pimpri Chinchwad Education Trust, Pimpri Chinchwad College of Engineering, Pune",617524510.0,Computer Engineering,LOBCS,State Level,4395,98.4966052,aa47240e033f,False,True,VALID,VALID
2024-2025,CAP1,FE_CAP1_2024_Cutoff_1.csv,6175,"Pimpri Chinchwad Education Trust, Pimpri Chinchwad College of Engineering, Pune",617524510.0,Computer Engineering,LSEBCS,State Level,5814,98.0461443,19b8da0f353c,False,True,VALID,VALID
2024-2025,CAP1,FE_CAP1_2024_Cutoff_1.csv,6175,"Pimpri Chinchwad Education Trust, Pimpri Chinchwad College of Engineering, Pune",617524510.0,Computer Engineering,PWDOPENS,State Level,43104,85.2662319,285e122129cb,False,True,VALID,VALID
2024-2025,CAP1,FE_CAP1_2024_Cutoff_1.csv,6175,"Pimpri Chinchwad Education Trust, Pimpri Chinchwad College of Engineering, Pune",617524510.0,Computer Engineering,DEFOPENS,State Level,8999,97.0114171,ae17bb7e5f65,False,True,VALID,VALID
2024-2025,CAP1,FE_CAP1_2024_Cutoff_1.csv,6175,"Pimpri Chinchwad Education Trust, Pimpri Chinchwad College of Engineering, Pune",617524510.0,Computer Engineering,GOPENS,State Level,15849,94.7573875,cfa041be1dfd,False,True,VALID,VALID
2024-2025,CAP1,FE_CAP1_2024_Cutoff_1.csv,6175,"Pimpri Chinchwad Education Trust, Pimpri Chinchwad College of Engineering, Pune",617524510.0,Computer Engineering,GSCS,State Level,61375,78.4507504,d746b484b901,False,True,VALID,VALID
2024-2025,CAP1,FE_CAP1_2024_Cutoff_1.csv,6175,"Pimpri Chinchwad Education Trust, Pimpri Chinchwad College of Engineering, Pune",617524510.0,Computer Engineering,GSTS,State Level,12822,95.7554907,05f94d0f3f8d,False,True,VALID,VALID
2024-2025,CAP1,FE_CAP1_2024_Cutoff_1.csv,6175,"Pimpri Chinchwad Education Trust, Pimpri Chinchwad College of Engineering, Pune",617524510.0,Computer Engineering,GVJS,State Level,10489,96.5413029,42ba397a986d,False,True,VALID,VALID
2024-2025,CAP1,FE_CAP1_2024_Cutoff_1.csv,6175,"Pimpri Chinchwad Education Trust, Pimpri Chinchwad College of Engineering, Pune",617524510.0,Computer Engineering,GNT3S,State Level,5924,97.9963795,bb80778713a7,False,True,VALID,VALID
2024-2025,CAP1,FE_CAP1_2024_Cutoff_1.csv,6175,"Pimpri Chinchwad Education Trust, Pimpri Chinchwad College of Engineering, Pune",617524510.0,Computer Engineering,GOBCS,State Level,6775,97.7253043,af043c095daf,False,True,VALID,VALID
2024-2025,CAP1,FE_CAP1_2024_Cutoff_1.csv,6175,"Pimpri Chinchwad Education Trust, Pimpri Chinchwad College of Engineering, Pune",617524510.0,Computer Engineering,GSEBCS,State Level,5186,98.2339153,a780347461e2,False,True,VALID,VALID
2024-2025,CAP1,FE_CAP1_2024_Cutoff_1.csv,6175,"Pimpri Chinchwad Education Trust, Pimpri Chinchwad College of Engineering, Pune",617524510.0,Computer Engineering,LOPENS,State Level,19145,93.6707809,449df0c02af0,False,True,VALID,VALID
2024-2025,CAP1,FE_CAP1_2024_Cutoff_1.csv,6175,"Pimpri Chinchwad Education Trust, Pimpri Chinchwad College of Engineering, Pune",617524510.0,Computer Engineering,LSCS,State Level,60268,78.9969285,1f100f3c1302,False,True,VALID,VALID
2024-2025,CAP1,FE_CAP1_2024_Cutoff_1.csv,6175,"Pimpri Chinchwad Education Trust, Pimpri Chinchwad College of Engineering, Pune",617524510.0,Computer Engineering,LSTS,State Level,19412,93.5275353,5f14ac469c52,False,True,VALID,VALID
2024-2025,CAP1,FE_CAP1_2024_Cutoff_1.csv,6175,"Pimpri Chinchwad Education Trust, Pimpri Chinchwad College of Engineering, Pune",617524510.0,Computer Engineering,LNT1S,State Level,12118,95.9986676,2cf1861aca71,False,True,VALID,VALID
2024-2025,CAP1,FE_CAP1_2024_Cutoff_1.csv,6175,"Pimpri Chinchwad Education Trust, Pimpri Chinchwad College of Engineering, Pune",617524510.0,Computer Engineering,LNT2S,State Level,6354,97.8671924,72a48c893d7b,False,True,VALID,VALID
2024-2025,CAP1,FE_CAP1_2024_Cutoff_1.csv,6175,"Pimpri Chinchwad Education Trust, Pimpri Chinchwad College of Engineering, Pune",617524510.0,Computer Engineering,LOBCS,State Level,5419,98.167387,25589e284885,False,True,VALID,VALID
2024-2025,CAP1,FE_CAP1_2024_Cutoff_1.csv,6175,"Pimpri Chinchwad Education Trust, Pimpri Chinchwad College of Engineering, Pune",617524510.0,Computer Engineering,LSEBCS,State Level,64190,77.5959933,d5a4d082225d,False,True,VALID,VALID
2024-2025,CAP1,FE_CAP1_2024_Cutoff_1.csv,6175,"Pimpri Chinchwad Education Trust, Pimpri Chinchwad College of Engineering, Pune",617524510.0,Computer Engineering,PWDOPENS,State Level,14045,95.3474417,ab4d47787dd0,False,True,VALID,VALID
2024-2025,CAP1,FE_CAP1_2024_Cutoff_1.csv,6175,"Pimpri Chinchwad Education Trust, Pimpri Chinchwad College of Engineering, Pune",617524510.0,Computer Engineering,DEFOPENS,State Level,98543,62.795808,2c3d27c141cc,False,True,VALID,VALID
2024-2025,CAP1,FE_CAP1_2024_Cutoff_1.csv,6271,Pune Institute of Computer Technology,627137210.0,Electronics and Telecommunication Engg,TFWS,State Level,1649,99.3776269,fce96ebda85e,False,True,VALID,VALID
2024-2025,CAP1,FE_CAP1_2024_Cutoff_1.csv,6271,Pune Institute of Computer Technology,627137210.0,Electronics and Telecommunication Engg,PWDROBCS,State Level,28679,90.3886926,9e8f00074a87,False,True,VALID,VALID
2024-2025,CAP1,FE_CAP1_2024_Cutoff_1.csv,6271,Pune Institute of Computer Technology,627137210.0,Electronics and Telecommunication Engg,S,State Level,1381,99.4697548,cefb065d385b,False,True,VALID,VALID
2024-2025,CAP1,FE_CAP1_2024_Cutoff_1.csv,6271,Pune Institute of Computer Technology,627137210.0,Electronics and Telecommunication Engg,TFWS,State Level,1066,99.5742905,ae134d3050c3,False,True,VALID,VALID
2024-2025,CAP1,FE_CAP1_2024_Cutoff_1.csv,6271,Pune Institute of Computer Technology,627137210.0,Electronics and Telecommunication Engg,DEFRNT2S,State Level,3576,98.7533942,9d1acd910e12,False,True,VALID,VALID
2024-2025,CAP1,FE_CAP1_2024_Cutoff_1.csv,6271,Pune Institute of Computer Technology,627137210.0,Electronics and Telecommunication Engg,ORPHAN,State Level,30653,89.6994627,fb71b0086ef1,False,True,VALID,VALID
2024-2025,CAP1,FE_CAP1_2024_Cutoff_1.csv,6271,Pune Institute of Computer Technology,627137210.0,Electronics and Telecommunication Engg,TFWS,State Level,2283,99.1773309,d875154b4dd3,False,True,VALID,VALID
2024-2025,CAP1,FE_CAP1_2024_Cutoff_1.csv,6271,Pune Institute of Computer Technology,627137210.0,Electronics and Telecommunication Engg,PWDROBCS,State Level,43630,85.0982359,04752e134b71,False,True,VALID,VALID
2024-2025,CAP1,FE_CAP1_2024_Cutoff_1.csv,6271,Pune Institute of Computer Technology,627137210.0,Electronics and Telecommunication Engg,S,State Level,9656,96.7963079,70d343e6fdc1,False,True,VALID,VALID
2024-2025,CAP1,FE_CAP1_2024_Cutoff_1.csv,6271,Pune Institute of Computer Technology,627137210.0,Electronics and Telecommunication Engg,DEFRNT2S,State Level,81165,70.5008347,a4494ee6916d,False,True,VALID,VALID
2024-2025,CAP1,FE_CAP1_2024_Cutoff_1.csv,6271,Pune Institute of Computer Technology,627137210.0,Electronics and Telecommunication Engg,ORPHAN,State Level,4688,98.4076948,5f2f97950741,False,True,VALID,VALID
2024-2025,CAP1,FE_CAP1_2024_Cutoff_1.csv,6273,"Bansilal Ramnath Agarawal Charitable Trust's Vishwakarma Institute of Technology, Bibwewadi, Pune",627337210.0,Electronics and Telecommunication Engg,DEFSEBCS,State Level,20282,93.2547779,b3d3f7e32e08,False,True,VALID,VALID
2024-2025,CAP1,FE_CAP1_2024_Cutoff_1.csv,6273,"Bansilal Ramnath Agarawal Charitable Trust's Vishwakarma Institute of Technology, Bibwewadi, Pune",627337210.0,Electronics and Telecommunication Engg,TFWS,State Level,7101,97.6386926,fa5b2590083c,False,True,VALID,VALID
2024-2025,CAP1,FE_CAP1_2024_Cutoff_1.csv,6273,"Bansilal Ramnath Agarawal Charitable Trust's Vishwakarma Institute of Technology, Bibwewadi, Pune",627337210.0,Electronics and Telecommunication Engg,DEFRNT2S,State Level,19508,93.4923537,b1299e0246f6,False,True,VALID,VALID
2024-2025,CAP1,FE_CAP1_2024_Cutoff_1.csv,6273,"Bansilal Ramnath Agarawal Charitable Trust's Vishwakarma Institute of Technology, Bibwewadi, Pune",627337210.0,Electronics and Telecommunication Engg,DEFRNT3S,State Level,19305,93.5406895,df3a22db14f0,False,True,VALID,VALID
2024-2025,CAP1,FE_CAP1_2024_Cutoff_1.csv,6273,"Bansilal Ramnath Agarawal Charitable Trust's Vishwakarma Institute of Technology, Bibwewadi, Pune",627337210.0,Electronics and Telecommunication Engg,DEFSEBCS,State Level,72395,74.1162962,7b3f6baf1ca0,False,True,VALID,VALID
2024-2025,CAP1,FE_CAP1_2024_Cutoff_1.csv,6273,"Bansilal Ramnath Agarawal Charitable Trust's Vishwakarma Institute of Technology, Bibwewadi, Pune",627337210.0,Electronics and Telecommunication Engg,TFWS,State Level,71854,74.3614357,c5266eb66ad5,False,True,VALID,VALID
2024-2025,CAP1,FE_CAP1_2024_Cutoff_1.csv,6273,"Bansilal Ramnath Agarawal Charitable Trust's Vishwakarma Institute of Technology, Bibwewadi, Pune",627337210.0,Electronics and Telecommunication Engg,PWDROBCS,State Level,8655,97.1295005,c67e02ae9e10,False,True,VALID,VALID
2024-2025,CAP1,FE_CAP1_2024_Cutoff_1.csv,6273,"Bansilal Ramnath Agarawal Charitable Trust's Vishwakarma Institute of Technology, Bibwewadi, Pune",627337210.0,Electronics and Telecommunication Engg,S,State Level,8613,97.1408386,ab7dfd82a356,False,True,VALID,VALID
2024-2025,CAP1,FE_CAP1_2024_Cutoff_1.csv,6273,"Bansilal Ramnath Agarawal Charitable Trust's Vishwakarma Institute of Technology, Bibwewadi, Pune",627337210.0,Electronics and Telecommunication Engg,DEFRNT2S,State Level,7545,97.4724589,df9b01274745,False,True,VALID,VALID
2024-2025,CAP1,FE_CAP1_2024_Cutoff_1.csv,6273,"Bansilal Ramnath Agarawal Charitable Trust's Vishwakarma Institute of Technology, Bibwewadi, Pune",627337210.0,Electronics and Telecommunication Engg,DEFRNT3S,State Level,117768,52.2046883,9fa8cfeeac7b,False,True,VALID,VALID
2024-2025,CAP1,FE_CAP1_2024_Cutoff_1.csv,6273,"Bansilal Ramnath Agarawal Charitable Trust's Vishwakarma Institute of Technology, Bibwewadi, Pune",627337210.0,Electronics and Telecommunication Engg,DEFROBCS,State Level,5989,97.9810275,37d71133e61f,False,True,VALID,VALID
2024-2025,CAP1,FE_CAP1_2024_Cutoff_1.csv,6273,"Bansilal Ramnath Agarawal Charitable Trust's Vishwakarma Institute of Technology, Bibwewadi, Pune",627337210.0,Electronics and Telecommunication Engg,PWDROBCS,State Level,66297,76.5963466,b473aebdc0c2,False,True,VALID,VALID
2024-2025,CAP1,FE_CAP1_2024_Cutoff_1.csv,6273,"Bansilal Ramnath Agarawal Charitable Trust's Vishwakarma Institute of Technology, Bibwewadi, Pune",627337210.0,Electronics and Telecommunication Engg,S,State Level,13710,95.4728747,88de17fdc02b,False,True,VALID,VALID
2024-2025,CAP1,FE_CAP1_2024_Cutoff_1.csv,6273,"Bansilal Ramnath Agarawal Charitable Trust's Vishwakarma Institute of Technology, Bibwewadi, Pune",627337210.0,Electronics and Telecommunication Engg,DEFRNT3S,State Level,12244,95.9635156,e67cf7b438e1,False,True,VALID,VALID
2024-2025,CAP1,FE_CAP1_2024_Cutoff_1.csv,6273,"Bansilal Ramnath Agarawal Charitable Trust's Vishwakarma Institute of Technology, Bibwewadi, Pune",627337210.0,Electronics and Telecommunication Engg,DEFROBCS,State Level,176835,3.9959277,6f44aeca80c7,False,True,VALID,VALID
2024-2025,CAP1,FE_CAP1_2024_Cutoff_1.csv,6273,"Bansilal Ramnath Agarawal Charitable Trust's Vishwakarma Institute of Technology, Bibwewadi, Pune",627337210.0,Electronics and Telecommunication Engg,ORPHAN,State Level,7969,97.3469477,861267d9bad9,False,True,VALID,VALID
2024-2025,CAP1,FE_CAP1_2024_Cutoff_1.csv,6273,"Bansilal Ramnath Agarawal Charitable Trust's Vishwakarma Institute of Technology, Bibwewadi, Pune",627337210.0,Electronics and Telecommunication Engg,ORPHAN,State Level,123771,48.777949,e82a96652184,False,True,VALID,VALID
2024-2025,CAP1,FE_CAP1_2024_Cutoff_1.csv,6273,"Bansilal Ramnath Agarawal Charitable Trust's Vishwakarma Institute of Technology, Bibwewadi, Pune",627399510.0,Artificial Intelligence and Data Science,PWDROBCS,State Level,124600,48.0648514,e484218f450e,False,True,VALID,VALID
2024-2025,CAP1,FE_CAP1_2024_Cutoff_1.csv,6273,"Bansilal Ramnath Agarawal Charitable Trust's Vishwakarma Institute of Technology, Bibwewadi, Pune",627399510.0,Artificial Intelligence and Data Science,S,State Level,20032,93.3341645,9068ee4d0b43,False,True,VALID,VALID
2024-2025,CAP1,FE_CAP1_2024_Cutoff_1.csv,6273,"Bansilal Ramnath Agarawal Charitable Trust's Vishwakarma Institute of Technology, Bibwewadi, Pune",627399510.0,Artificial Intelligence and Data Science,DEFROBCS,State Level,86945,67.8622856,0827acfef9d4,False,True,VALID,VALID
2024-2025,CAP1,FE_CAP1_2024_Cutoff_1.csv,6273,"Bansilal Ramnath Agarawal Charitable Trust's Vishwakarma Institute of Technology, Bibwewadi, Pune",627399510.0,Artificial Intelligence and Data Science,ORPHAN,State Level,9599,96.8156011,3229a01a58e2,False,True,VALID,VALID
2024-2025,CAP1,FE_CAP1_2024_Cutoff_1.csv,6273,"Bansilal Ramnath Agarawal Charitable Trust's Vishwakarma Institute of Technology, Bibwewadi, Pune",627399510.0,Artificial Intelligence and Data Science,PWDROBCS,State Level,109817,57.0470967,f9b9212c2b1f,False,True,VALID,VALID
2024-2025,CAP1,FE_CAP1_2024_Cutoff_1.csv,6273,"Bansilal Ramnath Agarawal Charitable Trust's Vishwakarma Institute of Technology, Bibwewadi, Pune",627399510.0,Artificial Intelligence and Data Science,S,State Level,17687,94.115178,4d2ea36fa6ee,False,True,VALID,VALID
2024-2025,CAP1,FE_CAP1_2024_Cutoff_1.csv,6273,"Bansilal Ramnath Agarawal Charitable Trust's Vishwakarma Institute of Technology, Bibwewadi, Pune",627399510.0,Artificial Intelligence and Data Science,DEFROBCS,State Level,105018,59.8892661,b53cae0cc83e,False,True,VALID,VALID
2024-2025,CAP1,FE_CAP1_2024_Cutoff_1.csv,6273,"Bansilal Ramnath Agarawal Charitable Trust's Vishwakarma Institute of Technology, Bibwewadi, Pune",627399510.0,Artificial Intelligence and Data Science,ORPHAN,State Level,11380,96.2307277,4c24dbf5446b,False,True,VALID,VALID
2024-2025,CAP1,FE_CAP1_2024_Cutoff_1.csv,6276,"MKSSS's Cummins College of Engineering for Women, Karvenagar,Pune",627662410,Mechatronics Engineering,"Legends: Starting character G-General, L-Ladies, End character H-Home University, O-Other than Home University,S-State Level, AI- All India Seat.S",State Level,2160,99.2159715,19f31f86fb10,False,True,INVALID_TEXT,CHECK_CATEGORY
2024-2025,CAP1,FE_CAP1_2024_Cutoff_1.csv,6276,"MKSSS's Cummins College of Engineering for Women, Karvenagar,Pune",627662410,Mechatronics Engineering,Maharashtra State Seats - Cut Off Indicates Maharashtra State General Merit No.; Figures in bracket Indicates Merit Percentile.S,State Level,16448,94.5541467,eba0315a23db,False,True,INVALID_TEXT,CHECK_CATEGORY
2024-2025,CAP1,FE_CAP1_2024_Cutoff_1.csv,6276,"MKSSS's Cummins College of Engineering for Women, Karvenagar,Pune",627662410,Mechatronics Engineering,DS,State Level,49936,82.7776364,e2059f9439fc,False,True,VALID,VALID
2024-2025,CAP1,FE_CAP1_2024_Cutoff_1.csv,6276,"MKSSS's Cummins College of Engineering for Women, Karvenagar,Pune",627662410,Mechatronics Engineering,State Common Entrance Test CellS,State Level,8462,97.1866689,20817bdad85a,False,True,INVALID_TEXT,CHECK_CATEGORY
2024-2025,CAP1,FE_CAP1_2024_Cutoff_1.csv,6276,"MKSSS's Cummins College of Engineering for Women, Karvenagar,Pune",627662410,Mechatronics Engineering,Cut Off List for Maharashtra & Minority Seats of CAP Round I for Admission to First Year of Four YearS,State Level,9236,96.936767,9a4a4dbfbad7,False,True,INVALID_TEXT,CHECK_CATEGORY
2024-2025,CAP1,FE_CAP1_2024_Cutoff_1.csv,6276,"MKSSS's Cummins College of Engineering for Women, Karvenagar,Pune",627662410,Mechatronics Engineering,Degree Courses In Engineering and Technology & Master of Engineering and Technology (Integrated 5 Years) for the Year 2024-25S,State Level,8202,97.2746244,c4ae23e90589,False,True,INVALID_TEXT,CHECK_CATEGORY
2024-2025,CAP1,FE_CAP1_2024_Cutoff_1.csv,6276,"MKSSS's Cummins College of Engineering for Women, Karvenagar,Pune",627662410,Mechatronics Engineering,LOPENS,State Level,4953,98.3152612,5e2a0a7689b1,False,True,VALID,VALID
2024-2025,CAP1,FE_CAP1_2024_Cutoff_1.csv,6276,"MKSSS's Cummins College of Engineering for Women, Karvenagar,Pune",627662410,Mechatronics Engineering,LSCS,State Level,3300,98.840158,c16c644df71a,False,True,VALID,VALID
2024-2025,CAP1,FE_CAP1_2024_Cutoff_1.csv,6276,"MKSSS's Cummins College of Engineering for Women, Karvenagar,Pune",627662410,Mechatronics Engineering,LSTS,State Level,3928,98.632301,0d7c0e21ef67,False,True,VALID,VALID
2024-2025,CAP1,FE_CAP1_2024_Cutoff_1.csv,6276,"MKSSS's Cummins College of Engineering for Women, Karvenagar,Pune",627662410,Mechatronics Engineering,LVJS,State Level,31747,89.2835379,6ebc16b9f41e,False,True,VALID,VALID
2024-2025,CAP1,FE_CAP1_2024_Cutoff_1.csv,6276,"MKSSS's Cummins College of Engineering for Women, Karvenagar,Pune",627662410,Mechatronics Engineering,LNT1S,State Level,108003,57.3310702,865722417b54,False,True,VALID,VALID
2024-2025,CAP1,FE_CAP1_2024_Cutoff_1.csv,6276,"MKSSS's Cummins College of Engineering for Women, Karvenagar,Pune",627662410,Mechatronics Engineering,LNT2S,State Level,4884,98.3328981,c1c7e4950b04,False,True,VALID,VALID
2024-2025,CAP1,FE_CAP1_2024_Cutoff_1.csv,6276,"MKSSS's Cummins College of Engineering for Women, Karvenagar,Pune",627662410,Mechatronics Engineering,LNT3S,State Level,43591,85.0982359,753b50099e0f,False,True,VALID,VALID
2024-2025,CAP1,FE_CAP1_2024_Cutoff_1.csv,6276,"MKSSS's Cummins College of Engineering for Women, Karvenagar,Pune",627662410,Mechatronics Engineering,LOBCS,State Level,9290,96.9076289,bb59464f0116,False,True,VALID,VALID
2024-2025,CAP1,FE_CAP1_2024_Cutoff_1.csv,6276,"MKSSS's Cummins College of Engineering for Women, Karvenagar,Pune",627662410,Mechatronics Engineering,LSEBCS,State Level,10610,96.5111495,2c05d772e45f,False,True,VALID,VALID
2024-2025,CAP1,FE_CAP1_2024_Cutoff_1.csv,6276,"MKSSS's Cummins College of Engineering for Women, Karvenagar,Pune",627662410,Mechatronics Engineering,PWDOPENS,State Level,43561,85.0982359,f9507d25fb13,False,True,VALID,VALID
2024-2025,CAP1,FE_CAP1_2024_Cutoff_1.csv,6276,"MKSSS's Cummins College of Engineering for Women, Karvenagar,Pune",627662410,Mechatronics Engineering,PWDOBCS,State Level,7456,97.5292884,2dc884647a7f,False,True,VALID,VALID
2024-2025,CAP1,FE_CAP1_2024_Cutoff_1.csv,6276,"MKSSS's Cummins College of Engineering for Women, Karvenagar,Pune",627662410,Mechatronics Engineering,DEFOPENS,State Level,44639,84.6087386,aa93a43a4685,False,True,VALID,VALID
2024-2025,CAP1,FE_CAP1_2024_Cutoff_1.csv,6276,"MKSSS's Cummins College of Engineering for Women, Karvenagar,Pune",627662410,Mechatronics Engineering,DEFSCS,State Level,4248,98.5392956,c8181ad24620,False,True,VALID,VALID
2024-2025,CAP1,FE_CAP1_2024_Cutoff_1.csv,6276,"MKSSS's Cummins College of Engineering for Women, Karvenagar,Pune",627662410,Mechatronics Engineering,LOPENS,State Level,19186,93.6592391,90f89c130442,False,True,VALID,VALID
2024-2025,CAP1,FE_CAP1_2024_Cutoff_1.csv,6276,"MKSSS's Cummins College of Engineering for Women, Karvenagar,Pune",627662410,Mechatronics Engineering,LSCS,State Level,65628,76.7776254,13a0edba2199,False,True,VALID,VALID
2024-2025,CAP1,FE_CAP1_2024_Cutoff_1.csv,6276,"MKSSS's Cummins College of Engineering for Women, Karvenagar,Pune",627662410,Mechatronics Engineering,LSTS,State Level,11761,96.1353059,8dad94c5f31b,False,True,VALID,VALID
2024-2025,CAP1,FE_CAP1_2024_Cutoff_1.csv,6276,"MKSSS's Cummins College of Engineering for Women, Karvenagar,Pune",627662410,Mechatronics Engineering,LVJS,State Level,10434,96.5548768,cdc96a9f9418,False,True,VALID,VALID
2024-2025,CAP1,FE_CAP1_2024_Cutoff_1.csv,6276,"MKSSS's Cummins College of Engineering for Women, Karvenagar,Pune",627662410,Mechatronics Engineering,LNT1S,State Level,10495,96.5413029,c52de2129bba,False,True,VALID,VALID
2024-2025,CAP1,FE_CAP1_2024_Cutoff_1.csv,6276,"MKSSS's Cummins College of Engineering for Women, Karvenagar,Pune",627662410,Mechatronics Engineering,LNT2S,State Level,6612,97.7921424,6c9f95cdb73a,False,True,VALID,VALID
2024-2025,CAP1,FE_CAP1_2024_Cutoff_1.csv,6276,"MKSSS's Cummins College of Engineering for Women, Karvenagar,Pune",627662410,Mechatronics Engineering,LNT3S,State Level,4034,98.6114738,5e8e249ba437,False,True,VALID,VALID
2024-2025,CAP1,FE_CAP1_2024_Cutoff_1.csv,6276,"MKSSS's Cummins College of Engineering for Women, Karvenagar,Pune",627662410,Mechatronics Engineering,LOBCS,State Level,5690,98.0817663,ecb26228bbf6,False,True,VALID,VALID
2024-2025,CAP1,FE_CAP1_2024_Cutoff_1.csv,6276,"MKSSS's Cummins College of Engineering for Women, Karvenagar,Pune",627662410,Mechatronics Engineering,LSEBCS,State Level,57234,80.0921435,6401c25b59fd,False,True,VALID,VALID
2024-2025,CAP1,FE_CAP1_2024_Cutoff_1.csv,6276,"MKSSS's Cummins College of Engineering for Women, Karvenagar,Pune",627662410,Mechatronics Engineering,PWDOPENS,State Level,107825,57.414259,bcd530a806ca,False,True,VALID,VALID
2024-2025,CAP1,FE_CAP1_2024_Cutoff_1.csv,6276,"MKSSS's Cummins College of Engineering for Women, Karvenagar,Pune",627662410,Mechatronics Engineering,PWDOBCS,State Level,8302,97.2230306,690a4c81a9e6,False,True,VALID,VALID
2024-2025,CAP1,FE_CAP1_2024_Cutoff_1.csv,6276,"MKSSS's Cummins College of Engineering for Women, Karvenagar,Pune",627662410,Mechatronics Engineering,DEFOPENS,State Level,67966,76.0337773,92677922196c,False,True,VALID,VALID
2024-2025,CAP1,FE_CAP1_2024_Cutoff_1.csv,6276,"MKSSS's Cummins College of Engineering for Women, Karvenagar,Pune",627662410,Mechatronics Engineering,DEFSCS,State Level,12442,95.8725715,44c6e98ef83a,False,True,VALID,VALID
2024-2025,CAP1,FE_CAP1_2024_Cutoff_1.csv,6276,"MKSSS's Cummins College of Engineering for Women, Karvenagar,Pune",627662410,Mechatronics Engineering,DEFOBCS,State Level,100228,61.6354671,9e90383628ee,False,True,VALID,VALID
2024-2025,CAP1,FE_CAP1_2024_Cutoff_1.csv,6276,"MKSSS's Cummins College of Engineering for Women, Karvenagar,Pune",627662410,Mechatronics Engineering,LOPENS,State Level,27022,90.9279807,87506de1dee4,False,True,VALID,VALID
2024-2025,CAP1,FE_CAP1_2024_Cutoff_1.csv,6276,"MKSSS's Cummins College of Engineering for Women, Karvenagar,Pune",627662410,Mechatronics Engineering,LSCS,State Level,177191,3.5587921,082c97132d2f,False,True,VALID,VALID
2024-2025,CAP1,FE_CAP1_2024_Cutoff_1.csv,6276,"MKSSS's Cummins College of Engineering for Women, Karvenagar,Pune",627662410,Mechatronics Engineering,LSTS,State Level,32022,89.2149834,abd590dea25d,False,True,VALID,VALID
2024-2025,CAP1,FE_CAP1_2024_Cutoff_1.csv,6276,"MKSSS's Cummins College of Engineering for Women, Karvenagar,Pune",627662410,Mechatronics Engineering,LVJS,State Level,19502,93.4923537,f29cd736cc6a,False,True,VALID,VALID
2024-2025,CAP1,FE_CAP1_2024_Cutoff_1.csv,6276,"MKSSS's Cummins College of Engineering for Women, Karvenagar,Pune",627662410,Mechatronics Engineering,LNT1S,State Level,14231,95.2915264,46f8b6ddffb5,False,True,VALID,VALID
2024-2025,CAP1,FE_CAP1_2024_Cutoff_1.csv,6276,"MKSSS's Cummins College of Engineering for Women, Karvenagar,Pune",627662410,Mechatronics Engineering,LNT2S,State Level,18028,93.9958778,b456b2a135f4,False,True,VALID,VALID
2024-2025,CAP1,FE_CAP1_2024_Cutoff_1.csv,6276,"MKSSS's Cummins College of Engineering for Women, Karvenagar,Pune",627662410,Mechatronics Engineering,LNT3S,State Level,7141,97.6103421,eebe8433b608,False,True,VALID,VALID
2024-2025,CAP1,FE_CAP1_2024_Cutoff_1.csv,6276,"MKSSS's Cummins College of Engineering for Women, Karvenagar,Pune",627662410,Mechatronics Engineering,LOBCS,State Level,8034,97.3250291,37290ee091cb,False,True,VALID,VALID
2024-2025,CAP1,FE_CAP1_2024_Cutoff_1.csv,6276,"MKSSS's Cummins College of Engineering for Women, Karvenagar,Pune",627662410,Mechatronics Engineering,LSEBCS,State Level,174484,7.151896,de5a81ca0a0a,False,True,VALID,VALID
2024-2025,CAP1,FE_CAP1_2024_Cutoff_1.csv,6276,"MKSSS's Cummins College of Engineering for Women, Karvenagar,Pune",627662410,Mechatronics Engineering,PWDOPENS,State Level,12083,96.0032261,5604d958b7b0,False,True,VALID,VALID
2024-2025,CAP1,FE_CAP1_2024_Cutoff_1.csv,6276,"MKSSS's Cummins College of Engineering for Women, Karvenagar,Pune",627662410,Mechatronics Engineering,DEFOPENS,State Level,58905,79.4895283,18c51c6546d0,False,True,VALID,VALID
2024-2025,CAP1,FE_CAP1_2024_Cutoff_1.csv,6276,"MKSSS's Cummins College of Engineering for Women, Karvenagar,Pune",627662410,Mechatronics Engineering,DEFSCS,State Level,20504,93.1821856,818d4ebf5fec,False,True,VALID,VALID
2024-2025,CAP1,FE_CAP1_2024_Cutoff_1.csv,6276,"MKSSS's Cummins College of Engineering for Women, Karvenagar,Pune",627662410,Mechatronics Engineering,DEFOBCS,State Level,26643,91.0655077,bdf9979428a3,False,True,VALID,VALID
2024-2025,CAP1,FE_CAP1_2024_Cutoff_1.csv,6276,"MKSSS's Cummins College of Engineering for Women, Karvenagar,Pune",627662410,Mechatronics Engineering,DEFROBCS,State Level,10471,96.5441146,91e7f1f3aafc,False,True,VALID,VALID
2024-2025,CAP1,FE_CAP1_2024_Cutoff_1.csv,6276,"MKSSS's Cummins College of Engineering for Women, Karvenagar,Pune",627662410,Mechatronics Engineering,LOPENS,State Level,53750,81.3894523,01ca64867519,False,True,VALID,VALID
2024-2025,CAP1,FE_CAP1_2024_Cutoff_1.csv,6276,"MKSSS's Cummins College of Engineering for Women, Karvenagar,Pune",627662410,Mechatronics Engineering,LSCS,State Level,126790,46.5102928,2a8d267894d6,False,True,VALID,VALID
2024-2025,CAP1,FE_CAP1_2024_Cutoff_1.csv,6276,"MKSSS's Cummins College of Engineering for Women, Karvenagar,Pune",627662410,Mechatronics Engineering,LSTS,State Level,50170,82.7090241,2b7bf565cb5c,False,True,VALID,VALID
2024-2025,CAP1,FE_CAP1_2024_Cutoff_1.csv,6276,"MKSSS's Cummins College of Engineering for Women, Karvenagar,Pune",627662410,Mechatronics Engineering,LVJS,State Level,21469,92.8488216,fa2f470bdf47,False,True,VALID,VALID
2024-2025,CAP1,FE_CAP1_2024_Cutoff_1.csv,6276,"MKSSS's Cummins College of Engineering for Women, Karvenagar,Pune",627662410,Mechatronics Engineering,LNT1S,State Level,17466,94.2061358,eacfde1c6952,False,True,VALID,VALID
2024-2025,CAP1,FE_CAP1_2024_Cutoff_1.csv,6276,"MKSSS's Cummins College of Engineering for Women, Karvenagar,Pune",627662410,Mechatronics Engineering,LNT2S,State Level,14653,95.1705464,27cc82d1d026,False,True,VALID,VALID
2024-2025,CAP1,FE_CAP1_2024_Cutoff_1.csv,6276,"MKSSS's Cummins College of Engineering for Women, Karvenagar,Pune",627662410,Mechatronics Engineering,LOBCS,State Level,21691,92.7610886,a1462e207a6e,False,True,VALID,VALID
2024-2025,CAP1,FE_CAP1_2024_Cutoff_1.csv,6276,"MKSSS's Cummins College of Engineering for Women, Karvenagar,Pune",627662410,Mechatronics Engineering,LSEBCS,State Level,16610,94.4796463,4137c2afe062,False,True,VALID,VALID
2024-2025,CAP1,FE_CAP1_2024_Cutoff_1.csv,6276,"MKSSS's Cummins College of Engineering for Women, Karvenagar,Pune",627662410,Mechatronics Engineering,DEFOPENS,State Level,47695,83.5806009,9be526a0bdbb,False,True,VALID,VALID
2024-2025,CAP1,FE_CAP1_2024_Cutoff_1.csv,6276,"MKSSS's Cummins College of Engineering for Women, Karvenagar,Pune",627662410,Mechatronics Engineering,DEFROBCS,State Level,28017,90.5913294,a0d659123bba,False,True,VALID,VALID
2024-2025,CAP1,FE_CAP1_2024_Cutoff_1.csv,6276,"MKSSS's Cummins College of Engineering for Women, Karvenagar,Pune",627662410,Mechatronics Engineering,"Legends: Starting character G-General, L-Ladies, End character H-Home University, O-Other than Home University,S-State Level, AI- All India Seat.S",State Level,9513,96.8688845,a8c41fa63516,False,True,INVALID_TEXT,CHECK_CATEGORY
2024-2025,CAP1,FE_CAP1_2024_Cutoff_1.csv,6276,"MKSSS's Cummins College of Engineering for Women, Karvenagar,Pune",627662410,Mechatronics Engineering,Maharashtra State Seats - Cut Off Indicates Maharashtra State General Merit No.; Figures in bracket Indicates Merit Percentile.S,State Level,41962,85.5052176,51712bf90cb6,False,True,INVALID_TEXT,CHECK_CATEGORY
2024-2025,CAP1,FE_CAP1_2024_Cutoff_1.csv,6276,"MKSSS's Cummins College of Engineering for Women, Karvenagar,Pune",627662410,Mechatronics Engineering,DS,State Level,80236,70.8722936,f61ed000a169,False,True,VALID,VALID
2024-2025,CAP1,FE_CAP1_2024_Cutoff_1.csv,6276,"MKSSS's Cummins College of Engineering for Women, Karvenagar,Pune",627662410,Mechatronics Engineering,State Common Entrance Test CellS,State Level,43369,85.2125768,f51eec196ef2,False,True,INVALID_TEXT,CHECK_CATEGORY
2024-2025,CAP1,FE_CAP1_2024_Cutoff_1.csv,6276,"MKSSS's Cummins College of Engineering for Women, Karvenagar,Pune",627662410,Mechatronics Engineering,Cut Off List for Maharashtra & Minority Seats of CAP Round I for Admission to First Year of Four YearS,State Level,17423,94.2112699,b360fdc7bc3f,False,True,INVALID_TEXT,CHECK_CATEGORY
2024-2025,CAP1,FE_CAP1_2024_Cutoff_1.csv,6276,"MKSSS's Cummins College of Engineering for Women, Karvenagar,Pune",627662410,Mechatronics Engineering,Degree Courses In Engineering and Technology & Master of Engineering and Technology (Integrated 5 Years) for the Year 2024-25S,State Level,22003,92.66353,4cec18021c5e,False,True,INVALID_TEXT,CHECK_CATEGORY
2024-2025,CAP1,FE_CAP1_2024_Cutoff_1.csv,6276,"MKSSS's Cummins College of Engineering for Women, Karvenagar,Pune",627662410,Mechatronics Engineering,LOPENS,State Level,24263,91.9110293,65eab56a7fc5,False,True,VALID,VALID
2024-2025,CAP1,FE_CAP1_2024_Cutoff_1.csv,6276,"MKSSS's Cummins College of Engineering for Women, Karvenagar,Pune",627662410,Mechatronics Engineering,LSCS,State Level,12086,96.0032261,0adaa998ed67,False,True,VALID,VALID
2024-2025,CAP1,FE_CAP1_2024_Cutoff_1.csv,6276,"MKSSS's Cummins College of Engineering for Women, Karvenagar,Pune",627662410,Mechatronics Engineering,LSTS,State Level,15473,94.8376426,10525c73b9c0,False,True,VALID,VALID
2024-2025,CAP1,FE_CAP1_2024_Cutoff_1.csv,6276,"MKSSS's Cummins College of Engineering for Women, Karvenagar,Pune",627662410,Mechatronics Engineering,LVJS,State Level,30754,89.591785,274e7ac0a35b,False,True,VALID,VALID
2024-2025,CAP1,FE_CAP1_2024_Cutoff_1.csv,6276,"MKSSS's Cummins College of Engineering for Women, Karvenagar,Pune",627662410,Mechatronics Engineering,LNT1S,State Level,55197,80.7858869,575fe2cc6286,False,True,VALID,VALID
2024-2025,CAP1,FE_CAP1_2024_Cutoff_1.csv,6276,"MKSSS's Cummins College of Engineering for Women, Karvenagar,Pune",627662410,Mechatronics Engineering,LNT2S,State Level,17939,94.0591659,d8ba4d0e1941,False,True,VALID,VALID
2024-2025,CAP1,FE_CAP1_2024_Cutoff_1.csv,6285,"Bharati Vidyapeeth's College of Engineering for Women, Katraj, Dhankawadi, Pune",628599510,Artificial Intelligence and Data Science,"Legends: Starting character G-General, L-Ladies, End character H-Home University, O-Other than Home University,S-State Level, AI- All India Seat.S",State Level,27074,90.9017918,4b4c57671a54,False,True,INVALID_TEXT,CHECK_CATEGORY
2024-2025,CAP1,FE_CAP1_2024_Cutoff_1.csv,6285,"Bharati Vidyapeeth's College of Engineering for Women, Katraj, Dhankawadi, Pune",628599510,Artificial Intelligence and Data Science,Maharashtra State Seats - Cut Off Indicates Maharashtra State General Merit No.; Figures in bracket Indicates Merit Percentile.S,State Level,37720,87.1298889,fa0d526c62d0,False,True,INVALID_TEXT,CHECK_CATEGORY
2024-2025,CAP1,FE_CAP1_2024_Cutoff_1.csv,6285,"Bharati Vidyapeeth's College of Engineering for Women, Katraj, Dhankawadi, Pune",628599510,Artificial Intelligence and Data Science,DS,State Level,26479,91.1978661,85f3f24fc34e,False,True,VALID,VALID
2024-2025,CAP1,FE_CAP1_2024_Cutoff_1.csv,6285,"Bharati Vidyapeeth's College of Engineering for Women, Katraj, Dhankawadi, Pune",628599510,Artificial Intelligence and Data Science,"Legends: Starting character G-General, L-Ladies, End character H-Home University, O-Other than Home University,S-State Level, AI- All India Seat.S",State Level,33327,88.7353399,7fb7911ad2e9,False,True,INVALID_TEXT,CHECK_CATEGORY
2024-2025,CAP1,FE_CAP1_2024_Cutoff_1.csv,6285,"Bharati Vidyapeeth's College of Engineering for Women, Katraj, Dhankawadi, Pune",628599510,Artificial Intelligence and Data Science,Maharashtra State Seats - Cut Off Indicates Maharashtra State General Merit No.; Figures in bracket Indicates Merit Percentile.S,State Level,39378,86.5743889,2b0a7aa45a56,False,True,INVALID_TEXT,CHECK_CATEGORY
2024-2025,CAP1,FE_CAP1_2024_Cutoff_1.csv,6285,"Bharati Vidyapeeth's College of Engineering for Women, Katraj, Dhankawadi, Pune",628599510,Artificial Intelligence and Data Science,DS,State Level,32144,89.1373005,79af91f591ff,False,True,VALID,VALID
2024-2025,CAP1,FE_CAP1_2024_Cutoff_1.csv,6285,"Bharati Vidyapeeth's College of Engineering for Women, Katraj, Dhankawadi, Pune",628599510,Artificial Intelligence and Data Science,"Legends: Starting character G-General, L-Ladies, End character H-Home University, O-Other than Home University,S-State Level, AI- All India Seat.S",State Level,55728,80.6344635,72a5398b2015,False,True,INVALID_TEXT,CHECK_CATEGORY
2024-2025,CAP1,FE_CAP1_2024_Cutoff_1.csv,6285,"Bharati Vidyapeeth's College of Engineering for Women, Katraj, Dhankawadi, Pune",628599510,Artificial Intelligence and Data Science,Maharashtra State Seats - Cut Off Indicates Maharashtra State General Merit No.; Figures in bracket Indicates Merit Percentile.S,State Level,85108,68.7156482,8849bee88237,False,True,INVALID_TEXT,CHECK_CATEGORY
2024-2025,CAP1,FE_CAP1_2024_Cutoff_1.csv,6285,"Bharati Vidyapeeth's College of Engineering for Women, Katraj, Dhankawadi, Pune",628599510,Artificial Intelligence and Data Science,DS,State Level,77397,72.1239122,b21d4c3f15ec,False,True,VALID,VALID
2024-2025,CAP1,FE_CAP1_2024_Cutoff_1.csv,6938,Shree Siddheshwar Women's College Of Engineering Solapur.,693884410,Electronics and Computer Engineering,"Legends: Starting character G-General, L-Ladies, End character H-Home University, O-Other than Home University,S-State Level, AI- All India Seat.S",State Level,141044,37.6014199,816bc5060fa9,False,True,INVALID_TEXT,CHECK_CATEGORY
2024-2025,CAP1,FE_CAP1_2024_Cutoff_1.csv,6938,Shree Siddheshwar Women's College Of Engineering Solapur.,693884410,Electronics and Computer Engineering,"Legends: Starting character G-General, L-Ladies, End character H-Home University, O-Other than Home University,S-State Level, AI- All India Seat.S",State Level,143258,35.5925864,116f70a39ba6,False,True,INVALID_TEXT,CHECK_CATEGORY
2024-2025,CAP1,FE_CAP1_2024_Cutoff_1.csv,6938,Shree Siddheshwar Women's College Of Engineering Solapur.,693884410,Electronics and Computer Engineering,"Legends: Starting character G-General, L-Ladies, End character H-Home University, O-Other than Home University,S-State Level, AI- All India Seat.S",State Level,113501,54.3920183,c1d5b6b3416e,False,True,INVALID_TEXT,CHECK_CATEGORY
2024-2025,CAP1,FE_CAP1_2024_Cutoff_1.csv,6938,Shree Siddheshwar Women's College Of Engineering Solapur.,693884410,Electronics and Computer Engineering,"Legends: Starting character G-General, L-Ladies, End character H-Home University, O-Other than Home University,S-State Level, AI- All India Seat.S",State Level,132946,42.8773305,90e4392b4fec,False,True,INVALID_TEXT,CHECK_CATEGORY
2024-2025,CAP1,FE_CAP1_2024_Cutoff_1.csv,6938,Shree Siddheshwar Women's College Of Engineering Solapur.,693884410,Electronics and Computer Engineering,"Legends: Starting character G-General, L-Ladies, End character H-Home University, O-Other than Home University,S-State Level, AI- All India Seat.S",State Level,110722,56.5649954,798f02cd8df5,False,True,INVALID_TEXT,CHECK_CATEGORY
2024-2025,CAP1,FE_CAP1_2024_Cutoff_1.csv,16006,COEP Technological University,1600629310.0,Electrical Engineering,PWDROBCS,State Level,22809,92.4262209,e9fbca375908,False,True,VALID,VALID
2024-2025,CAP1,FE_CAP1_2024_Cutoff_1.csv,16006,COEP Technological University,1600629310.0,Electrical Engineering,S,State Level,6059,97.9679189,4646e391fb91,False,True,VALID,VALID
2024-2025,CAP1,FE_CAP1_2024_Cutoff_1.csv,16006,COEP Technological University,1600629310.0,Electrical Engineering,S,State Level,3327,98.8358603,70c15ddec752,False,True,VALID,VALID
2024-2025,CAP1,FE_CAP1_2024_Cutoff_1.csv,16006,COEP Technological University,1600629310.0,Electrical Engineering,PWDROBCS,State Level,3757,98.7008251,537f87d02a66,False,True,VALID,VALID
2024-2025,CAP1,FE_CAP1_2024_Cutoff_1.csv,16006,COEP Technological University,1600629310.0,Electrical Engineering,S,State Level,395,99.8330551,91f32e6ace7d,False,True,VALID,VALID
2024-2025,CAP1,FE_CAP1_2024_Cutoff_1.csv,16006,COEP Technological University,1600662710.0,Manufacturing Science and Engineering,PWDRSEBC,State Level,58458,79.5290328,4b3c3bd6aa0a,False,True,VALID,VALID
2024-2025,CAP1,FE_CAP1_2024_Cutoff_1.csv,16006,COEP Technological University,1600662710.0,Manufacturing Science and Engineering,S,State Level,24999,91.6345444,8e1e6b3b615c,False,True,VALID,VALID
2024-2025,CAP1,FE_CAP1_2024_Cutoff_1.csv,16006,COEP Technological University,1600662710.0,Manufacturing Science and Engineering,DEFRSEBC,State Level,11142,96.3424669,582d1599909a,False,True,VALID,VALID
2024-2025,CAP1,FE_CAP1_2024_Cutoff_1.csv,16006,COEP Technological University,1600662710.0,Manufacturing Science and Engineering,PWDRSEBC,State Level,43339,85.2125768,c2769e17d2e4,False,True,VALID,VALID
2024-2025,CAP1,FE_CAP1_2024_Cutoff_1.csv,16006,COEP Technological University,1600662710.0,Manufacturing Science and Engineering,S,State Level,10942,96.3844907,62267276e2bc,False,True,VALID,VALID
2024-2025,CAP1,FE_CAP1_2024_Cutoff_1.csv,16006,COEP Technological University,1600662710.0,Manufacturing Science and Engineering,DEFRSEBC,State Level,34735,88.1886477,057646ea7046,False,True,VALID,VALID
2024-2025,CAP1,FE_CAP1_2024_Cutoff_1.csv,16006,COEP Technological University,1600662710.0,Manufacturing Science and Engineering,S,State Level,5631,98.0953593,7671c81cc9b6,False,True,VALID,VALID
2024-2025,CAP2,FE_CAP2_2024_Cutoff_2.csv,1105,"Prof. Ram Meghe Institute of Technology & Research, Amravati",110519110.0,Civil Engineering,I-NonS,State Level,109616,57.0470967,d00eaa5bac36,False,True,VALID,VALID
2024-2025,CAP2,FE_CAP2_2024_Cutoff_2.csv,1105,"Prof. Ram Meghe Institute of Technology & Research, Amravati",110519110.0,Civil Engineering,I-NonS,State Level,89949,66.4751458,e86d2f0f6d32,False,True,VALID,VALID
2024-2025,CAP2,FE_CAP2_2024_Cutoff_2.csv,1105,"Prof. Ram Meghe Institute of Technology & Research, Amravati",110524210.0,Computer Science and Engineering,I-NonS,State Level,62023,78.1973837,5e045aa5b9c0,False,True,VALID,VALID
2024-2025,CAP2,FE_CAP2_2024_Cutoff_2.csv,1105,"Prof. Ram Meghe Institute of Technology & Research, Amravati",110524210.0,Computer Science and Engineering,I-NonS,State Level,30241,89.8015148,c15139ee9d60,False,True,VALID,VALID
2024-2025,CAP2,FE_CAP2_2024_Cutoff_2.csv,1105,"Prof. Ram Meghe Institute of Technology & Research, Amravati",110526310.0,Artificial Intelligence (AI) and Data Science,I-NonS,State Level,41102,85.9711131,d67ea4bde78e,False,True,VALID,VALID
2024-2025,CAP2,FE_CAP2_2024_Cutoff_2.csv,1105,"Prof. Ram Meghe Institute of Technology & Research, Amravati",110526310.0,Artificial Intelligence (AI) and Data Science,I-NonS,State Level,40463,86.1433391,b8707faee51f,False,True,VALID,VALID
2024-2025,CAP2,FE_CAP2_2024_Cutoff_2.csv,1105,"Prof. Ram Meghe Institute of Technology & Research, Amravati",110526710.0,Computer Science and Engineering (IoT),I-NonS,State Level,56460,80.4298831,fcb32b8ed666,False,True,VALID,VALID
2024-2025,CAP2,FE_CAP2_2024_Cutoff_2.csv,1105,"Prof. Ram Meghe Institute of Technology & Research, Amravati",110526710.0,Computer Science and Engineering (IoT),I-NonS,State Level,48470,83.4009466,2c685035fd52,False,True,VALID,VALID
2024-2025,CAP2,FE_CAP2_2024_Cutoff_2.csv,1105,"Prof. Ram Meghe Institute of Technology & Research, Amravati",110537210.0,Electronics and Telecommunication Engg,I-NonS,State Level,59442,79.3458895,d622a60dc9fe,False,True,VALID,VALID
2024-2025,CAP2,FE_CAP2_2024_Cutoff_2.csv,1105,"Prof. Ram Meghe Institute of Technology & Research, Amravati",110537210.0,Electronics and Telecommunication Engg,I-NonS,State Level,57757,79.9360013,a0185a150bfd,False,True,VALID,VALID
2024-2025,CAP2,FE_CAP2_2024_Cutoff_2.csv,1105,"Prof. Ram Meghe Institute of Technology & Research, Amravati",110561210.0,Mechanical Engineering,DS,State Level,92367,65.4406319,a1ede072723a,False,True,RECOVERED,VALID
2024-2025,CAP2,FE_CAP2_2024_Cutoff_2.csv,1105,"Prof. Ram Meghe Institute of Technology & Research, Amravati",110561210.0,Mechanical Engineering,I-NonS,State Level,79856,71.1376941,79e5a1340f5a,False,True,VALID,VALID
2024-2025,CAP2,FE_CAP2_2024_Cutoff_2.csv,1105,"Prof. Ram Meghe Institute of Technology & Research, Amravati",110561210.0,Mechanical Engineering,I-NonS,State Level,89651,66.8404462,06c9953b03e8,False,True,VALID,VALID
2024-2025,CAP2,FE_CAP2_2024_Cutoff_2.csv,1105,"Prof. Ram Meghe Institute of Technology & Research, Amravati",110561210.0,Mechanical Engineering,VIIS,State Level,172858,9.2050034,d0cbd2b27f26,False,True,RECOVERED,VALID
2024-2025,CAP2,FE_CAP2_2024_Cutoff_2.csv,1107,"P. R. Pote Patil College of Engineering & Management, Amravati",110719110.0,Civil Engineering,I-NonS,State Level,94924,63.9612515,9dda730bfd65,False,True,VALID,VALID
2024-2025,CAP2,FE_CAP2_2024_Cutoff_2.csv,1107,"P. R. Pote Patil College of Engineering & Management, Amravati",110719110.0,Civil Engineering,I-NonS,State Level,82174,69.8140377,473f35baa8c7,False,True,VALID,VALID
2024-2025,CAP2,FE_CAP2_2024_Cutoff_2.csv,1107,"P. R. Pote Patil College of Engineering & Management, Amravati",110724210.0,Computer Science and Engineering,I-NonS,State Level,60101,79.0646435,deda7cc9202a,False,True,VALID,VALID
2024-2025,CAP2,FE_CAP2_2024_Cutoff_2.csv,1107,"P. R. Pote Patil College of Engineering & Management, Amravati",110724210.0,Computer Science and Engineering,I-NonS,State Level,34383,88.3567734,817550d0d98a,False,True,VALID,VALID
2024-2025,CAP2,FE_CAP2_2024_Cutoff_2.csv,1107,"P. R. Pote Patil College of Engineering & Management, Amravati",110729310.0,Electrical Engineering,I-NonS,State Level,73244,73.7956676,d3673bb9d539,False,True,VALID,VALID
2024-2025,CAP2,FE_CAP2_2024_Cutoff_2.csv,1107,"P. R. Pote Patil College of Engineering & Management, Amravati",110729310.0,Electrical Engineering,I-NonS,State Level,78387,71.7115,7706f1db3c9c,False,True,VALID,VALID
2024-2025,CAP2,FE_CAP2_2024_Cutoff_2.csv,1107,"P. R. Pote Patil College of Engineering & Management, Amravati",110791110.0,Computer Science and Engineering(Artificial Intelligence and Machine Learning),I-NonS,State Level,63759,77.7634641,ddb7d1d2c0d7,False,True,VALID,VALID
2024-2025,CAP2,FE_CAP2_2024_Cutoff_2.csv,1107,"P. R. Pote Patil College of Engineering & Management, Amravati",110791110.0,Computer Science and Engineering(Artificial Intelligence and Machine Learning),I-NonS,State Level,70377,75.0114283,a8d0d93b824c,False,True,VALID,VALID
2024-2025,CAP2,FE_CAP2_2024_Cutoff_2.csv,1107,"P. R. Pote Patil College of Engineering & Management, Amravati",110799510.0,Artificial Intelligence and Data Science,I-NonS,State Level,51720,82.1493863,0e24c0d0db77,False,True,VALID,VALID
2024-2025,CAP2,FE_CAP2_2024_Cutoff_2.csv,1107,"P. R. Pote Patil College of Engineering & Management, Amravati",110799510.0,Artificial Intelligence and Data Science,I-NonS,State Level,48410,83.4700421,d31b07f326f4,False,True,VALID,VALID
2024-2025,CAP2,FE_CAP2_2024_Cutoff_2.csv,1114,"Sipna Shikshan Prasarak Mandal College of Engineering & Technology, Amravati",111419110.0,Civil Engineering,I-NonS,State Level,94840,63.9612515,b4e1600ed946,False,True,VALID,VALID
2024-2025,CAP2,FE_CAP2_2024_Cutoff_2.csv,1114,"Sipna Shikshan Prasarak Mandal College of Engineering & Technology, Amravati",111419110.0,Civil Engineering,I-NonS,State Level,110942,56.5649954,06f15b73a3f1,False,True,VALID,VALID
2024-2025,CAP2,FE_CAP2_2024_Cutoff_2.csv,1114,"Sipna Shikshan Prasarak Mandal College of Engineering & Technology, Amravati",111424210.0,Computer Science and Engineering,I-NonS,State Level,60521,78.9173428,ed4e1b40b70b,False,True,VALID,VALID
2024-2025,CAP2,FE_CAP2_2024_Cutoff_2.csv,1114,"Sipna Shikshan Prasarak Mandal College of Engineering & Technology, Amravati",111424210.0,Computer Science and Engineering,I-NonS,State Level,45483,84.3938885,15649aff9b9a,False,True,VALID,VALID
2024-2025,CAP2,FE_CAP2_2024_Cutoff_2.csv,1114,"Sipna Shikshan Prasarak Mandal College of Engineering & Technology, Amravati",111424610.0,Information Technology,I-NonS,State Level,55704,80.6344635,0b354389de16,False,True,VALID,VALID
2024-2025,CAP2,FE_CAP2_2024_Cutoff_2.csv,1114,"Sipna Shikshan Prasarak Mandal College of Engineering & Technology, Amravati",111424610.0,Information Technology,I-NonS,State Level,52364,81.8420405,f160d122ed07,False,True,VALID,VALID
2024-2025,CAP2,FE_CAP2_2024_Cutoff_2.csv,1114,"Sipna Shikshan Prasarak Mandal College of Engineering & Technology, Amravati",111426310.0,Artificial Intelligence (AI) and Data Science,I-NonS,State Level,64752,77.1713278,aeb21e87d34a,False,True,VALID,VALID
2024-2025,CAP2,FE_CAP2_2024_Cutoff_2.csv,1114,"Sipna Shikshan Prasarak Mandal College of Engineering & Technology, Amravati",111426310.0,Artificial Intelligence (AI) and Data Science,I-NonS,State Level,59136,79.4055287,1b282c2bb4ab,False,True,VALID,VALID
2024-2025,CAP2,FE_CAP2_2024_Cutoff_2.csv,1114,"Sipna Shikshan Prasarak Mandal College of Engineering & Technology, Amravati",111437210.0,Electronics and Telecommunication Engg,I-NonS,State Level,72148,74.2767378,aa09ef8a22dc,False,True,VALID,VALID
2024-2025,CAP2,FE_CAP2_2024_Cutoff_2.csv,1114,"Sipna Shikshan Prasarak Mandal College of Engineering & Technology, Amravati",111437210.0,Electronics and Telecommunication Engg,I-NonS,State Level,70835,74.9324465,de25fb12541c,False,True,VALID,VALID
2024-2025,CAP2,FE_CAP2_2024_Cutoff_2.csv,1114,"Sipna Shikshan Prasarak Mandal College of Engineering & Technology, Amravati",111461210.0,Mechanical Engineering,I-NonS,State Level,89428,66.8404462,57d0eb2b574d,False,True,VALID,VALID
2024-2025,CAP2,FE_CAP2_2024_Cutoff_2.csv,1114,"Sipna Shikshan Prasarak Mandal College of Engineering & Technology, Amravati",111461210.0,Mechanical Engineering,I-NonS,State Level,105587,59.3445914,09343702c49f,False,True,VALID,VALID
2024-2025,CAP2,FE_CAP2_2024_Cutoff_2.csv,1127,"Jagadambha Bahuuddeshiya Gramin Vikas Sanstha's Jagdambha College of Engineering and Technology, Yavatmal",112724510.0,Computer Engineering,I-NonS,State Level,91954,65.5509182,3351c4287ada,False,True,VALID,VALID
2024-2025,CAP2,FE_CAP2_2024_Cutoff_2.csv,1127,"Jagadambha Bahuuddeshiya Gramin Vikas Sanstha's Jagdambha College of Engineering and Technology, Yavatmal",112724510.0,Computer Engineering,I-NonS,State Level,104762,59.9791975,4e9b55f6a9d2,False,True,VALID,VALID
2024-2025,CAP2,FE_CAP2_2024_Cutoff_2.csv,1127,"Jagadambha Bahuuddeshiya Gramin Vikas Sanstha's Jagdambha College of Engineering and Technology, Yavatmal",112729310.0,Electrical Engineering,I-NonS,State Level,122051,50.0353239,12739b042869,False,True,VALID,VALID
2024-2025,CAP2,FE_CAP2_2024_Cutoff_2.csv,1127,"Jagadambha Bahuuddeshiya Gramin Vikas Sanstha's Jagdambha College of Engineering and Technology, Yavatmal",112729310.0,Electrical Engineering,I-NonS,State Level,136575,40.2848342,add60a8050a2,False,True,VALID,VALID
2024-2025,CAP2,FE_CAP2_2024_Cutoff_2.csv,1127,"Jagadambha Bahuuddeshiya Gramin Vikas Sanstha's Jagdambha College of Engineering and Technology, Yavatmal",112737210.0,Electronics and Telecommunication Engg,I-NonS,State Level,119553,51.1396363,16780d733d65,False,True,VALID,VALID
2024-2025,CAP2,FE_CAP2_2024_Cutoff_2.csv,1127,"Jagadambha Bahuuddeshiya Gramin Vikas Sanstha's Jagdambha College of Engineering and Technology, Yavatmal",112737210.0,Electronics and Telecommunication Engg,I-NonS,State Level,112423,55.1151268,437ccede1a17,False,True,VALID,VALID
2024-2025,CAP2,FE_CAP2_2024_Cutoff_2.csv,1127,"Jagadambha Bahuuddeshiya Gramin Vikas Sanstha's Jagdambha College of Engineering and Technology, Yavatmal",112761210.0,Mechanical Engineering,I-NonS,State Level,152021,28.7732713,420c6dad25b4,False,True,VALID,VALID
2024-2025,CAP2,FE_CAP2_2024_Cutoff_2.csv,1127,"Jagadambha Bahuuddeshiya Gramin Vikas Sanstha's Jagdambha College of Engineering and Technology, Yavatmal",112761210.0,Mechanical Engineering,I-NonS,State Level,146325,33.5585964,97eb5a7a9b8c,False,True,VALID,VALID
2024-2025,CAP2,FE_CAP2_2024_Cutoff_2.csv,2008,"Government College of Engineering,  Chhatrapati Sambhajinagar",200861210.0,Mechanical Engineering,I-NonS,State Level,36237,87.6007466,415e9d189903,False,True,VALID,VALID
2024-2025,CAP2,FE_CAP2_2024_Cutoff_2.csv,2008,"Government College of Engineering,  Chhatrapati Sambhajinagar",200861210.0,Mechanical Engineering,I-NonS,State Level,33053,88.7794539,f6952bd09b9a,False,True,VALID,VALID
2024-2025,CAP2,FE_CAP2_2024_Cutoff_2.csv,2020,"Shri Guru Gobind Singhji Institute of Engineering and Technology, Nanded",202019110.0,Civil Engineering,I-NonS,State Level,46994,83.7447544,17ea371f0123,False,True,VALID,VALID
2024-2025,CAP2,FE_CAP2_2024_Cutoff_2.csv,2020,"Shri Guru Gobind Singhji Institute of Engineering and Technology, Nanded",202019110.0,Civil Engineering,I-NonS,State Level,45876,84.3179513,81bd272078ca,False,True,VALID,VALID
2024-2025,CAP2,FE_CAP2_2024_Cutoff_2.csv,2020,"Shri Guru Gobind Singhji Institute of Engineering and Technology, Nanded",202060610.0,Production Engineering,I-NonS,State Level,65440,76.7776254,f050b2325a56,False,True,VALID,VALID
2024-2025,CAP2,FE_CAP2_2024_Cutoff_2.csv,2020,"Shri Guru Gobind Singhji Institute of Engineering and Technology, Nanded",202060610.0,Production Engineering,I-NonS,State Level,63422,77.820685,7665a95544dd,False,True,VALID,VALID
2024-2025,CAP2,FE_CAP2_2024_Cutoff_2.csv,2020,"Shri Guru Gobind Singhji Institute of Engineering and Technology, Nanded",202061210.0,Mechanical Engineering,I-NonS,State Level,44111,84.8307457,8752fd05a9a4,False,True,VALID,VALID
2024-2025,CAP2,FE_CAP2_2024_Cutoff_2.csv,2020,"Shri Guru Gobind Singhji Institute of Engineering and Technology, Nanded",202061210.0,Mechanical Engineering,I-NonS,State Level,38253,86.8966951,46684fd26bf8,False,True,VALID,VALID
2024-2025,CAP2,FE_CAP2_2024_Cutoff_2.csv,2113,"G. S. Mandal's Maharashtra Institute of Technology, Aurangabad",211319110.0,Civil Engineering,I-NonS,State Level,134216,42.2207447,5d34cd318d64,False,True,VALID,VALID
2024-2025,CAP2,FE_CAP2_2024_Cutoff_2.csv,2113,"G. S. Mandal's Maharashtra Institute of Technology, Aurangabad",211319110.0,Civil Engineering,I-NonS,State Level,130576,44.4778985,eb3441b514ef,False,True,VALID,VALID
2024-2025,CAP2,FE_CAP2_2024_Cutoff_2.csv,2113,"G. S. Mandal's Maharashtra Institute of Technology, Aurangabad",211324210.0,Computer Science and Engineering,I-NonS,State Level,71794,74.3785526,8af5e4ff77ae,False,True,VALID,VALID
2024-2025,CAP2,FE_CAP2_2024_Cutoff_2.csv,2113,"G. S. Mandal's Maharashtra Institute of Technology, Aurangabad",211324210.0,Computer Science and Engineering,I-NonS,State Level,40936,86.0863663,092ddc9c5379,False,True,VALID,VALID
2024-2025,CAP2,FE_CAP2_2024_Cutoff_2.csv,2113,"G. S. Mandal's Maharashtra Institute of Technology, Aurangabad",211325710.0,Computer Science and Design,I-NonS,State Level,86489,68.0717863,158e744c612b,False,True,VALID,VALID
2024-2025,CAP2,FE_CAP2_2024_Cutoff_2.csv,2113,"G. S. Mandal's Maharashtra Institute of Technology, Aurangabad",211325710.0,Computer Science and Design,I-NonS,State Level,86251,68.1767082,94351d7fc611,False,True,VALID,VALID
2024-2025,CAP2,FE_CAP2_2024_Cutoff_2.csv,2113,"G. S. Mandal's Maharashtra Institute of Technology, Aurangabad",211326310.0,Artificial Intelligence (AI) and Data Science,I-NonS,State Level,75352,73.112247,657c6508a818,False,True,VALID,VALID
2024-2025,CAP2,FE_CAP2_2024_Cutoff_2.csv,2113,"G. S. Mandal's Maharashtra Institute of Technology, Aurangabad",211326310.0,Artificial Intelligence (AI) and Data Science,I-NonS,State Level,69126,75.3516004,d163269a52e1,False,True,VALID,VALID
2024-2025,CAP2,FE_CAP2_2024_Cutoff_2.csv,2113,"G. S. Mandal's Maharashtra Institute of Technology, Aurangabad",211329310.0,Electrical Engineering,I-NonS,State Level,114419,54.0859766,250f81e27cd7,False,True,VALID,VALID
2024-2025,CAP2,FE_CAP2_2024_Cutoff_2.csv,2113,"G. S. Mandal's Maharashtra Institute of Technology, Aurangabad",211329310.0,Electrical Engineering,I-NonS,State Level,113017,54.7526673,2b6d3010a22c,False,True,VALID,VALID
2024-2025,CAP2,FE_CAP2_2024_Cutoff_2.csv,2113,"G. S. Mandal's Maharashtra Institute of Technology, Aurangabad",211337210.0,Electronics and Telecommunication Engg,I-NonS,State Level,70969,74.6830629,a18bcee36ebc,False,True,VALID,VALID
2024-2025,CAP2,FE_CAP2_2024_Cutoff_2.csv,2113,"G. S. Mandal's Maharashtra Institute of Technology, Aurangabad",211337210.0,Electronics and Telecommunication Engg,I-NonS,State Level,69616,75.3410409,7bf8545f71ba,False,True,VALID,VALID
2024-2025,CAP2,FE_CAP2_2024_Cutoff_2.csv,2113,"G. S. Mandal's Maharashtra Institute of Technology, Aurangabad",211350110.0,Plastic and Polymer Engineering,I-NonS,State Level,158708,23.9454765,5a9d9dd2e702,False,True,VALID,VALID
2024-2025,CAP2,FE_CAP2_2024_Cutoff_2.csv,2113,"G. S. Mandal's Maharashtra Institute of Technology, Aurangabad",211350110.0,Plastic and Polymer Engineering,I-NonS,State Level,170541,11.7157385,2593b3f96a14,False,True,VALID,VALID
2024-2025,CAP2,FE_CAP2_2024_Cutoff_2.csv,2113,"G. S. Mandal's Maharashtra Institute of Technology, Aurangabad",211361210.0,Mechanical Engineering,I-NonS,State Level,121799,50.0353239,aae67b711c6a,False,True,VALID,VALID
2024-2025,CAP2,FE_CAP2_2024_Cutoff_2.csv,2113,"G. S. Mandal's Maharashtra Institute of Technology, Aurangabad",211361210.0,Mechanical Engineering,I-NonS,State Level,132303,43.4393889,4269bf52c866,False,True,VALID,VALID
2024-2025,CAP2,FE_CAP2_2024_Cutoff_2.csv,2113,"G. S. Mandal's Maharashtra Institute of Technology, Aurangabad",211362410.0,Mechatronics Engineering,I-NonS,State Level,118969,51.2783205,0b386acd5edf,False,True,VALID,VALID
2024-2025,CAP2,FE_CAP2_2024_Cutoff_2.csv,2113,"G. S. Mandal's Maharashtra Institute of Technology, Aurangabad",211362410.0,Mechatronics Engineering,I-NonS,State Level,113904,54.3568289,7cfa4c12e162,False,True,VALID,VALID
2024-2025,CAP2,FE_CAP2_2024_Cutoff_2.csv,2113,"G. S. Mandal's Maharashtra Institute of Technology, Aurangabad",211384410.0,Electronics and Computer Engineering,I-NonS,State Level,89900,66.4751458,0650729307fd,False,True,VALID,VALID
2024-2025,CAP2,FE_CAP2_2024_Cutoff_2.csv,2113,"G. S. Mandal's Maharashtra Institute of Technology, Aurangabad",211384410.0,Electronics and Computer Engineering,I-NonS,State Level,91197,65.8812284,b3f7a7b11b0e,False,True,VALID,VALID
2024-2025,CAP2,FE_CAP2_2024_Cutoff_2.csv,3025,Svkm's Shri Bhagubhai Mafatlal Polytechnic & College of Engineering,302561210,Mechanical Engineering,"Legends:Start Character G-General, L-Ladies, End Character H-Home University, O-Other than Home University, S-State Level,S",State Level,40017,86.2308451,2deef087379e,False,True,INVALID_TEXT,CHECK_CATEGORY
2024-2025,CAP2,FE_CAP2_2024_Cutoff_2.csv,3025,Svkm's Shri Bhagubhai Mafatlal Polytechnic & College of Engineering,302561210,Mechanical Engineering,"Legends:Start Character G-General, L-Ladies, End Character H-Home University, O-Other than Home University, S-State Level,S",State Level,34485,88.2040568,1b6baec1c77c,False,True,INVALID_TEXT,CHECK_CATEGORY
2024-2025,CAP2,FE_CAP2_2024_Cutoff_2.csv,3025,Svkm's Shri Bhagubhai Mafatlal Polytechnic & College of Engineering,302561210,Mechanical Engineering,"Legends:Start Character G-General, L-Ladies, End Character H-Home University, O-Other than Home University, S-State Level,S",State Level,52199,81.934184,31f7e212f7c2,False,True,INVALID_TEXT,CHECK_CATEGORY
2024-2025,CAP2,FE_CAP2_2024_Cutoff_2.csv,3025,Svkm's Shri Bhagubhai Mafatlal Polytechnic & College of Engineering,302561210,Mechanical Engineering,"Legends:Start Character G-General, L-Ladies, End Character H-Home University, O-Other than Home University, S-State Level,S",State Level,37109,87.4463921,ed7437a6290d,False,True,INVALID_TEXT,CHECK_CATEGORY
2024-2025,CAP2,FE_CAP2_2024_Cutoff_2.csv,3033,"Dr. Babasaheb Ambedkar Technological University, Lonere",303319110.0,Civil Engineering,I-NonS,State Level,156174,25.5936912,0cbd17f46165,False,True,VALID,VALID
2024-2025,CAP2,FE_CAP2_2024_Cutoff_2.csv,3033,"Dr. Babasaheb Ambedkar Technological University, Lonere",303319110.0,Civil Engineering,I-NonS,State Level,157748,24.3027383,eb4abcf0025b,False,True,VALID,VALID
2024-2025,CAP2,FE_CAP2_2024_Cutoff_2.csv,3033,"Dr. Babasaheb Ambedkar Technological University, Lonere",303337210.0,Electronics and Telecommunication Engg,I-NonS,State Level,77166,72.1467831,266183f11797,False,True,VALID,VALID
2024-2025,CAP2,FE_CAP2_2024_Cutoff_2.csv,3033,"Dr. Babasaheb Ambedkar Technological University, Lonere",303337210.0,Electronics and Telecommunication Engg,I-NonS,State Level,75310,73.112247,bf51f6d4f26c,False,True,VALID,VALID
2024-2025,CAP2,FE_CAP2_2024_Cutoff_2.csv,3033,"Dr. Babasaheb Ambedkar Technological University, Lonere",303350710.0,Chemical Engineering,I-NonS,State Level,95294,63.7045846,e88ccf4b256f,False,True,VALID,VALID
2024-2025,CAP2,FE_CAP2_2024_Cutoff_2.csv,3033,"Dr. Babasaheb Ambedkar Technological University, Lonere",303350710.0,Chemical Engineering,I-NonS,State Level,95009,63.9612515,46a92631ba90,False,True,VALID,VALID
2024-2025,CAP2,FE_CAP2_2024_Cutoff_2.csv,3033,"Dr. Babasaheb Ambedkar Technological University, Lonere",303361210.0,Mechanical Engineering,I-NonS,State Level,135564,41.0394031,de7546ee3a81,False,True,VALID,VALID
2024-2025,CAP2,FE_CAP2_2024_Cutoff_2.csv,3033,"Dr. Babasaheb Ambedkar Technological University, Lonere",303361210.0,Mechanical Engineering,I-NonS,State Level,127363,46.3828235,e0d430757e43,False,True,VALID,VALID
2024-2025,CAP2,FE_CAP2_2024_Cutoff_2.csv,3033,"Dr. Babasaheb Ambedkar Technological University, Lonere",303390510.0,Computer Science and Engineering,I-NonS,State Level,68294,75.7359803,047d2fe09fcc,False,True,VALID,VALID
2024-2025,CAP2,FE_CAP2_2024_Cutoff_2.csv,3033,"Dr. Babasaheb Ambedkar Technological University, Lonere",303390510.0,Computer Science and Engineering,I-NonS,State Level,63295,77.8250739,4d1c879a391b,False,True,VALID,VALID
2024-2025,CAP2,FE_CAP2_2024_Cutoff_2.csv,3033,"Dr. Babasaheb Ambedkar Technological University, Lonere",303324510.0,Computer Engineering,"Legends:Start Character G-General, L-Ladies, End Character H-Home University, O-Other than Home University, S-State Level,S",State Level,23650,92.1092219,9d9b81a15831,False,True,INVALID_TEXT,CHECK_CATEGORY
2024-2025,CAP2,FE_CAP2_2024_Cutoff_2.csv,3033,"Dr. Babasaheb Ambedkar Technological University, Lonere",303329310.0,Electrical Engineering,"Legends:Start Character G-General, L-Ladies, End Character H-Home University, O-Other than Home University, S-State Level,S",State Level,124310,48.6138054,aeb535c628b7,False,True,INVALID_TEXT,CHECK_CATEGORY
2024-2025,CAP2,FE_CAP2_2024_Cutoff_2.csv,3033,"Dr. Babasaheb Ambedkar Technological University, Lonere",303337210,Electronics and Telecommunication Engg,"Legends:Start Character G-General, L-Ladies, End Character H-Home University, O-Other than Home University, S-State Level,S",State Level,104963,59.8892661,b92beb02a040,False,True,INVALID_TEXT,CHECK_CATEGORY
2024-2025,CAP2,FE_CAP2_2024_Cutoff_2.csv,3033,"Dr. Babasaheb Ambedkar Technological University, Lonere",303337210,Electronics and Telecommunication Engg,I-NonS,State Level,100622,61.3261708,c3f62520faef,False,True,VALID,VALID
2024-2025,CAP2,FE_CAP2_2024_Cutoff_2.csv,3033,"Dr. Babasaheb Ambedkar Technological University, Lonere",303337210,Electronics and Telecommunication Engg,I-NonS,State Level,92690,65.3627105,6a9748df5c42,False,True,VALID,VALID
2024-2025,CAP2,FE_CAP2_2024_Cutoff_2.csv,3033,"Dr. Babasaheb Ambedkar Technological University, Lonere",303337810.0,Electronics Engineering ( VLSI Design and Technology),"Legends:Start Character G-General, L-Ladies, End Character H-Home University, O-Other than Home University, S-State Level,S",State Level,124119,48.6637821,eb4a249540de,False,True,INVALID_TEXT,CHECK_CATEGORY
2024-2025,CAP2,FE_CAP2_2024_Cutoff_2.csv,3033,"Dr. Babasaheb Ambedkar Technological University, Lonere",303361210,Mechanical Engineering,"Legends:Start Character G-General, L-Ladies, End Character H-Home University, O-Other than Home University, S-State Level,S",State Level,135565,41.0394031,00c7d7e77ed5,False,True,INVALID_TEXT,CHECK_CATEGORY
2024-2025,CAP2,FE_CAP2_2024_Cutoff_2.csv,3035,"Usha Mittal Institute of Technology SNDT  Women's University, Mumbai",303524210,Computer Science and Engineering,"Legends:Start Character G-General, L-Ladies, End Character H-Home University, O-Other than Home University, S-State Level,S",State Level,20681,93.1131822,9177116b4519,False,True,INVALID_TEXT,CHECK_CATEGORY
2024-2025,CAP2,FE_CAP2_2024_Cutoff_2.csv,3035,"Usha Mittal Institute of Technology SNDT  Women's University, Mumbai",303524210,Computer Science and Engineering,"PWDR : PWD Common Reserved Seat, DEFR : Defense Common Reserved Seat.",State Level,52286,81.8420405,a05fc2bb42aa,False,True,INVALID_TEXT,CHECK_CATEGORY
2024-2025,CAP2,FE_CAP2_2024_Cutoff_2.csv,3035,"Usha Mittal Institute of Technology SNDT  Women's University, Mumbai",303524210,Computer Science and Engineering,Maharashtra State Seats - Cut Off Indicates State General Merit No.; Figures in bracket Indicates Merit Percentile.S,State Level,172983,8.946165,9a8b5de9af3f,False,True,INVALID_TEXT,CHECK_CATEGORY
2024-2025,CAP2,FE_CAP2_2024_Cutoff_2.csv,3035,"Usha Mittal Institute of Technology SNDT  Women's University, Mumbai",303524210,Computer Science and Engineering,DS,State Level,22225,92.5961339,5c90e366b1ff,False,True,VALID,VALID
2024-2025,CAP2,FE_CAP2_2024_Cutoff_2.csv,3035,"Usha Mittal Institute of Technology SNDT  Women's University, Mumbai",303524210,Computer Science and Engineering,State Common Entrance Test CellS,State Level,50792,82.5540242,c2462743b987,False,True,INVALID_TEXT,CHECK_CATEGORY
2024-2025,CAP2,FE_CAP2_2024_Cutoff_2.csv,3035,"Usha Mittal Institute of Technology SNDT  Women's University, Mumbai",303524210,Computer Science and Engineering,Cut Off List for Maharashtra & Minority Seats of CAP Round - II for the Admission to the First Year of Four YearS,State Level,30229,89.8015148,f8a90f0b6316,False,True,INVALID_TEXT,CHECK_CATEGORY
2024-2025,CAP2,FE_CAP2_2024_Cutoff_2.csv,3035,"Usha Mittal Institute of Technology SNDT  Women's University, Mumbai",303524210,Computer Science and Engineering,LOPENS,State Level,160195,22.0578726,5e60d9bc71d9,False,True,VALID,VALID
2024-2025,CAP2,FE_CAP2_2024_Cutoff_2.csv,3035,"Usha Mittal Institute of Technology SNDT  Women's University, Mumbai",303524210,Computer Science and Engineering,LSCS,State Level,43392,85.2125768,7d2b61c9fa37,False,True,VALID,VALID
2024-2025,CAP2,FE_CAP2_2024_Cutoff_2.csv,3035,"Usha Mittal Institute of Technology SNDT  Women's University, Mumbai",303524210,Computer Science and Engineering,I-NonS,State Level,24068,91.9492948,6fea38b53a53,False,True,VALID,VALID
2024-2025,CAP2,FE_CAP2_2024_Cutoff_2.csv,3035,"Usha Mittal Institute of Technology SNDT  Women's University, Mumbai",303524210,Computer Science and Engineering,PWD,State Level,31409,89.3399508,9d883e8ddfa4,False,True,VALID,VALID
2024-2025,CAP2,FE_CAP2_2024_Cutoff_2.csv,3035,"Usha Mittal Institute of Technology SNDT  Women's University, Mumbai",303524210,Computer Science and Engineering,VIIS,State Level,23969,92.0088098,c3bde376f7e5,False,True,VALID,VALID
2024-2025,CAP2,FE_CAP2_2024_Cutoff_2.csv,3035,"Usha Mittal Institute of Technology SNDT  Women's University, Mumbai",303524210,Computer Science and Engineering,LOPENS,State Level,66000,76.6199764,27a27421f6e6,False,True,VALID,VALID
2024-2025,CAP2,FE_CAP2_2024_Cutoff_2.csv,3035,"Usha Mittal Institute of Technology SNDT  Women's University, Mumbai",303524210,Computer Science and Engineering,LSCS,State Level,35361,88.0525374,b0763fe13b78,False,True,VALID,VALID
2024-2025,CAP2,FE_CAP2_2024_Cutoff_2.csv,3035,"Usha Mittal Institute of Technology SNDT  Women's University, Mumbai",303524210,Computer Science and Engineering,LSTS,State Level,38890,86.803005,9ba36fa9e08d,False,True,VALID,VALID
2024-2025,CAP2,FE_CAP2_2024_Cutoff_2.csv,3035,"Usha Mittal Institute of Technology SNDT  Women's University, Mumbai",303524210,Computer Science and Engineering,LNT1S,State Level,53152,81.7098306,57e000702587,False,True,VALID,VALID
2024-2025,CAP2,FE_CAP2_2024_Cutoff_2.csv,3035,"Usha Mittal Institute of Technology SNDT  Women's University, Mumbai",303524210,Computer Science and Engineering,LOBCS,State Level,69208,75.3516004,360aeaf148ba,False,True,VALID,VALID
2024-2025,CAP2,FE_CAP2_2024_Cutoff_2.csv,3035,"Usha Mittal Institute of Technology SNDT  Women's University, Mumbai",303524210,Computer Science and Engineering,LSEBCS,State Level,90075,66.4751458,5023e60f9fa5,False,True,VALID,VALID
2024-2025,CAP2,FE_CAP2_2024_Cutoff_2.csv,3035,"Usha Mittal Institute of Technology SNDT  Women's University, Mumbai",303524210,Computer Science and Engineering,I-NonS,State Level,41404,85.8772819,87b3a2aa9deb,False,True,VALID,VALID
2024-2025,CAP2,FE_CAP2_2024_Cutoff_2.csv,3035,"Usha Mittal Institute of Technology SNDT  Women's University, Mumbai",303524210,Computer Science and Engineering,I-NonS,State Level,35485,88.0194481,3e3f801197c8,False,True,VALID,VALID
2024-2025,CAP2,FE_CAP2_2024_Cutoff_2.csv,3035,"Usha Mittal Institute of Technology SNDT  Women's University, Mumbai",303524210,Computer Science and Engineering,PWD,State Level,40980,86.0755637,5aa129de340d,False,True,VALID,VALID
2024-2025,CAP2,FE_CAP2_2024_Cutoff_2.csv,3035,"Usha Mittal Institute of Technology SNDT  Women's University, Mumbai",303524210,Computer Science and Engineering,VIIS,State Level,35891,87.8945473,3a6de9870eb3,False,True,VALID,VALID
2024-2025,CAP2,FE_CAP2_2024_Cutoff_2.csv,3035,"Usha Mittal Institute of Technology SNDT  Women's University, Mumbai",303524210,Computer Science and Engineering,LOPENS,State Level,60299,78.9969285,49c3d0b3c383,False,True,VALID,VALID
2024-2025,CAP2,FE_CAP2_2024_Cutoff_2.csv,3035,"Usha Mittal Institute of Technology SNDT  Women's University, Mumbai",303524210,Computer Science and Engineering,LSCS,State Level,90097,66.4751458,058be8ecf3e0,False,True,VALID,VALID
2024-2025,CAP2,FE_CAP2_2024_Cutoff_2.csv,3035,"Usha Mittal Institute of Technology SNDT  Women's University, Mumbai",303524210,Computer Science and Engineering,LSTS,State Level,68388,75.7359803,9827b3951578,False,True,VALID,VALID
2024-2025,CAP2,FE_CAP2_2024_Cutoff_2.csv,3035,"Usha Mittal Institute of Technology SNDT  Women's University, Mumbai",303524210,Computer Science and Engineering,LNT2S,State Level,41530,85.8632396,f4c004efdb9d,False,True,VALID,VALID
2024-2025,CAP2,FE_CAP2_2024_Cutoff_2.csv,3035,"Usha Mittal Institute of Technology SNDT  Women's University, Mumbai",303524210,Computer Science and Engineering,LNT3S,State Level,52557,81.8151897,581bb85a71ca,False,True,VALID,VALID
2024-2025,CAP2,FE_CAP2_2024_Cutoff_2.csv,3035,"Usha Mittal Institute of Technology SNDT  Women's University, Mumbai",303524210,Computer Science and Engineering,LOBCS,State Level,43137,85.2572473,736f1c95b610,False,True,VALID,VALID
2024-2025,CAP2,FE_CAP2_2024_Cutoff_2.csv,3035,"Usha Mittal Institute of Technology SNDT  Women's University, Mumbai",303524210,Computer Science and Engineering,LSEBCS,State Level,64324,77.5959933,00cec0850fd3,False,True,VALID,VALID
2024-2025,CAP2,FE_CAP2_2024_Cutoff_2.csv,3035,"Usha Mittal Institute of Technology SNDT  Women's University, Mumbai",303524210,Computer Science and Engineering,I-NonS,State Level,35255,88.0535835,dd0c6e1c5db7,False,True,VALID,VALID
2024-2025,CAP2,FE_CAP2_2024_Cutoff_2.csv,3035,"Usha Mittal Institute of Technology SNDT  Women's University, Mumbai",303524210,Computer Science and Engineering,I-NonS,State Level,41880,85.5352459,3d6b1fac0f57,False,True,VALID,VALID
2024-2025,CAP2,FE_CAP2_2024_Cutoff_2.csv,3035,"Usha Mittal Institute of Technology SNDT  Women's University, Mumbai",303524210,Computer Science and Engineering,VIIS,State Level,35123,88.1140239,0d530b437747,False,True,VALID,VALID
2024-2025,CAP2,FE_CAP2_2024_Cutoff_2.csv,3035,"Usha Mittal Institute of Technology SNDT  Women's University, Mumbai",303524210,Computer Science and Engineering,"Legends:Start Character G-General, L-Ladies, End Character H-Home University, O-Other than Home University, S-State Level,S",State Level,62129,78.1946121,bc694b653152,False,True,INVALID_TEXT,CHECK_CATEGORY
2024-2025,CAP2,FE_CAP2_2024_Cutoff_2.csv,3035,"Usha Mittal Institute of Technology SNDT  Women's University, Mumbai",303524210,Computer Science and Engineering,"PWDR : PWD Common Reserved Seat, DEFR : Defense Common Reserved Seat.",State Level,87967,67.5881106,e99e255588b5,False,True,INVALID_TEXT,CHECK_CATEGORY
2024-2025,CAP2,FE_CAP2_2024_Cutoff_2.csv,3035,"Usha Mittal Institute of Technology SNDT  Women's University, Mumbai",303524210,Computer Science and Engineering,Maharashtra State Seats - Cut Off Indicates State General Merit No.; Figures in bracket Indicates Merit Percentile.S,State Level,117095,52.814879,dbb7297729b3,False,True,INVALID_TEXT,CHECK_CATEGORY
2024-2025,CAP2,FE_CAP2_2024_Cutoff_2.csv,3035,"Usha Mittal Institute of Technology SNDT  Women's University, Mumbai",303524210,Computer Science and Engineering,DS,State Level,119411,51.2170385,a6cfeacd66ac,False,True,VALID,VALID
2024-2025,CAP2,FE_CAP2_2024_Cutoff_2.csv,3035,"Usha Mittal Institute of Technology SNDT  Women's University, Mumbai",303524210,Computer Science and Engineering,State Common Entrance Test CellS,State Level,65407,76.7997668,a314b3d31f6c,False,True,INVALID_TEXT,CHECK_CATEGORY
2024-2025,CAP2,FE_CAP2_2024_Cutoff_2.csv,3035,"Usha Mittal Institute of Technology SNDT  Women's University, Mumbai",303524210,Computer Science and Engineering,Cut Off List for Maharashtra & Minority Seats of CAP Round - II for the Admission to the First Year of Four YearS,State Level,126219,47.4207012,ddce60add3eb,False,True,INVALID_TEXT,CHECK_CATEGORY
2024-2025,CAP2,FE_CAP2_2024_Cutoff_2.csv,3035,"Usha Mittal Institute of Technology SNDT  Women's University, Mumbai",303524210,Computer Science and Engineering,I-NonS,State Level,64537,77.2074577,ea0df2f9c59a,False,True,VALID,VALID
2024-2025,CAP2,FE_CAP2_2024_Cutoff_2.csv,3035,"Usha Mittal Institute of Technology SNDT  Women's University, Mumbai",303524210,Computer Science and Engineering,DefenceS,State Level,80478,70.6178643,dfbefbf57031,False,True,VALID,VALID
2024-2025,CAP2,FE_CAP2_2024_Cutoff_2.csv,3035,"Usha Mittal Institute of Technology SNDT  Women's University, Mumbai",303524210,Computer Science and Engineering,I-NonS,State Level,64745,77.1713278,edc33b60a98b,False,True,VALID,VALID
2024-2025,CAP2,FE_CAP2_2024_Cutoff_2.csv,3035,"Usha Mittal Institute of Technology SNDT  Women's University, Mumbai",303524210,Computer Science and Engineering,PWD,State Level,74653,73.3652047,e2835e3a02b5,False,True,VALID,VALID
2024-2025,CAP2,FE_CAP2_2024_Cutoff_2.csv,3035,"Usha Mittal Institute of Technology SNDT  Women's University, Mumbai",303524210,Computer Science and Engineering,VIIS,State Level,64878,76.933232,7b19a2610dce,False,True,VALID,VALID
2024-2025,CAP2,FE_CAP2_2024_Cutoff_2.csv,3035,"Usha Mittal Institute of Technology SNDT  Women's University, Mumbai",303524210,Computer Science and Engineering,LOPENS,State Level,80898,70.5215521,2db4d12b31f5,False,True,VALID,VALID
2024-2025,CAP2,FE_CAP2_2024_Cutoff_2.csv,3035,"Usha Mittal Institute of Technology SNDT  Women's University, Mumbai",303524210,Computer Science and Engineering,LSCS,State Level,132770,43.1231034,d5e21f3e34aa,False,True,VALID,VALID
2024-2025,CAP2,FE_CAP2_2024_Cutoff_2.csv,3035,"Usha Mittal Institute of Technology SNDT  Women's University, Mumbai",303524210,Computer Science and Engineering,LSTS,State Level,76105,72.6095528,3607444b8274,False,True,VALID,VALID
2024-2025,CAP2,FE_CAP2_2024_Cutoff_2.csv,3035,"Usha Mittal Institute of Technology SNDT  Women's University, Mumbai",303524210,Computer Science and Engineering,LVJS,State Level,126659,47.0113809,ecb72de5af92,False,True,VALID,VALID
2024-2025,CAP2,FE_CAP2_2024_Cutoff_2.csv,3035,"Usha Mittal Institute of Technology SNDT  Women's University, Mumbai",303524210,Computer Science and Engineering,LNT1S,State Level,52065,81.9801476,d5f6cef40c61,False,True,VALID,VALID
2024-2025,CAP2,FE_CAP2_2024_Cutoff_2.csv,3035,"Usha Mittal Institute of Technology SNDT  Women's University, Mumbai",303524210,Computer Science and Engineering,LNT2S,State Level,67142,76.2466193,685fb3323507,False,True,VALID,VALID
2024-2025,CAP2,FE_CAP2_2024_Cutoff_2.csv,3035,"Usha Mittal Institute of Technology SNDT  Women's University, Mumbai",303524210,Computer Science and Engineering,LOBCS,State Level,156542,25.0606208,43c20399aa89,False,True,VALID,VALID
2024-2025,CAP2,FE_CAP2_2024_Cutoff_2.csv,3035,"Usha Mittal Institute of Technology SNDT  Women's University, Mumbai",303524210,Computer Science and Engineering,I-NonS,State Level,54379,81.2084441,b9ac32ee3c2e,False,True,VALID,VALID
2024-2025,CAP2,FE_CAP2_2024_Cutoff_2.csv,3035,"Usha Mittal Institute of Technology SNDT  Women's University, Mumbai",303524210,Computer Science and Engineering,I-NonS,State Level,49129,82.9978985,e92340bf2e95,False,True,VALID,VALID
2024-2025,CAP2,FE_CAP2_2024_Cutoff_2.csv,3035,"Usha Mittal Institute of Technology SNDT  Women's University, Mumbai",303524210,Computer Science and Engineering,PWD,State Level,54191,81.2928705,abd36c0df7c6,False,True,VALID,VALID
2024-2025,CAP2,FE_CAP2_2024_Cutoff_2.csv,3035,"Usha Mittal Institute of Technology SNDT  Women's University, Mumbai",303524210,Computer Science and Engineering,VIIS,State Level,49704,82.7820291,bc9b94950cf2,False,True,VALID,VALID
2024-2025,CAP2,FE_CAP2_2024_Cutoff_2.csv,3035,"Usha Mittal Institute of Technology SNDT  Women's University, Mumbai",303524210,Computer Science and Engineering,LOPENS,State Level,74367,73.4250332,ebd275272795,False,True,VALID,VALID
2024-2025,CAP2,FE_CAP2_2024_Cutoff_2.csv,3035,"Usha Mittal Institute of Technology SNDT  Women's University, Mumbai",303524210,Computer Science and Engineering,LSCS,State Level,125556,47.6302148,cc6e4dc91699,False,True,VALID,VALID
2024-2025,CAP2,FE_CAP2_2024_Cutoff_2.csv,3035,"Usha Mittal Institute of Technology SNDT  Women's University, Mumbai",303524210,Computer Science and Engineering,LSTS,State Level,162185,20.1344161,6495bdffe17c,False,True,VALID,VALID
2024-2025,CAP2,FE_CAP2_2024_Cutoff_2.csv,3035,"Usha Mittal Institute of Technology SNDT  Women's University, Mumbai",303524210,Computer Science and Engineering,LVJS,State Level,89629,66.8404462,537917a51489,False,True,VALID,VALID
2024-2025,CAP2,FE_CAP2_2024_Cutoff_2.csv,3035,"Usha Mittal Institute of Technology SNDT  Women's University, Mumbai",303524210,Computer Science and Engineering,LNT2S,State Level,54926,80.9741447,fbca3895cd79,False,True,VALID,VALID
2024-2025,CAP2,FE_CAP2_2024_Cutoff_2.csv,3035,"Usha Mittal Institute of Technology SNDT  Women's University, Mumbai",303524210,Computer Science and Engineering,LNT3S,State Level,46065,84.2430574,0a636f5a7c91,False,True,VALID,VALID
2024-2025,CAP2,FE_CAP2_2024_Cutoff_2.csv,3035,"Usha Mittal Institute of Technology SNDT  Women's University, Mumbai",303524210,Computer Science and Engineering,LOBCS,State Level,66281,76.5963466,a3dfdd2249ef,False,True,VALID,VALID
2024-2025,CAP2,FE_CAP2_2024_Cutoff_2.csv,3035,"Usha Mittal Institute of Technology SNDT  Women's University, Mumbai",303524210,Computer Science and Engineering,LSEBCS,State Level,117528,52.2046883,f74d9bd99624,False,True,VALID,VALID
2024-2025,CAP2,FE_CAP2_2024_Cutoff_2.csv,3035,"Usha Mittal Institute of Technology SNDT  Women's University, Mumbai",303524210,Computer Science and Engineering,I-NonS,State Level,42992,85.3422371,06698276d8bc,False,True,VALID,VALID
2024-2025,CAP2,FE_CAP2_2024_Cutoff_2.csv,3035,"Usha Mittal Institute of Technology SNDT  Women's University, Mumbai",303524210,Computer Science and Engineering,DefenceS,State Level,47880,83.5380246,a5b340f3b4bd,False,True,VALID,VALID
2024-2025,CAP2,FE_CAP2_2024_Cutoff_2.csv,3035,"Usha Mittal Institute of Technology SNDT  Women's University, Mumbai",303524210,Computer Science and Engineering,I-NonS,State Level,42803,85.3426422,3b7e0487fbe5,False,True,VALID,VALID
2024-2025,CAP2,FE_CAP2_2024_Cutoff_2.csv,3035,"Usha Mittal Institute of Technology SNDT  Women's University, Mumbai",303524210,Computer Science and Engineering,PWD,State Level,47976,83.5369475,1c533273f240,False,True,VALID,VALID
2024-2025,CAP2,FE_CAP2_2024_Cutoff_2.csv,3035,"Usha Mittal Institute of Technology SNDT  Women's University, Mumbai",303524210,Computer Science and Engineering,VIIS,State Level,43680,85.0743746,6956a3773a64,False,True,VALID,VALID
2024-2025,CAP2,FE_CAP2_2024_Cutoff_2.csv,4145,"Wainganga College of Engineering and Management, Dongargaon, Nagpur",414519110.0,Civil Engineering,I-NonS,State Level,157093,24.5948927,df0abd8433fd,False,True,VALID,VALID
2024-2025,CAP2,FE_CAP2_2024_Cutoff_2.csv,4145,"Wainganga College of Engineering and Management, Dongargaon, Nagpur",414519110.0,Civil Engineering,I-NonS,State Level,159098,22.5662265,8d23c60da9b8,False,True,VALID,VALID
2024-2025,CAP2,FE_CAP2_2024_Cutoff_2.csv,4145,"Wainganga College of Engineering and Management, Dongargaon, Nagpur",414524210.0,Computer Science and Engineering,I-NonS,State Level,96436,63.2340107,294754c12375,False,True,VALID,VALID
2024-2025,CAP2,FE_CAP2_2024_Cutoff_2.csv,4145,"Wainganga College of Engineering and Management, Dongargaon, Nagpur",414524210.0,Computer Science and Engineering,I-NonS,State Level,109934,56.9588351,1602f0273ba3,False,True,VALID,VALID
2024-2025,CAP2,FE_CAP2_2024_Cutoff_2.csv,4145,"Wainganga College of Engineering and Management, Dongargaon, Nagpur",414529310.0,Electrical Engineering,I-NonS,State Level,137068,40.1585977,d955c6a07007,False,True,VALID,VALID
2024-2025,CAP2,FE_CAP2_2024_Cutoff_2.csv,4145,"Wainganga College of Engineering and Management, Dongargaon, Nagpur",414529310.0,Electrical Engineering,I-NonS,State Level,106568,58.1158577,87cd39f3d547,False,True,VALID,VALID
2024-2025,CAP2,FE_CAP2_2024_Cutoff_2.csv,4145,"Wainganga College of Engineering and Management, Dongargaon, Nagpur",414537210.0,Electronics and Telecommunication Engg,I-NonS,State Level,98483,62.795808,07191bc9a73a,False,True,VALID,VALID
2024-2025,CAP2,FE_CAP2_2024_Cutoff_2.csv,4145,"Wainganga College of Engineering and Management, Dongargaon, Nagpur",414537210.0,Electronics and Telecommunication Engg,I-NonS,State Level,109527,57.1543272,59fe6f838fa5,False,True,VALID,VALID
2024-2025,CAP2,FE_CAP2_2024_Cutoff_2.csv,4145,"Wainganga College of Engineering and Management, Dongargaon, Nagpur",414561210.0,Mechanical Engineering,I-NonS,State Level,123300,48.8696809,84fd6e03aec6,False,True,VALID,VALID
2024-2025,CAP2,FE_CAP2_2024_Cutoff_2.csv,4145,"Wainganga College of Engineering and Management, Dongargaon, Nagpur",414561210.0,Mechanical Engineering,I-NonS,State Level,122169,49.7949643,aeb3179563c3,False,True,VALID,VALID
2024-2025,CAP2,FE_CAP2_2024_Cutoff_2.csv,4145,"Wainganga College of Engineering and Management, Dongargaon, Nagpur",414599510.0,Artificial Intelligence and Data Science,I-NonS,State Level,100706,60.8485656,0cf96b296638,False,True,VALID,VALID
2024-2025,CAP2,FE_CAP2_2024_Cutoff_2.csv,4145,"Wainganga College of Engineering and Management, Dongargaon, Nagpur",414599510.0,Artificial Intelligence and Data Science,I-NonS,State Level,114767,54.0550229,32680831d88c,False,True,VALID,VALID
2024-2025,CAP2,FE_CAP2_2024_Cutoff_2.csv,4151,"Tulsiramji Gaikwad Patil College of Engineering & Technology, Nagpur",415100210.0,Aeronautical Engineering,I-NonS,State Level,122459,49.7949643,97d2eaf6ed69,False,True,VALID,VALID
2024-2025,CAP2,FE_CAP2_2024_Cutoff_2.csv,4151,"Tulsiramji Gaikwad Patil College of Engineering & Technology, Nagpur",415100210.0,Aeronautical Engineering,I-NonS,State Level,97518,62.902955,7efc25b45017,False,True,VALID,VALID
2024-2025,CAP2,FE_CAP2_2024_Cutoff_2.csv,4151,"Tulsiramji Gaikwad Patil College of Engineering & Technology, Nagpur",415119110.0,Civil Engineering,I-NonS,State Level,148111,32.0977394,9f877554ae5b,False,True,VALID,VALID
2024-2025,CAP2,FE_CAP2_2024_Cutoff_2.csv,4151,"Tulsiramji Gaikwad Patil College of Engineering & Technology, Nagpur",415119110.0,Civil Engineering,I-NonS,State Level,148246,31.6884901,911897ff2ab5,False,True,VALID,VALID
2024-2025,CAP2,FE_CAP2_2024_Cutoff_2.csv,4151,"Tulsiramji Gaikwad Patil College of Engineering & Technology, Nagpur",415124210.0,Computer Science and Engineering,I-NonS,State Level,86184,68.1767082,d6edd2e0e718,False,True,VALID,VALID
2024-2025,CAP2,FE_CAP2_2024_Cutoff_2.csv,4151,"Tulsiramji Gaikwad Patil College of Engineering & Technology, Nagpur",415124210.0,Computer Science and Engineering,I-NonS,State Level,87941,67.5881106,85ffd17d5379,False,True,VALID,VALID
2024-2025,CAP2,FE_CAP2_2024_Cutoff_2.csv,4151,"Tulsiramji Gaikwad Patil College of Engineering & Technology, Nagpur",415124610.0,Information Technology,I-NonS,State Level,87454,67.6869909,d8efba6a7c1b,False,True,VALID,VALID
2024-2025,CAP2,FE_CAP2_2024_Cutoff_2.csv,4151,"Tulsiramji Gaikwad Patil College of Engineering & Technology, Nagpur",415124610.0,Information Technology,I-NonS,State Level,102930,60.2921536,50a9c87375e5,False,True,VALID,VALID
2024-2025,CAP2,FE_CAP2_2024_Cutoff_2.csv,4151,"Tulsiramji Gaikwad Patil College of Engineering & Technology, Nagpur",415129310.0,Electrical Engineering,I-NonS,State Level,136661,40.2848342,0b254ae89768,False,True,VALID,VALID
2024-2025,CAP2,FE_CAP2_2024_Cutoff_2.csv,4151,"Tulsiramji Gaikwad Patil College of Engineering & Technology, Nagpur",415129310.0,Electrical Engineering,I-NonS,State Level,140769,37.6881791,700f468da9ba,False,True,VALID,VALID
2024-2025,CAP2,FE_CAP2_2024_Cutoff_2.csv,4151,"Tulsiramji Gaikwad Patil College of Engineering & Technology, Nagpur",415137010.0,Electronics and Communication Engineering,I-NonS,State Level,129429,45.3423263,d3588cbed7e3,False,True,VALID,VALID
2024-2025,CAP2,FE_CAP2_2024_Cutoff_2.csv,4151,"Tulsiramji Gaikwad Patil College of Engineering & Technology, Nagpur",415137010.0,Electronics and Communication Engineering,I-NonS,State Level,140044,38.4109612,3d4a86cb1638,False,True,VALID,VALID
2024-2025,CAP2,FE_CAP2_2024_Cutoff_2.csv,4151,"Tulsiramji Gaikwad Patil College of Engineering & Technology, Nagpur",415161210.0,Mechanical Engineering,I-NonS,State Level,144872,34.8002089,bc559340aafd,False,True,VALID,VALID
2024-2025,CAP2,FE_CAP2_2024_Cutoff_2.csv,4151,"Tulsiramji Gaikwad Patil College of Engineering & Technology, Nagpur",415161210.0,Mechanical Engineering,I-NonS,State Level,141065,37.6014199,fcc1da4ca938,False,True,VALID,VALID
2024-2025,CAP2,FE_CAP2_2024_Cutoff_2.csv,4151,"Tulsiramji Gaikwad Patil College of Engineering & Technology, Nagpur",415191210.0,Computer Science and Engineering(Data Science),I-NonS,State Level,112548,55.1151268,7f9b3f1c88b3,False,True,VALID,VALID
2024-2025,CAP2,FE_CAP2_2024_Cutoff_2.csv,4151,"Tulsiramji Gaikwad Patil College of Engineering & Technology, Nagpur",415191210.0,Computer Science and Engineering(Data Science),I-NonS,State Level,103432,60.2294112,78f42d68579c,False,True,VALID,VALID
2024-2025,CAP2,FE_CAP2_2024_Cutoff_2.csv,4151,"Tulsiramji Gaikwad Patil College of Engineering & Technology, Nagpur",415192110.0,Artificial Intelligence and Machine Learning,I-NonS,State Level,120320,50.9307179,aac8baba00bc,False,True,VALID,VALID
2024-2025,CAP2,FE_CAP2_2024_Cutoff_2.csv,4151,"Tulsiramji Gaikwad Patil College of Engineering & Technology, Nagpur",415192110.0,Artificial Intelligence and Machine Learning,I-NonS,State Level,121013,50.6004122,908ab13f3961,False,True,VALID,VALID
2024-2025,CAP2,FE_CAP2_2024_Cutoff_2.csv,4167,"Yeshwantrao Chavan College of Engineering,Wanadongri, Nagpur",416719110.0,Civil Engineering,I-NonS,State Level,69694,75.2159961,9a5cb498aa3b,False,True,VALID,VALID
2024-2025,CAP2,FE_CAP2_2024_Cutoff_2.csv,4167,"Yeshwantrao Chavan College of Engineering,Wanadongri, Nagpur",416719110.0,Civil Engineering,I-NonS,State Level,82841,69.7639628,65567f15c42d,False,True,VALID,VALID
2024-2025,CAP2,FE_CAP2_2024_Cutoff_2.csv,4167,"Yeshwantrao Chavan College of Engineering,Wanadongri, Nagpur",416724210.0,Computer Science and Engineering,I-NonS,State Level,31497,89.3321697,b77ad9554a45,False,True,VALID,VALID
2024-2025,CAP2,FE_CAP2_2024_Cutoff_2.csv,4167,"Yeshwantrao Chavan College of Engineering,Wanadongri, Nagpur",416724210.0,Computer Science and Engineering,I-NonS,State Level,27790,90.7095159,a94fc44dea24,False,True,VALID,VALID
2024-2025,CAP2,FE_CAP2_2024_Cutoff_2.csv,4167,"Yeshwantrao Chavan College of Engineering,Wanadongri, Nagpur",416724610.0,Information Technology,I-NonS,State Level,46684,83.8465891,1e076984dcd1,False,True,VALID,VALID
2024-2025,CAP2,FE_CAP2_2024_Cutoff_2.csv,4167,"Yeshwantrao Chavan College of Engineering,Wanadongri, Nagpur",416724610.0,Information Technology,I-NonS,State Level,20026,93.3341645,48840b3f5124,False,True,VALID,VALID
2024-2025,CAP2,FE_CAP2_2024_Cutoff_2.csv,4167,"Yeshwantrao Chavan College of Engineering,Wanadongri, Nagpur",416735610.0,Electrical Engg[Electronics and Power],I-NonS,State Level,54501,81.1614491,55c465b26d32,False,True,VALID,VALID
2024-2025,CAP2,FE_CAP2_2024_Cutoff_2.csv,4167,"Yeshwantrao Chavan College of Engineering,Wanadongri, Nagpur",416735610.0,Electrical Engg[Electronics and Power],I-NonS,State Level,64261,77.5959933,9544b5899d94,False,True,VALID,VALID
2024-2025,CAP2,FE_CAP2_2024_Cutoff_2.csv,4167,"Yeshwantrao Chavan College of Engineering,Wanadongri, Nagpur",416737210.0,Electronics and Telecommunication Engg,I-NonS,State Level,70244,75.0114283,9e346ad141c9,False,True,VALID,VALID
2024-2025,CAP2,FE_CAP2_2024_Cutoff_2.csv,4167,"Yeshwantrao Chavan College of Engineering,Wanadongri, Nagpur",416737210.0,Electronics and Telecommunication Engg,I-NonS,State Level,39802,86.3062406,7d720114fead,False,True,VALID,VALID
2024-2025,CAP2,FE_CAP2_2024_Cutoff_2.csv,4167,"Yeshwantrao Chavan College of Engineering,Wanadongri, Nagpur",416737610.0,Electronics Engineering,I-NonS,State Level,41858,85.5352459,5ebfcb373a58,False,True,VALID,VALID
2024-2025,CAP2,FE_CAP2_2024_Cutoff_2.csv,4167,"Yeshwantrao Chavan College of Engineering,Wanadongri, Nagpur",416737610.0,Electronics Engineering,I-NonS,State Level,44847,84.5942451,50805ebf4eed,False,True,VALID,VALID
2024-2025,CAP2,FE_CAP2_2024_Cutoff_2.csv,4167,"Yeshwantrao Chavan College of Engineering,Wanadongri, Nagpur",416737810.0,Electronics Engineering ( VLSI Design and Technology),I-NonS,State Level,52805,81.7658119,9c081c280598,False,True,VALID,VALID
2024-2025,CAP2,FE_CAP2_2024_Cutoff_2.csv,4167,"Yeshwantrao Chavan College of Engineering,Wanadongri, Nagpur",416737810.0,Electronics Engineering ( VLSI Design and Technology),I-NonS,State Level,48915,83.1469549,ccd5dbd11ca8,False,True,VALID,VALID
2024-2025,CAP2,FE_CAP2_2024_Cutoff_2.csv,4167,"Yeshwantrao Chavan College of Engineering,Wanadongri, Nagpur",416761210.0,Mechanical Engineering,I-NonS,State Level,77426,72.1239122,9b28d55e5a26,False,True,VALID,VALID
2024-2025,CAP2,FE_CAP2_2024_Cutoff_2.csv,4167,"Yeshwantrao Chavan College of Engineering,Wanadongri, Nagpur",416761210.0,Mechanical Engineering,I-NonS,State Level,73342,73.7956676,1cc19f306e9c,False,True,VALID,VALID
2024-2025,CAP2,FE_CAP2_2024_Cutoff_2.csv,4304,"Cummins College of Engineering For Women, Sukhali (Gupchup), Tal. Hingna Hingna Nagpur",430461210,Mechanical Engineering,I-NonS,State Level,47096,83.7447544,396112d4f882,False,True,VALID,VALID
2024-2025,CAP2,FE_CAP2_2024_Cutoff_2.csv,4304,"Cummins College of Engineering For Women, Sukhali (Gupchup), Tal. Hingna Hingna Nagpur",430461210,Mechanical Engineering,DefenceS,State Level,38087,86.9701586,1a9aab9f308f,False,True,VALID,VALID
2024-2025,CAP2,FE_CAP2_2024_Cutoff_2.csv,4304,"Cummins College of Engineering For Women, Sukhali (Gupchup), Tal. Hingna Hingna Nagpur",430461210,Mechanical Engineering,VIIS,State Level,27097,90.9017918,5f292fd83e51,False,True,VALID,VALID
2024-2025,CAP2,FE_CAP2_2024_Cutoff_2.csv,4304,"Cummins College of Engineering For Women, Sukhali (Gupchup), Tal. Hingna Hingna Nagpur",430461210,Mechanical Engineering,"Legends:Start Character G-General, L-Ladies, End Character H-Home University, O-Other than Home University, S-State Level,S",State Level,47786,83.5806009,4cc8bec67c7b,False,True,INVALID_TEXT,CHECK_CATEGORY
2024-2025,CAP2,FE_CAP2_2024_Cutoff_2.csv,4304,"Cummins College of Engineering For Women, Sukhali (Gupchup), Tal. Hingna Hingna Nagpur",430461210,Mechanical Engineering,"Legends:Start Character G-General, L-Ladies, End Character H-Home University, O-Other than Home University, S-State Level,S",State Level,126360,47.4207012,0fad7e25aadd,False,True,INVALID_TEXT,CHECK_CATEGORY
2024-2025,CAP2,FE_CAP2_2024_Cutoff_2.csv,4304,"Cummins College of Engineering For Women, Sukhali (Gupchup), Tal. Hingna Hingna Nagpur",430461210,Mechanical Engineering,I-NonS,State Level,74343,73.4250332,25827ccd1eac,False,True,VALID,VALID
2024-2025,CAP2,FE_CAP2_2024_Cutoff_2.csv,4304,"Cummins College of Engineering For Women, Sukhali (Gupchup), Tal. Hingna Hingna Nagpur",430461210,Mechanical Engineering,DefenceS,State Level,102029,60.546705,60bb4f8fe458,False,True,VALID,VALID
2024-2025,CAP2,FE_CAP2_2024_Cutoff_2.csv,4304,"Cummins College of Engineering For Women, Sukhali (Gupchup), Tal. Hingna Hingna Nagpur",430461210,Mechanical Engineering,VIIS,State Level,99153,62.7875345,e80a3640c31e,False,True,VALID,VALID
2024-2025,CAP2,FE_CAP2_2024_Cutoff_2.csv,4613,"Suryodaya College of Engineering & Technology, Nagpur",461319110.0,Civil Engineering,I-NonS,State Level,146066,33.6953839,3f58b80eae1b,False,True,VALID,VALID
2024-2025,CAP2,FE_CAP2_2024_Cutoff_2.csv,4613,"Suryodaya College of Engineering & Technology, Nagpur",461319110.0,Civil Engineering,I-NonS,State Level,138300,39.2350823,e2587a45e103,False,True,VALID,VALID
2024-2025,CAP2,FE_CAP2_2024_Cutoff_2.csv,4613,"Suryodaya College of Engineering & Technology, Nagpur",461324510.0,Computer Engineering,I-NonS,State Level,81349,70.4817329,ffa72b344a20,False,True,VALID,VALID
2024-2025,CAP2,FE_CAP2_2024_Cutoff_2.csv,4613,"Suryodaya College of Engineering & Technology, Nagpur",461324510.0,Computer Engineering,I-NonS,State Level,87777,67.6158803,b3c2bcb94e52,False,True,VALID,VALID
2024-2025,CAP2,FE_CAP2_2024_Cutoff_2.csv,4613,"Suryodaya College of Engineering & Technology, Nagpur",461326510.0,Industrial IoT,I-NonS,State Level,102589,60.2951569,7016251841fc,False,True,VALID,VALID
2024-2025,CAP2,FE_CAP2_2024_Cutoff_2.csv,4613,"Suryodaya College of Engineering & Technology, Nagpur",461326510.0,Industrial IoT,I-NonS,State Level,116058,53.517849,60031300a5df,False,True,VALID,VALID
2024-2025,CAP2,FE_CAP2_2024_Cutoff_2.csv,4613,"Suryodaya College of Engineering & Technology, Nagpur",461329310.0,Electrical Engineering,I-NonS,State Level,116340,53.517849,3f0aa2899868,False,True,VALID,VALID
2024-2025,CAP2,FE_CAP2_2024_Cutoff_2.csv,4613,"Suryodaya College of Engineering & Technology, Nagpur",461329310.0,Electrical Engineering,I-NonS,State Level,118506,52.0276576,8dc7999b8805,False,True,VALID,VALID
2024-2025,CAP2,FE_CAP2_2024_Cutoff_2.csv,4613,"Suryodaya College of Engineering & Technology, Nagpur",461337210.0,Electronics and Telecommunication Engg,I-NonS,State Level,117009,52.814879,611e1140ffef,False,True,VALID,VALID
2024-2025,CAP2,FE_CAP2_2024_Cutoff_2.csv,4613,"Suryodaya College of Engineering & Technology, Nagpur",461337210.0,Electronics and Telecommunication Engg,I-NonS,State Level,106310,58.1588042,d32c7afea98d,False,True,VALID,VALID
2024-2025,CAP2,FE_CAP2_2024_Cutoff_2.csv,4613,"Suryodaya College of Engineering & Technology, Nagpur",461361210.0,Mechanical Engineering,I-NonS,State Level,149999,30.8566205,3e74b4861524,False,True,VALID,VALID
2024-2025,CAP2,FE_CAP2_2024_Cutoff_2.csv,4613,"Suryodaya College of Engineering & Technology, Nagpur",461361210.0,Mechanical Engineering,I-NonS,State Level,147376,32.2475132,e5b9d22c5726,False,True,VALID,VALID
2024-2025,CAP2,FE_CAP2_2024_Cutoff_2.csv,5004,"Government College of Engineering, Jalgaon",500419110.0,Civil Engineering,I-NonS,State Level,87522,67.6869909,fc2833a14292,False,True,VALID,VALID
2024-2025,CAP2,FE_CAP2_2024_Cutoff_2.csv,5004,"Government College of Engineering, Jalgaon",500419110.0,Civil Engineering,I-NonS,State Level,69716,75.2159961,9905cedbc90e,False,True,VALID,VALID
2024-2025,CAP2,FE_CAP2_2024_Cutoff_2.csv,5004,"Government College of Engineering, Jalgaon",500429310.0,Electrical Engineering,I-NonS,State Level,76782,72.3242844,e75333f64dfb,False,True,VALID,VALID
2024-2025,CAP2,FE_CAP2_2024_Cutoff_2.csv,5004,"Government College of Engineering, Jalgaon",500429310.0,Electrical Engineering,I-NonS,State Level,68184,75.8854903,2bc37d6b7a3c,False,True,VALID,VALID
2024-2025,CAP2,FE_CAP2_2024_Cutoff_2.csv,5004,"Government College of Engineering, Jalgaon",500446610.0,Instrumentation Engineering,I-NonS,State Level,110307,56.846611,442a61aca484,False,True,VALID,VALID
2024-2025,CAP2,FE_CAP2_2024_Cutoff_2.csv,5004,"Government College of Engineering, Jalgaon",500446610.0,Instrumentation Engineering,I-NonS,State Level,90128,66.1855163,7daff5214935,False,True,VALID,VALID
2024-2025,CAP2,FE_CAP2_2024_Cutoff_2.csv,5004,"Government College of Engineering, Jalgaon",500461210.0,Mechanical Engineering,I-NonS,State Level,82319,69.8140377,8be7a07340aa,False,True,VALID,VALID
2024-2025,CAP2,FE_CAP2_2024_Cutoff_2.csv,5004,"Government College of Engineering, Jalgaon",500461210.0,Mechanical Engineering,I-NonS,State Level,79931,70.889365,03ca789f013a,False,True,VALID,VALID
2024-2025,CAP2,FE_CAP2_2024_Cutoff_2.csv,5108,"Maratha Vidya Prasarak Samaj's Karmaveer Adv. Baburao Ganpatrao Thakare College Of Engineering, Nashik",510819110.0,Civil Engineering,I-NonS,State Level,89048,67.0458361,ed5d161fc982,False,True,VALID,VALID
2024-2025,CAP2,FE_CAP2_2024_Cutoff_2.csv,5108,"Maratha Vidya Prasarak Samaj's Karmaveer Adv. Baburao Ganpatrao Thakare College Of Engineering, Nashik",510819110.0,Civil Engineering,I-NonS,State Level,99553,62.2534756,bfd868df594a,False,True,VALID,VALID
2024-2025,CAP2,FE_CAP2_2024_Cutoff_2.csv,5108,"Maratha Vidya Prasarak Samaj's Karmaveer Adv. Baburao Ganpatrao Thakare College Of Engineering, Nashik",510824510.0,Computer Engineering,I-NonS,State Level,64386,77.2074577,6bff85b991ba,False,True,VALID,VALID
2024-2025,CAP2,FE_CAP2_2024_Cutoff_2.csv,5108,"Maratha Vidya Prasarak Samaj's Karmaveer Adv. Baburao Ganpatrao Thakare College Of Engineering, Nashik",510824510.0,Computer Engineering,I-NonS,State Level,25577,91.4391389,ac46d11d7826,False,True,VALID,VALID
2024-2025,CAP2,FE_CAP2_2024_Cutoff_2.csv,5108,"Maratha Vidya Prasarak Samaj's Karmaveer Adv. Baburao Ganpatrao Thakare College Of Engineering, Nashik",510824610.0,Information Technology,I-NonS,State Level,68693,75.6212581,3e41b2681793,False,True,VALID,VALID
2024-2025,CAP2,FE_CAP2_2024_Cutoff_2.csv,5108,"Maratha Vidya Prasarak Samaj's Karmaveer Adv. Baburao Ganpatrao Thakare College Of Engineering, Nashik",510824610.0,Information Technology,I-NonS,State Level,27250,90.8626784,9138e09a79b1,False,True,VALID,VALID
2024-2025,CAP2,FE_CAP2_2024_Cutoff_2.csv,5108,"Maratha Vidya Prasarak Samaj's Karmaveer Adv. Baburao Ganpatrao Thakare College Of Engineering, Nashik",510826310.0,Artificial Intelligence (AI) and Data Science,I-NonS,State Level,85303,68.4785771,5913a1adf234,False,True,VALID,VALID
2024-2025,CAP2,FE_CAP2_2024_Cutoff_2.csv,5108,"Maratha Vidya Prasarak Samaj's Karmaveer Adv. Baburao Ganpatrao Thakare College Of Engineering, Nashik",510826310.0,Artificial Intelligence (AI) and Data Science,I-NonS,State Level,37865,87.1012785,08cf13fd27d9,False,True,VALID,VALID
2024-2025,CAP2,FE_CAP2_2024_Cutoff_2.csv,5108,"Maratha Vidya Prasarak Samaj's Karmaveer Adv. Baburao Ganpatrao Thakare College Of Engineering, Nashik",510861210.0,Mechanical Engineering,I-NonS,State Level,80392,70.8722936,a600bb379e0c,False,True,VALID,VALID
2024-2025,CAP2,FE_CAP2_2024_Cutoff_2.csv,5108,"Maratha Vidya Prasarak Samaj's Karmaveer Adv. Baburao Ganpatrao Thakare College Of Engineering, Nashik",510861210.0,Mechanical Engineering,I-NonS,State Level,72017,74.3614357,5bb97151e418,False,True,VALID,VALID
2024-2025,CAP2,FE_CAP2_2024_Cutoff_2.csv,5109,"Sandip Foundation, Sandip Institute of Technology and Research Centre, Mahiravani, Nashik",510919110.0,Civil Engineering,I-NonS,State Level,111392,55.8763225,1cbe983f4045,False,True,VALID,VALID
2024-2025,CAP2,FE_CAP2_2024_Cutoff_2.csv,5109,"Sandip Foundation, Sandip Institute of Technology and Research Centre, Mahiravani, Nashik",510919110.0,Civil Engineering,I-NonS,State Level,104761,59.9791975,601de067fe11,False,True,VALID,VALID
2024-2025,CAP2,FE_CAP2_2024_Cutoff_2.csv,5109,"Sandip Foundation, Sandip Institute of Technology and Research Centre, Mahiravani, Nashik",510924510.0,Computer Engineering,I-NonS,State Level,83267,69.7604398,2968d79a65a8,False,True,VALID,VALID
2024-2025,CAP2,FE_CAP2_2024_Cutoff_2.csv,5109,"Sandip Foundation, Sandip Institute of Technology and Research Centre, Mahiravani, Nashik",510924510.0,Computer Engineering,I-NonS,State Level,51055,82.4585869,09c2a9987d11,False,True,VALID,VALID
2024-2025,CAP2,FE_CAP2_2024_Cutoff_2.csv,5109,"Sandip Foundation, Sandip Institute of Technology and Research Centre, Mahiravani, Nashik",510929310.0,Electrical Engineering,I-NonS,State Level,100933,60.8485656,099e001d81cd,False,True,VALID,VALID
2024-2025,CAP2,FE_CAP2_2024_Cutoff_2.csv,5109,"Sandip Foundation, Sandip Institute of Technology and Research Centre, Mahiravani, Nashik",510929310.0,Electrical Engineering,I-NonS,State Level,96319,63.2687832,c8068860c67b,False,True,VALID,VALID
2024-2025,CAP2,FE_CAP2_2024_Cutoff_2.csv,5109,"Sandip Foundation, Sandip Institute of Technology and Research Centre, Mahiravani, Nashik",510937210.0,Electronics and Telecommunication Engg,I-NonS,State Level,75118,73.112247,c352cdf8231c,False,True,VALID,VALID
2024-2025,CAP2,FE_CAP2_2024_Cutoff_2.csv,5109,"Sandip Foundation, Sandip Institute of Technology and Research Centre, Mahiravani, Nashik",510937210.0,Electronics and Telecommunication Engg,I-NonS,State Level,76682,72.3242844,727c8b07e89b,False,True,VALID,VALID
2024-2025,CAP2,FE_CAP2_2024_Cutoff_2.csv,5109,"Sandip Foundation, Sandip Institute of Technology and Research Centre, Mahiravani, Nashik",510961210.0,Mechanical Engineering,I-NonS,State Level,111996,55.2318816,5dd659cdc5ff,False,True,VALID,VALID
2024-2025,CAP2,FE_CAP2_2024_Cutoff_2.csv,5109,"Sandip Foundation, Sandip Institute of Technology and Research Centre, Mahiravani, Nashik",510961210.0,Mechanical Engineering,I-NonS,State Level,87472,67.6869909,f2c3737c4b8e,False,True,VALID,VALID
2024-2025,CAP2,FE_CAP2_2024_Cutoff_2.csv,5109,"Sandip Foundation, Sandip Institute of Technology and Research Centre, Mahiravani, Nashik",510991610.0,Automation and Robotics,I-NonS,State Level,82030,70.2544031,29fa7ff269f6,False,True,VALID,VALID
2024-2025,CAP2,FE_CAP2_2024_Cutoff_2.csv,5109,"Sandip Foundation, Sandip Institute of Technology and Research Centre, Mahiravani, Nashik",510991610.0,Automation and Robotics,I-NonS,State Level,97991,62.8733646,5f2c9d81f6a3,False,True,VALID,VALID
2024-2025,CAP2,FE_CAP2_2024_Cutoff_2.csv,5109,"Sandip Foundation, Sandip Institute of Technology and Research Centre, Mahiravani, Nashik",510992110.0,Artificial Intelligence and Machine Learning,I-NonS,State Level,67153,76.2466193,b4c994116814,False,True,VALID,VALID
2024-2025,CAP2,FE_CAP2_2024_Cutoff_2.csv,5109,"Sandip Foundation, Sandip Institute of Technology and Research Centre, Mahiravani, Nashik",510992110.0,Artificial Intelligence and Machine Learning,I-NonS,State Level,58079,79.7465759,b5f3570f2d99,False,True,VALID,VALID
2024-2025,CAP2,FE_CAP2_2024_Cutoff_2.csv,5121,"K. K. Wagh Institute of Engineering Education and Research, Nashik",512119110.0,Civil Engineering,I-NonS,State Level,66234,76.5963466,f8ea17a4000e,False,True,VALID,VALID
2024-2025,CAP2,FE_CAP2_2024_Cutoff_2.csv,5121,"K. K. Wagh Institute of Engineering Education and Research, Nashik",512119110.0,Civil Engineering,I-NonS,State Level,67313,76.1358545,002a50aa3fea,False,True,VALID,VALID
2024-2025,CAP2,FE_CAP2_2024_Cutoff_2.csv,5121,"K. K. Wagh Institute of Engineering Education and Research, Nashik",512129310.0,Electrical Engineering,I-NonS,State Level,80079,70.889365,ef7f9c8b5fc9,False,True,VALID,VALID
2024-2025,CAP2,FE_CAP2_2024_Cutoff_2.csv,5121,"K. K. Wagh Institute of Engineering Education and Research, Nashik",512129310.0,Electrical Engineering,I-NonS,State Level,48835,83.1469549,00c5c85a9afa,False,True,VALID,VALID
2024-2025,CAP2,FE_CAP2_2024_Cutoff_2.csv,5121,"K. K. Wagh Institute of Engineering Education and Research, Nashik",512137210.0,Electronics and Telecommunication Engg,I-NonS,State Level,57439,80.0615027,68066b3ee790,False,True,VALID,VALID
2024-2025,CAP2,FE_CAP2_2024_Cutoff_2.csv,5121,"K. K. Wagh Institute of Engineering Education and Research, Nashik",512137210.0,Electronics and Telecommunication Engg,I-NonS,State Level,24446,91.8342241,aa9490cd3279,False,True,VALID,VALID
2024-2025,CAP2,FE_CAP2_2024_Cutoff_2.csv,5121,"K. K. Wagh Institute of Engineering Education and Research, Nashik",512150710.0,Chemical Engineering,I-NonS,State Level,75314,73.112247,dc9f31f9cf2a,False,True,VALID,VALID
2024-2025,CAP2,FE_CAP2_2024_Cutoff_2.csv,5121,"K. K. Wagh Institute of Engineering Education and Research, Nashik",512150710.0,Chemical Engineering,I-NonS,State Level,57847,79.9360013,19212b6ddb0e,False,True,VALID,VALID
2024-2025,CAP2,FE_CAP2_2024_Cutoff_2.csv,5121,"K. K. Wagh Institute of Engineering Education and Research, Nashik",512161210.0,Mechanical Engineering,I-NonS,State Level,101779,60.546705,2729d3f44d95,False,True,VALID,VALID
2024-2025,CAP2,FE_CAP2_2024_Cutoff_2.csv,5121,"K. K. Wagh Institute of Engineering Education and Research, Nashik",512161210.0,Mechanical Engineering,I-NonS,State Level,50996,82.4751693,39a0e6c9613f,False,True,VALID,VALID
2024-2025,CAP2,FE_CAP2_2024_Cutoff_2.csv,5160,"Sanjivani Rural Education Society's Sanjivani College of Engineering, Kopargaon",516019110.0,Civil Engineering,I-NonS,State Level,106091,58.5786927,3f286a9126c8,False,True,VALID,VALID
2024-2025,CAP2,FE_CAP2_2024_Cutoff_2.csv,5160,"Sanjivani Rural Education Society's Sanjivani College of Engineering, Kopargaon",516019110.0,Civil Engineering,I-NonS,State Level,90552,66.0164943,d3d063cea08a,False,True,VALID,VALID
2024-2025,CAP2,FE_CAP2_2024_Cutoff_2.csv,5160,"Sanjivani Rural Education Society's Sanjivani College of Engineering, Kopargaon",516024610.0,Information Technology,I-NonS,State Level,55045,80.9741447,f1489fd88ef8,False,True,VALID,VALID
2024-2025,CAP2,FE_CAP2_2024_Cutoff_2.csv,5160,"Sanjivani Rural Education Society's Sanjivani College of Engineering, Kopargaon",516024610.0,Information Technology,I-NonS,State Level,27192,90.8909574,52ed704aa478,False,True,VALID,VALID
2024-2025,CAP2,FE_CAP2_2024_Cutoff_2.csv,5160,"Sanjivani Rural Education Society's Sanjivani College of Engineering, Kopargaon",516029310.0,Electrical Engineering,I-NonS,State Level,70122,75.0114283,73470745aa07,False,True,VALID,VALID
2024-2025,CAP2,FE_CAP2_2024_Cutoff_2.csv,5160,"Sanjivani Rural Education Society's Sanjivani College of Engineering, Kopargaon",516029310.0,Electrical Engineering,I-NonS,State Level,56223,80.5358903,67cfd2eaa5e2,False,True,VALID,VALID
2024-2025,CAP2,FE_CAP2_2024_Cutoff_2.csv,5160,"Sanjivani Rural Education Society's Sanjivani College of Engineering, Kopargaon",516061210.0,Mechanical Engineering,I-NonS,State Level,61249,78.4507504,b8b06b68f71a,False,True,VALID,VALID
2024-2025,CAP2,FE_CAP2_2024_Cutoff_2.csv,5160,"Sanjivani Rural Education Society's Sanjivani College of Engineering, Kopargaon",516061210.0,Mechanical Engineering,I-NonS,State Level,65174,76.8897938,65fdd5d0efab,False,True,VALID,VALID
2024-2025,CAP2,FE_CAP2_2024_Cutoff_2.csv,5160,"Sanjivani Rural Education Society's Sanjivani College of Engineering, Kopargaon",516062410.0,Mechatronics Engineering,I-NonS,State Level,43967,84.8482325,820714673d26,False,True,VALID,VALID
2024-2025,CAP2,FE_CAP2_2024_Cutoff_2.csv,5160,"Sanjivani Rural Education Society's Sanjivani College of Engineering, Kopargaon",516062410.0,Mechatronics Engineering,I-NonS,State Level,42967,85.3422371,53e2034fecf4,False,True,VALID,VALID
2024-2025,CAP2,FE_CAP2_2024_Cutoff_2.csv,5160,"Sanjivani Rural Education Society's Sanjivani College of Engineering, Kopargaon",516091510.0,Structural Engineering,I-NonS,State Level,110631,56.846611,d33ae11094c5,False,True,VALID,VALID
2024-2025,CAP2,FE_CAP2_2024_Cutoff_2.csv,5160,"Sanjivani Rural Education Society's Sanjivani College of Engineering, Kopargaon",516091510.0,Structural Engineering,I-NonS,State Level,110409,56.846611,e59d7d88bbd5,False,True,VALID,VALID
2024-2025,CAP2,FE_CAP2_2024_Cutoff_2.csv,5177,"Matoshri College of Engineering and Research Centre, Eklahare, Nashik",517719110.0,Civil Engineering,I-NonS,State Level,146501,33.099972,5f45477bb52e,False,True,VALID,VALID
2024-2025,CAP2,FE_CAP2_2024_Cutoff_2.csv,5177,"Matoshri College of Engineering and Research Centre, Eklahare, Nashik",517719110.0,Civil Engineering,I-NonS,State Level,117625,52.2046883,695356c527f6,False,True,VALID,VALID
2024-2025,CAP2,FE_CAP2_2024_Cutoff_2.csv,5177,"Matoshri College of Engineering and Research Centre, Eklahare, Nashik",517724510.0,Computer Engineering,I-NonS,State Level,77592,72.1239122,4cbb582130b4,False,True,VALID,VALID
2024-2025,CAP2,FE_CAP2_2024_Cutoff_2.csv,5177,"Matoshri College of Engineering and Research Centre, Eklahare, Nashik",517724510.0,Computer Engineering,I-NonS,State Level,76962,72.2338818,7c0543bff097,False,True,VALID,VALID
2024-2025,CAP2,FE_CAP2_2024_Cutoff_2.csv,5177,"Matoshri College of Engineering and Research Centre, Eklahare, Nashik",517729310.0,Electrical Engineering,I-NonS,State Level,122570,49.6193645,15f1f5ffb12a,False,True,VALID,VALID
2024-2025,CAP2,FE_CAP2_2024_Cutoff_2.csv,5177,"Matoshri College of Engineering and Research Centre, Eklahare, Nashik",517729310.0,Electrical Engineering,I-NonS,State Level,126216,47.4207012,f014f092fcfb,False,True,VALID,VALID
2024-2025,CAP2,FE_CAP2_2024_Cutoff_2.csv,5177,"Matoshri College of Engineering and Research Centre, Eklahare, Nashik",517737210.0,Electronics and Telecommunication Engg,I-NonS,State Level,94256,64.6500162,a8c2739c797b,False,True,VALID,VALID
2024-2025,CAP2,FE_CAP2_2024_Cutoff_2.csv,5177,"Matoshri College of Engineering and Research Centre, Eklahare, Nashik",517737210.0,Electronics and Telecommunication Engg,I-NonS,State Level,95985,63.5258359,b6449d329c4e,False,True,VALID,VALID
2024-2025,CAP2,FE_CAP2_2024_Cutoff_2.csv,5177,"Matoshri College of Engineering and Research Centre, Eklahare, Nashik",517761210.0,Mechanical Engineering,I-NonS,State Level,128995,45.521922,9cd9f809f311,False,True,VALID,VALID
2024-2025,CAP2,FE_CAP2_2024_Cutoff_2.csv,5177,"Matoshri College of Engineering and Research Centre, Eklahare, Nashik",517761210.0,Mechanical Engineering,I-NonS,State Level,132620,43.1231034,ce4d3bbb2575,False,True,VALID,VALID
2024-2025,CAP2,FE_CAP2_2024_Cutoff_2.csv,5177,"Matoshri College of Engineering and Research Centre, Eklahare, Nashik",517784410.0,Electronics and Computer Engineering,I-NonS,State Level,126882,46.5102928,e0c257012261,False,True,VALID,VALID
2024-2025,CAP2,FE_CAP2_2024_Cutoff_2.csv,5177,"Matoshri College of Engineering and Research Centre, Eklahare, Nashik",517784410.0,Electronics and Computer Engineering,I-NonS,State Level,121708,50.0957604,8c3d0acfc6c8,False,True,VALID,VALID
2024-2025,CAP2,FE_CAP2_2024_Cutoff_2.csv,5177,"Matoshri College of Engineering and Research Centre, Eklahare, Nashik",517799510.0,Artificial Intelligence and Data Science,I-NonS,State Level,84354,69.2652564,1bacbbed82a7,False,True,VALID,VALID
2024-2025,CAP2,FE_CAP2_2024_Cutoff_2.csv,5177,"Matoshri College of Engineering and Research Centre, Eklahare, Nashik",517799510.0,Artificial Intelligence and Data Science,I-NonS,State Level,89571,66.8404462,c154c836115a,False,True,VALID,VALID
2024-2025,CAP2,FE_CAP2_2024_Cutoff_2.csv,6007,"Walchand College of Engineering, Sangli",600719110.0,Civil Engineering,GOPENS,State Level,21749,92.7315754,5b4a20a39b45,False,True,VALID,VALID
2024-2025,CAP2,FE_CAP2_2024_Cutoff_2.csv,6007,"Walchand College of Engineering, Sangli",600719110.0,Civil Engineering,GSCS,State Level,17474,94.1728861,b1a6320913c1,False,True,VALID,VALID
2024-2025,CAP2,FE_CAP2_2024_Cutoff_2.csv,6007,"Walchand College of Engineering, Sangli",600719110.0,Civil Engineering,GNT2S,State Level,117596,52.2046883,9dec8038cef4,False,True,VALID,VALID
2024-2025,CAP2,FE_CAP2_2024_Cutoff_2.csv,6007,"Walchand College of Engineering, Sangli",600719110.0,Civil Engineering,GNT3S,State Level,35703,87.9526086,d77d3021d15f,False,True,VALID,VALID
2024-2025,CAP2,FE_CAP2_2024_Cutoff_2.csv,6007,"Walchand College of Engineering, Sangli",600719110.0,Civil Engineering,GOBCS,State Level,108782,57.2163252,f91f57a1bccc,False,True,VALID,VALID
2024-2025,CAP2,FE_CAP2_2024_Cutoff_2.csv,6007,"Walchand College of Engineering, Sangli",600719110.0,Civil Engineering,GSEBCS,State Level,115918,53.7424491,3bf9ed3a3005,False,True,VALID,VALID
2024-2025,CAP2,FE_CAP2_2024_Cutoff_2.csv,6007,"Walchand College of Engineering, Sangli",600719110.0,Civil Engineering,LOPENS,State Level,14761,95.0779464,504a0de40b22,False,True,VALID,VALID
2024-2025,CAP2,FE_CAP2_2024_Cutoff_2.csv,6007,"Walchand College of Engineering, Sangli",600719110.0,Civil Engineering,VIIS,State Level,11032,96.3500312,540af23dfcbc,False,True,VALID,VALID
2024-2025,CAP2,FE_CAP2_2024_Cutoff_2.csv,6007,"Walchand College of Engineering, Sangli",600719110.0,Civil Engineering,GOPENS,State Level,19750,93.4175138,a63c52d1e34b,False,True,VALID,VALID
2024-2025,CAP2,FE_CAP2_2024_Cutoff_2.csv,6007,"Walchand College of Engineering, Sangli",600719110.0,Civil Engineering,GSCS,State Level,9562,96.8268477,a678b0748388,False,True,VALID,VALID
2024-2025,CAP2,FE_CAP2_2024_Cutoff_2.csv,6007,"Walchand College of Engineering, Sangli",600719110.0,Civil Engineering,GNT2S,State Level,11587,96.1761249,cb74a7f4b06d,False,True,VALID,VALID
2024-2025,CAP2,FE_CAP2_2024_Cutoff_2.csv,6007,"Walchand College of Engineering, Sangli",600719110.0,Civil Engineering,GNT3S,State Level,6890,97.7001563,b6a215ad6453,False,True,VALID,VALID
2024-2025,CAP2,FE_CAP2_2024_Cutoff_2.csv,6007,"Walchand College of Engineering, Sangli",600719110.0,Civil Engineering,GOBCS,State Level,7258,97.578217,68dfa8129c0c,False,True,VALID,VALID
2024-2025,CAP2,FE_CAP2_2024_Cutoff_2.csv,6007,"Walchand College of Engineering, Sangli",600719110.0,Civil Engineering,GSEBCS,State Level,4770,98.3761174,a60d198a195c,False,True,VALID,VALID
2024-2025,CAP2,FE_CAP2_2024_Cutoff_2.csv,6007,"Walchand College of Engineering, Sangli",600719110.0,Civil Engineering,LOPENS,State Level,26588,91.1268781,aa04b3ba7721,False,True,VALID,VALID
2024-2025,CAP2,FE_CAP2_2024_Cutoff_2.csv,6007,"Walchand College of Engineering, Sangli",600719110.0,Civil Engineering,VIIS,State Level,6278,97.888875,2399aba1df79,False,True,VALID,VALID
2024-2025,CAP2,FE_CAP2_2024_Cutoff_2.csv,6007,"Walchand College of Engineering, Sangli",600724210.0,Computer Science and Engineering,GOPENS,State Level,1681,99.3722719,0308cf68a9e7,False,True,VALID,VALID
2024-2025,CAP2,FE_CAP2_2024_Cutoff_2.csv,6007,"Walchand College of Engineering, Sangli",600724210.0,Computer Science and Engineering,GSCS,State Level,8619,97.1408386,e9491fb88d9c,False,True,VALID,VALID
2024-2025,CAP2,FE_CAP2_2024_Cutoff_2.csv,6007,"Walchand College of Engineering, Sangli",600724210.0,Computer Science and Engineering,GNT3S,State Level,1957,99.2887165,7e06d6d88a4f,False,True,VALID,VALID
2024-2025,CAP2,FE_CAP2_2024_Cutoff_2.csv,6007,"Walchand College of Engineering, Sangli",600724210.0,Computer Science and Engineering,LOPENS,State Level,2230,99.1922388,ff537799e591,False,True,VALID,VALID
2024-2025,CAP2,FE_CAP2_2024_Cutoff_2.csv,6007,"Walchand College of Engineering, Sangli",600724210.0,Computer Science and Engineering,LOBCS,State Level,2640,99.0635362,0db42d484404,False,True,VALID,VALID
2024-2025,CAP2,FE_CAP2_2024_Cutoff_2.csv,6007,"Walchand College of Engineering, Sangli",600724210.0,Computer Science and Engineering,LSEBCS,State Level,3931,98.632301,6bb74b921395,False,True,VALID,VALID
2024-2025,CAP2,FE_CAP2_2024_Cutoff_2.csv,6007,"Walchand College of Engineering, Sangli",600724210.0,Computer Science and Engineering,PWDOPENS,State Level,18211,93.9690933,91de6ec3d2d7,False,True,VALID,VALID
2024-2025,CAP2,FE_CAP2_2024_Cutoff_2.csv,6007,"Walchand College of Engineering, Sangli",600724210.0,Computer Science and Engineering,DEFOPENS,State Level,3882,98.6582606,975ea3306628,False,True,VALID,VALID
2024-2025,CAP2,FE_CAP2_2024_Cutoff_2.csv,6007,"Walchand College of Engineering, Sangli",600724210.0,Computer Science and Engineering,GOPENS,State Level,10796,96.4233668,83f212f5dcde,False,True,VALID,VALID
2024-2025,CAP2,FE_CAP2_2024_Cutoff_2.csv,6007,"Walchand College of Engineering, Sangli",600724210.0,Computer Science and Engineering,GSCS,State Level,6213,97.9086361,80ca8d7c3dc8,False,True,VALID,VALID
2024-2025,CAP2,FE_CAP2_2024_Cutoff_2.csv,6007,"Walchand College of Engineering, Sangli",600724210.0,Computer Science and Engineering,GNT3S,State Level,3359,98.8279987,d08e9eb164aa,False,True,VALID,VALID
2024-2025,CAP2,FE_CAP2_2024_Cutoff_2.csv,6007,"Walchand College of Engineering, Sangli",600724210.0,Computer Science and Engineering,LOPENS,State Level,4149,98.5733915,e0abb8c261e2,False,True,VALID,VALID
2024-2025,CAP2,FE_CAP2_2024_Cutoff_2.csv,6007,"Walchand College of Engineering, Sangli",600724210.0,Computer Science and Engineering,LOBCS,State Level,3754,98.7008251,b2721d360ccd,False,True,VALID,VALID
2024-2025,CAP2,FE_CAP2_2024_Cutoff_2.csv,6007,"Walchand College of Engineering, Sangli",600724210.0,Computer Science and Engineering,LSEBCS,State Level,68824,75.5247196,103de1c30e69,False,True,VALID,VALID
2024-2025,CAP2,FE_CAP2_2024_Cutoff_2.csv,6007,"Walchand College of Engineering, Sangli",600724210.0,Computer Science and Engineering,PWDOPENS,State Level,100173,61.6354671,3133d0eb02bc,False,True,VALID,VALID
2024-2025,CAP2,FE_CAP2_2024_Cutoff_2.csv,6007,"Walchand College of Engineering, Sangli",600724210.0,Computer Science and Engineering,DEFOPENS,State Level,86945,67.8622856,07283058671a,False,True,VALID,VALID
2024-2025,CAP2,FE_CAP2_2024_Cutoff_2.csv,6007,"Walchand College of Engineering, Sangli",600724610.0,Information Technology,GOPENS,State Level,4221,98.5461826,3c0856410929,False,True,VALID,VALID
2024-2025,CAP2,FE_CAP2_2024_Cutoff_2.csv,6007,"Walchand College of Engineering, Sangli",600724610.0,Information Technology,GSCS,State Level,3956,98.630137,8ac4eade5f21,False,True,VALID,VALID
2024-2025,CAP2,FE_CAP2_2024_Cutoff_2.csv,6007,"Walchand College of Engineering, Sangli",600724610.0,Information Technology,GSTS,State Level,5655,98.0941515,242a69dcec95,False,True,VALID,VALID
2024-2025,CAP2,FE_CAP2_2024_Cutoff_2.csv,6007,"Walchand College of Engineering, Sangli",600724610.0,Information Technology,GOBCS,State Level,11102,96.3440228,3c78b9c4d2be,False,True,VALID,VALID
2024-2025,CAP2,FE_CAP2_2024_Cutoff_2.csv,6007,"Walchand College of Engineering, Sangli",600724610.0,Information Technology,GSEBCS,State Level,2483,99.1125761,0c87f8e8d136,False,True,VALID,VALID
2024-2025,CAP2,FE_CAP2_2024_Cutoff_2.csv,6007,"Walchand College of Engineering, Sangli",600724610.0,Information Technology,LOPENS,State Level,7545,97.4724589,401f30b38937,False,True,VALID,VALID
2024-2025,CAP2,FE_CAP2_2024_Cutoff_2.csv,6007,"Walchand College of Engineering, Sangli",600724610.0,Information Technology,GOPENS,State Level,14337,95.2642117,5af3b42eebe0,False,True,VALID,VALID
2024-2025,CAP2,FE_CAP2_2024_Cutoff_2.csv,6007,"Walchand College of Engineering, Sangli",600724610.0,Information Technology,GSCS,State Level,20855,93.0486637,bd2e5cb4c7f4,False,True,VALID,VALID
2024-2025,CAP2,FE_CAP2_2024_Cutoff_2.csv,6007,"Walchand College of Engineering, Sangli",600724610.0,Information Technology,GSTS,State Level,9148,96.9716804,50051b34bad6,False,True,VALID,VALID
2024-2025,CAP2,FE_CAP2_2024_Cutoff_2.csv,6007,"Walchand College of Engineering, Sangli",600724610.0,Information Technology,GOBCS,State Level,3223,98.8723038,95c9df91759c,False,True,VALID,VALID
2024-2025,CAP2,FE_CAP2_2024_Cutoff_2.csv,6007,"Walchand College of Engineering, Sangli",600724610.0,Information Technology,GSEBCS,State Level,4209,98.5524481,bb5aa915a9dc,False,True,VALID,VALID
2024-2025,CAP2,FE_CAP2_2024_Cutoff_2.csv,6007,"Walchand College of Engineering, Sangli",600724610.0,Information Technology,LOPENS,State Level,15827,94.7726504,36277889e390,False,True,VALID,VALID
2024-2025,CAP2,FE_CAP2_2024_Cutoff_2.csv,6007,"Walchand College of Engineering, Sangli",600761210.0,Mechanical Engineering,GOPENS,State Level,101581,60.596742,4289052450ce,False,True,VALID,VALID
2024-2025,CAP2,FE_CAP2_2024_Cutoff_2.csv,6007,"Walchand College of Engineering, Sangli",600761210.0,Mechanical Engineering,GSCS,State Level,6789,97.714849,061e3569b2ca,False,True,VALID,VALID
2024-2025,CAP2,FE_CAP2_2024_Cutoff_2.csv,6007,"Walchand College of Engineering, Sangli",600761210.0,Mechanical Engineering,GSTS,State Level,11836,96.0995605,a8512c1ef95f,False,True,VALID,VALID
2024-2025,CAP2,FE_CAP2_2024_Cutoff_2.csv,6007,"Walchand College of Engineering, Sangli",600761210.0,Mechanical Engineering,GOBCS,State Level,75967,72.7750912,96b35f24329f,False,True,VALID,VALID
2024-2025,CAP2,FE_CAP2_2024_Cutoff_2.csv,6007,"Walchand College of Engineering, Sangli",600761210.0,Mechanical Engineering,GOPENS,State Level,15459,94.8378933,297bb1e7d538,False,True,VALID,VALID
2024-2025,CAP2,FE_CAP2_2024_Cutoff_2.csv,6007,"Walchand College of Engineering, Sangli",600761210.0,Mechanical Engineering,GSCS,State Level,62490,77.8466015,7ef9361136e0,False,True,VALID,VALID
2024-2025,CAP2,FE_CAP2_2024_Cutoff_2.csv,6007,"Walchand College of Engineering, Sangli",600761210.0,Mechanical Engineering,GSTS,State Level,13007,95.6863888,39bd206e9aba,False,True,VALID,VALID
2024-2025,CAP2,FE_CAP2_2024_Cutoff_2.csv,6007,"Walchand College of Engineering, Sangli",600761210.0,Mechanical Engineering,GOBCS,State Level,4334,98.5039894,2942794fd50a,False,True,VALID,VALID
2024-2025,CAP2,FE_CAP2_2024_Cutoff_2.csv,6139,"Progressive Education Society's Modern College of Engineering, Pune",613929310.0,Electrical Engineering,I-NonS,State Level,73208,73.7956676,c3357ad97920,False,True,VALID,VALID
2024-2025,CAP2,FE_CAP2_2024_Cutoff_2.csv,6139,"Progressive Education Society's Modern College of Engineering, Pune",613929310.0,Electrical Engineering,I-NonS,State Level,44128,84.8307457,b43b8e37417f,False,True,VALID,VALID
2024-2025,CAP2,FE_CAP2_2024_Cutoff_2.csv,6139,"Progressive Education Society's Modern College of Engineering, Pune",613937210.0,Electronics and Telecommunication Engg,I-NonS,State Level,47520,83.639399,6fe7c94798d3,False,True,VALID,VALID
2024-2025,CAP2,FE_CAP2_2024_Cutoff_2.csv,6139,"Progressive Education Society's Modern College of Engineering, Pune",613937210.0,Electronics and Telecommunication Engg,I-NonS,State Level,23351,92.2405432,dca499f92805,False,True,VALID,VALID
2024-2025,CAP2,FE_CAP2_2024_Cutoff_2.csv,6139,"Progressive Education Society's Modern College of Engineering, Pune",613961210.0,Mechanical Engineering,I-NonS,State Level,85583,68.4737144,c8c0db6002bd,False,True,VALID,VALID
2024-2025,CAP2,FE_CAP2_2024_Cutoff_2.csv,6139,"Progressive Education Society's Modern College of Engineering, Pune",613961210.0,Mechanical Engineering,I-NonS,State Level,62430,78.1496564,ec683bf9d3f0,False,True,VALID,VALID
2024-2025,CAP2,FE_CAP2_2024_Cutoff_2.csv,6139,"Progressive Education Society's Modern College of Engineering, Pune",613999510.0,Artificial Intelligence and Data Science,I-NonS,State Level,38190,86.9353148,b04036468b45,False,True,VALID,VALID
2024-2025,CAP2,FE_CAP2_2024_Cutoff_2.csv,6139,"Progressive Education Society's Modern College of Engineering, Pune",613999510.0,Artificial Intelligence and Data Science,I-NonS,State Level,17223,94.261235,8ed16c29a484,False,True,VALID,VALID
2024-2025,CAP2,FE_CAP2_2024_Cutoff_2.csv,6141,"Jaywant Shikshan Prasarak Mandal's,Rajarshi Shahu College of Engineering, Tathawade, Pune",614124610.0,Information Technology,I-NonS,State Level,29731,89.9513776,f2864303f8e6,False,True,VALID,VALID
2024-2025,CAP2,FE_CAP2_2024_Cutoff_2.csv,6141,"Jaywant Shikshan Prasarak Mandal's,Rajarshi Shahu College of Engineering, Tathawade, Pune",614124610.0,Information Technology,I-NonS,State Level,11441,96.2109407,fcca406787a4,False,True,VALID,VALID
2024-2025,CAP2,FE_CAP2_2024_Cutoff_2.csv,6141,"Jaywant Shikshan Prasarak Mandal's,Rajarshi Shahu College of Engineering, Tathawade, Pune",614137210.0,Electronics and Telecommunication Engg,I-NonS,State Level,36955,87.4749583,ffcb9cca7199,False,True,VALID,VALID
2024-2025,CAP2,FE_CAP2_2024_Cutoff_2.csv,6141,"Jaywant Shikshan Prasarak Mandal's,Rajarshi Shahu College of Engineering, Tathawade, Pune",614137210.0,Electronics and Telecommunication Engg,I-NonS,State Level,18452,93.871008,d64577af36e9,False,True,VALID,VALID
2024-2025,CAP2,FE_CAP2_2024_Cutoff_2.csv,6141,"Jaywant Shikshan Prasarak Mandal's,Rajarshi Shahu College of Engineering, Tathawade, Pune",614161210.0,Mechanical Engineering,I-NonS,State Level,73297,73.7956676,85f6c64b314e,False,True,VALID,VALID
2024-2025,CAP2,FE_CAP2_2024_Cutoff_2.csv,6141,"Jaywant Shikshan Prasarak Mandal's,Rajarshi Shahu College of Engineering, Tathawade, Pune",614161210.0,Mechanical Engineering,I-NonS,State Level,46551,83.9659115,8b7f26a43da3,False,True,VALID,VALID
2024-2025,CAP2,FE_CAP2_2024_Cutoff_2.csv,6146,"MIT Academy of Engineering,Alandi, Pune",614637210.0,Electronics and Telecommunication Engg,I-NonS,State Level,37850,87.1012785,819b24731f2b,False,True,VALID,VALID
2024-2025,CAP2,FE_CAP2_2024_Cutoff_2.csv,6146,"MIT Academy of Engineering,Alandi, Pune",614637210.0,Electronics and Telecommunication Engg,I-NonS,State Level,21163,92.9340568,ad39a6d0c2fb,False,True,VALID,VALID
2024-2025,CAP2,FE_CAP2_2024_Cutoff_2.csv,6146,"MIT Academy of Engineering,Alandi, Pune",614661210.0,Mechanical Engineering,I-NonS,State Level,59035,79.4895283,d3112ae1fbff,False,True,VALID,VALID
2024-2025,CAP2,FE_CAP2_2024_Cutoff_2.csv,6146,"MIT Academy of Engineering,Alandi, Pune",614661210.0,Mechanical Engineering,I-NonS,State Level,35294,88.0535835,54865b316508,False,True,VALID,VALID
2024-2025,CAP2,FE_CAP2_2024_Cutoff_2.csv,6156,"Marathwada Mitra Mandal's College of Engineering, Karvenagar, Pune",615637210.0,Electronics and Telecommunication Engg,I-NonS,State Level,48055,83.5369475,36818ad6ebab,False,True,VALID,VALID
2024-2025,CAP2,FE_CAP2_2024_Cutoff_2.csv,6156,"Marathwada Mitra Mandal's College of Engineering, Karvenagar, Pune",615637210.0,Electronics and Telecommunication Engg,I-NonS,State Level,20937,93.0349499,cb31e40d8c0b,False,True,VALID,VALID
2024-2025,CAP2,FE_CAP2_2024_Cutoff_2.csv,6156,"Marathwada Mitra Mandal's College of Engineering, Karvenagar, Pune",615661210.0,Mechanical Engineering,I-NonS,State Level,80593,70.6178643,9f99b2f6fb6f,False,True,VALID,VALID
2024-2025,CAP2,FE_CAP2_2024_Cutoff_2.csv,6156,"Marathwada Mitra Mandal's College of Engineering, Karvenagar, Pune",615661210.0,Mechanical Engineering,I-NonS,State Level,42275,85.4541675,f2cc90c9ca8e,False,True,VALID,VALID
2024-2025,CAP2,FE_CAP2_2024_Cutoff_2.csv,6156,"Marathwada Mitra Mandal's College of Engineering, Karvenagar, Pune",615699510.0,Artificial Intelligence and Data Science,I-NonS,State Level,39037,86.7139959,be9b71ee6cf4,False,True,VALID,VALID
2024-2025,CAP2,FE_CAP2_2024_Cutoff_2.csv,6156,"Marathwada Mitra Mandal's College of Engineering, Karvenagar, Pune",615699510.0,Artificial Intelligence and Data Science,I-NonS,State Level,17565,94.1713006,843a1c4e041a,False,True,VALID,VALID
2024-2025,CAP2,FE_CAP2_2024_Cutoff_2.csv,6175,"Pimpri Chinchwad Education Trust, Pimpri Chinchwad College of Engineering, Pune",617524510.0,Computer Engineering,GOPENS,State Level,3750,98.7008251,bc070e2fa1e7,False,True,VALID,VALID
2024-2025,CAP2,FE_CAP2_2024_Cutoff_2.csv,6175,"Pimpri Chinchwad Education Trust, Pimpri Chinchwad College of Engineering, Pune",617524510.0,Computer Engineering,GSCS,State Level,15362,94.8950322,6ff24978d364,False,True,VALID,VALID
2024-2025,CAP2,FE_CAP2_2024_Cutoff_2.csv,6175,"Pimpri Chinchwad Education Trust, Pimpri Chinchwad College of Engineering, Pune",617524510.0,Computer Engineering,GSTS,State Level,54994,80.9741447,07e3a86cd3af,False,True,VALID,VALID
2024-2025,CAP2,FE_CAP2_2024_Cutoff_2.csv,6175,"Pimpri Chinchwad Education Trust, Pimpri Chinchwad College of Engineering, Pune",617524510.0,Computer Engineering,GOBCS,State Level,4464,98.4718166,e842eea531d8,False,True,VALID,VALID
2024-2025,CAP2,FE_CAP2_2024_Cutoff_2.csv,6175,"Pimpri Chinchwad Education Trust, Pimpri Chinchwad College of Engineering, Pune",617524510.0,Computer Engineering,GSEBCS,State Level,5632,98.0953593,173337ccb34f,False,True,VALID,VALID
2024-2025,CAP2,FE_CAP2_2024_Cutoff_2.csv,6175,"Pimpri Chinchwad Education Trust, Pimpri Chinchwad College of Engineering, Pune",617524510.0,Computer Engineering,LOPENS,State Level,4195,98.5593538,04b3a71ea6d8,False,True,VALID,VALID
2024-2025,CAP2,FE_CAP2_2024_Cutoff_2.csv,6175,"Pimpri Chinchwad Education Trust, Pimpri Chinchwad College of Engineering, Pune",617524510.0,Computer Engineering,LSCS,State Level,19988,93.3592031,1e8708f900d7,False,True,VALID,VALID
2024-2025,CAP2,FE_CAP2_2024_Cutoff_2.csv,6175,"Pimpri Chinchwad Education Trust, Pimpri Chinchwad College of Engineering, Pune",617524510.0,Computer Engineering,LSEBCS,State Level,6309,97.8806679,8fd991e2352d,False,True,VALID,VALID
2024-2025,CAP2,FE_CAP2_2024_Cutoff_2.csv,6175,"Pimpri Chinchwad Education Trust, Pimpri Chinchwad College of Engineering, Pune",617524510.0,Computer Engineering,DEFOPENS,State Level,15091,95.0167998,5eed96f61d28,False,True,VALID,VALID
2024-2025,CAP2,FE_CAP2_2024_Cutoff_2.csv,6175,"Pimpri Chinchwad Education Trust, Pimpri Chinchwad College of Engineering, Pune",617524510.0,Computer Engineering,DEFROBCS,State Level,6756,97.7268949,3a3f4046ad5e,False,True,VALID,VALID
2024-2025,CAP2,FE_CAP2_2024_Cutoff_2.csv,6175,"Pimpri Chinchwad Education Trust, Pimpri Chinchwad College of Engineering, Pune",617524510.0,Computer Engineering,GOPENS,State Level,18295,93.9032684,60613cf5c65b,False,True,VALID,VALID
2024-2025,CAP2,FE_CAP2_2024_Cutoff_2.csv,6175,"Pimpri Chinchwad Education Trust, Pimpri Chinchwad College of Engineering, Pune",617524510.0,Computer Engineering,GSCS,State Level,69173,75.3516004,58d1d15e593f,False,True,VALID,VALID
2024-2025,CAP2,FE_CAP2_2024_Cutoff_2.csv,6175,"Pimpri Chinchwad Education Trust, Pimpri Chinchwad College of Engineering, Pune",617524510.0,Computer Engineering,GSTS,State Level,6539,97.8143197,e4cf7e5f5391,False,True,VALID,VALID
2024-2025,CAP2,FE_CAP2_2024_Cutoff_2.csv,6175,"Pimpri Chinchwad Education Trust, Pimpri Chinchwad College of Engineering, Pune",617524510.0,Computer Engineering,GOBCS,State Level,7431,97.535738,b733c6775622,False,True,VALID,VALID
2024-2025,CAP2,FE_CAP2_2024_Cutoff_2.csv,6175,"Pimpri Chinchwad Education Trust, Pimpri Chinchwad College of Engineering, Pune",617524510.0,Computer Engineering,GSEBCS,State Level,5972,97.9841402,bcb7dfe31f98,False,True,VALID,VALID
2024-2025,CAP2,FE_CAP2_2024_Cutoff_2.csv,6175,"Pimpri Chinchwad Education Trust, Pimpri Chinchwad College of Engineering, Pune",617524510.0,Computer Engineering,LOPENS,State Level,20636,93.1131822,cc1e87590ad0,False,True,VALID,VALID
2024-2025,CAP2,FE_CAP2_2024_Cutoff_2.csv,6175,"Pimpri Chinchwad Education Trust, Pimpri Chinchwad College of Engineering, Pune",617524510.0,Computer Engineering,LSCS,State Level,7204,97.5948623,8b618575b544,False,True,VALID,VALID
2024-2025,CAP2,FE_CAP2_2024_Cutoff_2.csv,6175,"Pimpri Chinchwad Education Trust, Pimpri Chinchwad College of Engineering, Pune",617524510.0,Computer Engineering,LSEBCS,State Level,16147,94.6434508,e41cc3a4eb69,False,True,VALID,VALID
2024-2025,CAP2,FE_CAP2_2024_Cutoff_2.csv,6175,"Pimpri Chinchwad Education Trust, Pimpri Chinchwad College of Engineering, Pune",617524510.0,Computer Engineering,DEFOPENS,State Level,17500,94.1728861,990fe3890bad,False,True,VALID,VALID
2024-2025,CAP2,FE_CAP2_2024_Cutoff_2.csv,6175,"Pimpri Chinchwad Education Trust, Pimpri Chinchwad College of Engineering, Pune",617524510.0,Computer Engineering,DEFROBCS,State Level,11298,96.260142,e425e33ef6ad,False,True,VALID,VALID
2024-2025,CAP2,FE_CAP2_2024_Cutoff_2.csv,6175,"Pimpri Chinchwad Education Trust, Pimpri Chinchwad College of Engineering, Pune",617561210.0,Mechanical Engineering,I-NonS,State Level,41781,85.5759641,44ce037158f9,False,True,VALID,VALID
2024-2025,CAP2,FE_CAP2_2024_Cutoff_2.csv,6175,"Pimpri Chinchwad Education Trust, Pimpri Chinchwad College of Engineering, Pune",617561210.0,Mechanical Engineering,I-NonS,State Level,14468,95.2233042,54a9404a3c05,False,True,VALID,VALID
2024-2025,CAP2,FE_CAP2_2024_Cutoff_2.csv,6179,"Indira College of Engineering & Management, Pune",617924510.0,Computer Engineering,I-NonS,State Level,52437,81.8151897,31f00b1cc231,False,True,VALID,VALID
2024-2025,CAP2,FE_CAP2_2024_Cutoff_2.csv,6179,"Indira College of Engineering & Management, Pune",617924510.0,Computer Engineering,I-NonS,State Level,28824,90.3485031,34029a58dc47,False,True,VALID,VALID
2024-2025,CAP2,FE_CAP2_2024_Cutoff_2.csv,6214,"K. E. Society's Rajarambapu Institute of Technology, Walwa, Sangli",621424510.0,Computer Engineering,I-NonS,State Level,53510,81.4941569,6463eae6e4e1,False,True,VALID,VALID
2024-2025,CAP2,FE_CAP2_2024_Cutoff_2.csv,6214,"K. E. Society's Rajarambapu Institute of Technology, Walwa, Sangli",621424510.0,Computer Engineering,I-NonS,State Level,49554,82.7820291,d2e278fdc642,False,True,VALID,VALID
2024-2025,CAP2,FE_CAP2_2024_Cutoff_2.csv,6214,"K. E. Society's Rajarambapu Institute of Technology, Walwa, Sangli",621437210.0,Electronics and Telecommunication Engg,I-NonS,State Level,86477,68.0717863,b0cb79d1cdf4,False,True,VALID,VALID
2024-2025,CAP2,FE_CAP2_2024_Cutoff_2.csv,6214,"K. E. Society's Rajarambapu Institute of Technology, Walwa, Sangli",621437210.0,Electronics and Telecommunication Engg,I-NonS,State Level,36104,87.6637005,ec4a7c4b6fcd,False,True,VALID,VALID
2024-2025,CAP2,FE_CAP2_2024_Cutoff_2.csv,6214,"K. E. Society's Rajarambapu Institute of Technology, Walwa, Sangli",621461210.0,Mechanical Engineering,I-NonS,State Level,126388,47.4207012,a92ce9739345,False,True,VALID,VALID
2024-2025,CAP2,FE_CAP2_2024_Cutoff_2.csv,6214,"K. E. Society's Rajarambapu Institute of Technology, Walwa, Sangli",621461210.0,Mechanical Engineering,I-NonS,State Level,60761,78.9120215,2b10054c2051,False,True,VALID,VALID
2024-2025,CAP2,FE_CAP2_2024_Cutoff_2.csv,6220,"Shri Vithal Education and Research Institute's College of Engineering, Pandharpur",622019110.0,Civil Engineering,I-NonS,State Level,97336,63.0701676,2bd8d2ba8736,False,True,VALID,VALID
2024-2025,CAP2,FE_CAP2_2024_Cutoff_2.csv,6220,"Shri Vithal Education and Research Institute's College of Engineering, Pandharpur",622019110.0,Civil Engineering,I-NonS,State Level,82330,69.8140377,787993e1ed63,False,True,VALID,VALID
2024-2025,CAP2,FE_CAP2_2024_Cutoff_2.csv,6220,"Shri Vithal Education and Research Institute's College of Engineering, Pandharpur",622024210.0,Computer Science and Engineering,I-NonS,State Level,74724,73.3652047,0527a87aa27a,False,True,VALID,VALID
2024-2025,CAP2,FE_CAP2_2024_Cutoff_2.csv,6220,"Shri Vithal Education and Research Institute's College of Engineering, Pandharpur",622024210.0,Computer Science and Engineering,I-NonS,State Level,72467,74.1162962,17ffdf04ac3b,False,True,VALID,VALID
2024-2025,CAP2,FE_CAP2_2024_Cutoff_2.csv,6220,"Shri Vithal Education and Research Institute's College of Engineering, Pandharpur",622029310.0,Electrical Engineering,I-NonS,State Level,71291,74.5088207,6ab93b388319,False,True,VALID,VALID
2024-2025,CAP2,FE_CAP2_2024_Cutoff_2.csv,6220,"Shri Vithal Education and Research Institute's College of Engineering, Pandharpur",622029310.0,Electrical Engineering,I-NonS,State Level,70706,74.9324465,16819d5df218,False,True,VALID,VALID
2024-2025,CAP2,FE_CAP2_2024_Cutoff_2.csv,6220,"Shri Vithal Education and Research Institute's College of Engineering, Pandharpur",622037210.0,Electronics and Telecommunication Engg,I-NonS,State Level,97396,63.0701676,49d6116fd3cd,False,True,VALID,VALID
2024-2025,CAP2,FE_CAP2_2024_Cutoff_2.csv,6220,"Shri Vithal Education and Research Institute's College of Engineering, Pandharpur",622037210.0,Electronics and Telecommunication Engg,I-NonS,State Level,55134,80.7858869,78ea2f1f525d,False,True,VALID,VALID
2024-2025,CAP2,FE_CAP2_2024_Cutoff_2.csv,6220,"Shri Vithal Education and Research Institute's College of Engineering, Pandharpur",622061210.0,Mechanical Engineering,I-NonS,State Level,113647,54.3568289,d477cd4bbce5,False,True,VALID,VALID
2024-2025,CAP2,FE_CAP2_2024_Cutoff_2.csv,6220,"Shri Vithal Education and Research Institute's College of Engineering, Pandharpur",622061210.0,Mechanical Engineering,I-NonS,State Level,88288,67.5033807,edd6f312a11f,False,True,VALID,VALID
2024-2025,CAP2,FE_CAP2_2024_Cutoff_2.csv,6222,"Dattajirao Kadam Technical Education Society's Textile & Engineering Institute, Ichalkaranji.",622219110.0,Civil Engineering,I-NonS,State Level,100725,60.8485656,0bef5d23b000,False,True,VALID,VALID
2024-2025,CAP2,FE_CAP2_2024_Cutoff_2.csv,6222,"Dattajirao Kadam Technical Education Society's Textile & Engineering Institute, Ichalkaranji.",622219110.0,Civil Engineering,I-NonS,State Level,94455,64.6500162,93f6b06af649,False,True,VALID,VALID
2024-2025,CAP2,FE_CAP2_2024_Cutoff_2.csv,6222,"Dattajirao Kadam Technical Education Society's Textile & Engineering Institute, Ichalkaranji.",622224210.0,Computer Science and Engineering,I-NonS,State Level,61287,78.4507504,67f6f1dc03fa,False,True,VALID,VALID
2024-2025,CAP2,FE_CAP2_2024_Cutoff_2.csv,6222,"Dattajirao Kadam Technical Education Society's Textile & Engineering Institute, Ichalkaranji.",622224210.0,Computer Science and Engineering,I-NonS,State Level,22625,92.4300828,25ac77641719,False,True,VALID,VALID
2024-2025,CAP2,FE_CAP2_2024_Cutoff_2.csv,6222,"Dattajirao Kadam Technical Education Society's Textile & Engineering Institute, Ichalkaranji.",622237210.0,Electronics and Telecommunication Engg,I-NonS,State Level,97215,63.0701676,6dde24d1b8c7,False,True,VALID,VALID
2024-2025,CAP2,FE_CAP2_2024_Cutoff_2.csv,6222,"Dattajirao Kadam Technical Education Society's Textile & Engineering Institute, Ichalkaranji.",622237210.0,Electronics and Telecommunication Engg,I-NonS,State Level,47517,83.639399,a25af205ce25,False,True,VALID,VALID
2024-2025,CAP2,FE_CAP2_2024_Cutoff_2.csv,6222,"Dattajirao Kadam Technical Education Society's Textile & Engineering Institute, Ichalkaranji.",622246510.0,Technical Textiles,I-NonS,State Level,111107,56.0103934,210f5dc101ba,False,True,VALID,VALID
2024-2025,CAP2,FE_CAP2_2024_Cutoff_2.csv,6222,"Dattajirao Kadam Technical Education Society's Textile & Engineering Institute, Ichalkaranji.",622246510.0,Technical Textiles,I-NonS,State Level,81616,70.4092512,474100f680e0,False,True,VALID,VALID
2024-2025,CAP2,FE_CAP2_2024_Cutoff_2.csv,6222,"Dattajirao Kadam Technical Education Society's Textile & Engineering Institute, Ichalkaranji.",622257010.0,Fashion Technology,I-NonS,State Level,59612,80.6067276,1fec65e95c44,False,True,VALID,VALID
2024-2025,CAP2,FE_CAP2_2024_Cutoff_2.csv,6222,"Dattajirao Kadam Technical Education Society's Textile & Engineering Institute, Ichalkaranji.",622257010.0,Fashion Technology,I-NonS,State Level,54879,82.2448555,1c234593c260,False,True,VALID,VALID
2024-2025,CAP2,FE_CAP2_2024_Cutoff_2.csv,6222,"Dattajirao Kadam Technical Education Society's Textile & Engineering Institute, Ichalkaranji.",622261210.0,Mechanical Engineering,I-NonS,State Level,74670,73.3652047,211681306e00,False,True,VALID,VALID
2024-2025,CAP2,FE_CAP2_2024_Cutoff_2.csv,6222,"Dattajirao Kadam Technical Education Society's Textile & Engineering Institute, Ichalkaranji.",622261210.0,Mechanical Engineering,I-NonS,State Level,93792,65.0377535,3c7ccea4dfb9,False,True,VALID,VALID
2024-2025,CAP2,FE_CAP2_2024_Cutoff_2.csv,6222,"Dattajirao Kadam Technical Education Society's Textile & Engineering Institute, Ichalkaranji.",622288610.0,Man Made Textile Technology,I-NonS,State Level,108046,57.3310702,6a04fb8e2d68,False,True,VALID,VALID
2024-2025,CAP2,FE_CAP2_2024_Cutoff_2.csv,6222,"Dattajirao Kadam Technical Education Society's Textile & Engineering Institute, Ichalkaranji.",622288610.0,Man Made Textile Technology,I-NonS,State Level,91464,65.722735,42a6e9629101,False,True,VALID,VALID
2024-2025,CAP2,FE_CAP2_2024_Cutoff_2.csv,6222,"Dattajirao Kadam Technical Education Society's Textile & Engineering Institute, Ichalkaranji.",622289010.0,Textile Chemistry,I-NonS,State Level,82108,72.2187575,1953fe674f8a,False,True,VALID,VALID
2024-2025,CAP2,FE_CAP2_2024_Cutoff_2.csv,6222,"Dattajirao Kadam Technical Education Society's Textile & Engineering Institute, Ichalkaranji.",622289010.0,Textile Chemistry,I-NonS,State Level,81979,72.2338818,e3cf13237b71,False,True,VALID,VALID
2024-2025,CAP2,FE_CAP2_2024_Cutoff_2.csv,6222,"Dattajirao Kadam Technical Education Society's Textile & Engineering Institute, Ichalkaranji.",622291110.0,Computer Science and Engineering(Artificial Intelligence and Machine Learning),I-NonS,State Level,88442,67.5033807,1c6f8c1d0180,False,True,VALID,VALID
2024-2025,CAP2,FE_CAP2_2024_Cutoff_2.csv,6222,"Dattajirao Kadam Technical Education Society's Textile & Engineering Institute, Ichalkaranji.",622291110.0,Computer Science and Engineering(Artificial Intelligence and Machine Learning),I-NonS,State Level,38572,86.8244074,ce9433d77344,False,True,VALID,VALID
2024-2025,CAP2,FE_CAP2_2024_Cutoff_2.csv,6223,"Pradnya Niketan Education Society's Nagesh Karajagi Orchid College of Engineering & Technology, Solapur",622319110.0,Civil Engineering,I-NonS,State Level,111966,55.2318816,59073d83609f,False,True,VALID,VALID
2024-2025,CAP2,FE_CAP2_2024_Cutoff_2.csv,6223,"Pradnya Niketan Education Society's Nagesh Karajagi Orchid College of Engineering & Technology, Solapur",622319110.0,Civil Engineering,I-NonS,State Level,125060,47.9842799,cdc8079e52f0,False,True,VALID,VALID
2024-2025,CAP2,FE_CAP2_2024_Cutoff_2.csv,6223,"Pradnya Niketan Education Society's Nagesh Karajagi Orchid College of Engineering & Technology, Solapur",622324210.0,Computer Science and Engineering,I-NonS,State Level,52132,81.934184,86caa8b123a6,False,True,VALID,VALID
2024-2025,CAP2,FE_CAP2_2024_Cutoff_2.csv,6223,"Pradnya Niketan Education Society's Nagesh Karajagi Orchid College of Engineering & Technology, Solapur",622324210.0,Computer Science and Engineering,I-NonS,State Level,51484,82.1766955,2af6177c5dcc,False,True,VALID,VALID
2024-2025,CAP2,FE_CAP2_2024_Cutoff_2.csv,6223,"Pradnya Niketan Education Society's Nagesh Karajagi Orchid College of Engineering & Technology, Solapur",622329310.0,Electrical Engineering,I-NonS,State Level,86687,68.0717863,4594a473d789,False,True,VALID,VALID
2024-2025,CAP2,FE_CAP2_2024_Cutoff_2.csv,6223,"Pradnya Niketan Education Society's Nagesh Karajagi Orchid College of Engineering & Technology, Solapur",622329310.0,Electrical Engineering,I-NonS,State Level,88252,67.5033807,cbbe62a5802f,False,True,VALID,VALID
2024-2025,CAP2,FE_CAP2_2024_Cutoff_2.csv,6223,"Pradnya Niketan Education Society's Nagesh Karajagi Orchid College of Engineering & Technology, Solapur",622361210.0,Mechanical Engineering,I-NonS,State Level,111207,56.0103934,aaa65face881,False,True,VALID,VALID
2024-2025,CAP2,FE_CAP2_2024_Cutoff_2.csv,6223,"Pradnya Niketan Education Society's Nagesh Karajagi Orchid College of Engineering & Technology, Solapur",622361210.0,Mechanical Engineering,I-NonS,State Level,112037,55.2318816,29ad8910282c,False,True,VALID,VALID
2024-2025,CAP2,FE_CAP2_2024_Cutoff_2.csv,6250,"D.Y. Patil College of Engineering and Technology, Kolhapur",625019110.0,Civil Engineering,I-NonS,State Level,92003,65.5460439,ea0888a567f1,False,True,VALID,VALID
2024-2025,CAP2,FE_CAP2_2024_Cutoff_2.csv,6250,"D.Y. Patil College of Engineering and Technology, Kolhapur",625019110.0,Civil Engineering,I-NonS,State Level,95553,63.5370419,36cab073c1ec,False,True,VALID,VALID
2024-2025,CAP2,FE_CAP2_2024_Cutoff_2.csv,6250,"D.Y. Patil College of Engineering and Technology, Kolhapur",625024210.0,Computer Science and Engineering,I-NonS,State Level,73399,73.7956676,faf0cae54fc5,False,True,VALID,VALID
2024-2025,CAP2,FE_CAP2_2024_Cutoff_2.csv,6250,"D.Y. Patil College of Engineering and Technology, Kolhapur",625024210.0,Computer Science and Engineering,I-NonS,State Level,36215,87.6007466,a14c5b5a156f,False,True,VALID,VALID
2024-2025,CAP2,FE_CAP2_2024_Cutoff_2.csv,6250,"D.Y. Patil College of Engineering and Technology, Kolhapur",625037210.0,Electronics and Telecommunication Engg,I-NonS,State Level,91055,65.8812284,2a50c8635333,False,True,VALID,VALID
2024-2025,CAP2,FE_CAP2_2024_Cutoff_2.csv,6250,"D.Y. Patil College of Engineering and Technology, Kolhapur",625037210.0,Electronics and Telecommunication Engg,I-NonS,State Level,45814,84.3179513,32bb16460b2e,False,True,VALID,VALID
2024-2025,CAP2,FE_CAP2_2024_Cutoff_2.csv,6250,"D.Y. Patil College of Engineering and Technology, Kolhapur",625050710.0,Chemical Engineering,I-NonS,State Level,88058,67.5881106,a8014abaf394,False,True,VALID,VALID
2024-2025,CAP2,FE_CAP2_2024_Cutoff_2.csv,6250,"D.Y. Patil College of Engineering and Technology, Kolhapur",625050710.0,Chemical Engineering,I-NonS,State Level,86333,68.1767082,89755f9db6a8,False,True,VALID,VALID
2024-2025,CAP2,FE_CAP2_2024_Cutoff_2.csv,6250,"D.Y. Patil College of Engineering and Technology, Kolhapur",625061210.0,Mechanical Engineering,I-NonS,State Level,127266,46.3828235,3128b824f087,False,True,VALID,VALID
2024-2025,CAP2,FE_CAP2_2024_Cutoff_2.csv,6250,"D.Y. Patil College of Engineering and Technology, Kolhapur",625061210.0,Mechanical Engineering,I-NonS,State Level,94645,64.4664266,407d97d8a219,False,True,VALID,VALID
2024-2025,CAP2,FE_CAP2_2024_Cutoff_2.csv,6250,"D.Y. Patil College of Engineering and Technology, Kolhapur",625091110.0,Computer Science and Engineering(Artificial Intelligence and Machine Learning),I-NonS,State Level,76878,72.3242844,f236245c7f01,False,True,VALID,VALID
2024-2025,CAP2,FE_CAP2_2024_Cutoff_2.csv,6250,"D.Y. Patil College of Engineering and Technology, Kolhapur",625091110.0,Computer Science and Engineering(Artificial Intelligence and Machine Learning),I-NonS,State Level,37847,87.1012785,cbad6ead789f,False,True,VALID,VALID
2024-2025,CAP2,FE_CAP2_2024_Cutoff_2.csv,6250,"D.Y. Patil College of Engineering and Technology, Kolhapur",625091210.0,Computer Science and Engineering(Data Science),I-NonS,State Level,81052,70.5008347,86a921d3cc2a,False,True,VALID,VALID
2024-2025,CAP2,FE_CAP2_2024_Cutoff_2.csv,6250,"D.Y. Patil College of Engineering and Technology, Kolhapur",625091210.0,Computer Science and Engineering(Data Science),I-NonS,State Level,49720,82.7820291,ebe799d52cf0,False,True,VALID,VALID
2024-2025,CAP2,FE_CAP2_2024_Cutoff_2.csv,6267,"Kolhapur Institute of Technology's College of Engineering(Autonomous), Kolhapur",626719110.0,Civil Engineering,I-NonS,State Level,105663,59.0509185,f58c0716cf49,False,True,VALID,VALID
2024-2025,CAP2,FE_CAP2_2024_Cutoff_2.csv,6267,"Kolhapur Institute of Technology's College of Engineering(Autonomous), Kolhapur",626719110.0,Civil Engineering,I-NonS,State Level,59516,79.1872032,805c9f7b42b3,False,True,VALID,VALID
2024-2025,CAP2,FE_CAP2_2024_Cutoff_2.csv,6267,"Kolhapur Institute of Technology's College of Engineering(Autonomous), Kolhapur",626724210.0,Computer Science and Engineering,I-NonS,State Level,30718,89.680975,44ea76de497c,False,True,VALID,VALID
2024-2025,CAP2,FE_CAP2_2024_Cutoff_2.csv,6267,"Kolhapur Institute of Technology's College of Engineering(Autonomous), Kolhapur",626724210.0,Computer Science and Engineering,I-NonS,State Level,30530,89.7386952,e982371dd804,False,True,VALID,VALID
2024-2025,CAP2,FE_CAP2_2024_Cutoff_2.csv,6267,"Kolhapur Institute of Technology's College of Engineering(Autonomous), Kolhapur",626726210.0,Computer Science and Business Systems,I-NonS,State Level,56733,80.2743712,bac0a95b46e4,False,True,VALID,VALID
2024-2025,CAP2,FE_CAP2_2024_Cutoff_2.csv,6267,"Kolhapur Institute of Technology's College of Engineering(Autonomous), Kolhapur",626726210.0,Computer Science and Business Systems,I-NonS,State Level,28972,90.2977118,5ffedd8cd971,False,True,VALID,VALID
2024-2025,CAP2,FE_CAP2_2024_Cutoff_2.csv,6267,"Kolhapur Institute of Technology's College of Engineering(Autonomous), Kolhapur",626737210.0,Electronics and Telecommunication Engg,I-NonS,State Level,61960,78.1973837,a6ff6d6a6dfd,False,True,VALID,VALID
2024-2025,CAP2,FE_CAP2_2024_Cutoff_2.csv,6267,"Kolhapur Institute of Technology's College of Engineering(Autonomous), Kolhapur",626737210.0,Electronics and Telecommunication Engg,I-NonS,State Level,25740,91.3560438,654265c886f5,False,True,VALID,VALID
2024-2025,CAP2,FE_CAP2_2024_Cutoff_2.csv,6267,"Kolhapur Institute of Technology's College of Engineering(Autonomous), Kolhapur",626761210.0,Mechanical Engineering,I-NonS,State Level,103419,60.2294112,005feda5dcd9,False,True,VALID,VALID
2024-2025,CAP2,FE_CAP2_2024_Cutoff_2.csv,6267,"Kolhapur Institute of Technology's College of Engineering(Autonomous), Kolhapur",626761210.0,Mechanical Engineering,I-NonS,State Level,52418,81.8151897,de64debf11d6,False,True,VALID,VALID
2024-2025,CAP2,FE_CAP2_2024_Cutoff_2.csv,6267,"Kolhapur Institute of Technology's College of Engineering(Autonomous), Kolhapur",626791110.0,Computer Science and Engineering(Artificial Intelligence and Machine Learning),I-NonS,State Level,39007,86.7139959,52e1e8a621b9,False,True,VALID,VALID
2024-2025,CAP2,FE_CAP2_2024_Cutoff_2.csv,6267,"Kolhapur Institute of Technology's College of Engineering(Autonomous), Kolhapur",626791110.0,Computer Science and Engineering(Artificial Intelligence and Machine Learning),I-NonS,State Level,16678,94.46635,eae4d35a40b2,False,True,VALID,VALID
2024-2025,CAP2,FE_CAP2_2024_Cutoff_2.csv,6268,"Tatyasaheb Kore Institute of Engineering and Technology, Warananagar",626819110.0,Civil Engineering,I-NonS,State Level,135490,41.0394031,086d9d474a22,False,True,VALID,VALID
2024-2025,CAP2,FE_CAP2_2024_Cutoff_2.csv,6268,"Tatyasaheb Kore Institute of Engineering and Technology, Warananagar",626819110.0,Civil Engineering,I-NonS,State Level,161970,20.7289199,32e1faf6e776,False,True,VALID,VALID
2024-2025,CAP2,FE_CAP2_2024_Cutoff_2.csv,6268,"Tatyasaheb Kore Institute of Engineering and Technology, Warananagar",626824210.0,Computer Science and Engineering,I-NonS,State Level,92446,65.4406319,af605d154e2a,False,True,VALID,VALID
2024-2025,CAP2,FE_CAP2_2024_Cutoff_2.csv,6268,"Tatyasaheb Kore Institute of Engineering and Technology, Warananagar",626824210.0,Computer Science and Engineering,I-NonS,State Level,54204,81.2928705,d17eddb988a5,False,True,VALID,VALID
2024-2025,CAP2,FE_CAP2_2024_Cutoff_2.csv,6268,"Tatyasaheb Kore Institute of Engineering and Technology, Warananagar",626861210.0,Mechanical Engineering,I-NonS,State Level,148628,31.6234334,30ccb4e823fb,False,True,VALID,VALID
2024-2025,CAP2,FE_CAP2_2024_Cutoff_2.csv,6268,"Tatyasaheb Kore Institute of Engineering and Technology, Warananagar",626861210.0,Mechanical Engineering,I-NonS,State Level,132265,43.4393889,e9f5ec611b47,False,True,VALID,VALID
2024-2025,CAP2,FE_CAP2_2024_Cutoff_2.csv,6272,"Dr. D. Y. Patil Pratishthan's D.Y.Patil College of Engineering Akurdi, Pune",627219110.0,Civil Engineering,I-NonS,State Level,65980,76.6199764,6f14f2e6145a,False,True,VALID,VALID
2024-2025,CAP2,FE_CAP2_2024_Cutoff_2.csv,6272,"Dr. D. Y. Patil Pratishthan's D.Y.Patil College of Engineering Akurdi, Pune",627219110.0,Civil Engineering,I-NonS,State Level,38093,86.9701586,1f50eb99d786,False,True,VALID,VALID
2024-2025,CAP2,FE_CAP2_2024_Cutoff_2.csv,6273,"Bansilal Ramnath Agarawal Charitable Trust's Vishwakarma Institute of Technology, Bibwewadi, Pune",627346410.0,Instrumentation and Control Engineering,I-NonS,State Level,47473,83.639399,d8cd6d99bf55,False,True,VALID,VALID
2024-2025,CAP2,FE_CAP2_2024_Cutoff_2.csv,6273,"Bansilal Ramnath Agarawal Charitable Trust's Vishwakarma Institute of Technology, Bibwewadi, Pune",627346410.0,Instrumentation and Control Engineering,I-NonS,State Level,18264,93.9575282,3e2dd02cca34,False,True,VALID,VALID
2024-2025,CAP2,FE_CAP2_2024_Cutoff_2.csv,6273,"Bansilal Ramnath Agarawal Charitable Trust's Vishwakarma Institute of Technology, Bibwewadi, Pune",627361210.0,Mechanical Engineering,I-NonS,State Level,39951,86.2308451,f1000af29004,False,True,VALID,VALID
2024-2025,CAP2,FE_CAP2_2024_Cutoff_2.csv,6273,"Bansilal Ramnath Agarawal Charitable Trust's Vishwakarma Institute of Technology, Bibwewadi, Pune",627361210.0,Mechanical Engineering,I-NonS,State Level,12318,95.9432049,24154d6720b0,False,True,VALID,VALID
2024-2025,CAP2,FE_CAP2_2024_Cutoff_2.csv,6276,"MKSSS's Cummins College of Engineering for Women, Karvenagar,Pune",627662410,Mechatronics Engineering,"Legends:Start Character G-General, L-Ladies, End Character H-Home University, O-Other than Home University, S-State Level,S",State Level,2199,99.2070117,e99d40ef9f2c,False,True,INVALID_TEXT,CHECK_CATEGORY
2024-2025,CAP2,FE_CAP2_2024_Cutoff_2.csv,6276,"MKSSS's Cummins College of Engineering for Women, Karvenagar,Pune",627662410,Mechatronics Engineering,"PWDR : PWD Common Reserved Seat, DEFR : Defense Common Reserved Seat.",State Level,54785,81.0378274,0f11ffcef283,False,True,INVALID_TEXT,CHECK_CATEGORY
2024-2025,CAP2,FE_CAP2_2024_Cutoff_2.csv,6276,"MKSSS's Cummins College of Engineering for Women, Karvenagar,Pune",627662410,Mechatronics Engineering,Maharashtra State Seats - Cut Off Indicates State General Merit No.; Figures in bracket Indicates Merit Percentile.S,State Level,9528,96.8688845,85f91e2e1979,False,True,INVALID_TEXT,CHECK_CATEGORY
2024-2025,CAP2,FE_CAP2_2024_Cutoff_2.csv,6276,"MKSSS's Cummins College of Engineering for Women, Karvenagar,Pune",627662410,Mechatronics Engineering,DS,State Level,2560,99.0859396,7f4b8ae44892,False,True,VALID,VALID
2024-2025,CAP2,FE_CAP2_2024_Cutoff_2.csv,6276,"MKSSS's Cummins College of Engineering for Women, Karvenagar,Pune",627662410,Mechatronics Engineering,State Common Entrance Test CellS,State Level,2462,99.1163924,e7d4acb8c62d,False,True,INVALID_TEXT,CHECK_CATEGORY
2024-2025,CAP2,FE_CAP2_2024_Cutoff_2.csv,6276,"MKSSS's Cummins College of Engineering for Women, Karvenagar,Pune",627662410,Mechatronics Engineering,LOPENS,State Level,12442,95.8725715,1a55d3365971,False,True,VALID,VALID
2024-2025,CAP2,FE_CAP2_2024_Cutoff_2.csv,6276,"MKSSS's Cummins College of Engineering for Women, Karvenagar,Pune",627662410,Mechatronics Engineering,I-NonS,State Level,11093,96.3476712,23a221420fb9,False,True,VALID,VALID
2024-2025,CAP2,FE_CAP2_2024_Cutoff_2.csv,6276,"MKSSS's Cummins College of Engineering for Women, Karvenagar,Pune",627662410,Mechatronics Engineering,PWD,State Level,2727,99.034587,864429aeba30,False,True,VALID,VALID
2024-2025,CAP2,FE_CAP2_2024_Cutoff_2.csv,6276,"MKSSS's Cummins College of Engineering for Women, Karvenagar,Pune",627662410,Mechatronics Engineering,LOPENS,State Level,15038,95.033389,af02ec64d5c2,False,True,VALID,VALID
2024-2025,CAP2,FE_CAP2_2024_Cutoff_2.csv,6276,"MKSSS's Cummins College of Engineering for Women, Karvenagar,Pune",627662410,Mechatronics Engineering,LSCS,State Level,65768,76.7300255,36a7a9be3723,False,True,VALID,VALID
2024-2025,CAP2,FE_CAP2_2024_Cutoff_2.csv,6276,"MKSSS's Cummins College of Engineering for Women, Karvenagar,Pune",627662410,Mechatronics Engineering,LSTS,State Level,9903,96.7466861,f9428f1cf44a,False,True,VALID,VALID
2024-2025,CAP2,FE_CAP2_2024_Cutoff_2.csv,6276,"MKSSS's Cummins College of Engineering for Women, Karvenagar,Pune",627662410,Mechatronics Engineering,LVJS,State Level,4047,98.5995678,d88e60d76c6a,False,True,VALID,VALID
2024-2025,CAP2,FE_CAP2_2024_Cutoff_2.csv,6276,"MKSSS's Cummins College of Engineering for Women, Karvenagar,Pune",627662410,Mechatronics Engineering,LSEBCS,State Level,6368,97.859073,048aed4ea406,False,True,VALID,VALID
2024-2025,CAP2,FE_CAP2_2024_Cutoff_2.csv,6276,"MKSSS's Cummins College of Engineering for Women, Karvenagar,Pune",627662410,Mechatronics Engineering,I-NonS,State Level,15438,94.8378933,76e2bcb590d2,False,True,VALID,VALID
2024-2025,CAP2,FE_CAP2_2024_Cutoff_2.csv,6276,"MKSSS's Cummins College of Engineering for Women, Karvenagar,Pune",627662410,Mechatronics Engineering,LOPENS,State Level,27544,90.7979989,d0b8452729d9,False,True,VALID,VALID
2024-2025,CAP2,FE_CAP2_2024_Cutoff_2.csv,6276,"MKSSS's Cummins College of Engineering for Women, Karvenagar,Pune",627662410,Mechatronics Engineering,LSCS,State Level,144696,34.805294,6dfa6471b33c,False,True,VALID,VALID
2024-2025,CAP2,FE_CAP2_2024_Cutoff_2.csv,6276,"MKSSS's Cummins College of Engineering for Women, Karvenagar,Pune",627662410,Mechatronics Engineering,LSTS,State Level,14991,95.0338694,0d039988dfb4,False,True,VALID,VALID
2024-2025,CAP2,FE_CAP2_2024_Cutoff_2.csv,6276,"MKSSS's Cummins College of Engineering for Women, Karvenagar,Pune",627662410,Mechatronics Engineering,LVJS,State Level,13708,95.4728747,f7fa1f226718,False,True,VALID,VALID
2024-2025,CAP2,FE_CAP2_2024_Cutoff_2.csv,6276,"MKSSS's Cummins College of Engineering for Women, Karvenagar,Pune",627662410,Mechatronics Engineering,LNT1S,State Level,5641,98.0953593,fdd7e6185753,False,True,VALID,VALID
2024-2025,CAP2,FE_CAP2_2024_Cutoff_2.csv,6276,"MKSSS's Cummins College of Engineering for Women, Karvenagar,Pune",627662410,Mechatronics Engineering,LSEBCS,State Level,150203,30.8111882,f8e90ce00a97,False,True,VALID,VALID
2024-2025,CAP2,FE_CAP2_2024_Cutoff_2.csv,6276,"MKSSS's Cummins College of Engineering for Women, Karvenagar,Pune",627662410,Mechatronics Engineering,I-NonS,State Level,27870,90.6756878,ea5c4109aa94,False,True,VALID,VALID
2024-2025,CAP2,FE_CAP2_2024_Cutoff_2.csv,6276,"MKSSS's Cummins College of Engineering for Women, Karvenagar,Pune",627662410,Mechatronics Engineering,PWD,State Level,6775,97.7253043,ec706fa4c27f,False,True,VALID,VALID
2024-2025,CAP2,FE_CAP2_2024_Cutoff_2.csv,6276,"MKSSS's Cummins College of Engineering for Women, Karvenagar,Pune",627662410,Mechatronics Engineering,VIIS,State Level,4295,98.5229984,7b572ddcc7a6,False,True,VALID,VALID
2024-2025,CAP2,FE_CAP2_2024_Cutoff_2.csv,6276,"MKSSS's Cummins College of Engineering for Women, Karvenagar,Pune",627662410,Mechatronics Engineering,LOPENS,State Level,28347,90.4797169,dc4c56f92d16,False,True,VALID,VALID
2024-2025,CAP2,FE_CAP2_2024_Cutoff_2.csv,6276,"MKSSS's Cummins College of Engineering for Women, Karvenagar,Pune",627662410,Mechatronics Engineering,LSCS,State Level,167714,14.7377685,052c261a6a48,False,True,VALID,VALID
2024-2025,CAP2,FE_CAP2_2024_Cutoff_2.csv,6276,"MKSSS's Cummins College of Engineering for Women, Karvenagar,Pune",627662410,Mechatronics Engineering,LSTS,State Level,25302,91.5509861,d26c4f6a3b6b,False,True,VALID,VALID
2024-2025,CAP2,FE_CAP2_2024_Cutoff_2.csv,6276,"MKSSS's Cummins College of Engineering for Women, Karvenagar,Pune",627662410,Mechatronics Engineering,LNT1S,State Level,15323,94.8964961,99ab68c845aa,False,True,VALID,VALID
2024-2025,CAP2,FE_CAP2_2024_Cutoff_2.csv,6276,"MKSSS's Cummins College of Engineering for Women, Karvenagar,Pune",627662410,Mechatronics Engineering,LSEBCS,State Level,20111,93.2978364,e3f0aa0d69d1,False,True,VALID,VALID
2024-2025,CAP2,FE_CAP2_2024_Cutoff_2.csv,6276,"MKSSS's Cummins College of Engineering for Women, Karvenagar,Pune",627662410,Mechatronics Engineering,I-NonS,State Level,11269,96.2756986,d2e43d995810,False,True,VALID,VALID
2024-2025,CAP2,FE_CAP2_2024_Cutoff_2.csv,6276,"MKSSS's Cummins College of Engineering for Women, Karvenagar,Pune",627662410,Mechatronics Engineering,VIIS,State Level,11530,96.1956995,0568d9b244c7,False,True,VALID,VALID
2024-2025,CAP2,FE_CAP2_2024_Cutoff_2.csv,6276,"MKSSS's Cummins College of Engineering for Women, Karvenagar,Pune",627662410,Mechatronics Engineering,"Legends:Start Character G-General, L-Ladies, End Character H-Home University, O-Other than Home University, S-State Level,S",State Level,8794,97.0696299,cef7152a1554,False,True,INVALID_TEXT,CHECK_CATEGORY
2024-2025,CAP2,FE_CAP2_2024_Cutoff_2.csv,6276,"MKSSS's Cummins College of Engineering for Women, Karvenagar,Pune",627662410,Mechatronics Engineering,"PWDR : PWD Common Reserved Seat, DEFR : Defense Common Reserved Seat.",State Level,10338,96.5964131,f9cc41313ce2,False,True,INVALID_TEXT,CHECK_CATEGORY
2024-2025,CAP2,FE_CAP2_2024_Cutoff_2.csv,6276,"MKSSS's Cummins College of Engineering for Women, Karvenagar,Pune",627662410,Mechatronics Engineering,Maharashtra State Seats - Cut Off Indicates State General Merit No.; Figures in bracket Indicates Merit Percentile.S,State Level,15813,94.7829716,e532f045c0aa,False,True,INVALID_TEXT,CHECK_CATEGORY
2024-2025,CAP2,FE_CAP2_2024_Cutoff_2.csv,6276,"MKSSS's Cummins College of Engineering for Women, Karvenagar,Pune",627662410,Mechatronics Engineering,DS,State Level,55441,80.7413807,ca595ef47192,False,True,VALID,VALID
2024-2025,CAP2,FE_CAP2_2024_Cutoff_2.csv,6276,"MKSSS's Cummins College of Engineering for Women, Karvenagar,Pune",627662410,Mechatronics Engineering,State Common Entrance Test CellS,State Level,12892,95.7280585,2aa4afe9772f,False,True,INVALID_TEXT,CHECK_CATEGORY
2024-2025,CAP2,FE_CAP2_2024_Cutoff_2.csv,6276,"MKSSS's Cummins College of Engineering for Women, Karvenagar,Pune",627662410,Mechatronics Engineering,I-NonS,State Level,9693,96.7953686,0bf4fd791090,False,True,VALID,VALID
2024-2025,CAP2,FE_CAP2_2024_Cutoff_2.csv,6276,"MKSSS's Cummins College of Engineering for Women, Karvenagar,Pune",627662410,Mechatronics Engineering,VIIS,State Level,9989,96.7175957,8ffb69db3e17,False,True,VALID,VALID
2024-2025,CAP2,FE_CAP2_2024_Cutoff_2.csv,6277,"Dr. J. J. Magdum  Charitable Trust's Dr. J.J. Magdum College of Engineering, Jaysingpur",627719110.0,Civil Engineering,I-NonS,State Level,132178,43.5298862,76f3bb5cd135,False,True,VALID,VALID
2024-2025,CAP2,FE_CAP2_2024_Cutoff_2.csv,6277,"Dr. J. J. Magdum  Charitable Trust's Dr. J.J. Magdum College of Engineering, Jaysingpur",627719110.0,Civil Engineering,I-NonS,State Level,124029,48.6637821,9cecabf629c0,False,True,VALID,VALID
2024-2025,CAP2,FE_CAP2_2024_Cutoff_2.csv,6277,"Dr. J. J. Magdum  Charitable Trust's Dr. J.J. Magdum College of Engineering, Jaysingpur",627724610.0,Information Technology,I-NonS,State Level,92561,65.4406319,32e096befeab,False,True,VALID,VALID
2024-2025,CAP2,FE_CAP2_2024_Cutoff_2.csv,6277,"Dr. J. J. Magdum  Charitable Trust's Dr. J.J. Magdum College of Engineering, Jaysingpur",627724610.0,Information Technology,I-NonS,State Level,72682,73.8893284,f99f283ae5c5,False,True,VALID,VALID
2024-2025,CAP2,FE_CAP2_2024_Cutoff_2.csv,6277,"Dr. J. J. Magdum  Charitable Trust's Dr. J.J. Magdum College of Engineering, Jaysingpur",627726310.0,Artificial Intelligence (AI) and Data Science,I-NonS,State Level,74250,73.4250332,f8121d9b068b,False,True,VALID,VALID
2024-2025,CAP2,FE_CAP2_2024_Cutoff_2.csv,6277,"Dr. J. J. Magdum  Charitable Trust's Dr. J.J. Magdum College of Engineering, Jaysingpur",627726310.0,Artificial Intelligence (AI) and Data Science,I-NonS,State Level,88432,67.5033807,8df5d14904db,False,True,VALID,VALID
2024-2025,CAP2,FE_CAP2_2024_Cutoff_2.csv,6277,"Dr. J. J. Magdum  Charitable Trust's Dr. J.J. Magdum College of Engineering, Jaysingpur",627761210.0,Mechanical Engineering,I-NonS,State Level,170467,11.7157385,8db5663bc367,False,True,VALID,VALID
2024-2025,CAP2,FE_CAP2_2024_Cutoff_2.csv,6277,"Dr. J. J. Magdum  Charitable Trust's Dr. J.J. Magdum College of Engineering, Jaysingpur",627761210.0,Mechanical Engineering,I-NonS,State Level,134198,42.2207447,d166702cf179,False,True,VALID,VALID
2024-2025,CAP2,FE_CAP2_2024_Cutoff_2.csv,6283,"Annasaheb Dange College of Engineering and Technology, Ashta, Sangli",628319110.0,Civil Engineering,I-NonS,State Level,153169,27.9969458,28dd6176975e,False,True,VALID,VALID
2024-2025,CAP2,FE_CAP2_2024_Cutoff_2.csv,6283,"Annasaheb Dange College of Engineering and Technology, Ashta, Sangli",628319110.0,Civil Engineering,I-NonS,State Level,113954,54.1800379,024f467fcf6c,False,True,VALID,VALID
2024-2025,CAP2,FE_CAP2_2024_Cutoff_2.csv,6283,"Annasaheb Dange College of Engineering and Technology, Ashta, Sangli",628324210.0,Computer Science and Engineering,I-NonS,State Level,82240,69.8140377,a2fb9ac645c2,False,True,VALID,VALID
2024-2025,CAP2,FE_CAP2_2024_Cutoff_2.csv,6283,"Annasaheb Dange College of Engineering and Technology, Ashta, Sangli",628324210.0,Computer Science and Engineering,I-NonS,State Level,46592,83.9659115,b4df3cd0c85d,False,True,VALID,VALID
2024-2025,CAP2,FE_CAP2_2024_Cutoff_2.csv,6283,"Annasaheb Dange College of Engineering and Technology, Ashta, Sangli",628329310.0,Electrical Engineering,I-NonS,State Level,167616,15.1214416,726fd7af6b2a,False,True,VALID,VALID
2024-2025,CAP2,FE_CAP2_2024_Cutoff_2.csv,6283,"Annasaheb Dange College of Engineering and Technology, Ashta, Sangli",628329310.0,Electrical Engineering,I-NonS,State Level,80167,70.8722936,cf79f428fc6e,False,True,VALID,VALID
2024-2025,CAP2,FE_CAP2_2024_Cutoff_2.csv,6283,"Annasaheb Dange College of Engineering and Technology, Ashta, Sangli",628350310.0,Food Technology,I-NonS,State Level,58162,81.2063856,e6fe8480df6e,False,True,VALID,VALID
2024-2025,CAP2,FE_CAP2_2024_Cutoff_2.csv,6283,"Annasaheb Dange College of Engineering and Technology, Ashta, Sangli",628350310.0,Food Technology,I-NonS,State Level,49099,84.3090458,f1ff02916580,False,True,VALID,VALID
2024-2025,CAP2,FE_CAP2_2024_Cutoff_2.csv,6283,"Annasaheb Dange College of Engineering and Technology, Ashta, Sangli",628361210.0,Mechanical Engineering,I-NonS,State Level,154454,27.4048925,d4a84b87f8cd,False,True,VALID,VALID
2024-2025,CAP2,FE_CAP2_2024_Cutoff_2.csv,6283,"Annasaheb Dange College of Engineering and Technology, Ashta, Sangli",628361210.0,Mechanical Engineering,I-NonS,State Level,107393,57.8688386,7894490b68fe,False,True,VALID,VALID
2024-2025,CAP2,FE_CAP2_2024_Cutoff_2.csv,6284,"Vidya Pratishthan's Kamalnayan Bajaj Institute of Engineering & Technology, Baramati Dist.Pune",628419110.0,Civil Engineering,I-NonS,State Level,88643,67.294477,dc9bfba8753b,False,True,VALID,VALID
2024-2025,CAP2,FE_CAP2_2024_Cutoff_2.csv,6284,"Vidya Pratishthan's Kamalnayan Bajaj Institute of Engineering & Technology, Baramati Dist.Pune",628419110.0,Civil Engineering,I-NonS,State Level,73940,73.5848302,7c26e062da71,False,True,VALID,VALID
2024-2025,CAP2,FE_CAP2_2024_Cutoff_2.csv,6284,"Vidya Pratishthan's Kamalnayan Bajaj Institute of Engineering & Technology, Baramati Dist.Pune",628429310.0,Electrical Engineering,I-NonS,State Level,56101,80.5896708,f56bd09f8d56,False,True,VALID,VALID
2024-2025,CAP2,FE_CAP2_2024_Cutoff_2.csv,6284,"Vidya Pratishthan's Kamalnayan Bajaj Institute of Engineering & Technology, Baramati Dist.Pune",628429310.0,Electrical Engineering,I-NonS,State Level,43742,85.0743746,b17cfeea47e8,False,True,VALID,VALID
2024-2025,CAP2,FE_CAP2_2024_Cutoff_2.csv,6284,"Vidya Pratishthan's Kamalnayan Bajaj Institute of Engineering & Technology, Baramati Dist.Pune",628461210.0,Mechanical Engineering,I-NonS,State Level,71991,74.3614357,08447fe38cbe,False,True,VALID,VALID
2024-2025,CAP2,FE_CAP2_2024_Cutoff_2.csv,6284,"Vidya Pratishthan's Kamalnayan Bajaj Institute of Engineering & Technology, Baramati Dist.Pune",628461210.0,Mechanical Engineering,I-NonS,State Level,49967,82.7776364,f30069a9f3c7,False,True,VALID,VALID
2024-2025,CAP2,FE_CAP2_2024_Cutoff_2.csv,6284,"Vidya Pratishthan's Kamalnayan Bajaj Institute of Engineering & Technology, Baramati Dist.Pune",628499510.0,Artificial Intelligence and Data Science,I-NonS,State Level,49841,82.7778711,0efb6b76d254,False,True,VALID,VALID
2024-2025,CAP2,FE_CAP2_2024_Cutoff_2.csv,6284,"Vidya Pratishthan's Kamalnayan Bajaj Institute of Engineering & Technology, Baramati Dist.Pune",628499510.0,Artificial Intelligence and Data Science,I-NonS,State Level,29595,90.0185936,8a1738faa1f9,False,True,VALID,VALID
2024-2025,CAP2,FE_CAP2_2024_Cutoff_2.csv,6285,"Bharati Vidyapeeth's College of Engineering for Women, Katraj, Dhankawadi, Pune",628599510,Artificial Intelligence and Data Science,"Legends:Start Character G-General, L-Ladies, End Character H-Home University, O-Other than Home University, S-State Level,S",State Level,62879,77.8445199,b4dfbe9bd119,False,True,INVALID_TEXT,CHECK_CATEGORY
2024-2025,CAP2,FE_CAP2_2024_Cutoff_2.csv,6285,"Bharati Vidyapeeth's College of Engineering for Women, Katraj, Dhankawadi, Pune",628599510,Artificial Intelligence and Data Science,"PWDR : PWD Common Reserved Seat, DEFR : Defense Common Reserved Seat.",State Level,28682,90.3886926,c21b407bebab,False,True,INVALID_TEXT,CHECK_CATEGORY
2024-2025,CAP2,FE_CAP2_2024_Cutoff_2.csv,6285,"Bharati Vidyapeeth's College of Engineering for Women, Katraj, Dhankawadi, Pune",628599510,Artificial Intelligence and Data Science,I-NonS,State Level,41070,86.0755637,b2dd9f09f3bb,False,True,VALID,VALID
2024-2025,CAP2,FE_CAP2_2024_Cutoff_2.csv,6285,"Bharati Vidyapeeth's College of Engineering for Women, Katraj, Dhankawadi, Pune",628599510,Artificial Intelligence and Data Science,"Legends:Start Character G-General, L-Ladies, End Character H-Home University, O-Other than Home University, S-State Level,S",State Level,64277,77.5959933,3c0985ede9a4,False,True,INVALID_TEXT,CHECK_CATEGORY
2024-2025,CAP2,FE_CAP2_2024_Cutoff_2.csv,6285,"Bharati Vidyapeeth's College of Engineering for Women, Katraj, Dhankawadi, Pune",628599510,Artificial Intelligence and Data Science,"PWDR : PWD Common Reserved Seat, DEFR : Defense Common Reserved Seat.",State Level,31636,89.3071786,3cf4e31ffdf8,False,True,INVALID_TEXT,CHECK_CATEGORY
2024-2025,CAP2,FE_CAP2_2024_Cutoff_2.csv,6285,"Bharati Vidyapeeth's College of Engineering for Women, Katraj, Dhankawadi, Pune",628599510,Artificial Intelligence and Data Science,"Legends:Start Character G-General, L-Ladies, End Character H-Home University, O-Other than Home University, S-State Level,S",State Level,33156,88.7742666,9056bc0c7ecb,False,True,INVALID_TEXT,CHECK_CATEGORY
2024-2025,CAP2,FE_CAP2_2024_Cutoff_2.csv,6285,"Bharati Vidyapeeth's College of Engineering for Women, Katraj, Dhankawadi, Pune",628599510,Artificial Intelligence and Data Science,"PWDR : PWD Common Reserved Seat, DEFR : Defense Common Reserved Seat.",State Level,49771,82.7778711,ab962de9a087,False,True,INVALID_TEXT,CHECK_CATEGORY
2024-2025,CAP2,FE_CAP2_2024_Cutoff_2.csv,6285,"Bharati Vidyapeeth's College of Engineering for Women, Katraj, Dhankawadi, Pune",628599510,Artificial Intelligence and Data Science,I-NonS,State Level,56133,80.5896708,cdf7c7ea0b7a,False,True,VALID,VALID
2024-2025,CAP2,FE_CAP2_2024_Cutoff_2.csv,6298,"Zeal Education Society's Zeal College of Engineering & Reserch, Narhe, Pune",629819110.0,Civil Engineering,I-NonS,State Level,126585,47.0113809,d3aeae1e80a7,False,True,VALID,VALID
2024-2025,CAP2,FE_CAP2_2024_Cutoff_2.csv,6298,"Zeal Education Society's Zeal College of Engineering & Reserch, Narhe, Pune",629819110.0,Civil Engineering,I-NonS,State Level,101895,60.546705,6b2eaeec6971,False,True,VALID,VALID
2024-2025,CAP2,FE_CAP2_2024_Cutoff_2.csv,6298,"Zeal Education Society's Zeal College of Engineering & Reserch, Narhe, Pune",629821910.0,Robotics and Automation,I-NonS,State Level,82208,69.8140377,85b54e724354,False,True,VALID,VALID
2024-2025,CAP2,FE_CAP2_2024_Cutoff_2.csv,6298,"Zeal Education Society's Zeal College of Engineering & Reserch, Narhe, Pune",629821910.0,Robotics and Automation,I-NonS,State Level,80428,70.8722936,6a9d9720fc5a,False,True,VALID,VALID
2024-2025,CAP2,FE_CAP2_2024_Cutoff_2.csv,6298,"Zeal Education Society's Zeal College of Engineering & Reserch, Narhe, Pune",629824610.0,Information Technology,I-NonS,State Level,70727,74.9324465,faa876f740df,False,True,VALID,VALID
2024-2025,CAP2,FE_CAP2_2024_Cutoff_2.csv,6298,"Zeal Education Society's Zeal College of Engineering & Reserch, Narhe, Pune",629824610.0,Information Technology,I-NonS,State Level,44265,84.8060392,49d73a485825,False,True,VALID,VALID
2024-2025,CAP2,FE_CAP2_2024_Cutoff_2.csv,6298,"Zeal Education Society's Zeal College of Engineering & Reserch, Narhe, Pune",629829310.0,Electrical Engineering,I-NonS,State Level,95515,63.5370419,649ba3e7c2bd,False,True,VALID,VALID
2024-2025,CAP2,FE_CAP2_2024_Cutoff_2.csv,6298,"Zeal Education Society's Zeal College of Engineering & Reserch, Narhe, Pune",629829310.0,Electrical Engineering,I-NonS,State Level,88248,67.5033807,43ddf02d8f91,False,True,VALID,VALID
2024-2025,CAP2,FE_CAP2_2024_Cutoff_2.csv,6298,"Zeal Education Society's Zeal College of Engineering & Reserch, Narhe, Pune",629837210.0,Electronics and Telecommunication Engg,I-NonS,State Level,80724,70.5215521,61b82b397730,False,True,VALID,VALID
2024-2025,CAP2,FE_CAP2_2024_Cutoff_2.csv,6298,"Zeal Education Society's Zeal College of Engineering & Reserch, Narhe, Pune",629837210.0,Electronics and Telecommunication Engg,I-NonS,State Level,54422,81.1614491,14438ad33d1b,False,True,VALID,VALID
2024-2025,CAP2,FE_CAP2_2024_Cutoff_2.csv,6298,"Zeal Education Society's Zeal College of Engineering & Reserch, Narhe, Pune",629861210.0,Mechanical Engineering,I-NonS,State Level,93337,65.2298851,ebc30ddcbafc,False,True,VALID,VALID
2024-2025,CAP2,FE_CAP2_2024_Cutoff_2.csv,6298,"Zeal Education Society's Zeal College of Engineering & Reserch, Narhe, Pune",629861210.0,Mechanical Engineering,I-NonS,State Level,109401,57.1543272,abf63858bbbb,False,True,VALID,VALID
2024-2025,CAP2,FE_CAP2_2024_Cutoff_2.csv,6298,"Zeal Education Society's Zeal College of Engineering & Reserch, Narhe, Pune",629884410.0,Electronics and Computer Engineering,I-NonS,State Level,93743,65.0377535,98d401dd7334,False,True,VALID,VALID
2024-2025,CAP2,FE_CAP2_2024_Cutoff_2.csv,6298,"Zeal Education Society's Zeal College of Engineering & Reserch, Narhe, Pune",629884410.0,Electronics and Computer Engineering,I-NonS,State Level,67539,76.1268781,a27174cc6044,False,True,VALID,VALID
2024-2025,CAP2,FE_CAP2_2024_Cutoff_2.csv,6298,"Zeal Education Society's Zeal College of Engineering & Reserch, Narhe, Pune",629892110.0,Artificial Intelligence and Machine Learning,I-NonS,State Level,75078,73.112247,04349563edfd,False,True,VALID,VALID
2024-2025,CAP2,FE_CAP2_2024_Cutoff_2.csv,6298,"Zeal Education Society's Zeal College of Engineering & Reserch, Narhe, Pune",629892110.0,Artificial Intelligence and Machine Learning,I-NonS,State Level,48231,83.5013309,7cd90929ea17,False,True,VALID,VALID
2024-2025,CAP2,FE_CAP2_2024_Cutoff_2.csv,6317,"Sharad Institute of Technology College of Engineering, Yadrav(Ichalkaranji)",631719110.0,Civil Engineering,I-NonS,State Level,102349,60.5030966,46d8c67d017c,False,True,VALID,VALID
2024-2025,CAP2,FE_CAP2_2024_Cutoff_2.csv,6317,"Sharad Institute of Technology College of Engineering, Yadrav(Ichalkaranji)",631719110.0,Civil Engineering,I-NonS,State Level,91894,65.5509182,e7d440778fc7,False,True,VALID,VALID
2024-2025,CAP2,FE_CAP2_2024_Cutoff_2.csv,6317,"Sharad Institute of Technology College of Engineering, Yadrav(Ichalkaranji)",631724210.0,Computer Science and Engineering,I-NonS,State Level,94508,64.4664266,943967133e9c,False,True,VALID,VALID
2024-2025,CAP2,FE_CAP2_2024_Cutoff_2.csv,6317,"Sharad Institute of Technology College of Engineering, Yadrav(Ichalkaranji)",631724210.0,Computer Science and Engineering,I-NonS,State Level,64576,77.1713278,49a5a91addb9,False,True,VALID,VALID
2024-2025,CAP2,FE_CAP2_2024_Cutoff_2.csv,6317,"Sharad Institute of Technology College of Engineering, Yadrav(Ichalkaranji)",631729310.0,Electrical Engineering,I-NonS,State Level,94771,63.9612515,a642538c2916,False,True,VALID,VALID
2024-2025,CAP2,FE_CAP2_2024_Cutoff_2.csv,6317,"Sharad Institute of Technology College of Engineering, Yadrav(Ichalkaranji)",631729310.0,Electrical Engineering,I-NonS,State Level,108433,57.2537563,62d964d244e9,False,True,VALID,VALID
2024-2025,CAP2,FE_CAP2_2024_Cutoff_2.csv,6317,"Sharad Institute of Technology College of Engineering, Yadrav(Ichalkaranji)",631761210.0,Mechanical Engineering,I-NonS,State Level,138343,39.0541888,ba4ebe3b7c8d,False,True,VALID,VALID
2024-2025,CAP2,FE_CAP2_2024_Cutoff_2.csv,6317,"Sharad Institute of Technology College of Engineering, Yadrav(Ichalkaranji)",631761210.0,Mechanical Engineering,I-NonS,State Level,141667,36.9291471,b45fe2b0af3f,False,True,VALID,VALID
2024-2025,CAP2,FE_CAP2_2024_Cutoff_2.csv,6317,"Sharad Institute of Technology College of Engineering, Yadrav(Ichalkaranji)",631762410.0,Mechatronics Engineering,I-NonS,State Level,128696,45.5784574,455175c52d25,False,True,VALID,VALID
2024-2025,CAP2,FE_CAP2_2024_Cutoff_2.csv,6317,"Sharad Institute of Technology College of Engineering, Yadrav(Ichalkaranji)",631762410.0,Mechatronics Engineering,I-NonS,State Level,117423,52.2046883,b5486487eadb,False,True,VALID,VALID
2024-2025,CAP2,FE_CAP2_2024_Cutoff_2.csv,6317,"Sharad Institute of Technology College of Engineering, Yadrav(Ichalkaranji)",631784410.0,Electronics and Computer Engineering,I-NonS,State Level,86516,68.0717863,dbab8f12ecc2,False,True,VALID,VALID
2024-2025,CAP2,FE_CAP2_2024_Cutoff_2.csv,6317,"Sharad Institute of Technology College of Engineering, Yadrav(Ichalkaranji)",631784410.0,Electronics and Computer Engineering,I-NonS,State Level,85317,68.4785771,f636355ece1a,False,True,VALID,VALID
2024-2025,CAP2,FE_CAP2_2024_Cutoff_2.csv,6317,"Sharad Institute of Technology College of Engineering, Yadrav(Ichalkaranji)",631791610.0,Automation and Robotics,I-NonS,State Level,103268,60.2294112,8d4b1df2bfcf,False,True,VALID,VALID
2024-2025,CAP2,FE_CAP2_2024_Cutoff_2.csv,6317,"Sharad Institute of Technology College of Engineering, Yadrav(Ichalkaranji)",631791610.0,Automation and Robotics,I-NonS,State Level,122089,50.0353239,ce9394258c79,False,True,VALID,VALID
2024-2025,CAP2,FE_CAP2_2024_Cutoff_2.csv,6780,"D.Y.Patil Education Society's,D.Y.Patil Technical Campus, Faculty of Engineering & Faculty of Management,Talsande,Kolhapur.",678019110.0,Civil Engineering,I-NonS,State Level,142486,36.2134011,6f97f54a5366,False,True,VALID,VALID
2024-2025,CAP2,FE_CAP2_2024_Cutoff_2.csv,6780,"D.Y.Patil Education Society's,D.Y.Patil Technical Campus, Faculty of Engineering & Faculty of Management,Talsande,Kolhapur.",678019110.0,Civil Engineering,I-NonS,State Level,125417,47.9076668,81b8962f419c,False,True,VALID,VALID
2024-2025,CAP2,FE_CAP2_2024_Cutoff_2.csv,6780,"D.Y.Patil Education Society's,D.Y.Patil Technical Campus, Faculty of Engineering & Faculty of Management,Talsande,Kolhapur.",678024210.0,Computer Science and Engineering,I-NonS,State Level,83702,69.4683908,009a2de543f4,False,True,VALID,VALID
2024-2025,CAP2,FE_CAP2_2024_Cutoff_2.csv,6780,"D.Y.Patil Education Society's,D.Y.Patil Technical Campus, Faculty of Engineering & Faculty of Management,Talsande,Kolhapur.",678024210.0,Computer Science and Engineering,I-NonS,State Level,83646,69.4683908,d06408eea8e3,False,True,VALID,VALID
2024-2025,CAP2,FE_CAP2_2024_Cutoff_2.csv,6780,"D.Y.Patil Education Society's,D.Y.Patil Technical Campus, Faculty of Engineering & Faculty of Management,Talsande,Kolhapur.",678029310.0,Electrical Engineering,I-NonS,State Level,111811,55.3559436,5b6e3517f2de,False,True,VALID,VALID
2024-2025,CAP2,FE_CAP2_2024_Cutoff_2.csv,6780,"D.Y.Patil Education Society's,D.Y.Patil Technical Campus, Faculty of Engineering & Faculty of Management,Talsande,Kolhapur.",678029310.0,Electrical Engineering,I-NonS,State Level,101458,60.596742,61b606c21db6,False,True,VALID,VALID
2024-2025,CAP2,FE_CAP2_2024_Cutoff_2.csv,6780,"D.Y.Patil Education Society's,D.Y.Patil Technical Campus, Faculty of Engineering & Faculty of Management,Talsande,Kolhapur.",678061210.0,Mechanical Engineering,I-NonS,State Level,131382,43.9565943,d1d4d082c523,False,True,VALID,VALID
2024-2025,CAP2,FE_CAP2_2024_Cutoff_2.csv,6780,"D.Y.Patil Education Society's,D.Y.Patil Technical Campus, Faculty of Engineering & Faculty of Management,Talsande,Kolhapur.",678061210.0,Mechanical Engineering,I-NonS,State Level,74396,73.4250332,28d97a2c8d0a,False,True,VALID,VALID
2024-2025,CAP2,FE_CAP2_2024_Cutoff_2.csv,6938,Shree Siddheshwar Women's College Of Engineering Solapur.,693884410,Electronics and Computer Engineering,"Legends:Start Character G-General, L-Ladies, End Character H-Home University, O-Other than Home University, S-State Level,S",State Level,99740,62.2534756,6725d3fb8347,False,True,INVALID_TEXT,CHECK_CATEGORY
2024-2025,CAP2,FE_CAP2_2024_Cutoff_2.csv,6938,Shree Siddheshwar Women's College Of Engineering Solapur.,693884410,Electronics and Computer Engineering,I-NonS,State Level,83732,69.4683908,531c459549ca,False,True,VALID,VALID
2024-2025,CAP2,FE_CAP2_2024_Cutoff_2.csv,6938,Shree Siddheshwar Women's College Of Engineering Solapur.,693884410,Electronics and Computer Engineering,DefenceS,State Level,139053,38.8659877,966eaa2c6490,False,True,VALID,VALID
2024-2025,CAP2,FE_CAP2_2024_Cutoff_2.csv,6938,Shree Siddheshwar Women's College Of Engineering Solapur.,693884410,Electronics and Computer Engineering,VIIS,State Level,92505,65.4406319,cc775dfa0de1,False,True,VALID,VALID
2024-2025,CAP2,FE_CAP2_2024_Cutoff_2.csv,6938,Shree Siddheshwar Women's College Of Engineering Solapur.,693884410,Electronics and Computer Engineering,"Legends:Start Character G-General, L-Ladies, End Character H-Home University, O-Other than Home University, S-State Level,S",State Level,149642,30.954192,44295ea07c5a,False,True,INVALID_TEXT,CHECK_CATEGORY
2024-2025,CAP2,FE_CAP2_2024_Cutoff_2.csv,6938,Shree Siddheshwar Women's College Of Engineering Solapur.,693884410,Electronics and Computer Engineering,I-NonS,State Level,150247,30.8111882,12d841bb9401,False,True,VALID,VALID
2024-2025,CAP2,FE_CAP2_2024_Cutoff_2.csv,6938,Shree Siddheshwar Women's College Of Engineering Solapur.,693884410,Electronics and Computer Engineering,"Legends:Start Character G-General, L-Ladies, End Character H-Home University, O-Other than Home University, S-State Level,S",State Level,120712,50.6340761,7e44d8d4b131,False,True,INVALID_TEXT,CHECK_CATEGORY
2024-2025,CAP2,FE_CAP2_2024_Cutoff_2.csv,6938,Shree Siddheshwar Women's College Of Engineering Solapur.,693884410,Electronics and Computer Engineering,I-NonS,State Level,116506,52.9935209,4883b73d6faf,False,True,VALID,VALID
2024-2025,CAP2,FE_CAP2_2024_Cutoff_2.csv,6938,Shree Siddheshwar Women's College Of Engineering Solapur.,693884410,Electronics and Computer Engineering,DefenceS,State Level,130347,44.5064233,20095308b0bc,False,True,VALID,VALID
2024-2025,CAP2,FE_CAP2_2024_Cutoff_2.csv,6938,Shree Siddheshwar Women's College Of Engineering Solapur.,693884410,Electronics and Computer Engineering,VIIS,State Level,129264,45.4574846,febcb9201995,False,True,VALID,VALID
2024-2025,CAP2,FE_CAP2_2024_Cutoff_2.csv,6938,Shree Siddheshwar Women's College Of Engineering Solapur.,693884410,Electronics and Computer Engineering,"Legends:Start Character G-General, L-Ladies, End Character H-Home University, O-Other than Home University, S-State Level,S",State Level,121011,50.6004122,433bf91656e2,False,True,INVALID_TEXT,CHECK_CATEGORY
2024-2025,CAP2,FE_CAP2_2024_Cutoff_2.csv,6938,Shree Siddheshwar Women's College Of Engineering Solapur.,693884410,Electronics and Computer Engineering,I-NonS,State Level,146825,32.8923205,e6f8a069f486,False,True,VALID,VALID
2024-2025,CAP2,FE_CAP2_2024_Cutoff_2.csv,6938,Shree Siddheshwar Women's College Of Engineering Solapur.,693884410,Electronics and Computer Engineering,DefenceS,State Level,146058,33.6953839,42fadffcf0be,False,True,VALID,VALID
2024-2025,CAP2,FE_CAP2_2024_Cutoff_2.csv,6938,Shree Siddheshwar Women's College Of Engineering Solapur.,693884410,Electronics and Computer Engineering,VIIS,State Level,146701,33.099972,88b74a158707,False,True,VALID,VALID
2024-2025,CAP2,FE_CAP2_2024_Cutoff_2.csv,6938,Shree Siddheshwar Women's College Of Engineering Solapur.,693884410,Electronics and Computer Engineering,"Legends:Start Character G-General, L-Ladies, End Character H-Home University, O-Other than Home University, S-State Level,S",State Level,87093,67.8440824,17b63898e012,False,True,INVALID_TEXT,CHECK_CATEGORY
2024-2025,CAP2,FE_CAP2_2024_Cutoff_2.csv,6938,Shree Siddheshwar Women's College Of Engineering Solapur.,693884410,Electronics and Computer Engineering,I-NonS,State Level,111874,55.3559436,ba9bccd0fd21,False,True,VALID,VALID
2024-2025,CAP2,FE_CAP2_2024_Cutoff_2.csv,6938,Shree Siddheshwar Women's College Of Engineering Solapur.,693884410,Electronics and Computer Engineering,DefenceS,State Level,147909,32.0977394,8b0546e16a83,False,True,VALID,VALID
2024-2025,CAP2,FE_CAP2_2024_Cutoff_2.csv,6938,Shree Siddheshwar Women's College Of Engineering Solapur.,693884410,Electronics and Computer Engineering,VIIS,State Level,108542,57.2537563,c84455190fe0,False,True,VALID,VALID
2024-2025,CAP2,FE_CAP2_2024_Cutoff_2.csv,14005,"Laxminarayan Innovation Technological University, Nagpur",1400550710.0,Chemical Engineering,I-NonS,State Level,23204,92.2993808,2643035d87b8,False,True,VALID,VALID
2024-2025,CAP2,FE_CAP2_2024_Cutoff_2.csv,14005,"Laxminarayan Innovation Technological University, Nagpur",1400550710.0,Chemical Engineering,I-NonS,State Level,20823,93.0488284,1f415a890f8a,False,True,VALID,VALID
2024-2025,CAP2,FE_CAP2_2024_Cutoff_2.csv,16126,"Tatyasaheb Kore Institute of Engineering and Technology, Yelur",1612624210.0,Computer Science and Engineering,I-NonS,State Level,84300,69.2652564,4c8e87b99a93,False,True,VALID,VALID
2024-2025,CAP2,FE_CAP2_2024_Cutoff_2.csv,16126,"Tatyasaheb Kore Institute of Engineering and Technology, Yelur",1612624210.0,Computer Science and Engineering,I-NonS,State Level,104944,59.9791975,cd68b1ec29e9,False,True,VALID,VALID
2024-2025,CAP2,FE_CAP2_2024_Cutoff_2.csv,16126,"Tatyasaheb Kore Institute of Engineering and Technology, Yelur",1612625210.0,Cyber Security,I-NonS,State Level,134505,42.2200941,13339132842e,False,True,VALID,VALID
2024-2025,CAP2,FE_CAP2_2024_Cutoff_2.csv,16126,"Tatyasaheb Kore Institute of Engineering and Technology, Yelur",1612625210.0,Cyber Security,I-NonS,State Level,101568,60.596742,e07334e27a13,False,True,VALID,VALID
2024-2025,CAP2,FE_CAP2_2024_Cutoff_2.csv,16126,"Tatyasaheb Kore Institute of Engineering and Technology, Yelur",1612626210.0,Computer Science and Business Systems,I-NonS,State Level,131507,43.9565943,232a89e6e97f,False,True,VALID,VALID
2024-2025,CAP2,FE_CAP2_2024_Cutoff_2.csv,16126,"Tatyasaheb Kore Institute of Engineering and Technology, Yelur",1612626210.0,Computer Science and Business Systems,I-NonS,State Level,171051,11.387767,de479155a205,False,True,VALID,VALID
2024-2025,CAP2,FE_CAP2_2024_Cutoff_2.csv,16126,"Tatyasaheb Kore Institute of Engineering and Technology, Yelur",1612629310.0,Electrical Engineering,I-NonS,State Level,169358,13.0626183,85c59d29d7b6,False,True,VALID,VALID
2024-2025,CAP2,FE_CAP2_2024_Cutoff_2.csv,16126,"Tatyasaheb Kore Institute of Engineering and Technology, Yelur",1612629310.0,Electrical Engineering,I-NonS,State Level,93083,65.2878345,edea690ddaf1,False,True,VALID,VALID
2024-2025,CAP3,FE_CAP3_2024_Cutoff_3.csv,1105,"Prof. Ram Meghe Institute of Technology & Research, Amravati",110561210.0,Mechanical Engineering,I-NonS,State Level,87572,67.6869909,8fa04fe8169e,False,True,VALID,VALID
2024-2025,CAP3,FE_CAP3_2024_Cutoff_3.csv,1105,"Prof. Ram Meghe Institute of Technology & Research, Amravati",110561210.0,Mechanical Engineering,I-NonS,State Level,92763,65.3627105,2095b6b8729f,False,True,VALID,VALID
2024-2025,CAP3,FE_CAP3_2024_Cutoff_3.csv,1114,"Sipna Shikshan Prasarak Mandal College of Engineering & Technology, Amravati",111424210.0,Computer Science and Engineering,I-NonS,State Level,36493,87.5123219,b5df6cd17879,False,True,VALID,VALID
2024-2025,CAP3,FE_CAP3_2024_Cutoff_3.csv,1114,"Sipna Shikshan Prasarak Mandal College of Engineering & Technology, Amravati",111424210.0,Computer Science and Engineering,I-NonS,State Level,36621,87.5036363,00b0c86855ec,False,True,VALID,VALID
2024-2025,CAP3,FE_CAP3_2024_Cutoff_3.csv,1114,"Sipna Shikshan Prasarak Mandal College of Engineering & Technology, Amravati",111437210.0,Electronics and Telecommunication Engg,I-NonS,State Level,53796,81.3894523,047a381b09a1,False,True,VALID,VALID
2024-2025,CAP3,FE_CAP3_2024_Cutoff_3.csv,1114,"Sipna Shikshan Prasarak Mandal College of Engineering & Technology, Amravati",111437210.0,Electronics and Telecommunication Engg,I-NonS,State Level,61360,78.4507504,60487a95b36d,False,True,VALID,VALID
2024-2025,CAP3,FE_CAP3_2024_Cutoff_3.csv,1127,"Jagadambha Bahuuddeshiya Gramin Vikas Sanstha's Jagdambha College of Engineering and Technology, Yavatmal",112761210.0,Mechanical Engineering,I-NonS,State Level,146304,33.5585964,15a940e6d310,False,True,VALID,VALID
2024-2025,CAP3,FE_CAP3_2024_Cutoff_3.csv,1127,"Jagadambha Bahuuddeshiya Gramin Vikas Sanstha's Jagdambha College of Engineering and Technology, Yavatmal",112761210.0,Mechanical Engineering,I-NonS,State Level,150969,29.6395567,91b44d50c397,False,True,VALID,VALID
2024-2025,CAP3,FE_CAP3_2024_Cutoff_3.csv,2020,"Shri Guru Gobind Singhji Institute of Engineering and Technology, Nanded",202060610.0,Production Engineering,I-NonS,State Level,63004,77.8410928,45e3b32c0b66,False,True,VALID,VALID
2024-2025,CAP3,FE_CAP3_2024_Cutoff_3.csv,2020,"Shri Guru Gobind Singhji Institute of Engineering and Technology, Nanded",202060610.0,Production Engineering,I-NonS,State Level,62643,77.8466015,186c541eefa1,False,True,VALID,VALID
2024-2025,CAP3,FE_CAP3_2024_Cutoff_3.csv,2113,"G. S. Mandal's Maharashtra Institute of Technology, Aurangabad",211325710.0,Computer Science and Design,I-NonS,State Level,64265,77.5959933,8e64f7d3ce31,False,True,VALID,VALID
2024-2025,CAP3,FE_CAP3_2024_Cutoff_3.csv,2113,"G. S. Mandal's Maharashtra Institute of Technology, Aurangabad",211325710.0,Computer Science and Design,I-NonS,State Level,79286,71.3988776,b36cadbba85d,False,True,VALID,VALID
2024-2025,CAP3,FE_CAP3_2024_Cutoff_3.csv,2113,"G. S. Mandal's Maharashtra Institute of Technology, Aurangabad",211337210.0,Electronics and Telecommunication Engg,I-NonS,State Level,59430,79.3458895,e3c1c9205022,False,True,VALID,VALID
2024-2025,CAP3,FE_CAP3_2024_Cutoff_3.csv,2113,"G. S. Mandal's Maharashtra Institute of Technology, Aurangabad",211337210.0,Electronics and Telecommunication Engg,I-NonS,State Level,50520,82.6959019,9691fb332337,False,True,VALID,VALID
2024-2025,CAP3,FE_CAP3_2024_Cutoff_3.csv,2113,"G. S. Mandal's Maharashtra Institute of Technology, Aurangabad",211361210.0,Mechanical Engineering,I-NonS,State Level,96330,63.2687832,4d601990330f,False,True,VALID,VALID
2024-2025,CAP3,FE_CAP3_2024_Cutoff_3.csv,2113,"G. S. Mandal's Maharashtra Institute of Technology, Aurangabad",211361210.0,Mechanical Engineering,I-NonS,State Level,135889,40.99476,9776e9b3e548,False,True,VALID,VALID
2024-2025,CAP3,FE_CAP3_2024_Cutoff_3.csv,2113,"G. S. Mandal's Maharashtra Institute of Technology, Aurangabad",211384410.0,Electronics and Computer Engineering,I-NonS,State Level,76903,72.2338818,9f0a4068b1d4,False,True,VALID,VALID
2024-2025,CAP3,FE_CAP3_2024_Cutoff_3.csv,2113,"G. S. Mandal's Maharashtra Institute of Technology, Aurangabad",211384410.0,Electronics and Computer Engineering,I-NonS,State Level,67475,76.1358545,66085d6ecee1,False,True,VALID,VALID
2024-2025,CAP3,FE_CAP3_2024_Cutoff_3.csv,3025,Svkm's Shri Bhagubhai Mafatlal Polytechnic & College of Engineering,302561210,Mechanical Engineering,"Legends:Start Character G-General, L-Ladies, End Character H-Home University, O-Other than Home University, S-State LevelS",State Level,19577,93.4772066,fa8c4c9f8d47,False,True,INVALID_TEXT,CHECK_CATEGORY
2024-2025,CAP3,FE_CAP3_2024_Cutoff_3.csv,3025,Svkm's Shri Bhagubhai Mafatlal Polytechnic & College of Engineering,302561210,Mechanical Engineering,"Legends:Start Character G-General, L-Ladies, End Character H-Home University, O-Other than Home University, S-State LevelS",State Level,34987,88.1228442,e07f14a4052f,False,True,INVALID_TEXT,CHECK_CATEGORY
2024-2025,CAP3,FE_CAP3_2024_Cutoff_3.csv,3033,"Dr. Babasaheb Ambedkar Technological University, Lonere",303337210.0,Electronics and Telecommunication Engg,GOPENS,State Level,83333,69.627936,1513d0e25064,False,True,VALID,VALID
2024-2025,CAP3,FE_CAP3_2024_Cutoff_3.csv,3033,"Dr. Babasaheb Ambedkar Technological University, Lonere",303337210.0,Electronics and Telecommunication Engg,GSCS,State Level,97047,63.0759599,1c9979fa448e,False,True,VALID,VALID
2024-2025,CAP3,FE_CAP3_2024_Cutoff_3.csv,3033,"Dr. Babasaheb Ambedkar Technological University, Lonere",303337210.0,Electronics and Telecommunication Engg,GOBCS,State Level,76463,72.5041736,b636a21cdecd,False,True,VALID,VALID
2024-2025,CAP3,FE_CAP3_2024_Cutoff_3.csv,3033,"Dr. Babasaheb Ambedkar Technological University, Lonere",303337210.0,Electronics and Telecommunication Engg,I-NonS,State Level,52029,81.9801476,0163d47566be,False,True,VALID,VALID
2024-2025,CAP3,FE_CAP3_2024_Cutoff_3.csv,3033,"Dr. Babasaheb Ambedkar Technological University, Lonere",303337210.0,Electronics and Telecommunication Engg,GOPENS,State Level,126439,47.4207012,2ae785dd442c,False,True,VALID,VALID
2024-2025,CAP3,FE_CAP3_2024_Cutoff_3.csv,3033,"Dr. Babasaheb Ambedkar Technological University, Lonere",303337210.0,Electronics and Telecommunication Engg,GSCS,State Level,157157,24.5948927,b43749c63a52,False,True,VALID,VALID
2024-2025,CAP3,FE_CAP3_2024_Cutoff_3.csv,3033,"Dr. Babasaheb Ambedkar Technological University, Lonere",303337210.0,Electronics and Telecommunication Engg,GOBCS,State Level,94104,64.9513096,16fa5cd063e3,False,True,VALID,VALID
2024-2025,CAP3,FE_CAP3_2024_Cutoff_3.csv,3033,"Dr. Babasaheb Ambedkar Technological University, Lonere",303337210.0,Electronics and Telecommunication Engg,I-NonS,State Level,101701,60.546705,6c1de86dce17,False,True,VALID,VALID
2024-2025,CAP3,FE_CAP3_2024_Cutoff_3.csv,3033,"Dr. Babasaheb Ambedkar Technological University, Lonere",303352710.0,Petro Chemical Engineering,I-NonS,State Level,130059,44.8929536,f33cb64871b7,False,True,VALID,VALID
2024-2025,CAP3,FE_CAP3_2024_Cutoff_3.csv,3033,"Dr. Babasaheb Ambedkar Technological University, Lonere",303352710.0,Petro Chemical Engineering,I-NonS,State Level,129305,45.4574846,1c9e08e1d2c3,False,True,VALID,VALID
2024-2025,CAP3,FE_CAP3_2024_Cutoff_3.csv,3033,"Dr. Babasaheb Ambedkar Technological University, Lonere",303361210.0,Mechanical Engineering,I-NonS,State Level,98536,62.795808,113f3a9f51d9,False,True,VALID,VALID
2024-2025,CAP3,FE_CAP3_2024_Cutoff_3.csv,3033,"Dr. Babasaheb Ambedkar Technological University, Lonere",303361210.0,Mechanical Engineering,I-NonS,State Level,128061,46.2784017,36aaabbe1809,False,True,VALID,VALID
2024-2025,CAP3,FE_CAP3_2024_Cutoff_3.csv,3033,"Dr. Babasaheb Ambedkar Technological University, Lonere",303324610.0,Information Technology,"Legends:Start Character G-General, L-Ladies, End Character H-Home University, O-Other than Home University, S-State LevelS",State Level,69348,75.3516004,1c8dc5fc1cba,False,True,INVALID_TEXT,CHECK_CATEGORY
2024-2025,CAP3,FE_CAP3_2024_Cutoff_3.csv,3033,"Dr. Babasaheb Ambedkar Technological University, Lonere",303337210,Electronics and Telecommunication Engg,"Legends:Start Character G-General, L-Ladies, End Character H-Home University, O-Other than Home University, S-State LevelS",State Level,121334,50.6004122,9392d41f1025,False,True,INVALID_TEXT,CHECK_CATEGORY
2024-2025,CAP3,FE_CAP3_2024_Cutoff_3.csv,3033,"Dr. Babasaheb Ambedkar Technological University, Lonere",303350710.0,Chemical Engineering,"Legends:Start Character G-General, L-Ladies, End Character H-Home University, O-Other than Home University, S-State LevelS",State Level,92464,65.4406319,be03a83d21a2,False,True,INVALID_TEXT,CHECK_CATEGORY
2024-2025,CAP3,FE_CAP3_2024_Cutoff_3.csv,3033,"Dr. Babasaheb Ambedkar Technological University, Lonere",303324210,Computer Science and Engineering,"Legends:Start Character G-General, L-Ladies, End Character H-Home University, O-Other than Home University, S-State LevelS",State Level,78605,71.5965758,757aad3ad3a6,False,True,INVALID_TEXT,CHECK_CATEGORY
2024-2025,CAP3,FE_CAP3_2024_Cutoff_3.csv,3035,"Usha Mittal Institute of Technology SNDT  Women's University, Mumbai",303524210,Computer Science and Engineering,"Legends:Start Character G-General, L-Ladies, End Character H-Home University, O-Other than Home University, S-State LevelS",State Level,22050,92.6570811,420aebe4cfe1,False,True,INVALID_TEXT,CHECK_CATEGORY
2024-2025,CAP3,FE_CAP3_2024_Cutoff_3.csv,3035,"Usha Mittal Institute of Technology SNDT  Women's University, Mumbai",303524210,Computer Science and Engineering,Maharashtra State Seats - Cut Off Indicates State General Merit No. ; Figures in bracket Indicates Merit PercentileS,State Level,49553,82.7820291,6e49105c9cf9,False,True,INVALID_TEXT,CHECK_CATEGORY
2024-2025,CAP3,FE_CAP3_2024_Cutoff_3.csv,3035,"Usha Mittal Institute of Technology SNDT  Women's University, Mumbai",303524210,Computer Science and Engineering,DS,State Level,35361,88.0525374,e0ec5f24af71,False,True,VALID,VALID
2024-2025,CAP3,FE_CAP3_2024_Cutoff_3.csv,3035,"Usha Mittal Institute of Technology SNDT  Women's University, Mumbai",303524210,Computer Science and Engineering,State Common Entrance Test CellS,State Level,53959,81.3738935,37706a38d52e,False,True,INVALID_TEXT,CHECK_CATEGORY
2024-2025,CAP3,FE_CAP3_2024_Cutoff_3.csv,3035,"Usha Mittal Institute of Technology SNDT  Women's University, Mumbai",303524210,Computer Science and Engineering,Cut Off List for Maharashtra & Minority Seats of CAP Round - III for the Admission to the First Year Under Graduate Technical Courses in Engineering and Technology (4 Years) &S,State Level,38769,86.8242361,ee35c6b02e00,False,True,INVALID_TEXT,CHECK_CATEGORY
2024-2025,CAP3,FE_CAP3_2024_Cutoff_3.csv,3035,"Usha Mittal Institute of Technology SNDT  Women's University, Mumbai",303524210,Computer Science and Engineering,I-NonS,State Level,23263,92.2801912,69595a0803a6,False,True,VALID,VALID
2024-2025,CAP3,FE_CAP3_2024_Cutoff_3.csv,3035,"Usha Mittal Institute of Technology SNDT  Women's University, Mumbai",303524210,Computer Science and Engineering,LOPENS,State Level,57042,80.2358012,0a8ebfc224fd,False,True,VALID,VALID
2024-2025,CAP3,FE_CAP3_2024_Cutoff_3.csv,3035,"Usha Mittal Institute of Technology SNDT  Women's University, Mumbai",303524210,Computer Science and Engineering,LSCS,State Level,55412,80.7840564,9294ec36378d,False,True,VALID,VALID
2024-2025,CAP3,FE_CAP3_2024_Cutoff_3.csv,3035,"Usha Mittal Institute of Technology SNDT  Women's University, Mumbai",303524210,Computer Science and Engineering,LSTS,State Level,41183,85.9343121,2e8d810b538b,False,True,VALID,VALID
2024-2025,CAP3,FE_CAP3_2024_Cutoff_3.csv,3035,"Usha Mittal Institute of Technology SNDT  Women's University, Mumbai",303524210,Computer Science and Engineering,LNT1S,State Level,90075,66.4751458,1c798b716897,False,True,VALID,VALID
2024-2025,CAP3,FE_CAP3_2024_Cutoff_3.csv,3035,"Usha Mittal Institute of Technology SNDT  Women's University, Mumbai",303524210,Computer Science and Engineering,LOBCS,State Level,164631,18.1287777,403ed7a8b5be,False,True,VALID,VALID
2024-2025,CAP3,FE_CAP3_2024_Cutoff_3.csv,3035,"Usha Mittal Institute of Technology SNDT  Women's University, Mumbai",303524210,Computer Science and Engineering,I-NonS,State Level,36757,87.5005698,010d05f0dc2f,False,True,VALID,VALID
2024-2025,CAP3,FE_CAP3_2024_Cutoff_3.csv,3035,"Usha Mittal Institute of Technology SNDT  Women's University, Mumbai",303524210,Computer Science and Engineering,VIIS,State Level,36325,87.5899987,bc4e5ea9246b,False,True,VALID,VALID
2024-2025,CAP3,FE_CAP3_2024_Cutoff_3.csv,3035,"Usha Mittal Institute of Technology SNDT  Women's University, Mumbai",303524210,Computer Science and Engineering,LOPENS,State Level,61949,78.1973837,e4ecc44ad703,False,True,VALID,VALID
2024-2025,CAP3,FE_CAP3_2024_Cutoff_3.csv,3035,"Usha Mittal Institute of Technology SNDT  Women's University, Mumbai",303524210,Computer Science and Engineering,LSCS,State Level,41880,85.5352459,717ff802cfa3,False,True,VALID,VALID
2024-2025,CAP3,FE_CAP3_2024_Cutoff_3.csv,3035,"Usha Mittal Institute of Technology SNDT  Women's University, Mumbai",303524210,Computer Science and Engineering,LSTS,State Level,74501,73.4250332,0e8ad4fab6bb,False,True,VALID,VALID
2024-2025,CAP3,FE_CAP3_2024_Cutoff_3.csv,3035,"Usha Mittal Institute of Technology SNDT  Women's University, Mumbai",303524210,Computer Science and Engineering,LOBCS,State Level,59572,79.1872032,a03adc8dee38,False,True,VALID,VALID
2024-2025,CAP3,FE_CAP3_2024_Cutoff_3.csv,3035,"Usha Mittal Institute of Technology SNDT  Women's University, Mumbai",303524210,Computer Science and Engineering,I-NonS,State Level,35907,87.8945473,34e2457879f7,False,True,VALID,VALID
2024-2025,CAP3,FE_CAP3_2024_Cutoff_3.csv,3035,"Usha Mittal Institute of Technology SNDT  Women's University, Mumbai",303524210,Computer Science and Engineering,VIIS,State Level,36889,87.4749583,4717ce5e88e3,False,True,VALID,VALID
2024-2025,CAP3,FE_CAP3_2024_Cutoff_3.csv,3035,"Usha Mittal Institute of Technology SNDT  Women's University, Mumbai",303524210,Computer Science and Engineering,LOPENS,State Level,115168,53.8203081,46c14c1a07e0,False,True,VALID,VALID
2024-2025,CAP3,FE_CAP3_2024_Cutoff_3.csv,3035,"Usha Mittal Institute of Technology SNDT  Women's University, Mumbai",303524210,Computer Science and Engineering,LVJS,State Level,56079,80.5896708,e40ef401f3e4,False,True,VALID,VALID
2024-2025,CAP3,FE_CAP3_2024_Cutoff_3.csv,3035,"Usha Mittal Institute of Technology SNDT  Women's University, Mumbai",303524210,Computer Science and Engineering,LNT1S,State Level,151336,29.3071786,b788db59480d,False,True,VALID,VALID
2024-2025,CAP3,FE_CAP3_2024_Cutoff_3.csv,3035,"Usha Mittal Institute of Technology SNDT  Women's University, Mumbai",303524210,Computer Science and Engineering,LOBCS,State Level,42329,85.4541675,b8d44c60031b,False,True,VALID,VALID
2024-2025,CAP3,FE_CAP3_2024_Cutoff_3.csv,3035,"Usha Mittal Institute of Technology SNDT  Women's University, Mumbai",303524210,Computer Science and Engineering,VIIS,State Level,54292,81.2084441,2f59a9859048,False,True,VALID,VALID
2024-2025,CAP3,FE_CAP3_2024_Cutoff_3.csv,3035,"Usha Mittal Institute of Technology SNDT  Women's University, Mumbai",303524210,Computer Science and Engineering,"Legends:Start Character G-General, L-Ladies, End Character H-Home University, O-Other than Home University, S-State LevelS",State Level,45806,84.3179513,81f3013c19ee,False,True,INVALID_TEXT,CHECK_CATEGORY
2024-2025,CAP3,FE_CAP3_2024_Cutoff_3.csv,3035,"Usha Mittal Institute of Technology SNDT  Women's University, Mumbai",303524210,Computer Science and Engineering,Maharashtra State Seats - Cut Off Indicates State General Merit No. ; Figures in bracket Indicates Merit PercentileS,State Level,74472,73.4250332,8495edded940,False,True,INVALID_TEXT,CHECK_CATEGORY
2024-2025,CAP3,FE_CAP3_2024_Cutoff_3.csv,3035,"Usha Mittal Institute of Technology SNDT  Women's University, Mumbai",303524210,Computer Science and Engineering,DS,State Level,113652,54.3568289,33ab0d86cd76,False,True,VALID,VALID
2024-2025,CAP3,FE_CAP3_2024_Cutoff_3.csv,3035,"Usha Mittal Institute of Technology SNDT  Women's University, Mumbai",303524210,Computer Science and Engineering,State Common Entrance Test CellS,State Level,114726,54.0550229,9f62868f6ae9,False,True,INVALID_TEXT,CHECK_CATEGORY
2024-2025,CAP3,FE_CAP3_2024_Cutoff_3.csv,3035,"Usha Mittal Institute of Technology SNDT  Women's University, Mumbai",303524210,Computer Science and Engineering,Cut Off List for Maharashtra & Minority Seats of CAP Round - III for the Admission to the First Year Under Graduate Technical Courses in Engineering and Technology (4 Years) &S,State Level,54379,81.2084441,361b94e67ce8,False,True,INVALID_TEXT,CHECK_CATEGORY
2024-2025,CAP3,FE_CAP3_2024_Cutoff_3.csv,3035,"Usha Mittal Institute of Technology SNDT  Women's University, Mumbai",303524210,Computer Science and Engineering,LOPENS,State Level,104682,59.9791975,4737c525324c,False,True,VALID,VALID
2024-2025,CAP3,FE_CAP3_2024_Cutoff_3.csv,3035,"Usha Mittal Institute of Technology SNDT  Women's University, Mumbai",303524210,Computer Science and Engineering,I-NonS,State Level,60664,78.9173428,2d2f3c9c4637,False,True,VALID,VALID
2024-2025,CAP3,FE_CAP3_2024_Cutoff_3.csv,3035,"Usha Mittal Institute of Technology SNDT  Women's University, Mumbai",303524210,Computer Science and Engineering,I-NonS,State Level,57825,79.9360013,83716fa3056a,False,True,VALID,VALID
2024-2025,CAP3,FE_CAP3_2024_Cutoff_3.csv,3035,"Usha Mittal Institute of Technology SNDT  Women's University, Mumbai",303524210,Computer Science and Engineering,LOPENS,State Level,117095,52.814879,addf2f7deacf,False,True,VALID,VALID
2024-2025,CAP3,FE_CAP3_2024_Cutoff_3.csv,3035,"Usha Mittal Institute of Technology SNDT  Women's University, Mumbai",303524210,Computer Science and Engineering,LSTS,State Level,47880,83.5380246,b5f515c96d33,False,True,VALID,VALID
2024-2025,CAP3,FE_CAP3_2024_Cutoff_3.csv,3035,"Usha Mittal Institute of Technology SNDT  Women's University, Mumbai",303524210,Computer Science and Engineering,LVJS,State Level,48368,83.4700421,dc518ad1420a,False,True,VALID,VALID
2024-2025,CAP3,FE_CAP3_2024_Cutoff_3.csv,3035,"Usha Mittal Institute of Technology SNDT  Women's University, Mumbai",303524210,Computer Science and Engineering,I-NonS,State Level,52668,81.7887587,df482b91317e,False,True,VALID,VALID
2024-2025,CAP3,FE_CAP3_2024_Cutoff_3.csv,3035,"Usha Mittal Institute of Technology SNDT  Women's University, Mumbai",303524210,Computer Science and Engineering,VIIS,State Level,43281,85.2572473,42791adcdb2a,False,True,VALID,VALID
2024-2025,CAP3,FE_CAP3_2024_Cutoff_3.csv,4145,"Wainganga College of Engineering and Management, Dongargaon, Nagpur",414519110.0,Civil Engineering,I-NonS,State Level,146091,33.6953839,dd4b37f86119,False,True,VALID,VALID
2024-2025,CAP3,FE_CAP3_2024_Cutoff_3.csv,4145,"Wainganga College of Engineering and Management, Dongargaon, Nagpur",414519110.0,Civil Engineering,I-NonS,State Level,145544,34.2191386,eea4febbd3d6,False,True,VALID,VALID
2024-2025,CAP3,FE_CAP3_2024_Cutoff_3.csv,4145,"Wainganga College of Engineering and Management, Dongargaon, Nagpur",414561210.0,Mechanical Engineering,I-NonS,State Level,136544,40.2848342,ca47c8ef59a7,False,True,VALID,VALID
2024-2025,CAP3,FE_CAP3_2024_Cutoff_3.csv,4145,"Wainganga College of Engineering and Management, Dongargaon, Nagpur",414561210.0,Mechanical Engineering,I-NonS,State Level,138392,39.0541888,40a46ae1afbd,False,True,VALID,VALID
2024-2025,CAP3,FE_CAP3_2024_Cutoff_3.csv,4145,"Wainganga College of Engineering and Management, Dongargaon, Nagpur",414599510.0,Artificial Intelligence and Data Science,I-NonS,State Level,105226,59.8892661,65440258f7ae,False,True,VALID,VALID
2024-2025,CAP3,FE_CAP3_2024_Cutoff_3.csv,4145,"Wainganga College of Engineering and Management, Dongargaon, Nagpur",414599510.0,Artificial Intelligence and Data Science,I-NonS,State Level,95105,63.7045846,0dfc96a5e1e7,False,True,VALID,VALID
2024-2025,CAP3,FE_CAP3_2024_Cutoff_3.csv,4151,"Tulsiramji Gaikwad Patil College of Engineering & Technology, Nagpur",415108210.0,Bio Technology,I-NonS,State Level,66717,78.0011488,068fe78818d1,False,True,VALID,VALID
2024-2025,CAP3,FE_CAP3_2024_Cutoff_3.csv,4151,"Tulsiramji Gaikwad Patil College of Engineering & Technology, Nagpur",415108210.0,Bio Technology,I-NonS,State Level,62258,79.6544036,bf4cfcefa09c,False,True,VALID,VALID
2024-2025,CAP3,FE_CAP3_2024_Cutoff_3.csv,4151,"Tulsiramji Gaikwad Patil College of Engineering & Technology, Nagpur",415124610.0,Information Technology,I-NonS,State Level,98257,62.8351694,e1669c950f77,False,True,VALID,VALID
2024-2025,CAP3,FE_CAP3_2024_Cutoff_3.csv,4151,"Tulsiramji Gaikwad Patil College of Engineering & Technology, Nagpur",415124610.0,Information Technology,I-NonS,State Level,86674,68.0717863,c1742a8c29b8,False,True,VALID,VALID
2024-2025,CAP3,FE_CAP3_2024_Cutoff_3.csv,4151,"Tulsiramji Gaikwad Patil College of Engineering & Technology, Nagpur",415161210.0,Mechanical Engineering,I-NonS,State Level,130443,44.4778985,02dcf6c2a222,False,True,VALID,VALID
2024-2025,CAP3,FE_CAP3_2024_Cutoff_3.csv,4151,"Tulsiramji Gaikwad Patil College of Engineering & Technology, Nagpur",415161210.0,Mechanical Engineering,I-NonS,State Level,126580,47.0113809,5d2f2cf60adf,False,True,VALID,VALID
2024-2025,CAP3,FE_CAP3_2024_Cutoff_3.csv,4151,"Tulsiramji Gaikwad Patil College of Engineering & Technology, Nagpur",415192110.0,Artificial Intelligence and Machine Learning,I-NonS,State Level,112627,55.0733859,4fdb76d6feb5,False,True,VALID,VALID
2024-2025,CAP3,FE_CAP3_2024_Cutoff_3.csv,4151,"Tulsiramji Gaikwad Patil College of Engineering & Technology, Nagpur",415192110.0,Artificial Intelligence and Machine Learning,I-NonS,State Level,100771,60.8485656,07cdce670eb1,False,True,VALID,VALID
2024-2025,CAP3,FE_CAP3_2024_Cutoff_3.csv,4167,"Yeshwantrao Chavan College of Engineering,Wanadongri, Nagpur",416719110.0,Civil Engineering,I-NonS,State Level,53141,81.7098306,c8b09e24bf85,False,True,VALID,VALID
2024-2025,CAP3,FE_CAP3_2024_Cutoff_3.csv,4167,"Yeshwantrao Chavan College of Engineering,Wanadongri, Nagpur",416719110.0,Civil Engineering,I-NonS,State Level,52375,81.8420405,98de2ba80329,False,True,VALID,VALID
2024-2025,CAP3,FE_CAP3_2024_Cutoff_3.csv,4167,"Yeshwantrao Chavan College of Engineering,Wanadongri, Nagpur",416735610.0,Electrical Engg[Electronics and Power],I-NonS,State Level,44179,84.8060392,40f73aa8a603,False,True,VALID,VALID
2024-2025,CAP3,FE_CAP3_2024_Cutoff_3.csv,4167,"Yeshwantrao Chavan College of Engineering,Wanadongri, Nagpur",416735610.0,Electrical Engg[Electronics and Power],I-NonS,State Level,43613,85.0982359,ec6499afe79b,False,True,VALID,VALID
2024-2025,CAP3,FE_CAP3_2024_Cutoff_3.csv,4167,"Yeshwantrao Chavan College of Engineering,Wanadongri, Nagpur",416737610.0,Electronics Engineering,I-NonS,State Level,31255,89.4519884,87889676a6f9,False,True,VALID,VALID
2024-2025,CAP3,FE_CAP3_2024_Cutoff_3.csv,4167,"Yeshwantrao Chavan College of Engineering,Wanadongri, Nagpur",416737610.0,Electronics Engineering,I-NonS,State Level,33774,88.5679854,841a70687b32,False,True,VALID,VALID
2024-2025,CAP3,FE_CAP3_2024_Cutoff_3.csv,4167,"Yeshwantrao Chavan College of Engineering,Wanadongri, Nagpur",416737810.0,Electronics Engineering ( VLSI Design and Technology),I-NonS,State Level,40390,86.1764583,df50c1bdf63f,False,True,VALID,VALID
2024-2025,CAP3,FE_CAP3_2024_Cutoff_3.csv,4167,"Yeshwantrao Chavan College of Engineering,Wanadongri, Nagpur",416737810.0,Electronics Engineering ( VLSI Design and Technology),I-NonS,State Level,35825,87.920678,3bde8063b62e,False,True,VALID,VALID
2024-2025,CAP3,FE_CAP3_2024_Cutoff_3.csv,4304,"Cummins College of Engineering For Women, Sukhali (Gupchup), Tal. Hingna Hingna Nagpur",430461210,Mechanical Engineering,"Legends:Start Character G-General, L-Ladies, End Character H-Home University, O-Other than Home University, S-State LevelS",State Level,31004,89.4907774,7bffe1b6cc4a,False,True,INVALID_TEXT,CHECK_CATEGORY
2024-2025,CAP3,FE_CAP3_2024_Cutoff_3.csv,4304,"Cummins College of Engineering For Women, Sukhali (Gupchup), Tal. Hingna Hingna Nagpur",430461210,Mechanical Engineering,"Legends:Start Character G-General, L-Ladies, End Character H-Home University, O-Other than Home University, S-State LevelS",State Level,172952,8.946165,a5ce075d4fd1,False,True,INVALID_TEXT,CHECK_CATEGORY
2024-2025,CAP3,FE_CAP3_2024_Cutoff_3.csv,5004,"Government College of Engineering, Jalgaon",500437210.0,Electronics and Telecommunication Engg,I-NonS,State Level,41197,85.9343121,2d585870b7be,False,True,VALID,VALID
2024-2025,CAP3,FE_CAP3_2024_Cutoff_3.csv,5004,"Government College of Engineering, Jalgaon",500437210.0,Electronics and Telecommunication Engg,I-NonS,State Level,38271,86.8966951,dbf553571476,False,True,VALID,VALID
2024-2025,CAP3,FE_CAP3_2024_Cutoff_3.csv,5004,"Government College of Engineering, Jalgaon",500446610.0,Instrumentation Engineering,I-NonS,State Level,130187,44.5064233,8453ae2f07d8,False,True,VALID,VALID
2024-2025,CAP3,FE_CAP3_2024_Cutoff_3.csv,5004,"Government College of Engineering, Jalgaon",500446610.0,Instrumentation Engineering,I-NonS,State Level,126119,47.4576949,d4452f25bcae,False,True,VALID,VALID
2024-2025,CAP3,FE_CAP3_2024_Cutoff_3.csv,5108,"Maratha Vidya Prasarak Samaj's Karmaveer Adv. Baburao Ganpatrao Thakare College Of Engineering, Nashik",510861210.0,Mechanical Engineering,I-NonS,State Level,54479,81.1614491,c8785f1a6b94,False,True,VALID,VALID
2024-2025,CAP3,FE_CAP3_2024_Cutoff_3.csv,5108,"Maratha Vidya Prasarak Samaj's Karmaveer Adv. Baburao Ganpatrao Thakare College Of Engineering, Nashik",510861210.0,Mechanical Engineering,I-NonS,State Level,54585,81.0485225,5862314cb755,False,True,VALID,VALID
2024-2025,CAP3,FE_CAP3_2024_Cutoff_3.csv,5109,"Sandip Foundation, Sandip Institute of Technology and Research Centre, Mahiravani, Nashik",510991610.0,Automation and Robotics,I-NonS,State Level,68193,75.8854903,5e481e62626c,False,True,VALID,VALID
2024-2025,CAP3,FE_CAP3_2024_Cutoff_3.csv,5109,"Sandip Foundation, Sandip Institute of Technology and Research Centre, Mahiravani, Nashik",510991610.0,Automation and Robotics,I-NonS,State Level,83610,69.4683908,462cfb5e6a0f,False,True,VALID,VALID
2024-2025,CAP3,FE_CAP3_2024_Cutoff_3.csv,5121,"K. K. Wagh Institute of Engineering Education and Research, Nashik",512129310.0,Electrical Engineering,I-NonS,State Level,86702,68.0717863,ba0f140aa355,False,True,VALID,VALID
2024-2025,CAP3,FE_CAP3_2024_Cutoff_3.csv,5121,"K. K. Wagh Institute of Engineering Education and Research, Nashik",512129310.0,Electrical Engineering,I-NonS,State Level,85269,68.4785771,ed0377bb9b95,False,True,VALID,VALID
2024-2025,CAP3,FE_CAP3_2024_Cutoff_3.csv,5177,"Matoshri College of Engineering and Research Centre, Eklahare, Nashik",517724510.0,Computer Engineering,I-NonS,State Level,66629,76.4789025,4e4473c5c1a3,False,True,VALID,VALID
2024-2025,CAP3,FE_CAP3_2024_Cutoff_3.csv,5177,"Matoshri College of Engineering and Research Centre, Eklahare, Nashik",517724510.0,Computer Engineering,I-NonS,State Level,103448,60.2294112,fd38909f95a8,False,True,VALID,VALID
2024-2025,CAP3,FE_CAP3_2024_Cutoff_3.csv,5177,"Matoshri College of Engineering and Research Centre, Eklahare, Nashik",517761210.0,Mechanical Engineering,I-NonS,State Level,106010,58.5786927,624e9a28eb8a,False,True,VALID,VALID
2024-2025,CAP3,FE_CAP3_2024_Cutoff_3.csv,5177,"Matoshri College of Engineering and Research Centre, Eklahare, Nashik",517761210.0,Mechanical Engineering,I-NonS,State Level,106810,58.1158577,af2a27c56a2b,False,True,VALID,VALID
2024-2025,CAP3,FE_CAP3_2024_Cutoff_3.csv,5177,"Matoshri College of Engineering and Research Centre, Eklahare, Nashik",517784410.0,Electronics and Computer Engineering,I-NonS,State Level,100573,61.3261708,c831c776262c,False,True,VALID,VALID
2024-2025,CAP3,FE_CAP3_2024_Cutoff_3.csv,5177,"Matoshri College of Engineering and Research Centre, Eklahare, Nashik",517784410.0,Electronics and Computer Engineering,I-NonS,State Level,104672,59.9791975,3bb423909653,False,True,VALID,VALID
2024-2025,CAP3,FE_CAP3_2024_Cutoff_3.csv,6139,"Progressive Education Society's Modern College of Engineering, Pune",613961210.0,Mechanical Engineering,I-NonS,State Level,56011,80.5896708,47ee62974331,False,True,VALID,VALID
2024-2025,CAP3,FE_CAP3_2024_Cutoff_3.csv,6139,"Progressive Education Society's Modern College of Engineering, Pune",613961210.0,Mechanical Engineering,I-NonS,State Level,52404,81.8420405,75d6d5f0b51b,False,True,VALID,VALID
2024-2025,CAP3,FE_CAP3_2024_Cutoff_3.csv,6141,"Jaywant Shikshan Prasarak Mandal's,Rajarshi Shahu College of Engineering, Tathawade, Pune",614137210.0,Electronics and Telecommunication Engg,I-NonS,State Level,35550,88.0194481,a1cc6a0404e5,False,True,VALID,VALID
2024-2025,CAP3,FE_CAP3_2024_Cutoff_3.csv,6141,"Jaywant Shikshan Prasarak Mandal's,Rajarshi Shahu College of Engineering, Tathawade, Pune",614137210.0,Electronics and Telecommunication Engg,I-NonS,State Level,17255,94.2444474,3e0bdff59f59,False,True,VALID,VALID
2024-2025,CAP3,FE_CAP3_2024_Cutoff_3.csv,6156,"Marathwada Mitra Mandal's College of Engineering, Karvenagar, Pune",615624510.0,Computer Engineering,I-NonS,State Level,31918,89.2602313,705e67265ed2,False,True,VALID,VALID
2024-2025,CAP3,FE_CAP3_2024_Cutoff_3.csv,6156,"Marathwada Mitra Mandal's College of Engineering, Karvenagar, Pune",615624510.0,Computer Engineering,I-NonS,State Level,12154,95.97045,6a342a9a2311,False,True,VALID,VALID
2024-2025,CAP3,FE_CAP3_2024_Cutoff_3.csv,6175,"Pimpri Chinchwad Education Trust, Pimpri Chinchwad College of Engineering, Pune",617524510.0,Computer Engineering,GOPENS,State Level,3760,98.7008251,a2080089ed72,False,True,VALID,VALID
2024-2025,CAP3,FE_CAP3_2024_Cutoff_3.csv,6175,"Pimpri Chinchwad Education Trust, Pimpri Chinchwad College of Engineering, Pune",617524510.0,Computer Engineering,GSTS,State Level,33904,88.553941,9559cafaebd7,False,True,VALID,VALID
2024-2025,CAP3,FE_CAP3_2024_Cutoff_3.csv,6175,"Pimpri Chinchwad Education Trust, Pimpri Chinchwad College of Engineering, Pune",617524510.0,Computer Engineering,GOBCS,State Level,4065,98.5949295,8cac0e27cdb0,False,True,VALID,VALID
2024-2025,CAP3,FE_CAP3_2024_Cutoff_3.csv,6175,"Pimpri Chinchwad Education Trust, Pimpri Chinchwad College of Engineering, Pune",617524510.0,Computer Engineering,GOPENS,State Level,48569,83.4009466,ad168c0beace,False,True,VALID,VALID
2024-2025,CAP3,FE_CAP3_2024_Cutoff_3.csv,6175,"Pimpri Chinchwad Education Trust, Pimpri Chinchwad College of Engineering, Pune",617524510.0,Computer Engineering,GSTS,State Level,7133,97.6202596,db79ac4d02c1,False,True,VALID,VALID
2024-2025,CAP3,FE_CAP3_2024_Cutoff_3.csv,6175,"Pimpri Chinchwad Education Trust, Pimpri Chinchwad College of Engineering, Pune",617524510.0,Computer Engineering,GOBCS,State Level,8313,97.2160405,9b0593c4a925,False,True,VALID,VALID
2024-2025,CAP3,FE_CAP3_2024_Cutoff_3.csv,6179,"Indira College of Engineering & Management, Pune",617961210.0,Mechanical Engineering,I-NonS,State Level,78973,71.4038201,8fc82a161813,False,True,VALID,VALID
2024-2025,CAP3,FE_CAP3_2024_Cutoff_3.csv,6179,"Indira College of Engineering & Management, Pune",617961210.0,Mechanical Engineering,I-NonS,State Level,87347,67.6869909,8a42f4280bfa,False,True,VALID,VALID
2024-2025,CAP3,FE_CAP3_2024_Cutoff_3.csv,6214,"K. E. Society's Rajarambapu Institute of Technology, Walwa, Sangli",621437210.0,Electronics and Telecommunication Engg,I-NonS,State Level,39668,86.450638,5d357f524b54,False,True,VALID,VALID
2024-2025,CAP3,FE_CAP3_2024_Cutoff_3.csv,6214,"K. E. Society's Rajarambapu Institute of Technology, Walwa, Sangli",621437210.0,Electronics and Telecommunication Engg,I-NonS,State Level,37215,87.3943543,594c6db03d77,False,True,VALID,VALID
2024-2025,CAP3,FE_CAP3_2024_Cutoff_3.csv,6220,"Shri Vithal Education and Research Institute's College of Engineering, Pandharpur",622019110.0,Civil Engineering,I-NonS,State Level,133251,42.725346,360783244ae6,False,True,VALID,VALID
2024-2025,CAP3,FE_CAP3_2024_Cutoff_3.csv,6220,"Shri Vithal Education and Research Institute's College of Engineering, Pandharpur",622019110.0,Civil Engineering,I-NonS,State Level,64913,76.933232,28c4d4621bab,False,True,VALID,VALID
2024-2025,CAP3,FE_CAP3_2024_Cutoff_3.csv,6222,"Dattajirao Kadam Technical Education Society's Textile & Engineering Institute, Ichalkaranji.",622257010.0,Fashion Technology,I-NonS,State Level,78644,73.5848302,fed610254c41,False,True,VALID,VALID
2024-2025,CAP3,FE_CAP3_2024_Cutoff_3.csv,6222,"Dattajirao Kadam Technical Education Society's Textile & Engineering Institute, Ichalkaranji.",622257010.0,Fashion Technology,I-NonS,State Level,78316,73.7743452,49ad64ee9312,False,True,VALID,VALID
2024-2025,CAP3,FE_CAP3_2024_Cutoff_3.csv,6223,"Pradnya Niketan Education Society's Nagesh Karajagi Orchid College of Engineering & Technology, Solapur",622361210.0,Mechanical Engineering,I-NonS,State Level,86172,68.1767082,ca0161c5bb72,False,True,VALID,VALID
2024-2025,CAP3,FE_CAP3_2024_Cutoff_3.csv,6223,"Pradnya Niketan Education Society's Nagesh Karajagi Orchid College of Engineering & Technology, Solapur",622361210.0,Mechanical Engineering,I-NonS,State Level,177838,2.666143,3ebd029c9d7e,False,True,VALID,VALID
2024-2025,CAP3,FE_CAP3_2024_Cutoff_3.csv,6250,"D.Y. Patil College of Engineering and Technology, Kolhapur",625019110.0,Civil Engineering,I-NonS,State Level,78493,71.7115,c40c3b8480f4,False,True,VALID,VALID
2024-2025,CAP3,FE_CAP3_2024_Cutoff_3.csv,6250,"D.Y. Patil College of Engineering and Technology, Kolhapur",625019110.0,Civil Engineering,I-NonS,State Level,87212,67.8440824,b4aee72aa0b8,False,True,VALID,VALID
2024-2025,CAP3,FE_CAP3_2024_Cutoff_3.csv,6250,"D.Y. Patil College of Engineering and Technology, Kolhapur",625061210.0,Mechanical Engineering,I-NonS,State Level,82306,69.8140377,01d36f39fc5d,False,True,VALID,VALID
2024-2025,CAP3,FE_CAP3_2024_Cutoff_3.csv,6250,"D.Y. Patil College of Engineering and Technology, Kolhapur",625061210.0,Mechanical Engineering,I-NonS,State Level,128669,45.5784574,e27ae289392c,False,True,VALID,VALID
2024-2025,CAP3,FE_CAP3_2024_Cutoff_3.csv,6267,"Kolhapur Institute of Technology's College of Engineering(Autonomous), Kolhapur",626791110.0,Computer Science and Engineering(Artificial Intelligence and Machine Learning),I-NonS,State Level,44913,84.5731157,b1da61c8e5ef,False,True,VALID,VALID
2024-2025,CAP3,FE_CAP3_2024_Cutoff_3.csv,6267,"Kolhapur Institute of Technology's College of Engineering(Autonomous), Kolhapur",626791110.0,Computer Science and Engineering(Artificial Intelligence and Machine Learning),I-NonS,State Level,22583,92.5251996,78aa1ba825ff,False,True,VALID,VALID
2024-2025,CAP3,FE_CAP3_2024_Cutoff_3.csv,6268,"Tatyasaheb Kore Institute of Engineering and Technology, Warananagar",626819110.0,Civil Engineering,I-NonS,State Level,178998,0.9801176,17a3d400dcf4,False,True,VALID,VALID
2024-2025,CAP3,FE_CAP3_2024_Cutoff_3.csv,6268,"Tatyasaheb Kore Institute of Engineering and Technology, Warananagar",626819110.0,Civil Engineering,I-NonS,State Level,77777,71.7682877,232dd23518cc,False,True,VALID,VALID
2024-2025,CAP3,FE_CAP3_2024_Cutoff_3.csv,6268,"Tatyasaheb Kore Institute of Engineering and Technology, Warananagar",626861210.0,Mechanical Engineering,I-NonS,State Level,90941,65.9366282,af70b05bcee1,False,True,VALID,VALID
2024-2025,CAP3,FE_CAP3_2024_Cutoff_3.csv,6268,"Tatyasaheb Kore Institute of Engineering and Technology, Warananagar",626861210.0,Mechanical Engineering,I-NonS,State Level,87403,67.6869909,07a45ff72d9b,False,True,VALID,VALID
2024-2025,CAP3,FE_CAP3_2024_Cutoff_3.csv,6276,"MKSSS's Cummins College of Engineering for Women, Karvenagar,Pune",627662410,Mechatronics Engineering,LOPENS,State Level,24919,91.6557848,7f38fa69c6aa,False,True,VALID,VALID
2024-2025,CAP3,FE_CAP3_2024_Cutoff_3.csv,6276,"MKSSS's Cummins College of Engineering for Women, Karvenagar,Pune",627662410,Mechatronics Engineering,LSCS,State Level,173937,7.8241614,4ae6879d36fa,False,True,VALID,VALID
2024-2025,CAP3,FE_CAP3_2024_Cutoff_3.csv,6276,"MKSSS's Cummins College of Engineering for Women, Karvenagar,Pune",627662410,Mechatronics Engineering,LSTS,State Level,7269,97.578217,d830084685bb,False,True,VALID,VALID
2024-2025,CAP3,FE_CAP3_2024_Cutoff_3.csv,6276,"MKSSS's Cummins College of Engineering for Women, Karvenagar,Pune",627662410,Mechatronics Engineering,LOPENS,State Level,28902,90.3308397,2953b57e4939,False,True,VALID,VALID
2024-2025,CAP3,FE_CAP3_2024_Cutoff_3.csv,6276,"MKSSS's Cummins College of Engineering for Women, Karvenagar,Pune",627662410,Mechatronics Engineering,LSCS,State Level,11341,96.2437396,3e23c70bdce2,False,True,VALID,VALID
2024-2025,CAP3,FE_CAP3_2024_Cutoff_3.csv,6276,"MKSSS's Cummins College of Engineering for Women, Karvenagar,Pune",627662410,Mechatronics Engineering,LOPENS,State Level,11037,96.3500312,2a49b4ff0d5b,False,True,VALID,VALID
2024-2025,CAP3,FE_CAP3_2024_Cutoff_3.csv,6276,"MKSSS's Cummins College of Engineering for Women, Karvenagar,Pune",627662410,Mechatronics Engineering,LSTS,State Level,5881,98.0170488,22a0549ba6d1,False,True,VALID,VALID
2024-2025,CAP3,FE_CAP3_2024_Cutoff_3.csv,6283,"Annasaheb Dange College of Engineering and Technology, Ashta, Sangli",628350310.0,Food Technology,I-NonS,State Level,78179,73.7956676,7a8b3fbb1d15,False,True,VALID,VALID
2024-2025,CAP3,FE_CAP3_2024_Cutoff_3.csv,6283,"Annasaheb Dange College of Engineering and Technology, Ashta, Sangli",628350310.0,Food Technology,I-NonS,State Level,52883,82.8590175,b397199dd393,False,True,VALID,VALID
2024-2025,CAP3,FE_CAP3_2024_Cutoff_3.csv,6285,"Bharati Vidyapeeth's College of Engineering for Women, Katraj, Dhankawadi, Pune",628599510,Artificial Intelligence and Data Science,"Legends:Start Character G-General, L-Ladies, End Character H-Home University, O-Other than Home University, S-State LevelS",State Level,29442,90.0772352,97a2eaec1bc6,False,True,INVALID_TEXT,CHECK_CATEGORY
2024-2025,CAP3,FE_CAP3_2024_Cutoff_3.csv,6285,"Bharati Vidyapeeth's College of Engineering for Women, Katraj, Dhankawadi, Pune",628599510,Artificial Intelligence and Data Science,Maharashtra State Seats - Cut Off Indicates State General Merit No. ; Figures in bracket Indicates Merit PercentileS,State Level,29767,89.9513776,e7f08546a9a5,False,True,INVALID_TEXT,CHECK_CATEGORY
2024-2025,CAP3,FE_CAP3_2024_Cutoff_3.csv,6285,"Bharati Vidyapeeth's College of Engineering for Women, Katraj, Dhankawadi, Pune",628599510,Artificial Intelligence and Data Science,"Legends:Start Character G-General, L-Ladies, End Character H-Home University, O-Other than Home University, S-State LevelS",State Level,72614,73.8893284,4c9ce2258f3e,False,True,INVALID_TEXT,CHECK_CATEGORY
2024-2025,CAP3,FE_CAP3_2024_Cutoff_3.csv,6285,"Bharati Vidyapeeth's College of Engineering for Women, Katraj, Dhankawadi, Pune",628599510,Artificial Intelligence and Data Science,Maharashtra State Seats - Cut Off Indicates State General Merit No. ; Figures in bracket Indicates Merit PercentileS,State Level,32600,88.9751421,151505de80c3,False,True,INVALID_TEXT,CHECK_CATEGORY
2024-2025,CAP3,FE_CAP3_2024_Cutoff_3.csv,6285,"Bharati Vidyapeeth's College of Engineering for Women, Katraj, Dhankawadi, Pune",628599510,Artificial Intelligence and Data Science,"Legends:Start Character G-General, L-Ladies, End Character H-Home University, O-Other than Home University, S-State LevelS",State Level,37681,87.1564824,9e59c0772684,False,True,INVALID_TEXT,CHECK_CATEGORY
2024-2025,CAP3,FE_CAP3_2024_Cutoff_3.csv,6298,"Zeal Education Society's Zeal College of Engineering & Reserch, Narhe, Pune",629819110.0,Civil Engineering,I-NonS,State Level,88140,67.5881106,2b9c8b3bc2ed,False,True,VALID,VALID
2024-2025,CAP3,FE_CAP3_2024_Cutoff_3.csv,6298,"Zeal Education Society's Zeal College of Engineering & Reserch, Narhe, Pune",629819110.0,Civil Engineering,I-NonS,State Level,70969,74.6830629,813354e2dbc9,False,True,VALID,VALID
2024-2025,CAP3,FE_CAP3_2024_Cutoff_3.csv,6298,"Zeal Education Society's Zeal College of Engineering & Reserch, Narhe, Pune",629821910.0,Robotics and Automation,I-NonS,State Level,65845,76.7300255,e87d7fad68b5,False,True,VALID,VALID
2024-2025,CAP3,FE_CAP3_2024_Cutoff_3.csv,6298,"Zeal Education Society's Zeal College of Engineering & Reserch, Narhe, Pune",629821910.0,Robotics and Automation,I-NonS,State Level,67492,76.1358545,64185d369895,False,True,VALID,VALID
2024-2025,CAP3,FE_CAP3_2024_Cutoff_3.csv,6298,"Zeal Education Society's Zeal College of Engineering & Reserch, Narhe, Pune",629837210.0,Electronics and Telecommunication Engg,I-NonS,State Level,52294,81.8420405,247512902e81,False,True,VALID,VALID
2024-2025,CAP3,FE_CAP3_2024_Cutoff_3.csv,6298,"Zeal Education Society's Zeal College of Engineering & Reserch, Narhe, Pune",629837210.0,Electronics and Telecommunication Engg,I-NonS,State Level,52207,81.934184,3e3edaa12987,False,True,VALID,VALID
2024-2025,CAP3,FE_CAP3_2024_Cutoff_3.csv,6298,"Zeal Education Society's Zeal College of Engineering & Reserch, Narhe, Pune",629884410.0,Electronics and Computer Engineering,I-NonS,State Level,59372,79.3458895,41f5b91f7f28,False,True,VALID,VALID
2024-2025,CAP3,FE_CAP3_2024_Cutoff_3.csv,6298,"Zeal Education Society's Zeal College of Engineering & Reserch, Narhe, Pune",629884410.0,Electronics and Computer Engineering,I-NonS,State Level,59055,79.4895283,931af8947e45,False,True,VALID,VALID
2024-2025,CAP3,FE_CAP3_2024_Cutoff_3.csv,6298,"Zeal Education Society's Zeal College of Engineering & Reserch, Narhe, Pune",629892110.0,Artificial Intelligence and Machine Learning,I-NonS,State Level,68683,75.6212581,d63011210837,False,True,VALID,VALID
2024-2025,CAP3,FE_CAP3_2024_Cutoff_3.csv,6298,"Zeal Education Society's Zeal College of Engineering & Reserch, Narhe, Pune",629892110.0,Artificial Intelligence and Machine Learning,I-NonS,State Level,46878,83.752973,0f72085bb521,False,True,VALID,VALID
2024-2025,CAP3,FE_CAP3_2024_Cutoff_3.csv,6317,"Sharad Institute of Technology College of Engineering, Yadrav(Ichalkaranji)",631761210.0,Mechanical Engineering,I-NonS,State Level,118754,51.7862916,af1df42f332e,False,True,VALID,VALID
2024-2025,CAP3,FE_CAP3_2024_Cutoff_3.csv,6317,"Sharad Institute of Technology College of Engineering, Yadrav(Ichalkaranji)",631761210.0,Mechanical Engineering,I-NonS,State Level,132317,43.4393889,ce49f2754b93,False,True,VALID,VALID
2024-2025,CAP3,FE_CAP3_2024_Cutoff_3.csv,6317,"Sharad Institute of Technology College of Engineering, Yadrav(Ichalkaranji)",631784410.0,Electronics and Computer Engineering,I-NonS,State Level,87830,67.6158803,37a92759d16f,False,True,VALID,VALID
2024-2025,CAP3,FE_CAP3_2024_Cutoff_3.csv,6317,"Sharad Institute of Technology College of Engineering, Yadrav(Ichalkaranji)",631784410.0,Electronics and Computer Engineering,I-NonS,State Level,97724,62.902955,9116661b2b32,False,True,VALID,VALID
2024-2025,CAP3,FE_CAP3_2024_Cutoff_3.csv,6780,"D.Y.Patil Education Society's,D.Y.Patil Technical Campus, Faculty of Engineering & Faculty of Management,Talsande,Kolhapur.",678029310.0,Electrical Engineering,I-NonS,State Level,120862,50.6340761,d2dbc49226e2,False,True,VALID,VALID
2024-2025,CAP3,FE_CAP3_2024_Cutoff_3.csv,6780,"D.Y.Patil Education Society's,D.Y.Patil Technical Campus, Faculty of Engineering & Faculty of Management,Talsande,Kolhapur.",678029310.0,Electrical Engineering,I-NonS,State Level,121679,50.0957604,b916cfd81af8,False,True,VALID,VALID
2024-2025,CAP3,FE_CAP3_2024_Cutoff_3.csv,6938,Shree Siddheshwar Women's College Of Engineering Solapur.,693884410,Electronics and Computer Engineering,"Legends:Start Character G-General, L-Ladies, End Character H-Home University, O-Other than Home University, S-State LevelS",State Level,122553,49.6193645,46dec9ee615f,False,True,INVALID_TEXT,CHECK_CATEGORY
2024-2025,CAP3,FE_CAP3_2024_Cutoff_3.csv,6938,Shree Siddheshwar Women's College Of Engineering Solapur.,693884410,Electronics and Computer Engineering,"Legends:Start Character G-General, L-Ladies, End Character H-Home University, O-Other than Home University, S-State LevelS",State Level,120933,50.6340761,66d886c80d81,False,True,INVALID_TEXT,CHECK_CATEGORY
2024-2025,CAP3,FE_CAP3_2024_Cutoff_3.csv,16126,"Tatyasaheb Kore Institute of Engineering and Technology, Yelur",1612625210.0,Cyber Security,I-NonS,State Level,104600,59.9791975,0c6d055fb07a,False,True,VALID,VALID
2024-2025,CAP3,FE_CAP3_2024_Cutoff_3.csv,16126,"Tatyasaheb Kore Institute of Engineering and Technology, Yelur",1612625210.0,Cyber Security,I-NonS,State Level,121033,50.6004122,c4adc05e9185,False,True,VALID,VALID
